MARCA,O.P. NÚMERO,REFERENCIA,GRUPO DE ENTREGA,MES,ITEM O.P. RESUMEN,DESC. BODEGA,ESTADO,U.M.,CANT. PLANEADA,CANT. ORDENADA,CANT. COMPLETA,CANT. PENDIENTE,FECHA TERMINACION,AÑO,COLECCIÓN,FECHA CREACION,FECHA APROBACION,EXT. 1,DESC. EXTENSION 1,EXT. 2,DETALLE EXT. 2,DESC. DETALLE EXT. 2,CUMPLIMIENTO %,ESTATUS OP
STOP,MOP-00000001,19020851                                          ,21-2JUN1,06-JUNIO,19020851 - 17-1654 - 044  PASHMINA ESTAMPADA ROJO T-U,STOP CEDI,Aprobado,UND ,369,369,0,369,2026-05-20,01-2026,018-INDIE SUMMER,2026-04-06,2026-04-07,1,COLORES  ,1,44,T-U      ,0.0,INCOMPLETO
STOP,MOP-00000002,ST0001277                                         ,21-2JUN1,06-JUNIO,ST0001277 - IND01 - 014  RETROJEAN T/ALTO LAV INDIGO T-6,STOP CEDI,Aprobado,UND ,188,188,207,0,2026-04-15,01-2026,022-CAPSULAS FERIAS,2026-04-06,2026-04-06,1,COLORES  ,1,14,T-6      ,1.101063829787234,CERRADO
STOP,MOP-00000002,ST0001277                                         ,21-2JUN1,06-JUNIO,ST0001277 - IND01 - 016  RETROJEAN T/ALTO LAV INDIGO T-8,STOP CEDI,Aprobado,UND ,313,313,355,0,2026-04-15,01-2026,022-CAPSULAS FERIAS,2026-04-06,2026-04-06,1,COLORES  ,1,16,T-8      ,1.134185303514377,CERRADO
STOP,MOP-00000002,ST0001277                                         ,21-2JUN1,06-JUNIO,ST0001277 - IND01 - 018  RETROJEAN T/ALTO LAV INDIGO T-10,STOP CEDI,Aprobado,UND ,313,313,361,0,2026-04-15,01-2026,022-CAPSULAS FERIAS,2026-04-06,2026-04-06,1,COLORES  ,1,18,T-10     ,1.1533546325878594,CERRADO
STOP,MOP-00000002,ST0001277                                         ,21-2JUN1,06-JUNIO,ST0001277 - IND01 - 019  RETROJEAN T/ALTO LAV INDIGO T-12,STOP CEDI,Aprobado,UND ,188,188,216,0,2026-04-15,01-2026,022-CAPSULAS FERIAS,2026-04-06,2026-04-06,1,COLORES  ,1,19,T-12     ,1.148936170212766,CERRADO
STOP,MOP-00000002,ST0001277                                         ,21-2JUN1,06-JUNIO,ST0001277 - IND01 - 020  RETROJEAN T/ALTO LAV INDIGO T-14,STOP CEDI,Aprobado,UND ,125,125,150,0,2026-04-15,01-2026,022-CAPSULAS FERIAS,2026-04-06,2026-04-06,1,COLORES  ,1,20,T-14     ,1.2,CERRADO
STOP,MOP-00000002,ST0001277                                         ,21-2JUN1,06-JUNIO,ST0001277 - IND01 - 013  RETROJEAN T/ALTO LAV INDIGO T-5,STOP CEDI,Aprobado,UND ,125,125,149,0,2026-04-15,01-2026,022-CAPSULAS FERIAS,2026-04-06,2026-04-06,1,COLORES  ,1,13,T-5      ,1.192,CERRADO
STOP,MOP-00000003,ST0001299                                         ,21-2JUN1,06-JUNIO,ST0001299 - IND01 - 003  CHAQUETA ML LAV CLAR INDIGO T-S,STOP CEDI,Aprobado,UND ,277,277,270,7,2026-05-20,01-2026,018-INDIE SUMMER,2026-04-06,2026-04-06,1,COLORES  ,1,3,T-S      ,0.9747292418772563,INCOMPLETO
STOP,MOP-00000003,ST0001299                                         ,21-2JUN1,06-JUNIO,ST0001299 - IND01 - 004  CHAQUETA ML LAV CLAR INDIGO T-M,STOP CEDI,Aprobado,UND ,369,369,366,3,2026-05-20,01-2026,018-INDIE SUMMER,2026-04-06,2026-04-06,1,COLORES  ,1,4,T-M      ,0.991869918699187,INCOMPLETO
STOP,MOP-00000003,ST0001299                                         ,21-2JUN1,06-JUNIO,ST0001299 - IND01 - 005  CHAQUETA ML LAV CLAR INDIGO T-L,STOP CEDI,Aprobado,UND ,369,369,360,9,2026-05-20,01-2026,018-INDIE SUMMER,2026-04-06,2026-04-06,1,COLORES  ,1,5,T-L      ,0.975609756097561,INCOMPLETO
STOP,MOP-00000003,ST0001299                                         ,21-2JUN1,06-JUNIO,ST0001299 - IND01 - 006  CHAQUETA ML LAV CLAR INDIGO T-XL,STOP CEDI,Aprobado,UND ,185,185,180,5,2026-05-20,01-2026,018-INDIE SUMMER,2026-04-06,2026-04-06,1,COLORES  ,1,6,T-XL     ,0.972972972972973,INCOMPLETO
STOP,MOP-00000004,ST0001282                                         ,21-2JUN1,06-JUNIO,ST0001282 - IND02 - 014  RETROJEAN T/MEDIO LA INDIGO T-6,STOP CEDI,Cumplido,UND ,188,188,214,0,2026-05-20,01-2026,022-CAPSULAS FERIAS,2026-04-06,2026-04-06,1,COLORES  ,1,14,T-6      ,1.1382978723404256,CERRADO
STOP,MOP-00000004,ST0001282                                         ,21-2JUN1,06-JUNIO,ST0001282 - IND02 - 016  RETROJEAN T/MEDIO LA INDIGO T-8,STOP CEDI,Cumplido,UND ,313,313,357,0,2026-05-20,01-2026,022-CAPSULAS FERIAS,2026-04-06,2026-04-06,1,COLORES  ,1,16,T-8      ,1.1405750798722045,CERRADO
STOP,MOP-00000004,ST0001282                                         ,21-2JUN1,06-JUNIO,ST0001282 - IND02 - 018  RETROJEAN T/MEDIO LA INDIGO T-10,STOP CEDI,Cumplido,UND ,313,313,357,0,2026-05-20,01-2026,022-CAPSULAS FERIAS,2026-04-06,2026-04-06,1,COLORES  ,1,18,T-10     ,1.1405750798722045,CERRADO
STOP,MOP-00000004,ST0001282                                         ,21-2JUN1,06-JUNIO,ST0001282 - IND02 - 019  RETROJEAN T/MEDIO LA INDIGO T-12,STOP CEDI,Cumplido,UND ,188,188,207,0,2026-05-20,01-2026,022-CAPSULAS FERIAS,2026-04-06,2026-04-06,1,COLORES  ,1,19,T-12     ,1.101063829787234,CERRADO
STOP,MOP-00000004,ST0001282                                         ,21-2JUN1,06-JUNIO,ST0001282 - IND02 - 020  RETROJEAN T/MEDIO LA INDIGO T-14,STOP CEDI,Cumplido,UND ,125,125,146,0,2026-05-20,01-2026,022-CAPSULAS FERIAS,2026-04-06,2026-04-06,1,COLORES  ,1,20,T-14     ,1.168,CERRADO
STOP,MOP-00000004,ST0001282                                         ,21-2JUN1,06-JUNIO,ST0001282 - IND02 - 013  RETROJEAN T/MEDIO LA INDIGO T-5,STOP CEDI,Cumplido,UND ,125,125,146,0,2026-05-20,01-2026,022-CAPSULAS FERIAS,2026-04-06,2026-04-06,1,COLORES  ,1,13,T-5      ,1.168,CERRADO
STOP,MOP-00000005,ST0001283                                         ,23-2JUN3,06-JUNIO,ST0001283 - IND01 - 014  RETROJEAN T/MEDIO CO INDIGO T-6,STOP CEDI,Aprobado,UND ,205,205,200,5,2026-06-10,01-2026,019-THE CLUB,2026-04-06,2026-04-06,1,COLORES  ,1,14,T-6      ,0.975609756097561,INCOMPLETO
STOP,MOP-00000005,ST0001283                                         ,23-2JUN3,06-JUNIO,ST0001283 - IND01 - 016  RETROJEAN T/MEDIO CO INDIGO T-8,STOP CEDI,Aprobado,UND ,341,341,333,8,2026-06-10,01-2026,019-THE CLUB,2026-04-06,2026-04-06,1,COLORES  ,1,16,T-8      ,0.9765395894428153,INCOMPLETO
STOP,MOP-00000005,ST0001283                                         ,23-2JUN3,06-JUNIO,ST0001283 - IND01 - 018  RETROJEAN T/MEDIO CO INDIGO T-10,STOP CEDI,Aprobado,UND ,341,341,333,8,2026-06-10,01-2026,019-THE CLUB,2026-04-06,2026-04-06,1,COLORES  ,1,18,T-10     ,0.9765395894428153,INCOMPLETO
STOP,MOP-00000005,ST0001283                                         ,23-2JUN3,06-JUNIO,ST0001283 - IND01 - 019  RETROJEAN T/MEDIO CO INDIGO T-12,STOP CEDI,Aprobado,UND ,273,273,258,15,2026-06-10,01-2026,019-THE CLUB,2026-04-06,2026-04-06,1,COLORES  ,1,19,T-12     ,0.945054945054945,INCOMPLETO
STOP,MOP-00000005,ST0001283                                         ,23-2JUN3,06-JUNIO,ST0001283 - IND01 - 020  RETROJEAN T/MEDIO CO INDIGO T-14,STOP CEDI,Aprobado,UND ,205,205,0,205,2026-06-10,01-2026,019-THE CLUB,2026-04-06,2026-04-06,1,COLORES  ,1,20,T-14     ,0.0,INCOMPLETO
STOP,MOP-00000005,ST0001283                                         ,23-2JUN3,06-JUNIO,ST0001283 - IND01 - 013  RETROJEAN T/MEDIO CO INDIGO T-5,STOP CEDI,Aprobado,UND ,136,136,136,0,2026-06-10,01-2026,019-THE CLUB,2026-04-06,2026-04-06,1,COLORES  ,1,13,T-5      ,1.0,CERRADO
STOP,MOP-00000006,15001950                                          ,22-2JUN2,06-JUNIO,15001950 - 19-4004 - 005  CAMISETA PREMIUM MAN NEGRO T-L,STOP CEDI,Aprobado,UND ,50,50,49,1,2026-05-27,01-2026, ,2026-04-06,2026-04-07,1,COLORES  ,1,5,T-L      ,0.98,INCOMPLETO
STOP,MOP-00000006,15001950                                          ,22-2JUN2,06-JUNIO,15001950 - 19-4004 - 004  CAMISETA PREMIUM MAN NEGRO T-M,STOP CEDI,Aprobado,UND ,50,50,48,2,2026-05-27,01-2026, ,2026-04-06,2026-04-07,1,COLORES  ,1,4,T-M      ,0.96,INCOMPLETO
STOP,MOP-00000006,15001950                                          ,22-2JUN2,06-JUNIO,15001950 - 19-4004 - 003  CAMISETA PREMIUM MAN NEGRO T-S,STOP CEDI,Aprobado,UND ,50,50,48,2,2026-05-27,01-2026, ,2026-04-06,2026-04-07,1,COLORES  ,1,3,T-S      ,0.96,INCOMPLETO
STOP,MOP-00000006,15001950                                          ,22-2JUN2,06-JUNIO,15001950 - 19-4004 - 006  CAMISETA PREMIUM MAN NEGRO T-XL,STOP CEDI,Aprobado,UND ,100,100,96,4,2026-05-27,01-2026, ,2026-04-06,2026-04-07,1,COLORES  ,1,6,T-XL     ,0.96,INCOMPLETO
STOP,MOP-00000007,ST0001285                                         ,23-2JUN3,06-JUNIO,ST0001285 - 11-0602 - 003  BLUSA MS CON AMARRE CREMA T-S,STOP CEDI,Cumplido,UND ,240,240,296,0,2026-06-03,01-2026,019-THE CLUB,2026-04-06,2026-04-28,1,COLORES  ,1,3,T-S      ,1.2333333333333334,CERRADO
STOP,MOP-00000007,ST0001285                                         ,23-2JUN3,06-JUNIO,ST0001285 - 11-0602 - 004  BLUSA MS CON AMARRE CREMA T-M,STOP CEDI,Cumplido,UND ,320,320,384,0,2026-06-03,01-2026,019-THE CLUB,2026-04-06,2026-04-28,1,COLORES  ,1,4,T-M      ,1.2,CERRADO
STOP,MOP-00000007,ST0001285                                         ,23-2JUN3,06-JUNIO,ST0001285 - 11-0602 - 005  BLUSA MS CON AMARRE CREMA T-L,STOP CEDI,Cumplido,UND ,240,240,288,0,2026-06-03,01-2026,019-THE CLUB,2026-04-06,2026-04-28,1,COLORES  ,1,5,T-L      ,1.2,CERRADO
STOP,MOP-00000008,ST0001297                                         ,22-2JUN2,06-JUNIO,ST0001297 - IND02 - 014  MOM JEAN T/ALTO LAV INDIGO T-6,STOP CEDI,Aprobado,UND ,382,382,370,12,2026-05-20,01-2026,019-THE CLUB,2026-04-06,2026-04-08,1,COLORES  ,1,14,T-6      ,0.9685863874345549,INCOMPLETO
STOP,MOP-00000008,ST0001297                                         ,22-2JUN2,06-JUNIO,ST0001297 - IND02 - 016  MOM JEAN T/ALTO LAV INDIGO T-8,STOP CEDI,Aprobado,UND ,636,636,632,4,2026-05-20,01-2026,019-THE CLUB,2026-04-06,2026-04-08,1,COLORES  ,1,16,T-8      ,0.9937106918238994,INCOMPLETO
STOP,MOP-00000008,ST0001297                                         ,22-2JUN2,06-JUNIO,ST0001297 - IND02 - 018  MOM JEAN T/ALTO LAV INDIGO T-10,STOP CEDI,Aprobado,UND ,636,636,626,10,2026-05-20,01-2026,019-THE CLUB,2026-04-06,2026-04-08,1,COLORES  ,1,18,T-10     ,0.9842767295597484,INCOMPLETO
STOP,MOP-00000008,ST0001297                                         ,22-2JUN2,06-JUNIO,ST0001297 - IND02 - 019  MOM JEAN T/ALTO LAV INDIGO T-12,STOP CEDI,Cumplido,UND ,509,509,512,0,2026-05-20,01-2026,019-THE CLUB,2026-04-06,2026-04-08,1,COLORES  ,1,19,T-12     ,1.005893909626719,CERRADO
STOP,MOP-00000008,ST0001297                                         ,22-2JUN2,06-JUNIO,ST0001297 - IND02 - 020  MOM JEAN T/ALTO LAV INDIGO T-14,STOP CEDI,Aprobado,UND ,382,382,365,17,2026-05-20,01-2026,019-THE CLUB,2026-04-06,2026-04-08,1,COLORES  ,1,20,T-14     ,0.9554973821989529,INCOMPLETO
STOP,MOP-00000008,ST0001297                                         ,22-2JUN2,06-JUNIO,ST0001297 - IND02 - 013  MOM JEAN T/ALTO LAV INDIGO T-5,STOP CEDI,Cumplido,UND ,255,255,259,0,2026-05-20,01-2026,019-THE CLUB,2026-04-06,2026-04-08,1,COLORES  ,1,13,T-5      ,1.0156862745098039,CERRADO
STOP,MOP-00000009,ST0001298                                         ,21-2JUN1,06-JUNIO,ST0001298 - IND01 - 014  FALDA LARGA LAVADO C INDIGO T-6,STOP CEDI,Aprobado,UND ,526,526,0,526,2026-05-20,01-2026,018-INDIE SUMMER,2026-04-06,2026-04-06,1,COLORES  ,1,14,T-6      ,0.0,INCOMPLETO
STOP,MOP-00000009,ST0001298                                         ,21-2JUN1,06-JUNIO,ST0001298 - IND01 - 016  FALDA LARGA LAVADO C INDIGO T-8,STOP CEDI,Aprobado,UND ,658,658,0,658,2026-05-20,01-2026,018-INDIE SUMMER,2026-04-06,2026-04-06,1,COLORES  ,1,16,T-8      ,0.0,INCOMPLETO
STOP,MOP-00000009,ST0001298                                         ,21-2JUN1,06-JUNIO,ST0001298 - IND01 - 018  FALDA LARGA LAVADO C INDIGO T-10,STOP CEDI,Aprobado,UND ,658,658,0,658,2026-05-20,01-2026,018-INDIE SUMMER,2026-04-06,2026-04-06,1,COLORES  ,1,18,T-10     ,0.0,INCOMPLETO
STOP,MOP-00000009,ST0001298                                         ,21-2JUN1,06-JUNIO,ST0001298 - IND01 - 019  FALDA LARGA LAVADO C INDIGO T-12,STOP CEDI,Aprobado,UND ,395,395,0,395,2026-05-20,01-2026,018-INDIE SUMMER,2026-04-06,2026-04-06,1,COLORES  ,1,19,T-12     ,0.0,INCOMPLETO
STOP,MOP-00000009,ST0001298                                         ,21-2JUN1,06-JUNIO,ST0001298 - IND01 - 020  FALDA LARGA LAVADO C INDIGO T-14,STOP CEDI,Aprobado,UND ,263,263,0,263,2026-05-20,01-2026,018-INDIE SUMMER,2026-04-06,2026-04-06,1,COLORES  ,1,20,T-14     ,0.0,INCOMPLETO
STOP,MOP-00000010,ST0001284                                         ,22-2JUN2,06-JUNIO,ST0001284 - 19-4035 - 003  CHALECO MS CON BOTON AZUL T-S,STOP CEDI,Aprobado,UND ,550,550,540,10,2026-05-27,01-2026,019-THE CLUB,2026-04-07,2026-05-05,1,COLORES  ,1,3,T-S      ,0.9818181818181818,INCOMPLETO
STOP,MOP-00000010,ST0001284                                         ,22-2JUN2,06-JUNIO,ST0001284 - 19-4035 - 004  CHALECO MS CON BOTON AZUL T-M,STOP CEDI,Aprobado,UND ,550,550,514,36,2026-05-27,01-2026,019-THE CLUB,2026-04-07,2026-05-05,1,COLORES  ,1,4,T-M      ,0.9345454545454546,INCOMPLETO
STOP,MOP-00000010,ST0001284                                         ,22-2JUN2,06-JUNIO,ST0001284 - 19-4035 - 005  CHALECO MS CON BOTON AZUL T-L,STOP CEDI,Aprobado,UND ,412,412,384,28,2026-05-27,01-2026,019-THE CLUB,2026-04-07,2026-05-05,1,COLORES  ,1,5,T-L      ,0.9320388349514563,INCOMPLETO
STOP,MOP-00000010,ST0001284                                         ,22-2JUN2,06-JUNIO,ST0001284 - 19-4035 - 006  CHALECO MS CON BOTON AZUL T-XL,STOP CEDI,Aprobado,UND ,137,137,128,9,2026-05-27,01-2026,019-THE CLUB,2026-04-07,2026-05-05,1,COLORES  ,1,6,T-XL     ,0.9343065693430657,INCOMPLETO
STOP,MOP-00000012,ST0001279                                         ,21-2JUN1,06-JUNIO,ST0001279 - IND02 - 016  BERMUDA T/ALTO TONO INDIGO T-8,STOP CEDI,Cumplido,UND ,325,325,339,0,2026-05-20,01-2026,022-CAPSULAS FERIAS,2026-04-07,2026-04-07,1,COLORES  ,1,16,T-8      ,1.043076923076923,CERRADO
STOP,MOP-00000012,ST0001279                                         ,21-2JUN1,06-JUNIO,ST0001279 - IND02 - 014  BERMUDA T/ALTO TONO INDIGO T-6,STOP CEDI,Aprobado,UND ,195,195,192,3,2026-05-20,01-2026,022-CAPSULAS FERIAS,2026-04-07,2026-04-07,1,COLORES  ,1,14,T-6      ,0.9846153846153847,INCOMPLETO
STOP,MOP-00000012,ST0001279                                         ,21-2JUN1,06-JUNIO,ST0001279 - IND02 - 020  BERMUDA T/ALTO TONO INDIGO T-14,STOP CEDI,Aprobado,UND ,195,195,192,3,2026-05-20,01-2026,022-CAPSULAS FERIAS,2026-04-07,2026-04-07,1,COLORES  ,1,20,T-14     ,0.9846153846153847,INCOMPLETO
STOP,MOP-00000012,ST0001279                                         ,21-2JUN1,06-JUNIO,ST0001279 - IND02 - 019  BERMUDA T/ALTO TONO INDIGO T-12,STOP CEDI,Cumplido,UND ,260,260,264,0,2026-05-20,01-2026,022-CAPSULAS FERIAS,2026-04-07,2026-04-07,1,COLORES  ,1,19,T-12     ,1.0153846153846153,CERRADO
STOP,MOP-00000012,ST0001279                                         ,21-2JUN1,06-JUNIO,ST0001279 - IND02 - 018  BERMUDA T/ALTO TONO INDIGO T-10,STOP CEDI,Cumplido,UND ,325,325,344,0,2026-05-20,01-2026,022-CAPSULAS FERIAS,2026-04-07,2026-04-07,1,COLORES  ,1,18,T-10     ,1.0584615384615386,CERRADO
STOP,MOP-00000013,15001904                                          ,18-2MAY2,05-MAYO,15001904 - 19-4004 - 018  BERMUDA T/ALTO ESENC NEGRO T-10,STOP CEDI,Aprobado,UND ,150,150,149,1,2026-07-08,01-2026,017-FLORAL DENIM,2026-04-09,2026-04-09,1,COLORES  ,1,18,T-10     ,0.9933333333333333,INCOMPLETO
STOP,MOP-00000013,15001904                                          ,18-2MAY2,05-MAYO,15001904 - 19-4004 - 019  BERMUDA T/ALTO ESENC NEGRO T-12,STOP CEDI,Aprobado,UND ,148,148,147,1,2026-07-08,01-2026,017-FLORAL DENIM,2026-04-09,2026-04-09,1,COLORES  ,1,19,T-12     ,0.9932432432432432,INCOMPLETO
STOP,MOP-00000013,15001904                                          ,18-2MAY2,05-MAYO,15001904 - 19-4004 - 020  BERMUDA T/ALTO ESENC NEGRO T-14,STOP CEDI,Cumplido,UND ,46,46,49,0,2026-07-08,01-2026,017-FLORAL DENIM,2026-04-09,2026-04-09,1,COLORES  ,1,20,T-14     ,1.065217391304348,CERRADO
STOP,MOP-00000014,ST0001306                                         ,21-2JUN1,06-JUNIO,ST0001306 - IND02 - 014  BERMUDA T/ALTO LAV M INDIGO T-6,STOP CEDI,Aprobado,UND ,30,30,11,19,2026-05-20,01-2026,022-CAPSULAS FERIAS,2026-04-09,2026-05-08,1,COLORES  ,1,14,T-6      ,0.36666666666666664,INCOMPLETO
STOP,MOP-00000014,ST0001306                                         ,21-2JUN1,06-JUNIO,ST0001306 - IND02 - 016  BERMUDA T/ALTO LAV M INDIGO T-8,STOP CEDI,Aprobado,UND ,50,50,22,28,2026-05-20,01-2026,022-CAPSULAS FERIAS,2026-04-09,2026-05-08,1,COLORES  ,1,16,T-8      ,0.44,INCOMPLETO
STOP,MOP-00000014,ST0001306                                         ,21-2JUN1,06-JUNIO,ST0001306 - IND02 - 018  BERMUDA T/ALTO LAV M INDIGO T-10,STOP CEDI,Aprobado,UND ,50,50,20,30,2026-05-20,01-2026,022-CAPSULAS FERIAS,2026-04-09,2026-05-08,1,COLORES  ,1,18,T-10     ,0.4,INCOMPLETO
STOP,MOP-00000014,ST0001306                                         ,21-2JUN1,06-JUNIO,ST0001306 - IND02 - 019  BERMUDA T/ALTO LAV M INDIGO T-12,STOP CEDI,Aprobado,UND ,40,40,10,30,2026-05-20,01-2026,022-CAPSULAS FERIAS,2026-04-09,2026-05-08,1,COLORES  ,1,19,T-12     ,0.25,INCOMPLETO
STOP,MOP-00000014,ST0001306                                         ,21-2JUN1,06-JUNIO,ST0001306 - IND02 - 020  BERMUDA T/ALTO LAV M INDIGO T-14,STOP CEDI,Aprobado,UND ,30,30,10,20,2026-05-20,01-2026,022-CAPSULAS FERIAS,2026-04-09,2026-05-08,1,COLORES  ,1,20,T-14     ,0.3333333333333333,INCOMPLETO
STOP,MOP-00000016,ST0001305                                         ,22-2JUN2,06-JUNIO,ST0001305 - 19-4004 - 002  CAMISETA MC TELA CON NEGRO T-XS,STOP CEDI,Cumplido,UND ,183,183,187,0,2026-05-27,01-2026,019-THE CLUB,2026-04-09,2026-04-09,1,COLORES  ,1,2,T-XS     ,1.0218579234972678,CERRADO
STOP,MOP-00000016,ST0001305                                         ,22-2JUN2,06-JUNIO,ST0001305 - 19-4004 - 003  CAMISETA MC TELA CON NEGRO T-S,STOP CEDI,Cumplido,UND ,550,550,575,0,2026-04-09,01-2026,019-THE CLUB,2026-04-09,2026-04-09,1,COLORES  ,1,3,T-S      ,1.0454545454545454,CERRADO
STOP,MOP-00000016,ST0001305                                         ,22-2JUN2,06-JUNIO,ST0001305 - 19-4004 - 004  CAMISETA MC TELA CON NEGRO T-M,STOP CEDI,Cumplido,UND ,733,733,748,0,2026-04-09,01-2026,019-THE CLUB,2026-04-09,2026-04-09,1,COLORES  ,1,4,T-M      ,1.0204638472032743,CERRADO
STOP,MOP-00000016,ST0001305                                         ,22-2JUN2,06-JUNIO,ST0001305 - 19-4004 - 005  CAMISETA MC TELA CON NEGRO T-L,STOP CEDI,Cumplido,UND ,367,367,372,0,2026-04-09,01-2026,019-THE CLUB,2026-04-09,2026-04-09,1,COLORES  ,1,5,T-L      ,1.013623978201635,CERRADO
STOP,MOP-00000016,ST0001305                                         ,22-2JUN2,06-JUNIO,ST0001305 - 19-4004 - 006  CAMISETA MC TELA CON NEGRO T-XL,STOP CEDI,Cumplido,UND ,367,367,374,0,2026-04-09,01-2026,019-THE CLUB,2026-04-09,2026-04-09,1,COLORES  ,1,6,T-XL     ,1.0190735694822888,CERRADO
STOP,MOP-00000017,ST0001308                                         ,21-2JUN1,06-JUNIO,ST0001308 - 11-0601 - 002  BODY MANGA SISA CON BLANCO T-XS,STOP CEDI,Aprobado,UND ,92,92,76,16,2026-05-20,01-2026,018-INDIE SUMMER,2026-04-09,2026-04-09,1,COLORES  ,1,2,T-XS     ,0.8260869565217391,INCOMPLETO
STOP,MOP-00000017,ST0001308                                         ,21-2JUN1,06-JUNIO,ST0001308 - 11-0601 - 003  BODY MANGA SISA CON BLANCO T-S,STOP CEDI,Aprobado,UND ,277,277,266,11,2026-05-20,01-2026,018-INDIE SUMMER,2026-04-09,2026-04-09,1,COLORES  ,1,3,T-S      ,0.9602888086642599,INCOMPLETO
STOP,MOP-00000017,ST0001308                                         ,21-2JUN1,06-JUNIO,ST0001308 - 11-0601 - 004  BODY MANGA SISA CON BLANCO T-M,STOP CEDI,Aprobado,UND ,369,369,329,40,2026-05-20,01-2026,018-INDIE SUMMER,2026-04-09,2026-04-09,1,COLORES  ,1,4,T-M      ,0.8915989159891599,INCOMPLETO
STOP,MOP-00000017,ST0001308                                         ,21-2JUN1,06-JUNIO,ST0001308 - 11-0601 - 005  BODY MANGA SISA CON BLANCO T-L,STOP CEDI,Aprobado,UND ,277,277,238,39,2026-05-20,01-2026,018-INDIE SUMMER,2026-04-09,2026-04-09,1,COLORES  ,1,5,T-L      ,0.8592057761732852,INCOMPLETO
STOP,MOP-00000017,ST0001308                                         ,21-2JUN1,06-JUNIO,ST0001308 - 11-0601 - 006  BODY MANGA SISA CON BLANCO T-XL,STOP CEDI,Aprobado,UND ,185,185,162,23,2026-05-20,01-2026,018-INDIE SUMMER,2026-04-09,2026-04-09,1,COLORES  ,1,6,T-XL     ,0.8756756756756757,INCOMPLETO
STOP,MOP-00000018,15002995                                          ,22-2JUN2,06-JUNIO,15002995 - 11-0602 - 005  BODY MS FONDO ENTERO CREMA T-L,STOP CEDI,Cumplido,UND ,44,44,44,0,2026-07-08,01-2026,019-THE CLUB,2026-04-09,2026-04-09,1,COLORES  ,1,5,T-L      ,1.0,CERRADO
STOP,MOP-00000018,15002995                                          ,22-2JUN2,06-JUNIO,15002995 - 11-0602 - 004  BODY MS FONDO ENTERO CREMA T-M,STOP CEDI,Aprobado,UND ,143,143,139,4,2026-07-08,01-2026,019-THE CLUB,2026-04-09,2026-04-09,1,COLORES  ,1,4,T-M      ,0.972027972027972,INCOMPLETO
STOP,MOP-00000018,15002995                                          ,22-2JUN2,06-JUNIO,15002995 - 11-0602 - 003  BODY MS FONDO ENTERO CREMA T-S,STOP CEDI,Aprobado,UND ,240,240,234,6,2026-07-08,01-2026,019-THE CLUB,2026-04-09,2026-04-09,1,COLORES  ,1,3,T-S      ,0.975,INCOMPLETO
STOP,MOP-00000018,15002995                                          ,22-2JUN2,06-JUNIO,15002995 - 19-4004 - 005  BODY MS FONDO ENTERO NEGRO T-L,STOP CEDI,Aprobado,UND ,142,142,72,70,2026-07-08,01-2026,019-THE CLUB,2026-04-09,2026-04-09,1,COLORES  ,1,5,T-L      ,0.5070422535211268,INCOMPLETO
STOP,MOP-00000018,15002995                                          ,22-2JUN2,06-JUNIO,15002995 - 19-4004 - 004  BODY MS FONDO ENTERO NEGRO T-M,STOP CEDI,Aprobado,UND ,294,294,144,150,2026-07-08,01-2026,019-THE CLUB,2026-04-09,2026-04-09,1,COLORES  ,1,4,T-M      ,0.4897959183673469,INCOMPLETO
STOP,MOP-00000018,15002995                                          ,22-2JUN2,06-JUNIO,15002995 - 19-4004 - 003  BODY MS FONDO ENTERO NEGRO T-S,STOP CEDI,Aprobado,UND ,291,291,150,141,2026-07-08,01-2026,019-THE CLUB,2026-04-09,2026-04-09,1,COLORES  ,1,3,T-S      ,0.5154639175257731,INCOMPLETO
STOP,MOP-00000019,15004921                                          ,22-2JUN2,06-JUNIO,15004921 - IND02 - 014  TEJANO LEVANTACOLA L INDIGO T-6,STOP CEDI,Aprobado,UND ,99,99,0,99,2026-05-27,01-2026, ,2026-04-09,2026-04-09,1,COLORES  ,1,14,T-6      ,0.0,INCOMPLETO
STOP,MOP-00000019,15004921                                          ,22-2JUN2,06-JUNIO,15004921 - IND02 - 016  TEJANO LEVANTACOLA L INDIGO T-8,STOP CEDI,Aprobado,UND ,197,197,0,197,2026-05-27,01-2026, ,2026-04-09,2026-04-09,1,COLORES  ,1,16,T-8      ,0.0,INCOMPLETO
STOP,MOP-00000020,11645914                                          ,21-2JUN1,06-JUNIO,11645914 - 19-4004 - 003  CAMISETA PREMIUM MC NEGRO T-S,STOP CEDI,Aprobado,UND ,733,733,678,55,2026-05-20,01-2026,018-INDIE SUMMER,2026-04-09,2026-04-09,1,COLORES  ,1,3,T-S      ,0.9249658935879945,INCOMPLETO
STOP,MOP-00000020,11645914                                          ,21-2JUN1,06-JUNIO,11645914 - 19-4004 - 005  CAMISETA PREMIUM MC NEGRO T-L,STOP CEDI,Aprobado,UND ,550,550,470,80,2026-05-20,01-2026,018-INDIE SUMMER,2026-04-09,2026-04-09,1,COLORES  ,1,5,T-L      ,0.8545454545454545,INCOMPLETO
STOP,MOP-00000020,11645914                                          ,21-2JUN1,06-JUNIO,11645914 - 19-4004 - 002  CAMISETA PREMIUM MC NEGRO T-XS,STOP CEDI,Aprobado,UND ,183,183,148,35,2026-05-20,01-2026,018-INDIE SUMMER,2026-04-09,2026-04-09,1,COLORES  ,1,2,T-XS     ,0.8087431693989071,INCOMPLETO
STOP,MOP-00000020,11645914                                          ,21-2JUN1,06-JUNIO,11645914 - 19-4004 - 004  CAMISETA PREMIUM MC NEGRO T-M,STOP CEDI,Aprobado,UND ,733,733,617,116,2026-05-20,01-2026,018-INDIE SUMMER,2026-04-09,2026-04-09,1,COLORES  ,1,4,T-M      ,0.8417462482946794,INCOMPLETO
STOP,MOP-00000021,ST0001312                                         ,27-3JUL3,06-JUNIO,ST0001312 - 18-1763 - 002  BLUSA ML CON ABROCHA ROJO T-XS,STOP CEDI,Aprobado,UND ,85,85,0,85,2026-06-03,01-2026,019-THE CLUB,2026-04-09,2026-04-09,1,COLORES  ,1,2,T-XS     ,0.0,INCOMPLETO
STOP,MOP-00000021,ST0001312                                         ,27-3JUL3,06-JUNIO,ST0001312 - 18-1763 - 003  BLUSA ML CON ABROCHA ROJO T-S,STOP CEDI,Aprobado,UND ,254,254,0,254,2026-06-03,01-2026,019-THE CLUB,2026-04-09,2026-04-09,1,COLORES  ,1,3,T-S      ,0.0,INCOMPLETO
STOP,MOP-00000021,ST0001312                                         ,27-3JUL3,06-JUNIO,ST0001312 - 18-1763 - 004  BLUSA ML CON ABROCHA ROJO T-M,STOP CEDI,Aprobado,UND ,338,338,0,338,2026-06-03,01-2026,019-THE CLUB,2026-04-09,2026-04-09,1,COLORES  ,1,4,T-M      ,0.0,INCOMPLETO
STOP,MOP-00000021,ST0001312                                         ,27-3JUL3,06-JUNIO,ST0001312 - 18-1763 - 005  BLUSA ML CON ABROCHA ROJO T-L,STOP CEDI,Aprobado,UND ,254,254,0,254,2026-06-03,01-2026,019-THE CLUB,2026-04-09,2026-04-09,1,COLORES  ,1,5,T-L      ,0.0,INCOMPLETO
STOP,MOP-00000021,ST0001312                                         ,27-3JUL3,06-JUNIO,ST0001312 - 18-1763 - 006  BLUSA ML CON ABROCHA ROJO T-XL,STOP CEDI,Aprobado,UND ,169,169,0,169,2026-06-03,01-2026,019-THE CLUB,2026-04-09,2026-04-09,1,COLORES  ,1,6,T-XL     ,0.0,INCOMPLETO
STOP,MOP-00000021,ST0001312                                         ,27-3JUL3,06-JUNIO,ST0001312 - 12-0601 - 002  BLUSA ML CON ABROCHA BLANCO T-XS,STOP CEDI,Aprobado,UND ,85,85,0,85,2026-06-03,01-2026,019-THE CLUB,2026-04-09,2026-04-09,1,COLORES  ,1,2,T-XS     ,0.0,INCOMPLETO
STOP,MOP-00000021,ST0001312                                         ,27-3JUL3,06-JUNIO,ST0001312 - 12-0601 - 003  BLUSA ML CON ABROCHA BLANCO T-S,STOP CEDI,Aprobado,UND ,254,254,0,254,2026-06-03,01-2026,019-THE CLUB,2026-04-09,2026-04-09,1,COLORES  ,1,3,T-S      ,0.0,INCOMPLETO
STOP,MOP-00000021,ST0001312                                         ,27-3JUL3,06-JUNIO,ST0001312 - 12-0601 - 004  BLUSA ML CON ABROCHA BLANCO T-M,STOP CEDI,Aprobado,UND ,338,338,0,338,2026-06-03,01-2026,019-THE CLUB,2026-04-09,2026-04-09,1,COLORES  ,1,4,T-M      ,0.0,INCOMPLETO
STOP,MOP-00000021,ST0001312                                         ,27-3JUL3,06-JUNIO,ST0001312 - 12-0601 - 005  BLUSA ML CON ABROCHA BLANCO T-L,STOP CEDI,Aprobado,UND ,254,254,0,254,2026-06-03,01-2026,019-THE CLUB,2026-04-09,2026-04-09,1,COLORES  ,1,5,T-L      ,0.0,INCOMPLETO
STOP,MOP-00000021,ST0001312                                         ,27-3JUL3,06-JUNIO,ST0001312 - 12-0601 - 006  BLUSA ML CON ABROCHA BLANCO T-XL,STOP CEDI,Aprobado,UND ,169,169,0,169,2026-06-03,01-2026,019-THE CLUB,2026-04-09,2026-04-09,1,COLORES  ,1,6,T-XL     ,0.0,INCOMPLETO
STOP,MOP-00000022,15015944                                          ,22-2JUN2,06-JUNIO,15015944 - IND01 - 014  VAQUERO T/ALTO  BOTA INDIGO T-6,STOP CEDI,Cumplido,UND ,150,150,163,0,2026-07-08,01-2026, ,2026-04-09,2026-04-09,1,COLORES  ,1,14,T-6      ,1.0866666666666667,CERRADO
STOP,MOP-00000022,15015944                                          ,22-2JUN2,06-JUNIO,15015944 - IND01 - 016  VAQUERO T/ALTO  BOTA INDIGO T-8,STOP CEDI,Cumplido,UND ,300,300,322,0,2026-07-08,01-2026, ,2026-04-09,2026-04-09,1,COLORES  ,1,16,T-8      ,1.0733333333333333,CERRADO
STOP,MOP-00000022,15015944                                          ,22-2JUN2,06-JUNIO,15015944 - IND01 - 018  VAQUERO T/ALTO  BOTA INDIGO T-10,STOP CEDI,Cumplido,UND ,300,300,322,0,2026-07-08,01-2026, ,2026-04-09,2026-04-09,1,COLORES  ,1,18,T-10     ,1.0733333333333333,CERRADO
STOP,MOP-00000023,15015944                                          ,22-2JUN2,06-JUNIO,15015944 - IND02 - 014  VAQUERO T/ALTO  BOTA INDIGO T-6,STOP CEDI,Cumplido,UND ,150,150,152,0,2026-07-08,01-2026, ,2026-04-09,2026-04-09,1,COLORES  ,1,14,T-6      ,1.0133333333333334,CERRADO
STOP,MOP-00000023,15015944                                          ,22-2JUN2,06-JUNIO,15015944 - IND02 - 016  VAQUERO T/ALTO  BOTA INDIGO T-8,STOP CEDI,Aprobado,UND ,300,300,153,147,2026-07-08,01-2026, ,2026-04-09,2026-04-09,1,COLORES  ,1,16,T-8      ,0.51,INCOMPLETO
STOP,MOP-00000023,15015944                                          ,22-2JUN2,06-JUNIO,15015944 - IND02 - 018  VAQUERO T/ALTO  BOTA INDIGO T-10,STOP CEDI,Cumplido,UND ,300,300,459,0,2026-07-08,01-2026, ,2026-04-09,2026-04-09,1,COLORES  ,1,18,T-10     ,1.53,CERRADO
STOP,MOP-00000023,15015944                                          ,22-2JUN2,06-JUNIO,15015944 - IND02 - 019  VAQUERO T/ALTO  BOTA INDIGO T-12,STOP CEDI,Cumplido,UND ,150,150,153,0,2026-07-08,01-2026, ,2026-04-09,2026-04-09,1,COLORES  ,1,19,T-12     ,1.02,CERRADO
STOP,MOP-00000023,15015944                                          ,22-2JUN2,06-JUNIO,15015944 - IND02 - 020  VAQUERO T/ALTO  BOTA INDIGO T-14,STOP CEDI,Cumplido,UND ,50,50,52,0,2026-07-08,01-2026, ,2026-04-09,2026-04-09,1,COLORES  ,1,20,T-14     ,1.04,CERRADO
STOP,MOP-00000024,15015944                                          ,22-2JUN2,06-JUNIO,15015944 - IND04 - 016  VAQUERO T/ALTO  BOTA INDIGO T-8,STOP CEDI,Cumplido,UND ,100,100,105,0,2026-07-08,01-2026, ,2026-04-10,2026-04-10,1,COLORES  ,1,16,T-8      ,1.05,CERRADO
STOP,MOP-00000024,15015944                                          ,22-2JUN2,06-JUNIO,15015944 - IND04 - 018  VAQUERO T/ALTO  BOTA INDIGO T-10,STOP CEDI,Cumplido,UND ,300,300,312,0,2026-07-08,01-2026, ,2026-04-10,2026-04-10,1,COLORES  ,1,18,T-10     ,1.04,CERRADO
STOP,MOP-00000024,15015944                                          ,22-2JUN2,06-JUNIO,15015944 - IND04 - 019  VAQUERO T/ALTO  BOTA INDIGO T-12,STOP CEDI,Cumplido,UND ,300,300,312,0,2026-07-08,01-2026, ,2026-04-10,2026-04-10,1,COLORES  ,1,19,T-12     ,1.04,CERRADO
STOP,MOP-00000024,15015944                                          ,22-2JUN2,06-JUNIO,15015944 - IND04 - 020  VAQUERO T/ALTO  BOTA INDIGO T-14,STOP CEDI,Cumplido,UND ,100,100,104,0,2026-07-08,01-2026, ,2026-04-10,2026-04-10,1,COLORES  ,1,20,T-14     ,1.04,CERRADO
STOP,MOP-00000025,15008888                                          ,22-2JUN2,06-JUNIO,15008888 - IND01 - 016  RETROJEAN T/ALTO ESE INDIGO T-8,STOP CEDI,Aprobado,UND ,100,100,92,8,2026-07-08,01-2026, ,2026-04-10,2026-04-10,1,COLORES  ,1,16,T-8      ,0.92,INCOMPLETO
STOP,MOP-00000025,15008888                                          ,22-2JUN2,06-JUNIO,15008888 - IND01 - 018  RETROJEAN T/ALTO ESE INDIGO T-10,STOP CEDI,Aprobado,UND ,50,50,45,5,2026-07-08,01-2026, ,2026-04-10,2026-04-10,1,COLORES  ,1,18,T-10     ,0.9,INCOMPLETO
STOP,MOP-00000025,15008888                                          ,22-2JUN2,06-JUNIO,15008888 - IND01 - 019  RETROJEAN T/ALTO ESE INDIGO T-12,STOP CEDI,Aprobado,UND ,100,100,92,8,2026-07-08,01-2026, ,2026-04-10,2026-04-10,1,COLORES  ,1,19,T-12     ,0.92,INCOMPLETO
STOP,MOP-00000025,15008888                                          ,22-2JUN2,06-JUNIO,15008888 - IND01 - 020  RETROJEAN T/ALTO ESE INDIGO T-14,STOP CEDI,Cumplido,UND ,46,46,46,0,2026-07-08,01-2026, ,2026-04-10,2026-04-10,1,COLORES  ,1,20,T-14     ,1.0,CERRADO
STOP,MOP-00000026,15008888                                          ,22-2JUN2,06-JUNIO,15008888 - IND02 - 014  RETROJEAN T/ALTO ESE INDIGO T-6,STOP CEDI,Aprobado,UND ,50,50,46,4,2026-07-08,01-2026, ,2026-04-10,2026-04-10,1,COLORES  ,1,14,T-6      ,0.92,INCOMPLETO
STOP,MOP-00000026,15008888                                          ,22-2JUN2,06-JUNIO,15008888 - IND02 - 016  RETROJEAN T/ALTO ESE INDIGO T-8,STOP CEDI,Aprobado,UND ,200,200,188,12,2026-07-08,01-2026, ,2026-04-10,2026-04-10,1,COLORES  ,1,16,T-8      ,0.94,INCOMPLETO
STOP,MOP-00000026,15008888                                          ,22-2JUN2,06-JUNIO,15008888 - IND02 - 018  RETROJEAN T/ALTO ESE INDIGO T-10,STOP CEDI,Aprobado,UND ,150,150,143,7,2026-07-08,01-2026, ,2026-04-10,2026-04-10,1,COLORES  ,1,18,T-10     ,0.9533333333333334,INCOMPLETO
STOP,MOP-00000026,15008888                                          ,22-2JUN2,06-JUNIO,15008888 - IND02 - 019  RETROJEAN T/ALTO ESE INDIGO T-12,STOP CEDI,Aprobado,UND ,50,50,48,2,2026-07-08,01-2026, ,2026-04-10,2026-04-10,1,COLORES  ,1,19,T-12     ,0.96,INCOMPLETO
STOP,MOP-00000026,15008888                                          ,22-2JUN2,06-JUNIO,15008888 - IND02 - 020  RETROJEAN T/ALTO ESE INDIGO T-14,STOP CEDI,Aprobado,UND ,150,150,140,10,2026-07-08,01-2026, ,2026-04-10,2026-04-10,1,COLORES  ,1,20,T-14     ,0.9333333333333333,INCOMPLETO
STOP,MOP-00000027,15008888                                          ,22-2JUN2,06-JUNIO,15008888 - IND04 - 016  RETROJEAN T/ALTO ESE INDIGO T-8,STOP CEDI,Aprobado,UND ,200,200,192,8,2026-07-08,01-2026, ,2026-04-10,2026-04-10,1,COLORES  ,1,16,T-8      ,0.96,INCOMPLETO
STOP,MOP-00000027,15008888                                          ,22-2JUN2,06-JUNIO,15008888 - IND04 - 018  RETROJEAN T/ALTO ESE INDIGO T-10,STOP CEDI,Aprobado,UND ,300,300,281,19,2026-07-08,01-2026, ,2026-04-10,2026-04-10,1,COLORES  ,1,18,T-10     ,0.9366666666666666,INCOMPLETO
STOP,MOP-00000027,15008888                                          ,22-2JUN2,06-JUNIO,15008888 - IND04 - 019  RETROJEAN T/ALTO ESE INDIGO T-12,STOP CEDI,Aprobado,UND ,150,150,141,9,2026-07-08,01-2026, ,2026-04-10,2026-04-10,1,COLORES  ,1,19,T-12     ,0.94,INCOMPLETO
STOP,MOP-00000027,15008888                                          ,22-2JUN2,06-JUNIO,15008888 - IND04 - 020  RETROJEAN T/ALTO ESE INDIGO T-14,STOP CEDI,Aprobado,UND ,150,150,141,9,2026-07-08,01-2026, ,2026-04-10,2026-04-10,1,COLORES  ,1,20,T-14     ,0.94,INCOMPLETO
STOP,MOP-00000028,15006952                                          ,22-2JUN2,06-JUNIO,15006952 - 11-0601 - 004  TOP PREMIUM MANGA SI BLANCO T-M,STOP CEDI,Cumplido,UND ,150,150,153,0,2026-07-08,01-2026, ,2026-04-10,2026-04-10,1,COLORES  ,1,4,T-M      ,1.02,CERRADO
STOP,MOP-00000028,15006952                                          ,22-2JUN2,06-JUNIO,15006952 - 11-0601 - 003  TOP PREMIUM MANGA SI BLANCO T-S,STOP CEDI,Cumplido,UND ,150,150,153,0,2026-07-08,01-2026, ,2026-04-10,2026-04-10,1,COLORES  ,1,3,T-S      ,1.02,CERRADO
STOP,MOP-00000028,15006952                                          ,22-2JUN2,06-JUNIO,15006952 - 19-4004 - 004  TOP PREMIUM MANGA SI NEGRO T-M,STOP CEDI,Aprobado,UND ,200,200,184,16,2026-07-08,01-2026, ,2026-04-10,2026-04-10,1,COLORES  ,1,4,T-M      ,0.92,INCOMPLETO
STOP,MOP-00000028,15006952                                          ,22-2JUN2,06-JUNIO,15006952 - 19-4004 - 006  TOP PREMIUM MANGA SI NEGRO T-XL,STOP CEDI,Aprobado,UND ,100,100,92,8,2026-07-08,01-2026, ,2026-04-10,2026-04-10,1,COLORES  ,1,6,T-XL     ,0.92,INCOMPLETO
STOP,MOP-00000029,15015824                                          ,22-2JUN2,06-JUNIO,15015824 - 19-4004 - 003  CHAQUETA DENIM NEGRA NEGRO T-S,STOP CEDI,Cumplido,UND ,50,50,52,0,2026-04-11,01-2026, ,2026-04-11,2026-04-16,1,COLORES  ,1,3,T-S      ,1.04,CERRADO
STOP,MOP-00000029,15015824                                          ,22-2JUN2,06-JUNIO,15015824 - 19-4004 - 004  CHAQUETA DENIM NEGRA NEGRO T-M,STOP CEDI,Aprobado,UND ,200,200,192,8,2026-04-11,01-2026, ,2026-04-11,2026-04-16,1,COLORES  ,1,4,T-M      ,0.96,INCOMPLETO
STOP,MOP-00000029,15015824                                          ,22-2JUN2,06-JUNIO,15015824 - 19-4004 - 005  CHAQUETA DENIM NEGRA NEGRO T-L,STOP CEDI,Aprobado,UND ,100,100,94,6,2026-04-11,01-2026, ,2026-04-11,2026-04-16,1,COLORES  ,1,5,T-L      ,0.94,INCOMPLETO
STOP,MOP-00000029,15015824                                          ,22-2JUN2,06-JUNIO,15015824 - 19-4004 - 006  CHAQUETA DENIM NEGRA NEGRO T-XL,STOP CEDI,Aprobado,UND ,50,50,47,3,2026-04-11,01-2026, ,2026-04-11,2026-04-16,1,COLORES  ,1,6,T-XL     ,0.94,INCOMPLETO
STOP,MOP-00000030,ST0004607                                         ,23-2JUN3,06-JUNIO,ST0004607 - IND04 - 002  ENTERIZ CORTO LAV OS INDIGO T-XS,STOP CEDI,Aprobado,UND ,218,218,155,63,2026-06-10,01-2026,019-THE CLUB,2026-04-12,2026-04-12,1,COLORES  ,1,2,T-XS     ,0.7110091743119266,INCOMPLETO
STOP,MOP-00000030,ST0004607                                         ,23-2JUN3,06-JUNIO,ST0004607 - IND04 - 003  ENTERIZ CORTO LAV OS INDIGO T-S,STOP CEDI,Aprobado,UND ,291,291,287,4,2026-06-10,01-2026,019-THE CLUB,2026-04-12,2026-04-12,1,COLORES  ,1,3,T-S      ,0.9862542955326461,INCOMPLETO
STOP,MOP-00000030,ST0004607                                         ,23-2JUN3,06-JUNIO,ST0004607 - IND04 - 004  ENTERIZ CORTO LAV OS INDIGO T-M,STOP CEDI,Aprobado,UND ,291,291,261,30,2026-06-10,01-2026,019-THE CLUB,2026-04-12,2026-04-12,1,COLORES  ,1,4,T-M      ,0.8969072164948454,INCOMPLETO
STOP,MOP-00000031,ST0004561                                         ,21-2JUN1,06-JUNIO,ST0004561 - 11-0602 - 002  BLUSA ML TELA EFECTO CREMA T-XS,STOP CEDI,Aprobado,UND ,138,138,131,7,2026-05-20,01-2026,018-INDIE SUMMER,2026-04-12,2026-04-12,1,COLORES  ,1,2,T-XS     ,0.9492753623188406,INCOMPLETO
STOP,MOP-00000031,ST0004561                                         ,21-2JUN1,06-JUNIO,ST0004561 - 11-0602 - 003  BLUSA ML TELA EFECTO CREMA T-S,STOP CEDI,Aprobado,UND ,415,415,375,40,2026-05-20,01-2026,018-INDIE SUMMER,2026-04-12,2026-04-12,1,COLORES  ,1,3,T-S      ,0.9036144578313253,INCOMPLETO
STOP,MOP-00000031,ST0004561                                         ,21-2JUN1,06-JUNIO,ST0004561 - 11-0602 - 004  BLUSA ML TELA EFECTO CREMA T-M,STOP CEDI,Aprobado,UND ,554,554,496,58,2026-05-20,01-2026,018-INDIE SUMMER,2026-04-12,2026-04-12,1,COLORES  ,1,4,T-M      ,0.8953068592057761,INCOMPLETO
STOP,MOP-00000031,ST0004561                                         ,21-2JUN1,06-JUNIO,ST0004561 - 11-0602 - 005  BLUSA ML TELA EFECTO CREMA T-L,STOP CEDI,Aprobado,UND ,415,415,365,50,2026-05-20,01-2026,018-INDIE SUMMER,2026-04-12,2026-04-12,1,COLORES  ,1,5,T-L      ,0.8795180722891566,INCOMPLETO
STOP,MOP-00000031,ST0004561                                         ,21-2JUN1,06-JUNIO,ST0004561 - 11-0602 - 006  BLUSA ML TELA EFECTO CREMA T-XL,STOP CEDI,Aprobado,UND ,277,277,248,29,2026-05-20,01-2026,018-INDIE SUMMER,2026-04-12,2026-04-12,1,COLORES  ,1,6,T-XL     ,0.8953068592057761,INCOMPLETO
STOP,MOP-00000032,15004921                                          ,22-2JUN2,06-JUNIO,15004921 - IND04 - 014  TEJANO LEVANTACOLA L INDIGO T-6,STOP CEDI,Aprobado,UND ,50,50,45,5,2026-05-27,01-2026, ,2026-04-12,2026-04-12,1,COLORES  ,1,14,T-6      ,0.9,INCOMPLETO
STOP,MOP-00000032,15004921                                          ,22-2JUN2,06-JUNIO,15004921 - IND04 - 016  TEJANO LEVANTACOLA L INDIGO T-8,STOP CEDI,Aprobado,UND ,200,200,192,8,2026-05-27,01-2026, ,2026-04-12,2026-04-12,1,COLORES  ,1,16,T-8      ,0.96,INCOMPLETO
STOP,MOP-00000032,15004921                                          ,22-2JUN2,06-JUNIO,15004921 - IND04 - 018  TEJANO LEVANTACOLA L INDIGO T-10,STOP CEDI,Aprobado,UND ,150,150,146,4,2026-05-27,01-2026, ,2026-04-12,2026-04-12,1,COLORES  ,1,18,T-10     ,0.9733333333333334,INCOMPLETO
STOP,MOP-00000032,15004921                                          ,22-2JUN2,06-JUNIO,15004921 - IND04 - 019  TEJANO LEVANTACOLA L INDIGO T-12,STOP CEDI,Aprobado,UND ,100,100,96,4,2026-05-27,01-2026, ,2026-04-12,2026-04-12,1,COLORES  ,1,19,T-12     ,0.96,INCOMPLETO
STOP,MOP-00000033,15004921                                          ,22-2JUN2,06-JUNIO,15004921 - IND02 - 014  TEJANO LEVANTACOLA L INDIGO T-6,STOP CEDI,Aprobado,UND ,102,102,85,17,2026-05-27,01-2026, ,2026-04-12,2026-04-12,1,COLORES  ,1,14,T-6      ,0.8333333333333334,INCOMPLETO
STOP,MOP-00000033,15004921                                          ,22-2JUN2,06-JUNIO,15004921 - IND02 - 018  TEJANO LEVANTACOLA L INDIGO T-10,STOP CEDI,Aprobado,UND ,400,400,340,60,2026-05-27,01-2026, ,2026-04-12,2026-04-12,1,COLORES  ,1,18,T-10     ,0.85,INCOMPLETO
STOP,MOP-00000033,15004921                                          ,22-2JUN2,06-JUNIO,15004921 - IND02 - 019  TEJANO LEVANTACOLA L INDIGO T-12,STOP CEDI,Aprobado,UND ,100,100,85,15,2026-05-27,01-2026, ,2026-04-12,2026-04-12,1,COLORES  ,1,19,T-12     ,0.85,INCOMPLETO
STOP,MOP-00000034,15005821                                          ,22-2JUN2,06-JUNIO,15005821 - IND07 - 018  TEJANO PREMIUM LEVAN INDIGO T-10,STOP CEDI,Aprobado,UND ,300,300,284,16,2026-05-27,01-2026, ,2026-04-12,2026-04-12,1,COLORES  ,1,18,T-10     ,0.9466666666666667,INCOMPLETO
STOP,MOP-00000034,15005821                                          ,22-2JUN2,06-JUNIO,15005821 - IND07 - 019  TEJANO PREMIUM LEVAN INDIGO T-12,STOP CEDI,Aprobado,UND ,300,300,285,15,2026-05-27,01-2026, ,2026-04-12,2026-04-12,1,COLORES  ,1,19,T-12     ,0.95,INCOMPLETO
STOP,MOP-00000035,15006942                                          ,22-2JUN2,06-JUNIO,15006942 - 19-4004 - 014  LEVANTACOLA T/ALTO B NEGRO T-6,STOP CEDI,Cumplido,UND ,100,100,103,0,2026-05-27,01-2026, ,2026-04-13,2026-04-13,1,COLORES  ,1,14,T-6      ,1.03,CERRADO
STOP,MOP-00000035,15006942                                          ,22-2JUN2,06-JUNIO,15006942 - 19-4004 - 016  LEVANTACOLA T/ALTO B NEGRO T-8,STOP CEDI,Aprobado,UND ,200,200,192,8,2026-05-27,01-2026, ,2026-04-13,2026-04-13,1,COLORES  ,1,16,T-8      ,0.96,INCOMPLETO
STOP,MOP-00000035,15006942                                          ,22-2JUN2,06-JUNIO,15006942 - 19-4004 - 018  LEVANTACOLA T/ALTO B NEGRO T-10,STOP CEDI,Aprobado,UND ,200,200,192,8,2026-05-27,01-2026, ,2026-04-13,2026-04-13,1,COLORES  ,1,18,T-10     ,0.96,INCOMPLETO
STOP,MOP-00000035,15006942                                          ,22-2JUN2,06-JUNIO,15006942 - 19-4004 - 019  LEVANTACOLA T/ALTO B NEGRO T-12,STOP CEDI,Aprobado,UND ,100,100,94,6,2026-05-27,01-2026, ,2026-04-13,2026-04-13,1,COLORES  ,1,19,T-12     ,0.94,INCOMPLETO
STOP,MOP-00000035,15006942                                          ,22-2JUN2,06-JUNIO,15006942 - 19-4004 - 020  LEVANTACOLA T/ALTO B NEGRO T-14,STOP CEDI,Aprobado,UND ,100,100,94,6,2026-05-27,01-2026, ,2026-04-13,2026-04-13,1,COLORES  ,1,20,T-14     ,0.94,INCOMPLETO
STOP,MOP-00000035,15006942                                          ,22-2JUN2,06-JUNIO,15006942 - 19-4004 - 021  LEVANTACOLA T/ALTO B NEGRO T-16,STOP CEDI,Aprobado,UND ,100,100,94,6,2026-05-27,01-2026, ,2026-04-13,2026-04-13,1,COLORES  ,1,21,T-16     ,0.94,INCOMPLETO
STOP,MOP-00000036,15006949                                          ,22-2JUN2,06-JUNIO,15006949 - 11-0602 - 003  CAMISETA MANGA CREMA T-S,STOP CEDI,Aprobado,UND ,100,100,0,100,2026-07-08,01-2026, ,2026-04-13,2026-06-05,1,COLORES  ,1,3,T-S      ,0.0,INCOMPLETO
STOP,MOP-00000036,15006949                                          ,22-2JUN2,06-JUNIO,15006949 - 11-0602 - 006  CAMISETA MANGA CREMA T-XL,STOP CEDI,Aprobado,UND ,100,100,0,100,2026-07-08,01-2026, ,2026-04-13,2026-06-05,1,COLORES  ,1,6,T-XL     ,0.0,INCOMPLETO
STOP,MOP-00000036,15006949                                          ,22-2JUN2,06-JUNIO,15006949 - 19-4004 - 003  CAMISETA MANGA NEGRO T-S,STOP CEDI,Aprobado,UND ,100,100,0,100,2026-07-08,01-2026, ,2026-04-13,2026-06-05,1,COLORES  ,1,3,T-S      ,0.0,INCOMPLETO
STOP,MOP-00000036,15006949                                          ,22-2JUN2,06-JUNIO,15006949 - 19-4004 - 004  CAMISETA MANGA NEGRO T-M,STOP CEDI,Aprobado,UND ,200,200,0,200,2026-07-08,01-2026, ,2026-04-13,2026-06-05,1,COLORES  ,1,4,T-M      ,0.0,INCOMPLETO
STOP,MOP-00000036,15006949                                          ,22-2JUN2,06-JUNIO,15006949 - 19-4004 - 005  CAMISETA MANGA NEGRO T-L,STOP CEDI,Aprobado,UND ,200,200,0,200,2026-07-08,01-2026, ,2026-04-13,2026-06-05,1,COLORES  ,1,5,T-L      ,0.0,INCOMPLETO
STOP,MOP-00000036,15006949                                          ,22-2JUN2,06-JUNIO,15006949 - 19-4004 - 006  CAMISETA MANGA NEGRO T-XL,STOP CEDI,Aprobado,UND ,100,100,0,100,2026-07-08,01-2026, ,2026-04-13,2026-06-05,1,COLORES  ,1,6,T-XL     ,0.0,INCOMPLETO
STOP,MOP-00000037,ST0004605                                         ,22-2JUN2,06-JUNIO,ST0004605 - 19-4118 - 002  BLUSA M3/4 CON PERIL AZUL T-XS,STOP CEDI,Aprobado,UND ,85,85,84,1,2026-05-27,01-2026,019-THE CLUB,2026-04-13,2026-04-13,1,COLORES  ,1,2,T-XS     ,0.9882352941176471,INCOMPLETO
STOP,MOP-00000037,ST0004605                                         ,22-2JUN2,06-JUNIO,ST0004605 - 19-4118 - 003  BLUSA M3/4 CON PERIL AZUL T-S,STOP CEDI,Cumplido,UND ,254,254,255,0,2026-05-27,01-2026,019-THE CLUB,2026-04-13,2026-04-13,1,COLORES  ,1,3,T-S      ,1.0039370078740157,CERRADO
STOP,MOP-00000037,ST0004605                                         ,22-2JUN2,06-JUNIO,ST0004605 - 19-4118 - 004  BLUSA M3/4 CON PERIL AZUL T-M,STOP CEDI,Cumplido,UND ,338,338,339,0,2026-05-27,01-2026,019-THE CLUB,2026-04-13,2026-04-13,1,COLORES  ,1,4,T-M      ,1.0029585798816567,CERRADO
STOP,MOP-00000037,ST0004605                                         ,22-2JUN2,06-JUNIO,ST0004605 - 19-4118 - 005  BLUSA M3/4 CON PERIL AZUL T-L,STOP CEDI,Aprobado,UND ,254,254,253,1,2026-05-27,01-2026,019-THE CLUB,2026-04-13,2026-04-13,1,COLORES  ,1,5,T-L      ,0.9960629921259843,INCOMPLETO
STOP,MOP-00000037,ST0004605                                         ,22-2JUN2,06-JUNIO,ST0004605 - 19-4118 - 006  BLUSA M3/4 CON PERIL AZUL T-XL,STOP CEDI,Cumplido,UND ,169,169,169,0,2026-05-27,01-2026,019-THE CLUB,2026-04-13,2026-04-13,1,COLORES  ,1,6,T-XL     ,1.0,CERRADO
STOP,MOP-00000037,ST0004605                                         ,22-2JUN2,06-JUNIO,ST0004605 - 18-1657 - 002  BLUSA M3/4 CON PERIL ROJO T-XS,STOP CEDI,Cumplido,UND ,85,85,87,0,2026-05-27,01-2026,019-THE CLUB,2026-04-13,2026-04-13,1,COLORES  ,1,2,T-XS     ,1.0235294117647058,CERRADO
STOP,MOP-00000037,ST0004605                                         ,22-2JUN2,06-JUNIO,ST0004605 - 18-1657 - 003  BLUSA M3/4 CON PERIL ROJO T-S,STOP CEDI,Cumplido,UND ,254,254,255,0,2026-05-27,01-2026,019-THE CLUB,2026-04-13,2026-04-13,1,COLORES  ,1,3,T-S      ,1.0039370078740157,CERRADO
STOP,MOP-00000037,ST0004605                                         ,22-2JUN2,06-JUNIO,ST0004605 - 18-1657 - 004  BLUSA M3/4 CON PERIL ROJO T-M,STOP CEDI,Cumplido,UND ,338,338,342,0,2026-05-27,01-2026,019-THE CLUB,2026-04-13,2026-04-13,1,COLORES  ,1,4,T-M      ,1.0118343195266273,CERRADO
STOP,MOP-00000037,ST0004605                                         ,22-2JUN2,06-JUNIO,ST0004605 - 18-1657 - 005  BLUSA M3/4 CON PERIL ROJO T-L,STOP CEDI,Cumplido,UND ,254,254,260,0,2026-05-27,01-2026,019-THE CLUB,2026-04-13,2026-04-13,1,COLORES  ,1,5,T-L      ,1.0236220472440944,CERRADO
STOP,MOP-00000037,ST0004605                                         ,22-2JUN2,06-JUNIO,ST0004605 - 18-1657 - 006  BLUSA M3/4 CON PERIL ROJO T-XL,STOP CEDI,Cumplido,UND ,169,169,172,0,2026-05-27,01-2026,019-THE CLUB,2026-04-13,2026-04-13,1,COLORES  ,1,6,T-XL     ,1.017751479289941,CERRADO
STOP,MOP-00000038,15009949                                          ,28-3JUL4,07-JULIO,15009949 - 11-0602 - 003  CAMISETA MANGA CORTA CREMA T-S,STOP CEDI,Aprobado,UND ,142,142,0,142,2026-07-08,01-2026, ,2026-04-13,2026-06-02,1,COLORES  ,1,3,T-S      ,0.0,INCOMPLETO
STOP,MOP-00000038,15009949                                          ,28-3JUL4,07-JULIO,15009949 - 11-0602 - 004  CAMISETA MANGA CORTA CREMA T-M,STOP CEDI,Aprobado,UND ,150,150,0,150,2026-07-08,01-2026, ,2026-04-13,2026-06-02,1,COLORES  ,1,4,T-M      ,0.0,INCOMPLETO
STOP,MOP-00000038,15009949                                          ,28-3JUL4,07-JULIO,15009949 - 11-0602 - 005  CAMISETA MANGA CORTA CREMA T-L,STOP CEDI,Aprobado,UND ,150,150,0,150,2026-07-08,01-2026, ,2026-04-13,2026-06-02,1,COLORES  ,1,5,T-L      ,0.0,INCOMPLETO
STOP,MOP-00000039,ST0004606                                         ,22-2JUN2,06-JUNIO,ST0004606 - 11-0602 - 003  VESTIDO TIRAS CORTO CREMA T-S,STOP CEDI,Aprobado,UND ,300,300,273,27,2026-06-03,01-2026,019-THE CLUB,2026-04-13,2026-04-13,1,COLORES  ,1,3,T-S      ,0.91,INCOMPLETO
STOP,MOP-00000039,ST0004606                                         ,22-2JUN2,06-JUNIO,ST0004606 - 11-0602 - 004  VESTIDO TIRAS CORTO CREMA T-M,STOP CEDI,Aprobado,UND ,400,400,384,16,2026-06-03,01-2026,019-THE CLUB,2026-04-13,2026-04-13,1,COLORES  ,1,4,T-M      ,0.96,INCOMPLETO
STOP,MOP-00000039,ST0004606                                         ,22-2JUN2,06-JUNIO,ST0004606 - 11-0602 - 005  VESTIDO TIRAS CORTO CREMA T-L,STOP CEDI,Aprobado,UND ,300,300,272,28,2026-06-03,01-2026,019-THE CLUB,2026-04-13,2026-04-13,1,COLORES  ,1,5,T-L      ,0.9066666666666666,INCOMPLETO
STOP,MOP-00000040,ST0001314                                         ,21-2JUN1,06-JUNIO,ST0001314 - 19-1761 - 002  T-SHIRT MC CON ESTAM ROJO T-XS,STOP CEDI,Aprobado,UND ,147,147,138,9,2026-05-20,01-2026,018-INDIE SUMMER,2026-04-13,2026-04-13,1,COLORES  ,1,2,T-XS     ,0.9387755102040817,INCOMPLETO
STOP,MOP-00000040,ST0001314                                         ,21-2JUN1,06-JUNIO,ST0001314 - 19-1761 - 003  T-SHIRT MC CON ESTAM ROJO T-S,STOP CEDI,Aprobado,UND ,588,588,554,34,2026-05-20,01-2026,018-INDIE SUMMER,2026-04-13,2026-04-13,1,COLORES  ,1,3,T-S      ,0.9421768707482994,INCOMPLETO
STOP,MOP-00000040,ST0001314                                         ,21-2JUN1,06-JUNIO,ST0001314 - 19-1761 - 004  T-SHIRT MC CON ESTAM ROJO T-M,STOP CEDI,Aprobado,UND ,735,735,722,13,2026-05-20,01-2026,018-INDIE SUMMER,2026-04-13,2026-04-13,1,COLORES  ,1,4,T-M      ,0.9823129251700681,INCOMPLETO
STOP,MOP-00000040,ST0001314                                         ,21-2JUN1,06-JUNIO,ST0001314 - 19-1761 - 005  T-SHIRT MC CON ESTAM ROJO T-L,STOP CEDI,Aprobado,UND ,588,588,552,36,2026-05-20,01-2026,018-INDIE SUMMER,2026-04-13,2026-04-13,1,COLORES  ,1,5,T-L      ,0.9387755102040817,INCOMPLETO
STOP,MOP-00000040,ST0001314                                         ,21-2JUN1,06-JUNIO,ST0001314 - 19-1761 - 006  T-SHIRT MC CON ESTAM ROJO T-XL,STOP CEDI,Aprobado,UND ,441,441,412,29,2026-05-20,01-2026,018-INDIE SUMMER,2026-04-13,2026-04-13,1,COLORES  ,1,6,T-XL     ,0.9342403628117913,INCOMPLETO
STOP,MOP-00000040,ST0001314                                         ,21-2JUN1,06-JUNIO,ST0001314 - 19-4004 - 002  T-SHIRT MC CON ESTAM NEGRO T-XS,STOP CEDI,Aprobado,UND ,147,147,134,13,2026-05-20,01-2026,018-INDIE SUMMER,2026-04-13,2026-04-13,1,COLORES  ,1,2,T-XS     ,0.9115646258503401,INCOMPLETO
STOP,MOP-00000040,ST0001314                                         ,21-2JUN1,06-JUNIO,ST0001314 - 19-4004 - 003  T-SHIRT MC CON ESTAM NEGRO T-S,STOP CEDI,Aprobado,UND ,588,588,545,43,2026-05-20,01-2026,018-INDIE SUMMER,2026-04-13,2026-04-13,1,COLORES  ,1,3,T-S      ,0.9268707482993197,INCOMPLETO
STOP,MOP-00000040,ST0001314                                         ,21-2JUN1,06-JUNIO,ST0001314 - 19-4004 - 004  T-SHIRT MC CON ESTAM NEGRO T-M,STOP CEDI,Cumplido,UND ,735,735,706,29,2026-05-20,01-2026,018-INDIE SUMMER,2026-04-13,2026-04-13,1,COLORES  ,1,4,T-M      ,0.9605442176870749,INCOMPLETO
STOP,MOP-00000040,ST0001314                                         ,21-2JUN1,06-JUNIO,ST0001314 - 19-4004 - 005  T-SHIRT MC CON ESTAM NEGRO T-L,STOP CEDI,Cumplido,UND ,588,588,534,54,2026-05-20,01-2026,018-INDIE SUMMER,2026-04-13,2026-04-13,1,COLORES  ,1,5,T-L      ,0.9081632653061225,INCOMPLETO
STOP,MOP-00000040,ST0001314                                         ,21-2JUN1,06-JUNIO,ST0001314 - 19-4004 - 006  T-SHIRT MC CON ESTAM NEGRO T-XL,STOP CEDI,Cumplido,UND ,441,441,402,39,2026-05-20,01-2026,018-INDIE SUMMER,2026-04-13,2026-04-13,1,COLORES  ,1,6,T-XL     ,0.9115646258503401,INCOMPLETO
STOP,MOP-00000041,ST0001307                                         ,21-2JUN1,06-JUNIO,ST0001307 - 19-4004 - 002  CAMISETA MC CON ESTA NEGRO T-XS,STOP CEDI,Aprobado,UND ,76,76,72,4,2026-05-20,01-2026,018-INDIE SUMMER,2026-04-13,2026-04-13,1,COLORES  ,1,2,T-XS     ,0.9473684210526315,INCOMPLETO
STOP,MOP-00000041,ST0001307                                         ,21-2JUN1,06-JUNIO,ST0001307 - 19-4004 - 003  CAMISETA MC CON ESTA NEGRO T-S,STOP CEDI,Aprobado,UND ,228,228,205,23,2026-05-20,01-2026,018-INDIE SUMMER,2026-04-13,2026-04-13,1,COLORES  ,1,3,T-S      ,0.8991228070175439,INCOMPLETO
STOP,MOP-00000041,ST0001307                                         ,21-2JUN1,06-JUNIO,ST0001307 - 19-4004 - 004  CAMISETA MC CON ESTA NEGRO T-M,STOP CEDI,Aprobado,UND ,305,305,281,24,2026-05-20,01-2026,018-INDIE SUMMER,2026-04-13,2026-04-13,1,COLORES  ,1,4,T-M      ,0.921311475409836,INCOMPLETO
STOP,MOP-00000041,ST0001307                                         ,21-2JUN1,06-JUNIO,ST0001307 - 19-4004 - 005  CAMISETA MC CON ESTA NEGRO T-L,STOP CEDI,Aprobado,UND ,228,228,208,20,2026-05-20,01-2026,018-INDIE SUMMER,2026-04-13,2026-04-13,1,COLORES  ,1,5,T-L      ,0.9122807017543859,INCOMPLETO
STOP,MOP-00000041,ST0001307                                         ,21-2JUN1,06-JUNIO,ST0001307 - 19-4004 - 006  CAMISETA MC CON ESTA NEGRO T-XL,STOP CEDI,Aprobado,UND ,152,152,144,8,2026-05-20,01-2026,018-INDIE SUMMER,2026-04-13,2026-04-13,1,COLORES  ,1,6,T-XL     ,0.9473684210526315,INCOMPLETO
STOP,MOP-00000042,15004852                                          ,22-2JUN2,06-JUNIO,15004852 - 11-0602 - 005  TOP MANGA SISA EN RI CREMA T-L,STOP CEDI,Aprobado,UND ,93,93,52,41,2026-07-08,01-2026, ,2026-04-14,2026-04-14,1,COLORES  ,1,5,T-L      ,0.5591397849462365,INCOMPLETO
STOP,MOP-00000042,15004852                                          ,22-2JUN2,06-JUNIO,15004852 - 11-0602 - 004  TOP MANGA SISA EN RI CREMA T-M,STOP CEDI,Aprobado,UND ,91,91,52,39,2026-07-08,01-2026, ,2026-04-14,2026-04-14,1,COLORES  ,1,4,T-M      ,0.5714285714285714,INCOMPLETO
STOP,MOP-00000042,15004852                                          ,22-2JUN2,06-JUNIO,15004852 - 11-0602 - 006  TOP MANGA SISA EN RI CREMA T-XL,STOP CEDI,Aprobado,UND ,96,96,52,44,2026-07-08,01-2026, ,2026-04-14,2026-04-14,1,COLORES  ,1,6,T-XL     ,0.5416666666666666,INCOMPLETO
STOP,MOP-00000043,15008849                                          ,18-2MAY2,05-MAYO,15008849 - 11-0602 - 004  CAMISETA MANGA CORTA CREMA T-M,STOP CEDI,Aprobado,UND ,50,50,48,2,2026-07-08,01-2026, ,2026-04-14,2026-05-07,1,COLORES  ,1,4,T-M      ,0.96,INCOMPLETO
STOP,MOP-00000043,15008849                                          ,18-2MAY2,05-MAYO,15008849 - 11-0602 - 003  CAMISETA MANGA CORTA CREMA T-S,STOP CEDI,Cumplido,UND ,90,90,96,0,2026-07-08,01-2026, ,2026-04-14,2026-05-07,1,COLORES  ,1,3,T-S      ,1.0666666666666667,CERRADO
STOP,MOP-00000043,15008849                                          ,18-2MAY2,05-MAYO,15008849 - 19-4004 - 004  CAMISETA MANGA CORTA NEGRO T-M,STOP CEDI,Aprobado,UND ,50,50,48,2,2026-07-08,01-2026, ,2026-04-14,2026-05-07,1,COLORES  ,1,4,T-M      ,0.96,INCOMPLETO
STOP,MOP-00000043,15008849                                          ,18-2MAY2,05-MAYO,15008849 - 19-4004 - 003  CAMISETA MANGA CORTA NEGRO T-S,STOP CEDI,Aprobado,UND ,50,50,48,2,2026-07-08,01-2026, ,2026-04-14,2026-05-07,1,COLORES  ,1,3,T-S      ,0.96,INCOMPLETO
STOP,MOP-00000043,15008849                                          ,18-2MAY2,05-MAYO,15008849 - 19-4004 - 002  CAMISETA MANGA CORTA NEGRO T-XS,STOP CEDI,Aprobado,UND ,50,50,48,2,2026-07-08,01-2026, ,2026-04-14,2026-05-07,1,COLORES  ,1,2,T-XS     ,0.96,INCOMPLETO
STOP,MOP-00000044,ST0000296                                         ,26-3JUL2,07-JULIO,ST0000296 - 19-1940 - 002  CAMISETA MANGA CORTA ROJO T-XS,STOP CEDI,Aprobado,UND ,147,147,141,6,2026-06-24,01-2026,002-BOHO ROMANTICO,2026-04-15,2026-04-15,1,COLORES  ,1,2,T-XS     ,0.9591836734693877,INCOMPLETO
STOP,MOP-00000044,ST0000296                                         ,26-3JUL2,07-JULIO,ST0000296 - 19-1940 - 003  CAMISETA MANGA CORTA ROJO T-S,STOP CEDI,Aprobado,UND ,588,588,579,9,2026-06-24,01-2026,002-BOHO ROMANTICO,2026-04-15,2026-04-15,1,COLORES  ,1,3,T-S      ,0.9846938775510204,INCOMPLETO
STOP,MOP-00000044,ST0000296                                         ,26-3JUL2,07-JULIO,ST0000296 - 19-1940 - 004  CAMISETA MANGA CORTA ROJO T-M,STOP CEDI,Aprobado,UND ,735,735,708,27,2026-06-24,01-2026,002-BOHO ROMANTICO,2026-04-15,2026-04-15,1,COLORES  ,1,4,T-M      ,0.963265306122449,INCOMPLETO
STOP,MOP-00000044,ST0000296                                         ,26-3JUL2,07-JULIO,ST0000296 - 19-1940 - 005  CAMISETA MANGA CORTA ROJO T-L,STOP CEDI,Aprobado,UND ,588,588,565,23,2026-06-24,01-2026,002-BOHO ROMANTICO,2026-04-15,2026-04-15,1,COLORES  ,1,5,T-L      ,0.9608843537414966,INCOMPLETO
STOP,MOP-00000044,ST0000296                                         ,26-3JUL2,07-JULIO,ST0000296 - 19-1940 - 006  CAMISETA MANGA CORTA ROJO T-XL,STOP CEDI,Aprobado,UND ,441,441,420,21,2026-06-24,01-2026,002-BOHO ROMANTICO,2026-04-15,2026-04-15,1,COLORES  ,1,6,T-XL     ,0.9523809523809523,INCOMPLETO
STOP,MOP-00000045,ST0000271                                         ,25-3JUL1,07-JULIO,ST0000271 - 19-1716 - 002  BLUSA MANGA SISA CUE ROJO T-XS,STOP CEDI,Aprobado,UND ,136,136,117,19,2026-06-17,01-2026,001-AURA,2026-04-15,2026-04-15,1,COLORES  ,1,2,T-XS     ,0.8602941176470589,INCOMPLETO
STOP,MOP-00000045,ST0000271                                         ,25-3JUL1,07-JULIO,ST0000271 - 19-1716 - 003  BLUSA MANGA SISA CUE ROJO T-S,STOP CEDI,Aprobado,UND ,409,409,339,70,2026-06-17,01-2026,001-AURA,2026-04-15,2026-04-15,1,COLORES  ,1,3,T-S      ,0.8288508557457213,INCOMPLETO
STOP,MOP-00000045,ST0000271                                         ,25-3JUL1,07-JULIO,ST0000271 - 19-1716 - 004  BLUSA MANGA SISA CUE ROJO T-M,STOP CEDI,Aprobado,UND ,545,545,444,101,2026-06-17,01-2026,001-AURA,2026-04-15,2026-04-15,1,COLORES  ,1,4,T-M      ,0.8146788990825689,INCOMPLETO
STOP,MOP-00000045,ST0000271                                         ,25-3JUL1,07-JULIO,ST0000271 - 19-1716 - 005  BLUSA MANGA SISA CUE ROJO T-L,STOP CEDI,Aprobado,UND ,273,273,230,43,2026-06-17,01-2026,001-AURA,2026-04-15,2026-04-15,1,COLORES  ,1,5,T-L      ,0.8424908424908425,INCOMPLETO
STOP,MOP-00000045,ST0000271                                         ,25-3JUL1,07-JULIO,ST0000271 - 19-1716 - 006  BLUSA MANGA SISA CUE ROJO T-XL,STOP CEDI,Aprobado,UND ,136,136,117,19,2026-06-17,01-2026,001-AURA,2026-04-15,2026-04-15,1,COLORES  ,1,6,T-XL     ,0.8602941176470589,INCOMPLETO
STOP,MOP-00000046,ST0000301                                         ,27-3JUL3,07-JULIO,ST0000301 - 11-0602 - 002  BODY MANGA LARGA TEL CREMA T-XS,STOP CEDI,Aprobado,UND ,136,136,0,136,2026-07-01,01-2026,002-BOHO ROMANTICO,2026-04-15,2026-04-15,1,COLORES  ,1,2,T-XS     ,0.0,INCOMPLETO
STOP,MOP-00000046,ST0000301                                         ,27-3JUL3,07-JULIO,ST0000301 - 11-0602 - 003  BODY MANGA LARGA TEL CREMA T-S,STOP CEDI,Aprobado,UND ,409,409,0,409,2026-07-01,01-2026,002-BOHO ROMANTICO,2026-04-15,2026-04-15,1,COLORES  ,1,3,T-S      ,0.0,INCOMPLETO
STOP,MOP-00000046,ST0000301                                         ,27-3JUL3,07-JULIO,ST0000301 - 11-0602 - 004  BODY MANGA LARGA TEL CREMA T-M,STOP CEDI,Aprobado,UND ,545,545,0,545,2026-07-01,01-2026,002-BOHO ROMANTICO,2026-04-15,2026-04-15,1,COLORES  ,1,4,T-M      ,0.0,INCOMPLETO
STOP,MOP-00000046,ST0000301                                         ,27-3JUL3,07-JULIO,ST0000301 - 11-0602 - 005  BODY MANGA LARGA TEL CREMA T-L,STOP CEDI,Aprobado,UND ,273,273,0,273,2026-07-01,01-2026,002-BOHO ROMANTICO,2026-04-15,2026-04-15,1,COLORES  ,1,5,T-L      ,0.0,INCOMPLETO
STOP,MOP-00000046,ST0000301                                         ,27-3JUL3,07-JULIO,ST0000301 - 11-0602 - 006  BODY MANGA LARGA TEL CREMA T-XL,STOP CEDI,Aprobado,UND ,136,136,0,136,2026-07-01,01-2026,002-BOHO ROMANTICO,2026-04-15,2026-04-15,1,COLORES  ,1,6,T-XL     ,0.0,INCOMPLETO
STOP,MOP-00000047,ST0000303                                         ,27-3JUL3,07-JULIO,ST0000303 - 12-1305 - 002  CAMISETA MANGA CORTA ROSADO T-XS,STOP CEDI,Aprobado,UND ,167,167,160,7,2026-07-01,01-2026,002-BOHO ROMANTICO,2026-04-15,2026-04-15,1,COLORES  ,1,2,T-XS     ,0.9580838323353293,INCOMPLETO
STOP,MOP-00000047,ST0000303                                         ,27-3JUL3,07-JULIO,ST0000303 - 12-1305 - 003  CAMISETA MANGA CORTA ROSADO T-S,STOP CEDI,Aprobado,UND ,667,667,652,15,2026-07-01,01-2026,002-BOHO ROMANTICO,2026-04-15,2026-04-15,1,COLORES  ,1,3,T-S      ,0.9775112443778111,INCOMPLETO
STOP,MOP-00000047,ST0000303                                         ,27-3JUL3,07-JULIO,ST0000303 - 12-1305 - 004  CAMISETA MANGA CORTA ROSADO T-M,STOP CEDI,Aprobado,UND ,833,833,808,25,2026-07-01,01-2026,002-BOHO ROMANTICO,2026-04-15,2026-04-15,1,COLORES  ,1,4,T-M      ,0.9699879951980792,INCOMPLETO
STOP,MOP-00000047,ST0000303                                         ,27-3JUL3,07-JULIO,ST0000303 - 12-1305 - 005  CAMISETA MANGA CORTA ROSADO T-L,STOP CEDI,Aprobado,UND ,500,500,480,20,2026-07-01,01-2026,002-BOHO ROMANTICO,2026-04-15,2026-04-15,1,COLORES  ,1,5,T-L      ,0.96,INCOMPLETO
STOP,MOP-00000047,ST0000303                                         ,27-3JUL3,07-JULIO,ST0000303 - 12-1305 - 006  CAMISETA MANGA CORTA ROSADO T-XL,STOP CEDI,Aprobado,UND ,333,333,318,15,2026-07-01,01-2026,002-BOHO ROMANTICO,2026-04-15,2026-04-15,1,COLORES  ,1,6,T-XL     ,0.954954954954955,INCOMPLETO
STOP,MOP-00000048,15015814                                          ,28-3JUL4,07-JULIO,15015814 - IND04 - 014  SHORT T/ALTO ESENCIA INDIGO T-6,STOP CEDI,Aprobado,UND ,150,150,149,1,2026-07-08,01-2026, ,2026-04-16,2026-04-16,1,COLORES  ,1,14,T-6      ,0.9933333333333333,INCOMPLETO
STOP,MOP-00000048,15015814                                          ,28-3JUL4,07-JULIO,15015814 - IND04 - 016  SHORT T/ALTO ESENCIA INDIGO T-8,STOP CEDI,Aprobado,UND ,300,300,295,5,2026-07-08,01-2026, ,2026-04-16,2026-04-16,1,COLORES  ,1,16,T-8      ,0.9833333333333333,INCOMPLETO
STOP,MOP-00000048,15015814                                          ,28-3JUL4,07-JULIO,15015814 - IND04 - 018  SHORT T/ALTO ESENCIA INDIGO T-10,STOP CEDI,Aprobado,UND ,300,300,298,2,2026-07-08,01-2026, ,2026-04-16,2026-04-16,1,COLORES  ,1,18,T-10     ,0.9933333333333333,INCOMPLETO
STOP,MOP-00000048,15015814                                          ,28-3JUL4,07-JULIO,15015814 - IND04 - 019  SHORT T/ALTO ESENCIA INDIGO T-12,STOP CEDI,Aprobado,UND ,300,300,299,1,2026-07-08,01-2026, ,2026-04-16,2026-04-16,1,COLORES  ,1,19,T-12     ,0.9966666666666667,INCOMPLETO
STOP,MOP-00000048,15015814                                          ,28-3JUL4,07-JULIO,15015814 - IND04 - 020  SHORT T/ALTO ESENCIA INDIGO T-14,STOP CEDI,Cumplido,UND ,150,150,150,0,2026-07-08,01-2026, ,2026-04-16,2026-04-16,1,COLORES  ,1,20,T-14     ,1.0,CERRADO
STOP,MOP-00000049,15001953                                          ,22-2JUN2,06-JUNIO,15001953 - 19-4004 - 005  BODY PREMIUM MANGA L NEGRO T-L,STOP CEDI,Cumplido,UND ,312,312,323,0,2026-07-08,01-2026, ,2026-04-16,2026-04-16,1,COLORES  ,1,5,T-L      ,1.0352564102564104,CERRADO
STOP,MOP-00000049,15001953                                          ,22-2JUN2,06-JUNIO,15001953 - 19-4004 - 004  BODY PREMIUM MANGA L NEGRO T-M,STOP CEDI,Cumplido,UND ,628,628,642,0,2026-07-08,01-2026, ,2026-04-16,2026-04-16,1,COLORES  ,1,4,T-M      ,1.0222929936305734,CERRADO
STOP,MOP-00000049,15001953                                          ,22-2JUN2,06-JUNIO,15001953 - 19-4004 - 003  BODY PREMIUM MANGA L NEGRO T-S,STOP CEDI,Aprobado,UND ,598,598,515,83,2026-07-08,01-2026, ,2026-04-16,2026-04-16,1,COLORES  ,1,3,T-S      ,0.8612040133779264,INCOMPLETO
STOP,MOP-00000049,15001953                                          ,22-2JUN2,06-JUNIO,15001953 - 19-4004 - 002  BODY PREMIUM MANGA L NEGRO T-XS,STOP CEDI,Cumplido,UND ,161,161,162,0,2026-07-08,01-2026, ,2026-04-16,2026-04-16,1,COLORES  ,1,2,T-XS     ,1.0062111801242235,CERRADO
STOP,MOP-00000049,15001953                                          ,22-2JUN2,06-JUNIO,15001953 - 11-0601 - 005  BODY PREMIUM MANGA L BLANCO T-L,STOP CEDI,Aprobado,UND ,300,300,284,16,2026-07-08,01-2026, ,2026-04-16,2026-04-16,1,COLORES  ,1,5,T-L      ,0.9466666666666667,INCOMPLETO
STOP,MOP-00000049,15001953                                          ,22-2JUN2,06-JUNIO,15001953 - 11-0601 - 004  BODY PREMIUM MANGA L BLANCO T-M,STOP CEDI,Aprobado,UND ,600,600,569,31,2026-07-08,01-2026, ,2026-04-16,2026-04-16,1,COLORES  ,1,4,T-M      ,0.9483333333333334,INCOMPLETO
STOP,MOP-00000049,15001953                                          ,22-2JUN2,06-JUNIO,15001953 - 11-0601 - 003  BODY PREMIUM MANGA L BLANCO T-S,STOP CEDI,Aprobado,UND ,600,600,586,14,2026-07-08,01-2026, ,2026-04-16,2026-04-16,1,COLORES  ,1,3,T-S      ,0.9766666666666667,INCOMPLETO
STOP,MOP-00000049,15001953                                          ,22-2JUN2,06-JUNIO,15001953 - 11-0601 - 002  BODY PREMIUM MANGA L BLANCO T-XS,STOP CEDI,Aprobado,UND ,150,150,142,8,2026-07-08,01-2026, ,2026-04-16,2026-04-16,1,COLORES  ,1,2,T-XS     ,0.9466666666666667,INCOMPLETO
STOP,MOP-00000050,ST0000284                                         ,26-3JUL2,07-JULIO,ST0000284 - 17-1520 - 002  BLUSA MANGA LARGA CU ROSADO T-XS,STOP CEDI,Aprobado,UND ,169,169,130,39,2026-06-24,01-2026,002-BOHO ROMANTICO,2026-04-17,2026-04-17,1,COLORES  ,1,2,T-XS     ,0.7692307692307693,INCOMPLETO
STOP,MOP-00000050,ST0000284                                         ,26-3JUL2,07-JULIO,ST0000284 - 17-1520 - 003  BLUSA MANGA LARGA CU ROSADO T-S,STOP CEDI,Aprobado,UND ,508,508,481,27,2026-06-24,01-2026,002-BOHO ROMANTICO,2026-04-17,2026-04-17,1,COLORES  ,1,3,T-S      ,0.9468503937007874,INCOMPLETO
STOP,MOP-00000050,ST0000284                                         ,26-3JUL2,07-JULIO,ST0000284 - 17-1520 - 004  BLUSA MANGA LARGA CU ROSADO T-M,STOP CEDI,Aprobado,UND ,677,677,611,66,2026-06-24,01-2026,002-BOHO ROMANTICO,2026-04-17,2026-04-17,1,COLORES  ,1,4,T-M      ,0.9025110782865583,INCOMPLETO
STOP,MOP-00000050,ST0000284                                         ,26-3JUL2,07-JULIO,ST0000284 - 17-1520 - 005  BLUSA MANGA LARGA CU ROSADO T-L,STOP CEDI,Aprobado,UND ,508,508,430,78,2026-06-24,01-2026,002-BOHO ROMANTICO,2026-04-17,2026-04-17,1,COLORES  ,1,5,T-L      ,0.8464566929133859,INCOMPLETO
STOP,MOP-00000050,ST0000284                                         ,26-3JUL2,07-JULIO,ST0000284 - 17-1520 - 006  BLUSA MANGA LARGA CU ROSADO T-XL,STOP CEDI,Aprobado,UND ,338,338,300,38,2026-06-24,01-2026,002-BOHO ROMANTICO,2026-04-17,2026-04-17,1,COLORES  ,1,6,T-XL     ,0.8875739644970414,INCOMPLETO
STOP,MOP-00000051,ST0000333                                         ,29-3AGO1,08-AGOSTO,ST0000333 - IND03 - 014  SHORT TIRO ALTO LAV INDIGO T-6,STOP CEDI,Aprobado,UND ,381,381,0,381,2026-06-24,01-2026,003-ESPIRITU SALVAJE,2026-04-17,2026-04-17,1,COLORES  ,1,14,T-6      ,0.0,INCOMPLETO
STOP,MOP-00000051,ST0000333                                         ,29-3AGO1,08-AGOSTO,ST0000333 - IND03 - 016  SHORT TIRO ALTO LAV INDIGO T-8,STOP CEDI,Aprobado,UND ,476,476,0,476,2026-06-24,01-2026,003-ESPIRITU SALVAJE,2026-04-17,2026-04-17,1,COLORES  ,1,16,T-8      ,0.0,INCOMPLETO
STOP,MOP-00000051,ST0000333                                         ,29-3AGO1,08-AGOSTO,ST0000333 - IND03 - 019  SHORT TIRO ALTO LAV INDIGO T-12,STOP CEDI,Aprobado,UND ,381,381,0,381,2026-06-24,01-2026,003-ESPIRITU SALVAJE,2026-04-17,2026-04-17,1,COLORES  ,1,19,T-12     ,0.0,INCOMPLETO
STOP,MOP-00000051,ST0000333                                         ,29-3AGO1,08-AGOSTO,ST0000333 - IND03 - 020  SHORT TIRO ALTO LAV INDIGO T-14,STOP CEDI,Aprobado,UND ,286,286,0,286,2026-06-24,01-2026,003-ESPIRITU SALVAJE,2026-04-17,2026-04-17,1,COLORES  ,1,20,T-14     ,0.0,INCOMPLETO
STOP,MOP-00000051,ST0000333                                         ,29-3AGO1,08-AGOSTO,ST0000333 - IND03 - 018  SHORT TIRO ALTO LAV INDIGO T-10,STOP CEDI,Aprobado,UND ,476,476,0,476,2026-06-24,01-2026,003-ESPIRITU SALVAJE,2026-04-17,2026-04-17,1,COLORES  ,1,18,T-10     ,0.0,INCOMPLETO
STOP,MOP-00000052,ST0000318                                         ,27-3JUL3,07-JULIO,ST0000318 - IND01 - 014  SHORT TIRO ALTO LAVA INDIGO T-6,STOP CEDI,Aprobado,UND ,381,381,0,381,2026-07-01,01-2026,002-BOHO ROMANTICO,2026-04-17,2026-04-20,1,COLORES  ,1,14,T-6      ,0.0,INCOMPLETO
STOP,MOP-00000052,ST0000318                                         ,27-3JUL3,07-JULIO,ST0000318 - IND01 - 016  SHORT TIRO ALTO LAVA INDIGO T-8,STOP CEDI,Aprobado,UND ,476,476,0,476,2026-07-01,01-2026,002-BOHO ROMANTICO,2026-04-17,2026-04-20,1,COLORES  ,1,16,T-8      ,0.0,INCOMPLETO
STOP,MOP-00000052,ST0000318                                         ,27-3JUL3,07-JULIO,ST0000318 - IND01 - 018  SHORT TIRO ALTO LAVA INDIGO T-10,STOP CEDI,Aprobado,UND ,476,476,0,476,2026-07-01,01-2026,002-BOHO ROMANTICO,2026-04-17,2026-04-20,1,COLORES  ,1,18,T-10     ,0.0,INCOMPLETO
STOP,MOP-00000052,ST0000318                                         ,27-3JUL3,07-JULIO,ST0000318 - IND01 - 019  SHORT TIRO ALTO LAVA INDIGO T-12,STOP CEDI,Aprobado,UND ,381,381,0,381,2026-07-01,01-2026,002-BOHO ROMANTICO,2026-04-17,2026-04-20,1,COLORES  ,1,19,T-12     ,0.0,INCOMPLETO
STOP,MOP-00000052,ST0000318                                         ,27-3JUL3,07-JULIO,ST0000318 - IND01 - 020  SHORT TIRO ALTO LAVA INDIGO T-14,STOP CEDI,Aprobado,UND ,286,286,0,286,2026-07-01,01-2026,002-BOHO ROMANTICO,2026-04-17,2026-04-20,1,COLORES  ,1,20,T-14     ,0.0,INCOMPLETO
STOP,MOP-00000054,11018825                                          ,23-2JUN3,06-JUNIO,11018825 - 19-1102 - 002  BODY TIRAS EN MALLA NEGRO T-XS,STOP CEDI,Aprobado,UND ,138,138,118,20,2026-06-08,01-2026,019-THE CLUB,2026-04-17,2026-05-08,1,COLORES  ,1,2,T-XS     ,0.855072463768116,INCOMPLETO
STOP,MOP-00000054,11018825                                          ,23-2JUN3,06-JUNIO,11018825 - 19-1102 - 003  BODY TIRAS EN MALLA NEGRO T-S,STOP CEDI,Aprobado,UND ,415,415,354,61,2026-06-08,01-2026,019-THE CLUB,2026-04-17,2026-05-08,1,COLORES  ,1,3,T-S      ,0.8530120481927711,INCOMPLETO
STOP,MOP-00000054,11018825                                          ,23-2JUN3,06-JUNIO,11018825 - 19-1102 - 004  BODY TIRAS EN MALLA NEGRO T-M,STOP CEDI,Aprobado,UND ,554,554,481,73,2026-06-08,01-2026,019-THE CLUB,2026-04-17,2026-05-08,1,COLORES  ,1,4,T-M      ,0.868231046931408,INCOMPLETO
STOP,MOP-00000054,11018825                                          ,23-2JUN3,06-JUNIO,11018825 - 19-1102 - 005  BODY TIRAS EN MALLA NEGRO T-L,STOP CEDI,Aprobado,UND ,415,415,354,61,2026-06-08,01-2026,019-THE CLUB,2026-04-17,2026-05-08,1,COLORES  ,1,5,T-L      ,0.8530120481927711,INCOMPLETO
STOP,MOP-00000054,11018825                                          ,23-2JUN3,06-JUNIO,11018825 - 19-1102 - 006  BODY TIRAS EN MALLA NEGRO T-XL,STOP CEDI,Aprobado,UND ,277,277,236,41,2026-06-08,01-2026,019-THE CLUB,2026-04-17,2026-05-08,1,COLORES  ,1,6,T-XL     ,0.851985559566787,INCOMPLETO
STOP,MOP-00000053,ST0000320                                         ,27-3JUL3,07-JULIO,ST0000320 - IND01 - 005  CAMISA MANGA CORTA L INDIGO T-L,STOP CEDI,Aprobado,UND ,462,462,0,462,2026-06-17,01-2026,002-BOHO ROMANTICO,2026-04-17,2026-04-17,1,COLORES  ,1,5,T-L      ,0.0,INCOMPLETO
STOP,MOP-00000053,ST0000320                                         ,27-3JUL3,07-JULIO,ST0000320 - IND01 - 004  CAMISA MANGA CORTA L INDIGO T-M,STOP CEDI,Aprobado,UND ,615,615,0,615,2026-06-17,01-2026,002-BOHO ROMANTICO,2026-04-17,2026-04-17,1,COLORES  ,1,4,T-M      ,0.0,INCOMPLETO
STOP,MOP-00000053,ST0000320                                         ,27-3JUL3,07-JULIO,ST0000320 - IND01 - 003  CAMISA MANGA CORTA L INDIGO T-S,STOP CEDI,Aprobado,UND ,462,462,0,462,2026-06-17,01-2026,002-BOHO ROMANTICO,2026-04-17,2026-04-17,1,COLORES  ,1,3,T-S      ,0.0,INCOMPLETO
STOP,MOP-00000053,ST0000320                                         ,27-3JUL3,07-JULIO,ST0000320 - IND01 - 006  CAMISA MANGA CORTA L INDIGO T-XL,STOP CEDI,Aprobado,UND ,308,308,0,308,2026-06-17,01-2026,002-BOHO ROMANTICO,2026-04-17,2026-04-17,1,COLORES  ,1,6,T-XL     ,0.0,INCOMPLETO
STOP,MOP-00000053,ST0000320                                         ,27-3JUL3,07-JULIO,ST0000320 - IND01 - 002  CAMISA MANGA CORTA L INDIGO T-XS,STOP CEDI,Aprobado,UND ,154,154,0,154,2026-06-17,01-2026,002-BOHO ROMANTICO,2026-04-17,2026-04-17,1,COLORES  ,1,2,T-XS     ,0.0,INCOMPLETO
STOP,MOP-00000055,ST0004583                                         ,22-2JUN2,06-JUNIO,ST0004583 - 19-1761 - 002  CAMISETA MC ESTAMPAD ROJO T-XS,STOP CEDI,Cumplido,UND ,167,171,171,0,2026-05-27,01-2026,019-THE CLUB,2026-04-20,2026-04-22,1,COLORES  ,1,2,T-XS     ,1.0,CERRADO
STOP,MOP-00000055,ST0004583                                         ,22-2JUN2,06-JUNIO,ST0004583 - 19-1761 - 003  CAMISETA MC ESTAMPAD ROJO T-S,STOP CEDI,Aprobado,UND ,667,652,650,2,2026-05-27,01-2026,019-THE CLUB,2026-04-20,2026-04-22,1,COLORES  ,1,3,T-S      ,0.9969325153374233,INCOMPLETO
STOP,MOP-00000055,ST0004583                                         ,22-2JUN2,06-JUNIO,ST0004583 - 19-1761 - 004  CAMISETA MC ESTAMPAD ROJO T-M,STOP CEDI,Aprobado,UND ,833,782,778,4,2026-05-27,01-2026,019-THE CLUB,2026-04-20,2026-04-22,1,COLORES  ,1,4,T-M      ,0.9948849104859335,INCOMPLETO
STOP,MOP-00000055,ST0004583                                         ,22-2JUN2,06-JUNIO,ST0004583 - 19-1761 - 005  CAMISETA MC ESTAMPAD ROJO T-L,STOP CEDI,Aprobado,UND ,500,475,474,1,2026-05-27,01-2026,019-THE CLUB,2026-04-20,2026-04-22,1,COLORES  ,1,5,T-L      ,0.9978947368421053,INCOMPLETO
STOP,MOP-00000055,ST0004583                                         ,22-2JUN2,06-JUNIO,ST0004583 - 19-1761 - 006  CAMISETA MC ESTAMPAD ROJO T-XL,STOP CEDI,Cumplido,UND ,333,324,324,0,2026-05-27,01-2026,019-THE CLUB,2026-04-20,2026-04-22,1,COLORES  ,1,6,T-XL     ,1.0,CERRADO
STOP,MOP-00000056,ST0000310                                         ,25-3JUL1,07-JULIO,ST0000310 - 18-1232 - 013  RETROJEAN TIRO ALTO CAFE T-5,STOP CEDI,Aprobado,UND ,39,38,0,38,2026-06-17,01-2026,001-AURA,2026-04-20,2026-04-24,1,COLORES  ,1,13,T-5      ,0.0,INCOMPLETO
STOP,MOP-00000056,ST0000310                                         ,25-3JUL1,07-JULIO,ST0000310 - 18-1232 - 014  RETROJEAN TIRO ALTO CAFE T-6,STOP CEDI,Aprobado,UND ,118,118,0,118,2026-06-17,01-2026,001-AURA,2026-04-20,2026-04-24,1,COLORES  ,1,14,T-6      ,0.0,INCOMPLETO
STOP,MOP-00000056,ST0000310                                         ,25-3JUL1,07-JULIO,ST0000310 - 18-1232 - 016  RETROJEAN TIRO ALTO CAFE T-8,STOP CEDI,Aprobado,UND ,196,194,0,194,2026-06-17,01-2026,001-AURA,2026-04-20,2026-04-24,1,COLORES  ,1,16,T-8      ,0.0,INCOMPLETO
STOP,MOP-00000056,ST0000310                                         ,25-3JUL1,07-JULIO,ST0000310 - 18-1232 - 018  RETROJEAN TIRO ALTO CAFE T-10,STOP CEDI,Aprobado,UND ,196,194,0,194,2026-06-17,01-2026,001-AURA,2026-04-20,2026-04-24,1,COLORES  ,1,18,T-10     ,0.0,INCOMPLETO
STOP,MOP-00000056,ST0000310                                         ,25-3JUL1,07-JULIO,ST0000310 - 18-1232 - 019  RETROJEAN TIRO ALTO CAFE T-12,STOP CEDI,Aprobado,UND ,118,116,0,116,2026-06-17,01-2026,001-AURA,2026-04-20,2026-04-24,1,COLORES  ,1,19,T-12     ,0.0,INCOMPLETO
STOP,MOP-00000056,ST0000310                                         ,25-3JUL1,07-JULIO,ST0000310 - 18-1232 - 020  RETROJEAN TIRO ALTO CAFE T-14,STOP CEDI,Aprobado,UND ,79,78,0,78,2026-06-17,01-2026,001-AURA,2026-04-20,2026-04-24,1,COLORES  ,1,20,T-14     ,0.0,INCOMPLETO
STOP,MOP-00000056,ST0000310                                         ,25-3JUL1,07-JULIO,ST0000310 - 19-4004 - 013  RETROJEAN TIRO ALTO NEGRO T-5,STOP CEDI,Aprobado,UND ,39,31,0,31,2026-06-17,01-2026,001-AURA,2026-04-20,2026-04-24,1,COLORES  ,1,13,T-5      ,0.0,INCOMPLETO
STOP,MOP-00000056,ST0000310                                         ,25-3JUL1,07-JULIO,ST0000310 - 19-4004 - 014  RETROJEAN TIRO ALTO NEGRO T-6,STOP CEDI,Aprobado,UND ,118,116,0,116,2026-06-17,01-2026,001-AURA,2026-04-20,2026-04-24,1,COLORES  ,1,14,T-6      ,0.0,INCOMPLETO
STOP,MOP-00000056,ST0000310                                         ,25-3JUL1,07-JULIO,ST0000310 - 19-4004 - 016  RETROJEAN TIRO ALTO NEGRO T-8,STOP CEDI,Aprobado,UND ,196,187,0,187,2026-06-17,01-2026,001-AURA,2026-04-20,2026-04-24,1,COLORES  ,1,16,T-8      ,0.0,INCOMPLETO
STOP,MOP-00000056,ST0000310                                         ,25-3JUL1,07-JULIO,ST0000310 - 19-4004 - 018  RETROJEAN TIRO ALTO NEGRO T-10,STOP CEDI,Aprobado,UND ,196,187,0,187,2026-06-17,01-2026,001-AURA,2026-04-20,2026-04-24,1,COLORES  ,1,18,T-10     ,0.0,INCOMPLETO
STOP,MOP-00000056,ST0000310                                         ,25-3JUL1,07-JULIO,ST0000310 - 19-4004 - 019  RETROJEAN TIRO ALTO NEGRO T-12,STOP CEDI,Aprobado,UND ,118,109,0,109,2026-06-17,01-2026,001-AURA,2026-04-20,2026-04-24,1,COLORES  ,1,19,T-12     ,0.0,INCOMPLETO
STOP,MOP-00000056,ST0000310                                         ,25-3JUL1,07-JULIO,ST0000310 - 19-4004 - 020  RETROJEAN TIRO ALTO NEGRO T-14,STOP CEDI,Aprobado,UND ,79,78,0,78,2026-06-17,01-2026,001-AURA,2026-04-20,2026-04-24,1,COLORES  ,1,20,T-14     ,0.0,INCOMPLETO
STOP,MOP-00000057,ST0000280                                         ,25-3JUL1,07-JULIO,ST0000280 - 11-0604 - 013  PANTALON TIRO ALTO T CREMA T-5,STOP CEDI,Aprobado,UND ,250,212,0,212,2026-06-17,01-2026,001-AURA,2026-04-20,2026-05-15,1,COLORES  ,1,13,T-5      ,0.0,INCOMPLETO
STOP,MOP-00000057,ST0000280                                         ,25-3JUL1,07-JULIO,ST0000280 - 11-0604 - 014  PANTALON TIRO ALTO T CREMA T-6,STOP CEDI,Aprobado,UND ,375,312,0,312,2026-06-17,01-2026,001-AURA,2026-04-20,2026-05-15,1,COLORES  ,1,14,T-6      ,0.0,INCOMPLETO
STOP,MOP-00000057,ST0000280                                         ,25-3JUL1,07-JULIO,ST0000280 - 11-0604 - 016  PANTALON TIRO ALTO T CREMA T-8,STOP CEDI,Aprobado,UND ,625,487,0,487,2026-06-17,01-2026,001-AURA,2026-04-20,2026-05-15,1,COLORES  ,1,16,T-8      ,0.0,INCOMPLETO
STOP,MOP-00000057,ST0000280                                         ,25-3JUL1,07-JULIO,ST0000280 - 11-0604 - 018  PANTALON TIRO ALTO T CREMA T-10,STOP CEDI,Aprobado,UND ,625,485,0,485,2026-06-17,01-2026,001-AURA,2026-04-20,2026-05-15,1,COLORES  ,1,18,T-10     ,0.0,INCOMPLETO
STOP,MOP-00000057,ST0000280                                         ,25-3JUL1,07-JULIO,ST0000280 - 11-0604 - 019  PANTALON TIRO ALTO T CREMA T-12,STOP CEDI,Aprobado,UND ,375,289,0,289,2026-06-17,01-2026,001-AURA,2026-04-20,2026-05-15,1,COLORES  ,1,19,T-12     ,0.0,INCOMPLETO
STOP,MOP-00000057,ST0000280                                         ,25-3JUL1,07-JULIO,ST0000280 - 11-0604 - 020  PANTALON TIRO ALTO T CREMA T-14,STOP CEDI,Aprobado,UND ,250,204,0,204,2026-06-17,01-2026,001-AURA,2026-04-20,2026-05-15,1,COLORES  ,1,20,T-14     ,0.0,INCOMPLETO
STOP,MOP-00000058,ST0001307                                         ,21-2JUN1,06-JUNIO,ST0001307 - 11-0602 - 002  CAMISETA MC CON ESTA CREMA T-XS,STOP CEDI,Comprometido,UND ,93,80,0,80,2026-05-20,01-2026,022-CAPSULAS FERIAS,2026-04-21,2026-05-27,1,COLORES  ,1,2,T-XS     ,0.0,INCOMPLETO
STOP,MOP-00000058,ST0001307                                         ,21-2JUN1,06-JUNIO,ST0001307 - 11-0602 - 003  CAMISETA MC CON ESTA CREMA T-S,STOP CEDI,Comprometido,UND ,279,205,0,205,2026-05-20,01-2026,022-CAPSULAS FERIAS,2026-04-21,2026-05-27,1,COLORES  ,1,3,T-S      ,0.0,INCOMPLETO
STOP,MOP-00000058,ST0001307                                         ,21-2JUN1,06-JUNIO,ST0001307 - 11-0602 - 004  CAMISETA MC CON ESTA CREMA T-M,STOP CEDI,Comprometido,UND ,372,307,0,307,2026-05-20,01-2026,022-CAPSULAS FERIAS,2026-04-21,2026-05-27,1,COLORES  ,1,4,T-M      ,0.0,INCOMPLETO
STOP,MOP-00000058,ST0001307                                         ,21-2JUN1,06-JUNIO,ST0001307 - 11-0602 - 005  CAMISETA MC CON ESTA CREMA T-L,STOP CEDI,Aprobado,UND ,279,258,0,258,2026-05-20,01-2026,022-CAPSULAS FERIAS,2026-04-21,2026-05-27,1,COLORES  ,1,5,T-L      ,0.0,INCOMPLETO
STOP,MOP-00000058,ST0001307                                         ,21-2JUN1,06-JUNIO,ST0001307 - 11-0602 - 006  CAMISETA MC CON ESTA CREMA T-XL,STOP CEDI,Aprobado,UND ,186,131,0,131,2026-05-20,01-2026,022-CAPSULAS FERIAS,2026-04-21,2026-05-27,1,COLORES  ,1,6,T-XL     ,0.0,INCOMPLETO
STOP,MOP-00000059,15015824                                          ,28-3JUL4,07-JULIO,15015824 - 19-4004 - 003  CHAQUETA DENIM NEGRA NEGRO T-S,STOP CEDI,Aprobado,UND ,305,296,0,296,2026-05-27,01-2026, ,2026-04-21,2026-05-05,1,COLORES  ,1,3,T-S      ,0.0,INCOMPLETO
STOP,MOP-00000059,15015824                                          ,28-3JUL4,07-JULIO,15015824 - 19-4004 - 004  CHAQUETA DENIM NEGRA NEGRO T-M,STOP CEDI,Aprobado,UND ,300,294,0,294,2026-05-27,01-2026, ,2026-04-21,2026-05-05,1,COLORES  ,1,4,T-M      ,0.0,INCOMPLETO
STOP,MOP-00000059,15015824                                          ,28-3JUL4,07-JULIO,15015824 - 19-4004 - 005  CHAQUETA DENIM NEGRA NEGRO T-L,STOP CEDI,Aprobado,UND ,91,76,0,76,2026-05-27,01-2026, ,2026-04-21,2026-05-05,1,COLORES  ,1,5,T-L      ,0.0,INCOMPLETO
STOP,MOP-00000059,15015824                                          ,28-3JUL4,07-JULIO,15015824 - 19-4004 - 006  CHAQUETA DENIM NEGRA NEGRO T-XL,STOP CEDI,Aprobado,UND ,25,38,0,38,2026-05-27,01-2026, ,2026-04-21,2026-05-05,1,COLORES  ,1,6,T-XL     ,0.0,INCOMPLETO
STOP,MOP-00000060,ST0000273                                         ,25-3JUL1,07-JULIO,ST0000273 - 11-0604 - 002  CAMISETA MANGA LARGA CREMA T-XS,STOP CEDI,Cumplido,UND ,127,118,118,0,2026-06-17,01-2026,001-AURA,2026-04-21,2026-04-22,1,COLORES  ,1,2,T-XS     ,1.0,CERRADO
STOP,MOP-00000060,ST0000273                                         ,25-3JUL1,07-JULIO,ST0000273 - 11-0604 - 003  CAMISETA MANGA LARGA CREMA T-S,STOP CEDI,Cumplido,UND ,381,366,366,0,2026-06-17,01-2026,001-AURA,2026-04-21,2026-04-22,1,COLORES  ,1,3,T-S      ,1.0,CERRADO
STOP,MOP-00000060,ST0000273                                         ,25-3JUL1,07-JULIO,ST0000273 - 11-0604 - 004  CAMISETA MANGA LARGA CREMA T-M,STOP CEDI,Cumplido,UND ,508,481,481,0,2026-06-17,01-2026,001-AURA,2026-04-21,2026-04-22,1,COLORES  ,1,4,T-M      ,1.0,CERRADO
STOP,MOP-00000060,ST0000273                                         ,25-3JUL1,07-JULIO,ST0000273 - 11-0604 - 005  CAMISETA MANGA LARGA CREMA T-L,STOP CEDI,Cumplido,UND ,381,336,336,0,2026-06-17,01-2026,001-AURA,2026-04-21,2026-04-22,1,COLORES  ,1,5,T-L      ,1.0,CERRADO
STOP,MOP-00000060,ST0000273                                         ,25-3JUL1,07-JULIO,ST0000273 - 11-0604 - 006  CAMISETA MANGA LARGA CREMA T-XL,STOP CEDI,Cumplido,UND ,254,218,218,0,2026-06-17,01-2026,001-AURA,2026-04-21,2026-04-22,1,COLORES  ,1,6,T-XL     ,1.0,CERRADO
STOP,MOP-00000061,ST0000273                                         ,25-3JUL1,07-JULIO,ST0000273 - 19-1716 - 002  CAMISETA MANGA LARGA ROJO T-XS,STOP CEDI,Aprobado,UND ,127,84,0,84,2026-06-17,01-2026,001-AURA,2026-04-21,2026-05-20,1,COLORES  ,1,2,T-XS     ,0.0,INCOMPLETO
STOP,MOP-00000061,ST0000273                                         ,25-3JUL1,07-JULIO,ST0000273 - 19-1716 - 003  CAMISETA MANGA LARGA ROJO T-S,STOP CEDI,Aprobado,UND ,381,342,0,342,2026-06-17,01-2026,001-AURA,2026-04-21,2026-05-20,1,COLORES  ,1,3,T-S      ,0.0,INCOMPLETO
STOP,MOP-00000061,ST0000273                                         ,25-3JUL1,07-JULIO,ST0000273 - 19-1716 - 004  CAMISETA MANGA LARGA ROJO T-M,STOP CEDI,Aprobado,UND ,508,423,0,423,2026-06-17,01-2026,001-AURA,2026-04-21,2026-05-20,1,COLORES  ,1,4,T-M      ,0.0,INCOMPLETO
STOP,MOP-00000061,ST0000273                                         ,25-3JUL1,07-JULIO,ST0000273 - 19-1716 - 005  CAMISETA MANGA LARGA ROJO T-L,STOP CEDI,Aprobado,UND ,381,296,0,296,2026-06-17,01-2026,001-AURA,2026-04-21,2026-05-20,1,COLORES  ,1,5,T-L      ,0.0,INCOMPLETO
STOP,MOP-00000061,ST0000273                                         ,25-3JUL1,07-JULIO,ST0000273 - 19-1716 - 006  CAMISETA MANGA LARGA ROJO T-XL,STOP CEDI,Aprobado,UND ,254,212,0,212,2026-06-17,01-2026,001-AURA,2026-04-21,2026-05-20,1,COLORES  ,1,6,T-XL     ,0.0,INCOMPLETO
STOP,MOP-00000062,ST0000265                                         ,25-3JUL1,07-JULIO,ST0000265 - IND06 - 014  FALDA SHORT TIRO ALT INDIGO T-6,STOP CEDI,Aprobado,UND ,476,474,0,474,2026-06-17,01-2026,001-AURA,2026-04-21,2026-05-11,1,COLORES  ,1,14,T-6      ,0.0,INCOMPLETO
STOP,MOP-00000062,ST0000265                                         ,25-3JUL1,07-JULIO,ST0000265 - IND06 - 016  FALDA SHORT TIRO ALT INDIGO T-8,STOP CEDI,Aprobado,UND ,595,595,0,595,2026-06-17,01-2026,001-AURA,2026-04-21,2026-05-11,1,COLORES  ,1,16,T-8      ,0.0,INCOMPLETO
STOP,MOP-00000062,ST0000265                                         ,25-3JUL1,07-JULIO,ST0000265 - IND06 - 018  FALDA SHORT TIRO ALT INDIGO T-10,STOP CEDI,Aprobado,UND ,595,585,0,585,2026-06-17,01-2026,001-AURA,2026-04-21,2026-05-11,1,COLORES  ,1,18,T-10     ,0.0,INCOMPLETO
STOP,MOP-00000062,ST0000265                                         ,25-3JUL1,07-JULIO,ST0000265 - IND06 - 019  FALDA SHORT TIRO ALT INDIGO T-12,STOP CEDI,Aprobado,UND ,476,468,0,468,2026-06-17,01-2026,001-AURA,2026-04-21,2026-05-11,1,COLORES  ,1,19,T-12     ,0.0,INCOMPLETO
STOP,MOP-00000062,ST0000265                                         ,25-3JUL1,07-JULIO,ST0000265 - IND06 - 020  FALDA SHORT TIRO ALT INDIGO T-14,STOP CEDI,Aprobado,UND ,357,351,0,351,2026-06-17,01-2026,001-AURA,2026-04-21,2026-05-11,1,COLORES  ,1,20,T-14     ,0.0,INCOMPLETO
STOP,MOP-00000063,ST0000278                                         ,25-3JUL1,07-JULIO,ST0000278 - 11-0604 - 002  BODY MANGA SISA CON CREMA T-XS,STOP CEDI,Aprobado,UND ,154,158,0,158,2026-06-17,01-2026,001-AURA,2026-04-21,2026-05-13,1,COLORES  ,1,2,T-XS     ,0.0,INCOMPLETO
STOP,MOP-00000063,ST0000278                                         ,25-3JUL1,07-JULIO,ST0000278 - 11-0604 - 003  BODY MANGA SISA CON CREMA T-S,STOP CEDI,Aprobado,UND ,462,443,0,443,2026-06-17,01-2026,001-AURA,2026-04-21,2026-05-13,1,COLORES  ,1,3,T-S      ,0.0,INCOMPLETO
STOP,MOP-00000063,ST0000278                                         ,25-3JUL1,07-JULIO,ST0000278 - 11-0604 - 004  BODY MANGA SISA CON CREMA T-M,STOP CEDI,Aprobado,UND ,615,600,0,600,2026-06-17,01-2026,001-AURA,2026-04-21,2026-05-13,1,COLORES  ,1,4,T-M      ,0.0,INCOMPLETO
STOP,MOP-00000063,ST0000278                                         ,25-3JUL1,07-JULIO,ST0000278 - 11-0604 - 005  BODY MANGA SISA CON CREMA T-L,STOP CEDI,Aprobado,UND ,462,458,0,458,2026-06-17,01-2026,001-AURA,2026-04-21,2026-05-13,1,COLORES  ,1,5,T-L      ,0.0,INCOMPLETO
STOP,MOP-00000063,ST0000278                                         ,25-3JUL1,07-JULIO,ST0000278 - 11-0604 - 006  BODY MANGA SISA CON CREMA T-XL,STOP CEDI,Aprobado,UND ,308,300,0,300,2026-06-17,01-2026,001-AURA,2026-04-21,2026-05-13,1,COLORES  ,1,6,T-XL     ,0.0,INCOMPLETO
STOP,MOP-00000064,ST0000282                                         ,25-3JUL1,07-JULIO,ST0000282 - 11-0604 - 002  CAMISETA MANGA CORTA CREMA T-XS,STOP CEDI,Aprobado,UND ,147,163,0,163,2026-06-17,01-2026,001-AURA,2026-04-21,2026-06-06,1,COLORES  ,1,2,T-XS     ,0.0,INCOMPLETO
STOP,MOP-00000064,ST0000282                                         ,25-3JUL1,07-JULIO,ST0000282 - 11-0604 - 003  CAMISETA MANGA CORTA CREMA T-S,STOP CEDI,Aprobado,UND ,588,630,0,630,2026-06-17,01-2026,001-AURA,2026-04-21,2026-06-06,1,COLORES  ,1,3,T-S      ,0.0,INCOMPLETO
STOP,MOP-00000064,ST0000282                                         ,25-3JUL1,07-JULIO,ST0000282 - 11-0604 - 004  CAMISETA MANGA CORTA CREMA T-M,STOP CEDI,Aprobado,UND ,735,786,0,786,2026-06-17,01-2026,001-AURA,2026-04-21,2026-06-06,1,COLORES  ,1,4,T-M      ,0.0,INCOMPLETO
STOP,MOP-00000064,ST0000282                                         ,25-3JUL1,07-JULIO,ST0000282 - 11-0604 - 005  CAMISETA MANGA CORTA CREMA T-L,STOP CEDI,Aprobado,UND ,588,628,0,628,2026-06-17,01-2026,001-AURA,2026-04-21,2026-06-06,1,COLORES  ,1,5,T-L      ,0.0,INCOMPLETO
STOP,MOP-00000064,ST0000282                                         ,25-3JUL1,07-JULIO,ST0000282 - 11-0604 - 006  CAMISETA MANGA CORTA CREMA T-XL,STOP CEDI,Aprobado,UND ,441,468,0,468,2026-06-17,01-2026,001-AURA,2026-04-21,2026-06-06,1,COLORES  ,1,6,T-XL     ,0.0,INCOMPLETO
STOP,MOP-00000064,ST0000282                                         ,25-3JUL1,07-JULIO,ST0000282 - 18-0527 - 002  CAMISETA MANGA CORTA VERDE T-XS,STOP CEDI,Aprobado,UND ,147,165,0,165,2026-06-17,01-2026,001-AURA,2026-04-21,2026-06-06,1,COLORES  ,1,2,T-XS     ,0.0,INCOMPLETO
STOP,MOP-00000064,ST0000282                                         ,25-3JUL1,07-JULIO,ST0000282 - 18-0527 - 003  CAMISETA MANGA CORTA VERDE T-S,STOP CEDI,Aprobado,UND ,588,576,0,576,2026-06-17,01-2026,001-AURA,2026-04-21,2026-06-06,1,COLORES  ,1,3,T-S      ,0.0,INCOMPLETO
STOP,MOP-00000064,ST0000282                                         ,25-3JUL1,07-JULIO,ST0000282 - 18-0527 - 004  CAMISETA MANGA CORTA VERDE T-M,STOP CEDI,Aprobado,UND ,735,721,0,721,2026-06-17,01-2026,001-AURA,2026-04-21,2026-06-06,1,COLORES  ,1,4,T-M      ,0.0,INCOMPLETO
STOP,MOP-00000064,ST0000282                                         ,25-3JUL1,07-JULIO,ST0000282 - 18-0527 - 005  CAMISETA MANGA CORTA VERDE T-L,STOP CEDI,Aprobado,UND ,588,564,0,564,2026-06-17,01-2026,001-AURA,2026-04-21,2026-06-06,1,COLORES  ,1,5,T-L      ,0.0,INCOMPLETO
STOP,MOP-00000064,ST0000282                                         ,25-3JUL1,07-JULIO,ST0000282 - 18-0527 - 006  CAMISETA MANGA CORTA VERDE T-XL,STOP CEDI,Aprobado,UND ,441,419,0,419,2026-06-17,01-2026,001-AURA,2026-04-21,2026-06-06,1,COLORES  ,1,6,T-XL     ,0.0,INCOMPLETO
STOP,MOP-00000065,ST0000264                                         ,25-3JUL1,07-JULIO,ST0000264 - 11-0601 - 014  SHORT TIRO ALTO LAV BLANCO T-6,STOP CEDI,Aprobado,UND ,476,464,0,464,2026-06-17,01-2026,001-AURA,2026-04-21,2026-04-29,1,COLORES  ,1,14,T-6      ,0.0,INCOMPLETO
STOP,MOP-00000065,ST0000264                                         ,25-3JUL1,07-JULIO,ST0000264 - 11-0601 - 016  SHORT TIRO ALTO LAV BLANCO T-8,STOP CEDI,Aprobado,UND ,595,583,0,583,2026-06-17,01-2026,001-AURA,2026-04-21,2026-04-29,1,COLORES  ,1,16,T-8      ,0.0,INCOMPLETO
STOP,MOP-00000065,ST0000264                                         ,25-3JUL1,07-JULIO,ST0000264 - 11-0601 - 018  SHORT TIRO ALTO LAV BLANCO T-10,STOP CEDI,Aprobado,UND ,595,585,0,585,2026-06-17,01-2026,001-AURA,2026-04-21,2026-04-29,1,COLORES  ,1,18,T-10     ,0.0,INCOMPLETO
STOP,MOP-00000065,ST0000264                                         ,25-3JUL1,07-JULIO,ST0000264 - 11-0601 - 019  SHORT TIRO ALTO LAV BLANCO T-12,STOP CEDI,Aprobado,UND ,476,466,0,466,2026-06-17,01-2026,001-AURA,2026-04-21,2026-04-29,1,COLORES  ,1,19,T-12     ,0.0,INCOMPLETO
STOP,MOP-00000065,ST0000264                                         ,25-3JUL1,07-JULIO,ST0000264 - 11-0601 - 020  SHORT TIRO ALTO LAV BLANCO T-14,STOP CEDI,Aprobado,UND ,357,347,0,347,2026-06-17,01-2026,001-AURA,2026-04-21,2026-04-29,1,COLORES  ,1,20,T-14     ,0.0,INCOMPLETO
STOP,MOP-00000066,ST0000296                                         ,25-3JUL1,07-JULIO,ST0000296 - 11-4202 - 002  CAMISETA MANGA CORTA CREMA T-XS,STOP CEDI,Aprobado,UND ,147,141,0,141,2026-06-24,01-2026,001-AURA,2026-04-21,2026-04-23,1,COLORES  ,1,2,T-XS     ,0.0,INCOMPLETO
STOP,MOP-00000066,ST0000296                                         ,25-3JUL1,07-JULIO,ST0000296 - 11-4202 - 003  CAMISETA MANGA CORTA CREMA T-S,STOP CEDI,Aprobado,UND ,588,564,0,564,2026-06-24,01-2026,001-AURA,2026-04-21,2026-04-23,1,COLORES  ,1,3,T-S      ,0.0,INCOMPLETO
STOP,MOP-00000066,ST0000296                                         ,25-3JUL1,07-JULIO,ST0000296 - 11-4202 - 004  CAMISETA MANGA CORTA CREMA T-M,STOP CEDI,Aprobado,UND ,735,705,0,705,2026-06-24,01-2026,001-AURA,2026-04-21,2026-04-23,1,COLORES  ,1,4,T-M      ,0.0,INCOMPLETO
STOP,MOP-00000066,ST0000296                                         ,25-3JUL1,07-JULIO,ST0000296 - 11-4202 - 005  CAMISETA MANGA CORTA CREMA T-L,STOP CEDI,Aprobado,UND ,588,564,0,564,2026-06-24,01-2026,001-AURA,2026-04-21,2026-04-23,1,COLORES  ,1,5,T-L      ,0.0,INCOMPLETO
STOP,MOP-00000066,ST0000296                                         ,25-3JUL1,07-JULIO,ST0000296 - 11-4202 - 006  CAMISETA MANGA CORTA CREMA T-XL,STOP CEDI,Aprobado,UND ,441,423,0,423,2026-06-24,01-2026,001-AURA,2026-04-21,2026-04-23,1,COLORES  ,1,6,T-XL     ,0.0,INCOMPLETO
STOP,MOP-00000067,11793914                                          ,22-2JUN2,06-JUNIO,11793914 - 11-0602 - 002  CAMISETA MC ESTAMPAD CREMA T-XS,STOP CEDI,Aprobado,UND ,167,157,155,2,2026-05-27,01-2026,019-THE CLUB,2026-04-21,2026-04-22,1,COLORES  ,1,2,T-XS     ,0.9872611464968153,INCOMPLETO
STOP,MOP-00000067,11793914                                          ,22-2JUN2,06-JUNIO,11793914 - 11-0602 - 003  CAMISETA MC ESTAMPAD CREMA T-S,STOP CEDI,Aprobado,UND ,667,625,622,3,2026-05-27,01-2026,019-THE CLUB,2026-04-21,2026-04-22,1,COLORES  ,1,3,T-S      ,0.9952,INCOMPLETO
STOP,MOP-00000067,11793914                                          ,22-2JUN2,06-JUNIO,11793914 - 11-0602 - 004  CAMISETA MC ESTAMPAD CREMA T-M,STOP CEDI,Aprobado,UND ,833,808,806,2,2026-05-27,01-2026,019-THE CLUB,2026-04-21,2026-04-22,1,COLORES  ,1,4,T-M      ,0.9975247524752475,INCOMPLETO
STOP,MOP-00000067,11793914                                          ,22-2JUN2,06-JUNIO,11793914 - 11-0602 - 005  CAMISETA MC ESTAMPAD CREMA T-L,STOP CEDI,Aprobado,UND ,500,471,469,2,2026-05-27,01-2026,019-THE CLUB,2026-04-21,2026-04-22,1,COLORES  ,1,5,T-L      ,0.9957537154989384,INCOMPLETO
STOP,MOP-00000067,11793914                                          ,22-2JUN2,06-JUNIO,11793914 - 11-0602 - 006  CAMISETA MC ESTAMPAD CREMA T-XL,STOP CEDI,Aprobado,UND ,333,314,312,2,2026-05-27,01-2026,019-THE CLUB,2026-04-21,2026-04-22,1,COLORES  ,1,6,T-XL     ,0.9936305732484076,INCOMPLETO
STOP,MOP-00000068,ST0000311                                         ,25-3JUL1,07-JULIO,ST0000311 - 11-0604 - 014  FALDA SHORT TIRO ALT CREMA T-6,STOP CEDI,Aprobado,UND ,286,341,0,341,2026-06-17,01-2026,001-AURA,2026-04-21,2026-04-24,1,COLORES  ,1,14,T-6      ,0.0,INCOMPLETO
STOP,MOP-00000068,ST0000311                                         ,25-3JUL1,07-JULIO,ST0000311 - 11-0604 - 016  FALDA SHORT TIRO ALT CREMA T-8,STOP CEDI,Aprobado,UND ,357,425,0,425,2026-06-17,01-2026,001-AURA,2026-04-21,2026-04-24,1,COLORES  ,1,16,T-8      ,0.0,INCOMPLETO
STOP,MOP-00000068,ST0000311                                         ,25-3JUL1,07-JULIO,ST0000311 - 11-0604 - 018  FALDA SHORT TIRO ALT CREMA T-10,STOP CEDI,Aprobado,UND ,357,420,0,420,2026-06-17,01-2026,001-AURA,2026-04-21,2026-04-24,1,COLORES  ,1,18,T-10     ,0.0,INCOMPLETO
STOP,MOP-00000068,ST0000311                                         ,25-3JUL1,07-JULIO,ST0000311 - 11-0604 - 019  FALDA SHORT TIRO ALT CREMA T-12,STOP CEDI,Aprobado,UND ,286,336,0,336,2026-06-17,01-2026,001-AURA,2026-04-21,2026-04-24,1,COLORES  ,1,19,T-12     ,0.0,INCOMPLETO
STOP,MOP-00000068,ST0000311                                         ,25-3JUL1,07-JULIO,ST0000311 - 11-0604 - 020  FALDA SHORT TIRO ALT CREMA T-14,STOP CEDI,Aprobado,UND ,214,252,0,252,2026-06-17,01-2026,001-AURA,2026-04-21,2026-04-24,1,COLORES  ,1,20,T-14     ,0.0,INCOMPLETO
STOP,MOP-00000069,ST0000309                                         ,25-3JUL1,07-JULIO,ST0000309 - 19-1716 - 013  RETROJEAN TIRO ALTO ROJO T-5,STOP CEDI,Aprobado,UND ,200,203,0,203,2026-06-17,01-2026,001-AURA,2026-04-21,2026-04-24,1,COLORES  ,1,13,T-5      ,0.0,INCOMPLETO
STOP,MOP-00000069,ST0000309                                         ,25-3JUL1,07-JULIO,ST0000309 - 19-1716 - 014  RETROJEAN TIRO ALTO ROJO T-6,STOP CEDI,Aprobado,UND ,300,303,0,303,2026-06-17,01-2026,001-AURA,2026-04-21,2026-04-24,1,COLORES  ,1,14,T-6      ,0.0,INCOMPLETO
STOP,MOP-00000069,ST0000309                                         ,25-3JUL1,07-JULIO,ST0000309 - 19-1716 - 016  RETROJEAN TIRO ALTO ROJO T-8,STOP CEDI,Aprobado,UND ,500,483,0,483,2026-06-17,01-2026,001-AURA,2026-04-21,2026-04-24,1,COLORES  ,1,16,T-8      ,0.0,INCOMPLETO
STOP,MOP-00000069,ST0000309                                         ,25-3JUL1,07-JULIO,ST0000309 - 19-1716 - 018  RETROJEAN TIRO ALTO ROJO T-10,STOP CEDI,Aprobado,UND ,500,483,0,483,2026-06-17,01-2026,001-AURA,2026-04-21,2026-04-24,1,COLORES  ,1,18,T-10     ,0.0,INCOMPLETO
STOP,MOP-00000069,ST0000309                                         ,25-3JUL1,07-JULIO,ST0000309 - 19-1716 - 019  RETROJEAN TIRO ALTO ROJO T-12,STOP CEDI,Aprobado,UND ,300,269,0,269,2026-06-17,01-2026,001-AURA,2026-04-21,2026-04-24,1,COLORES  ,1,19,T-12     ,0.0,INCOMPLETO
STOP,MOP-00000069,ST0000309                                         ,25-3JUL1,07-JULIO,ST0000309 - 19-1716 - 020  RETROJEAN TIRO ALTO ROJO T-14,STOP CEDI,Aprobado,UND ,200,152,0,152,2026-06-17,01-2026,001-AURA,2026-04-21,2026-04-24,1,COLORES  ,1,20,T-14     ,0.0,INCOMPLETO
STOP,MOP-00000070,ST0000261                                         ,26-3JUL2,07-JULIO,ST0000261 - IND04 - 014  BERMUDA TIRO ALTO LA INDIGO T-6,STOP CEDI,Aprobado,UND ,545,542,0,542,2026-06-24,01-2026,002-BOHO ROMANTICO,2026-04-21,2026-04-24,1,COLORES  ,1,14,T-6      ,0.0,INCOMPLETO
STOP,MOP-00000070,ST0000261                                         ,26-3JUL2,07-JULIO,ST0000261 - IND04 - 016  BERMUDA TIRO ALTO LA INDIGO T-8,STOP CEDI,Aprobado,UND ,682,663,0,663,2026-06-24,01-2026,002-BOHO ROMANTICO,2026-04-21,2026-04-24,1,COLORES  ,1,16,T-8      ,0.0,INCOMPLETO
STOP,MOP-00000070,ST0000261                                         ,26-3JUL2,07-JULIO,ST0000261 - IND04 - 018  BERMUDA TIRO ALTO LA INDIGO T-10,STOP CEDI,Aprobado,UND ,682,648,0,648,2026-06-24,01-2026,002-BOHO ROMANTICO,2026-04-21,2026-04-24,1,COLORES  ,1,18,T-10     ,0.0,INCOMPLETO
STOP,MOP-00000070,ST0000261                                         ,26-3JUL2,07-JULIO,ST0000261 - IND04 - 019  BERMUDA TIRO ALTO LA INDIGO T-12,STOP CEDI,Aprobado,UND ,545,538,0,538,2026-06-24,01-2026,002-BOHO ROMANTICO,2026-04-21,2026-04-24,1,COLORES  ,1,19,T-12     ,0.0,INCOMPLETO
STOP,MOP-00000070,ST0000261                                         ,26-3JUL2,07-JULIO,ST0000261 - IND04 - 020  BERMUDA TIRO ALTO LA INDIGO T-14,STOP CEDI,Aprobado,UND ,545,537,0,537,2026-06-24,01-2026,002-BOHO ROMANTICO,2026-04-21,2026-04-24,1,COLORES  ,1,20,T-14     ,0.0,INCOMPLETO
STOP,MOP-00000071,ST0000260                                         ,27-3JUL3,07-JULIO,ST0000260 - IND04 - 013  RETROJEAN TIRO ALTO INDIGO T-5,STOP CEDI,Aprobado,UND ,250,256,0,256,2026-07-01,01-2026,001-AURA,2026-04-22,2026-04-24,1,COLORES  ,1,13,T-5      ,0.0,INCOMPLETO
STOP,MOP-00000071,ST0000260                                         ,27-3JUL3,07-JULIO,ST0000260 - IND04 - 014  RETROJEAN TIRO ALTO INDIGO T-6,STOP CEDI,Aprobado,UND ,375,360,0,360,2026-07-01,01-2026,001-AURA,2026-04-22,2026-04-24,1,COLORES  ,1,14,T-6      ,0.0,INCOMPLETO
STOP,MOP-00000071,ST0000260                                         ,27-3JUL3,07-JULIO,ST0000260 - IND04 - 016  RETROJEAN TIRO ALTO INDIGO T-8,STOP CEDI,Aprobado,UND ,625,598,0,598,2026-07-01,01-2026,001-AURA,2026-04-22,2026-04-24,1,COLORES  ,1,16,T-8      ,0.0,INCOMPLETO
STOP,MOP-00000071,ST0000260                                         ,27-3JUL3,07-JULIO,ST0000260 - IND04 - 018  RETROJEAN TIRO ALTO INDIGO T-10,STOP CEDI,Aprobado,UND ,625,598,0,598,2026-07-01,01-2026,001-AURA,2026-04-22,2026-04-24,1,COLORES  ,1,18,T-10     ,0.0,INCOMPLETO
STOP,MOP-00000071,ST0000260                                         ,27-3JUL3,07-JULIO,ST0000260 - IND04 - 019  RETROJEAN TIRO ALTO INDIGO T-12,STOP CEDI,Aprobado,UND ,375,361,0,361,2026-07-01,01-2026,001-AURA,2026-04-22,2026-04-24,1,COLORES  ,1,19,T-12     ,0.0,INCOMPLETO
STOP,MOP-00000071,ST0000260                                         ,27-3JUL3,07-JULIO,ST0000260 - IND04 - 020  RETROJEAN TIRO ALTO INDIGO T-14,STOP CEDI,Aprobado,UND ,250,238,0,238,2026-07-01,01-2026,001-AURA,2026-04-22,2026-04-24,1,COLORES  ,1,20,T-14     ,0.0,INCOMPLETO
STOP,MOP-00000072,15006952                                          ,22-2JUN2,06-JUNIO,15006952 - 19-4004 - 005  TOP PREMIUM MANGA SI NEGRO T-L,STOP CEDI,Cumplido,UND ,197,171,171,0,2026-07-08,01-2026, ,2026-04-23,2026-04-27,1,COLORES  ,1,5,T-L      ,1.0,CERRADO
STOP,MOP-00000073,10016947                                          ,20-2MAY4,05-MAYO,10016947 - IND01 - 018  FALDA SHORT T/ALTO INDIGO T-10,STOP CEDI,Aprobado,UND ,480,510,480,30,2026-05-07,01-2026,018-INDIE SUMMER,2026-04-23,2026-04-27,1,COLORES  ,1,18,T-10     ,0.9411764705882353,INCOMPLETO
STOP,MOP-00000073,10016947                                          ,20-2MAY4,05-MAYO,10016947 - IND01 - 019  FALDA SHORT T/ALTO INDIGO T-12,STOP CEDI,Aprobado,UND ,480,510,494,16,2026-05-07,01-2026,018-INDIE SUMMER,2026-04-23,2026-04-27,1,COLORES  ,1,19,T-12     ,0.9686274509803922,INCOMPLETO
STOP,MOP-00000073,10016947                                          ,20-2MAY4,05-MAYO,10016947 - IND01 - 020  FALDA SHORT T/ALTO INDIGO T-14,STOP CEDI,Aprobado,UND ,240,250,244,6,2026-05-07,01-2026,018-INDIE SUMMER,2026-04-23,2026-04-27,1,COLORES  ,1,20,T-14     ,0.976,INCOMPLETO
STOP,MOP-00000073,10016947                                          ,20-2MAY4,05-MAYO,10016947 - IND01 - 014  FALDA SHORT T/ALTO INDIGO T-6,STOP CEDI,Aprobado,UND ,240,250,242,8,2026-05-07,01-2026,018-INDIE SUMMER,2026-04-23,2026-04-27,1,COLORES  ,1,14,T-6      ,0.968,INCOMPLETO
STOP,MOP-00000073,10016947                                          ,20-2MAY4,05-MAYO,10016947 - IND01 - 016  FALDA SHORT T/ALTO INDIGO T-8,STOP CEDI,Aprobado,UND ,360,408,386,22,2026-05-07,01-2026,018-INDIE SUMMER,2026-04-23,2026-04-27,1,COLORES  ,1,16,T-8      ,0.946078431372549,INCOMPLETO
STOP,MOP-00000074,ST0004584                                         ,21-2JUN1,06-JUNIO,ST0004584 - 19-4004 - 002  BODY MSISA CON BOLER NEGRO T-XS,STOP CEDI,Cumplido,UND ,92,76,76,0,2026-06-08,01-2026,022-CAPSULAS FERIAS,2026-04-23,2026-05-08,1,COLORES  ,1,2,T-XS     ,1.0,CERRADO
STOP,MOP-00000074,ST0004584                                         ,21-2JUN1,06-JUNIO,ST0004584 - 19-4004 - 003  BODY MSISA CON BOLER NEGRO T-S,STOP CEDI,Cumplido,UND ,277,292,292,0,2026-06-08,01-2026,022-CAPSULAS FERIAS,2026-04-23,2026-05-08,1,COLORES  ,1,3,T-S      ,1.0,CERRADO
STOP,MOP-00000074,ST0004584                                         ,21-2JUN1,06-JUNIO,ST0004584 - 19-4004 - 004  BODY MSISA CON BOLER NEGRO T-M,STOP CEDI,Cumplido,UND ,369,355,355,0,2026-06-08,01-2026,022-CAPSULAS FERIAS,2026-04-23,2026-05-08,1,COLORES  ,1,4,T-M      ,1.0,CERRADO
STOP,MOP-00000074,ST0004584                                         ,21-2JUN1,06-JUNIO,ST0004584 - 19-4004 - 005  BODY MSISA CON BOLER NEGRO T-L,STOP CEDI,Cumplido,UND ,277,252,252,0,2026-06-08,01-2026,022-CAPSULAS FERIAS,2026-04-23,2026-05-08,1,COLORES  ,1,5,T-L      ,1.0,CERRADO
STOP,MOP-00000074,ST0004584                                         ,21-2JUN1,06-JUNIO,ST0004584 - 19-4004 - 006  BODY MSISA CON BOLER NEGRO T-XL,STOP CEDI,Aprobado,UND ,185,176,175,1,2026-06-08,01-2026,022-CAPSULAS FERIAS,2026-04-23,2026-05-08,1,COLORES  ,1,6,T-XL     ,0.9943181818181818,INCOMPLETO
STOP,MOP-00000075,ST0004585                                         ,25-3JUL1,07-JULIO,ST0004585 - 13-2801 - 002  CAMISETA T-SHIRT MC ROSADO T-XS,STOP CEDI,Aprobado,UND ,147,120,0,120,2026-05-20,01-2026,018-INDIE SUMMER,2026-04-23,2026-04-27,1,COLORES  ,1,2,T-XS     ,0.0,INCOMPLETO
STOP,MOP-00000075,ST0004585                                         ,25-3JUL1,07-JULIO,ST0004585 - 13-2801 - 003  CAMISETA T-SHIRT MC ROSADO T-S,STOP CEDI,Aprobado,UND ,440,369,0,369,2026-05-20,01-2026,018-INDIE SUMMER,2026-04-23,2026-04-27,1,COLORES  ,1,3,T-S      ,0.0,INCOMPLETO
STOP,MOP-00000075,ST0004585                                         ,25-3JUL1,07-JULIO,ST0004585 - 13-2801 - 004  CAMISETA T-SHIRT MC ROSADO T-M,STOP CEDI,Aprobado,UND ,733,608,0,608,2026-05-20,01-2026,018-INDIE SUMMER,2026-04-23,2026-04-27,1,COLORES  ,1,4,T-M      ,0.0,INCOMPLETO
STOP,MOP-00000075,ST0004585                                         ,25-3JUL1,07-JULIO,ST0004585 - 13-2801 - 005  CAMISETA T-SHIRT MC ROSADO T-L,STOP CEDI,Aprobado,UND ,587,488,0,488,2026-05-20,01-2026,018-INDIE SUMMER,2026-04-23,2026-04-27,1,COLORES  ,1,5,T-L      ,0.0,INCOMPLETO
STOP,MOP-00000075,ST0004585                                         ,25-3JUL1,07-JULIO,ST0004585 - 13-2801 - 006  CAMISETA T-SHIRT MC ROSADO T-XL,STOP CEDI,Aprobado,UND ,293,240,0,240,2026-05-20,01-2026,018-INDIE SUMMER,2026-04-23,2026-04-27,1,COLORES  ,1,6,T-XL     ,0.0,INCOMPLETO
STOP,MOP-00000076,ST0000256                                         ,27-3JUL3,07-JULIO,ST0000256 - 11-0601 - 013  CULOTTE TIRO ALTO BLANCO T-5,STOP CEDI,Aprobado,UND ,261,306,0,306,2026-07-01,01-2026,002-BOHO ROMANTICO,2026-04-23,2026-05-30,1,COLORES  ,1,13,T-5      ,0.0,INCOMPLETO
STOP,MOP-00000076,ST0000256                                         ,27-3JUL3,07-JULIO,ST0000256 - 11-0601 - 014  CULOTTE TIRO ALTO BLANCO T-6,STOP CEDI,Aprobado,UND ,522,512,0,512,2026-07-01,01-2026,002-BOHO ROMANTICO,2026-04-23,2026-05-30,1,COLORES  ,1,14,T-6      ,0.0,INCOMPLETO
STOP,MOP-00000076,ST0000256                                         ,27-3JUL3,07-JULIO,ST0000256 - 11-0601 - 016  CULOTTE TIRO ALTO BLANCO T-8,STOP CEDI,Aprobado,UND ,652,619,0,619,2026-07-01,01-2026,002-BOHO ROMANTICO,2026-04-23,2026-05-30,1,COLORES  ,1,16,T-8      ,0.0,INCOMPLETO
STOP,MOP-00000076,ST0000256                                         ,27-3JUL3,07-JULIO,ST0000256 - 11-0601 - 018  CULOTTE TIRO ALTO BLANCO T-10,STOP CEDI,Aprobado,UND ,652,618,0,618,2026-07-01,01-2026,002-BOHO ROMANTICO,2026-04-23,2026-05-30,1,COLORES  ,1,18,T-10     ,0.0,INCOMPLETO
STOP,MOP-00000076,ST0000256                                         ,27-3JUL3,07-JULIO,ST0000256 - 11-0601 - 019  CULOTTE TIRO ALTO BLANCO T-12,STOP CEDI,Aprobado,UND ,522,514,0,514,2026-07-01,01-2026,002-BOHO ROMANTICO,2026-04-23,2026-05-30,1,COLORES  ,1,19,T-12     ,0.0,INCOMPLETO
STOP,MOP-00000076,ST0000256                                         ,27-3JUL3,07-JULIO,ST0000256 - 11-0601 - 020  CULOTTE TIRO ALTO BLANCO T-14,STOP CEDI,Aprobado,UND ,391,410,0,410,2026-07-01,01-2026,002-BOHO ROMANTICO,2026-04-23,2026-05-30,1,COLORES  ,1,20,T-14     ,0.0,INCOMPLETO
STOP,MOP-00000077,ST0004531                                         ,22-2JUN2,06-JUNIO,ST0004531 - IND04 - 014  CAPRI TIRO ALTO LEVA INDIGO T-6,STOP CEDI,Aprobado,UND ,137,137,0,137,2026-05-27,01-2026, ,2026-04-24,2026-04-30,1,COLORES  ,1,14,T-6      ,0.0,INCOMPLETO
STOP,MOP-00000077,ST0004531                                         ,22-2JUN2,06-JUNIO,ST0004531 - IND04 - 016  CAPRI TIRO ALTO LEVA INDIGO T-8,STOP CEDI,Aprobado,UND ,183,183,0,183,2026-05-27,01-2026, ,2026-04-24,2026-04-30,1,COLORES  ,1,16,T-8      ,0.0,INCOMPLETO
STOP,MOP-00000077,ST0004531                                         ,22-2JUN2,06-JUNIO,ST0004531 - IND04 - 018  CAPRI TIRO ALTO LEVA INDIGO T-10,STOP CEDI,Aprobado,UND ,183,183,0,183,2026-05-27,01-2026, ,2026-04-24,2026-04-30,1,COLORES  ,1,18,T-10     ,0.0,INCOMPLETO
STOP,MOP-00000077,ST0004531                                         ,22-2JUN2,06-JUNIO,ST0004531 - IND04 - 019  CAPRI TIRO ALTO LEVA INDIGO T-12,STOP CEDI,Aprobado,UND ,137,137,0,137,2026-05-27,01-2026, ,2026-04-24,2026-04-30,1,COLORES  ,1,19,T-12     ,0.0,INCOMPLETO
STOP,MOP-00000077,ST0004531                                         ,22-2JUN2,06-JUNIO,ST0004531 - IND04 - 020  CAPRI TIRO ALTO LEVA INDIGO T-14,STOP CEDI,Aprobado,UND ,91,91,0,91,2026-05-27,01-2026, ,2026-04-24,2026-04-30,1,COLORES  ,1,20,T-14     ,0.0,INCOMPLETO
STOP,MOP-00000077,ST0004531                                         ,22-2JUN2,06-JUNIO,ST0004531 - IND04 - 021  CAPRI TIRO ALTO LEVA INDIGO T-16,STOP CEDI,Aprobado,UND ,46,46,0,46,2026-05-27,01-2026, ,2026-04-24,2026-04-30,1,COLORES  ,1,21,T-16     ,0.0,INCOMPLETO
STOP,MOP-00000078,ST0001464                                         ,23-2JUN3,06-JUNIO,ST0001464 - 18-1232 - 013  RETRO JEAN TIRO ALTO CAFE T-5,STOP CEDI,Cumplido,UND ,173,158,158,0,2026-06-03,01-2026,001-AURA,2026-04-24,2026-04-28,1,COLORES  ,1,13,T-5      ,1.0,CERRADO
STOP,MOP-00000078,ST0001464                                         ,23-2JUN3,06-JUNIO,ST0001464 - 18-1232 - 014  RETRO JEAN TIRO ALTO CAFE T-6,STOP CEDI,Cumplido,UND ,260,265,265,0,2026-06-03,01-2026,001-AURA,2026-04-24,2026-04-28,1,COLORES  ,1,14,T-6      ,1.0,CERRADO
STOP,MOP-00000078,ST0001464                                         ,23-2JUN3,06-JUNIO,ST0001464 - 18-1232 - 016  RETRO JEAN TIRO ALTO CAFE T-8,STOP CEDI,Aprobado,UND ,433,428,427,1,2026-06-03,01-2026,001-AURA,2026-04-24,2026-04-28,1,COLORES  ,1,16,T-8      ,0.9976635514018691,INCOMPLETO
STOP,MOP-00000078,ST0001464                                         ,23-2JUN3,06-JUNIO,ST0001464 - 18-1232 - 018  RETRO JEAN TIRO ALTO CAFE T-10,STOP CEDI,Aprobado,UND ,433,424,423,1,2026-06-03,01-2026,001-AURA,2026-04-24,2026-04-28,1,COLORES  ,1,18,T-10     ,0.9976415094339622,INCOMPLETO
STOP,MOP-00000078,ST0001464                                         ,23-2JUN3,06-JUNIO,ST0001464 - 18-1232 - 019  RETRO JEAN TIRO ALTO CAFE T-12,STOP CEDI,Cumplido,UND ,346,320,320,0,2026-06-03,01-2026,001-AURA,2026-04-24,2026-04-28,1,COLORES  ,1,19,T-12     ,1.0,CERRADO
STOP,MOP-00000078,ST0001464                                         ,23-2JUN3,06-JUNIO,ST0001464 - 18-1232 - 020  RETRO JEAN TIRO ALTO CAFE T-14,STOP CEDI,Cumplido,UND ,173,158,158,0,2026-06-03,01-2026,001-AURA,2026-04-24,2026-04-28,1,COLORES  ,1,20,T-14     ,1.0,CERRADO
STOP,MOP-00000079,15001921                                          ,26-3JUL2,07-JULIO,15001921 - IND01 - 014  TEJANO T/ALTO  ESENC INDIGO T-6,STOP CEDI,Aprobado,UND ,108,94,0,94,2026-07-08,01-2026,001-AURA,2026-04-24,2026-05-01,1,COLORES  ,1,14,T-6      ,0.0,INCOMPLETO
STOP,MOP-00000079,15001921                                          ,26-3JUL2,07-JULIO,15001921 - IND01 - 016  TEJANO T/ALTO  ESENC INDIGO T-8,STOP CEDI,Aprobado,UND ,100,94,0,94,2026-07-08,01-2026,001-AURA,2026-04-24,2026-05-01,1,COLORES  ,1,16,T-8      ,0.0,INCOMPLETO
STOP,MOP-00000079,15001921                                          ,26-3JUL2,07-JULIO,15001921 - IND01 - 018  TEJANO T/ALTO  ESENC INDIGO T-10,STOP CEDI,Aprobado,UND ,102,94,0,94,2026-07-08,01-2026,001-AURA,2026-04-24,2026-05-01,1,COLORES  ,1,18,T-10     ,0.0,INCOMPLETO
STOP,MOP-00000079,15001921                                          ,26-3JUL2,07-JULIO,15001921 - IND01 - 020  TEJANO T/ALTO  ESENC INDIGO T-14,STOP CEDI,Aprobado,UND ,150,144,0,144,2026-07-08,01-2026,001-AURA,2026-04-24,2026-05-01,1,COLORES  ,1,20,T-14     ,0.0,INCOMPLETO
STOP,MOP-00000079,15001921                                          ,26-3JUL2,07-JULIO,15001921 - IND01 - 021  TEJANO T/ALTO  ESENC INDIGO T-16,STOP CEDI,Aprobado,UND ,150,139,0,139,2026-07-08,01-2026,001-AURA,2026-04-24,2026-05-01,1,COLORES  ,1,21,T-16     ,0.0,INCOMPLETO
STOP,MOP-00000080,15001921                                          ,28-3JUL4,07-JULIO,15001921 - IND04 - 014  TEJANO T/ALTO  ESENC INDIGO T-6,STOP CEDI,Aprobado,UND ,118,116,0,116,2026-07-08,01-2026, ,2026-04-24,2026-05-01,1,COLORES  ,1,14,T-6      ,0.0,INCOMPLETO
STOP,MOP-00000080,15001921                                          ,28-3JUL4,07-JULIO,15001921 - IND04 - 016  TEJANO T/ALTO  ESENC INDIGO T-8,STOP CEDI,Aprobado,UND ,170,150,0,150,2026-07-08,01-2026, ,2026-04-24,2026-05-01,1,COLORES  ,1,16,T-8      ,0.0,INCOMPLETO
STOP,MOP-00000080,15001921                                          ,28-3JUL4,07-JULIO,15001921 - IND04 - 018  TEJANO T/ALTO  ESENC INDIGO T-10,STOP CEDI,Aprobado,UND ,127,110,0,110,2026-07-08,01-2026, ,2026-04-24,2026-05-01,1,COLORES  ,1,18,T-10     ,0.0,INCOMPLETO
STOP,MOP-00000080,15001921                                          ,28-3JUL4,07-JULIO,15001921 - IND04 - 019  TEJANO T/ALTO  ESENC INDIGO T-12,STOP CEDI,Aprobado,UND ,60,49,0,49,2026-07-08,01-2026, ,2026-04-24,2026-05-01,1,COLORES  ,1,19,T-12     ,0.0,INCOMPLETO
STOP,MOP-00000080,15001921                                          ,28-3JUL4,07-JULIO,15001921 - IND04 - 020  TEJANO T/ALTO  ESENC INDIGO T-14,STOP CEDI,Aprobado,UND ,151,167,0,167,2026-07-08,01-2026, ,2026-04-24,2026-05-01,1,COLORES  ,1,20,T-14     ,0.0,INCOMPLETO
STOP,MOP-00000080,15001921                                          ,28-3JUL4,07-JULIO,15001921 - IND04 - 021  TEJANO T/ALTO  ESENC INDIGO T-16,STOP CEDI,Aprobado,UND ,110,107,0,107,2026-07-08,01-2026, ,2026-04-24,2026-05-01,1,COLORES  ,1,21,T-16     ,0.0,INCOMPLETO
STOP,MOP-00000081,15001950                                          ,28-3JUL4,07-JULIO,15001950 - 11-0601 - 005  CAMISETA PREMIUM MAN BLANCO T-L,STOP CEDI,Aprobado,UND ,100,110,0,110,2026-07-08,01-2026, ,2026-04-24,2026-05-19,1,COLORES  ,1,5,T-L      ,0.0,INCOMPLETO
STOP,MOP-00000081,15001950                                          ,28-3JUL4,07-JULIO,15001950 - 11-0601 - 004  CAMISETA PREMIUM MAN BLANCO T-M,STOP CEDI,Aprobado,UND ,336,333,0,333,2026-05-08,01-2026, ,2026-04-24,2026-05-19,1,COLORES  ,1,4,T-M      ,0.0,INCOMPLETO
STOP,MOP-00000081,15001950                                          ,28-3JUL4,07-JULIO,15001950 - 11-0601 - 003  CAMISETA PREMIUM MAN BLANCO T-S,STOP CEDI,Aprobado,UND ,106,118,0,118,2026-07-08,01-2026, ,2026-04-24,2026-05-19,1,COLORES  ,1,3,T-S      ,0.0,INCOMPLETO
STOP,MOP-00000081,15001950                                          ,28-3JUL4,07-JULIO,15001950 - 11-0601 - 002  CAMISETA PREMIUM MAN BLANCO T-XS,STOP CEDI,Aprobado,UND ,50,118,0,118,2026-07-08,01-2026, ,2026-04-24,2026-05-19,1,COLORES  ,1,2,T-XS     ,0.0,INCOMPLETO
STOP,MOP-00000081,15001950                                          ,28-3JUL4,07-JULIO,15001950 - 19-4004 - 005  CAMISETA PREMIUM MAN NEGRO T-L,STOP CEDI,Aprobado,UND ,132,80,0,80,2026-07-08,01-2026, ,2026-04-24,2026-05-19,1,COLORES  ,1,5,T-L      ,0.0,INCOMPLETO
STOP,MOP-00000081,15001950                                          ,28-3JUL4,07-JULIO,15001950 - 19-4004 - 004  CAMISETA PREMIUM MAN NEGRO T-M,STOP CEDI,Aprobado,UND ,118,295,0,295,2026-07-08,01-2026, ,2026-04-24,2026-05-19,1,COLORES  ,1,4,T-M      ,0.0,INCOMPLETO
STOP,MOP-00000081,15001950                                          ,28-3JUL4,07-JULIO,15001950 - 19-4004 - 006  CAMISETA PREMIUM MAN NEGRO T-XL,STOP CEDI,Aprobado,UND ,110,144,0,144,2026-07-08,01-2026, ,2026-04-24,2026-05-19,1,COLORES  ,1,6,T-XL     ,0.0,INCOMPLETO
STOP,MOP-00000082,15005955                                          ,28-3JUL4,07-JULIO,15005955 - 11-0601 - 005  CAMISA MANGA LARGA F BLANCO T-L,STOP CEDI,Cumplido,UND ,100,92,92,0,2026-07-08,01-2026, ,2026-04-24,2026-05-01,1,COLORES  ,1,5,T-L      ,1.0,CERRADO
STOP,MOP-00000082,15005955                                          ,28-3JUL4,07-JULIO,15005955 - 11-0601 - 004  CAMISA MANGA LARGA F BLANCO T-M,STOP CEDI,Cumplido,UND ,200,184,184,0,2026-07-08,01-2026, ,2026-04-24,2026-05-01,1,COLORES  ,1,4,T-M      ,1.0,CERRADO
STOP,MOP-00000082,15005955                                          ,28-3JUL4,07-JULIO,15005955 - 11-0601 - 003  CAMISA MANGA LARGA F BLANCO T-S,STOP CEDI,Cumplido,UND ,200,184,184,0,2026-07-08,01-2026, ,2026-04-24,2026-05-01,1,COLORES  ,1,3,T-S      ,1.0,CERRADO
STOP,MOP-00000082,15005955                                          ,28-3JUL4,07-JULIO,15005955 - 11-0601 - 006  CAMISA MANGA LARGA F BLANCO T-XL,STOP CEDI,Cumplido,UND ,200,184,184,0,2026-07-08,01-2026, ,2026-04-24,2026-05-01,1,COLORES  ,1,6,T-XL     ,1.0,CERRADO
STOP,MOP-00000083,15007949                                          ,28-3JUL4,07-JULIO,15007949 - 11-0602 - 005  CAMISETA MANGA CORTA CREMA T-L,STOP CEDI,Aprobado,UND ,219,213,0,213,2026-07-08,01-2026, ,2026-04-24,2026-05-12,1,COLORES  ,1,5,T-L      ,0.0,INCOMPLETO
STOP,MOP-00000083,15007949                                          ,28-3JUL4,07-JULIO,15007949 - 11-0602 - 004  CAMISETA MANGA CORTA CREMA T-M,STOP CEDI,Aprobado,UND ,192,216,0,216,2026-07-08,01-2026, ,2026-04-24,2026-05-12,1,COLORES  ,1,4,T-M      ,0.0,INCOMPLETO
STOP,MOP-00000083,15007949                                          ,28-3JUL4,07-JULIO,15007949 - 11-0602 - 003  CAMISETA MANGA CORTA CREMA T-S,STOP CEDI,Aprobado,UND ,100,106,0,106,2026-07-08,01-2026, ,2026-04-24,2026-05-12,1,COLORES  ,1,3,T-S      ,0.0,INCOMPLETO
STOP,MOP-00000083,15007949                                          ,28-3JUL4,07-JULIO,15007949 - 11-0602 - 006  CAMISETA MANGA CORTA CREMA T-XL,STOP CEDI,Aprobado,UND ,116,108,0,108,2026-07-08,01-2026, ,2026-04-24,2026-05-12,1,COLORES  ,1,6,T-XL     ,0.0,INCOMPLETO
STOP,MOP-00000083,15007949                                          ,28-3JUL4,07-JULIO,15007949 - 19-4004 - 004  CAMISETA MANGA CORTA NEGRO T-M,STOP CEDI,Aprobado,UND ,70,65,0,65,2026-07-08,01-2026, ,2026-04-24,2026-05-12,1,COLORES  ,1,4,T-M      ,0.0,INCOMPLETO
STOP,MOP-00000083,15007949                                          ,28-3JUL4,07-JULIO,15007949 - 19-4004 - 003  CAMISETA MANGA CORTA NEGRO T-S,STOP CEDI,Aprobado,UND ,57,42,0,42,2026-07-08,01-2026, ,2026-04-24,2026-05-12,1,COLORES  ,1,3,T-S      ,0.0,INCOMPLETO
STOP,MOP-00000083,15007949                                          ,28-3JUL4,07-JULIO,15007949 - 19-4004 - 002  CAMISETA MANGA CORTA NEGRO T-XS,STOP CEDI,Aprobado,UND ,55,42,0,42,2026-07-08,01-2026, ,2026-04-24,2026-05-12,1,COLORES  ,1,2,T-XS     ,0.0,INCOMPLETO
STOP,MOP-00000084,15059901                                          ,28-3JUL4,07-JULIO,15059901 - 19-4004 - 014  PANTALON TIRO ALTO E NEGRO T-6,STOP CEDI,Comprometido,UND ,225,239,0,239,2026-07-08,01-2026, ,2026-04-24,2026-05-05,1,COLORES  ,1,14,T-6      ,0.0,INCOMPLETO
STOP,MOP-00000084,15059901                                          ,28-3JUL4,07-JULIO,15059901 - 19-4004 - 016  PANTALON TIRO ALTO E NEGRO T-8,STOP CEDI,Aprobado,UND ,233,242,0,242,2026-07-08,01-2026, ,2026-04-24,2026-05-05,1,COLORES  ,1,16,T-8      ,0.0,INCOMPLETO
STOP,MOP-00000084,15059901                                          ,28-3JUL4,07-JULIO,15059901 - 19-4004 - 018  PANTALON TIRO ALTO E NEGRO T-10,STOP CEDI,Comprometido,UND ,251,229,0,229,2026-07-08,01-2026, ,2026-04-24,2026-05-05,1,COLORES  ,1,18,T-10     ,0.0,INCOMPLETO
STOP,MOP-00000084,15059901                                          ,28-3JUL4,07-JULIO,15059901 - 19-4004 - 019  PANTALON TIRO ALTO E NEGRO T-12,STOP CEDI,Comprometido,UND ,124,108,0,108,2026-07-08,01-2026, ,2026-04-24,2026-05-05,1,COLORES  ,1,19,T-12     ,0.0,INCOMPLETO
STOP,MOP-00000084,15059901                                          ,28-3JUL4,07-JULIO,15059901 - 19-4004 - 020  PANTALON TIRO ALTO E NEGRO T-14,STOP CEDI,Comprometido,UND ,107,108,0,108,2026-07-08,01-2026, ,2026-04-24,2026-05-05,1,COLORES  ,1,20,T-14     ,0.0,INCOMPLETO
STOP,MOP-00000085,15004921                                          ,28-3JUL4,07-JULIO,15004921 - IND02 - 016  TEJANO LEVANTACOLA L INDIGO T-8,STOP CEDI,Aprobado,UND ,323,320,0,320,2026-07-08,01-2026, ,2026-04-24,2026-05-13,1,COLORES  ,1,16,T-8      ,0.0,INCOMPLETO
STOP,MOP-00000086,ST0000253                                         ,27-3JUL3,07-JULIO,ST0000253 - IND01 - 014  CAPRI TIRO ALTO LAVA INDIGO T-6,STOP CEDI,Aprobado,UND ,522,522,0,522,2026-07-01,01-2026,002-BOHO ROMANTICO,2026-04-24,2026-05-05,1,COLORES  ,1,14,T-6      ,0.0,INCOMPLETO
STOP,MOP-00000086,ST0000253                                         ,27-3JUL3,07-JULIO,ST0000253 - IND01 - 016  CAPRI TIRO ALTO LAVA INDIGO T-8,STOP CEDI,Aprobado,UND ,652,646,0,646,2026-07-01,01-2026,002-BOHO ROMANTICO,2026-04-24,2026-05-05,1,COLORES  ,1,16,T-8      ,0.0,INCOMPLETO
STOP,MOP-00000086,ST0000253                                         ,27-3JUL3,07-JULIO,ST0000253 - IND01 - 018  CAPRI TIRO ALTO LAVA INDIGO T-10,STOP CEDI,Aprobado,UND ,652,644,0,644,2026-07-01,01-2026,002-BOHO ROMANTICO,2026-04-24,2026-05-05,1,COLORES  ,1,18,T-10     ,0.0,INCOMPLETO
STOP,MOP-00000086,ST0000253                                         ,27-3JUL3,07-JULIO,ST0000253 - IND01 - 019  CAPRI TIRO ALTO LAVA INDIGO T-12,STOP CEDI,Aprobado,UND ,522,514,0,514,2026-07-01,01-2026,002-BOHO ROMANTICO,2026-04-24,2026-05-05,1,COLORES  ,1,19,T-12     ,0.0,INCOMPLETO
STOP,MOP-00000086,ST0000253                                         ,27-3JUL3,07-JULIO,ST0000253 - IND01 - 020  CAPRI TIRO ALTO LAVA INDIGO T-14,STOP CEDI,Aprobado,UND ,391,383,0,383,2026-07-01,01-2026,002-BOHO ROMANTICO,2026-04-24,2026-05-05,1,COLORES  ,1,20,T-14     ,0.0,INCOMPLETO
STOP,MOP-00000086,ST0000253                                         ,27-3JUL3,07-JULIO,ST0000253 - IND01 - 021  CAPRI TIRO ALTO LAVA INDIGO T-16,STOP CEDI,Aprobado,UND ,261,257,0,257,2026-07-01,01-2026,002-BOHO ROMANTICO,2026-04-24,2026-05-05,1,COLORES  ,1,21,T-16     ,0.0,INCOMPLETO
STOP,MOP-00000087,15002994                                          ,28-3JUL4,07-JULIO,15002994 - 19-4118 - 014  EJECUTIVO T/ALTO BOT AZUL T-6,STOP CEDI,Aprobado,UND ,200,198,0,198,2026-07-08,01-2026, ,2026-04-24,2026-05-19,1,COLORES  ,1,14,T-6      ,0.0,INCOMPLETO
STOP,MOP-00000087,15002994                                          ,28-3JUL4,07-JULIO,15002994 - 19-4118 - 016  EJECUTIVO T/ALTO BOT AZUL T-8,STOP CEDI,Aprobado,UND ,600,647,0,647,2026-07-08,01-2026, ,2026-04-24,2026-05-19,1,COLORES  ,1,16,T-8      ,0.0,INCOMPLETO
STOP,MOP-00000087,15002994                                          ,28-3JUL4,07-JULIO,15002994 - 19-4118 - 018  EJECUTIVO T/ALTO BOT AZUL T-10,STOP CEDI,Aprobado,UND ,500,523,0,523,2026-07-08,01-2026, ,2026-04-24,2026-05-19,1,COLORES  ,1,18,T-10     ,0.0,INCOMPLETO
STOP,MOP-00000087,15002994                                          ,28-3JUL4,07-JULIO,15002994 - 19-4118 - 019  EJECUTIVO T/ALTO BOT AZUL T-12,STOP CEDI,Aprobado,UND ,300,325,0,325,2026-07-08,01-2026, ,2026-04-24,2026-05-19,1,COLORES  ,1,19,T-12     ,0.0,INCOMPLETO
STOP,MOP-00000087,15002994                                          ,28-3JUL4,07-JULIO,15002994 - 19-4118 - 020  EJECUTIVO T/ALTO BOT AZUL T-14,STOP CEDI,Aprobado,UND ,100,106,0,106,2026-07-08,01-2026, ,2026-04-24,2026-05-19,1,COLORES  ,1,20,T-14     ,0.0,INCOMPLETO
STOP,MOP-00000087,15002994                                          ,28-3JUL4,07-JULIO,15002994 - 19-4004 - 018  EJECUTIVO T/ALTO BOT NEGRO T-10,STOP CEDI,Aprobado,UND ,400,379,0,379,2026-07-08,01-2026, ,2026-04-24,2026-05-19,1,COLORES  ,1,18,T-10     ,0.0,INCOMPLETO
STOP,MOP-00000087,15002994                                          ,28-3JUL4,07-JULIO,15002994 - 19-4004 - 016  EJECUTIVO T/ALTO BOT NEGRO T-8,STOP CEDI,Aprobado,UND ,600,570,0,570,2026-07-08,01-2026, ,2026-04-24,2026-05-19,1,COLORES  ,1,16,T-8      ,0.0,INCOMPLETO
STOP,MOP-00000087,15002994                                          ,28-3JUL4,07-JULIO,15002994 - 19-4004 - 019  EJECUTIVO T/ALTO BOT NEGRO T-12,STOP CEDI,Aprobado,UND ,400,378,0,378,2026-07-08,01-2026, ,2026-04-24,2026-05-19,1,COLORES  ,1,19,T-12     ,0.0,INCOMPLETO
STOP,MOP-00000087,15002994                                          ,28-3JUL4,07-JULIO,15002994 - 19-4004 - 020  EJECUTIVO T/ALTO BOT NEGRO T-14,STOP CEDI,Aprobado,UND ,200,188,0,188,2026-07-08,01-2026, ,2026-04-24,2026-05-19,1,COLORES  ,1,20,T-14     ,0.0,INCOMPLETO
STOP,MOP-00000087,15002994                                          ,28-3JUL4,07-JULIO,15002994 - 19-4004 - 014  EJECUTIVO T/ALTO BOT NEGRO T-6,STOP CEDI,Aprobado,UND ,200,188,0,188,2026-07-08,01-2026, ,2026-04-24,2026-05-19,1,COLORES  ,1,14,T-6      ,0.0,INCOMPLETO
STOP,MOP-00000087,15002994                                          ,28-3JUL4,07-JULIO,15002994 - 16-1407 - 014  EJECUTIVO T/ALTO BOT CAFE T-6,STOP CEDI,Aprobado,UND ,200,100,0,100,2026-07-08,01-2026, ,2026-04-24,2026-05-19,1,COLORES  ,1,14,T-6      ,0.0,INCOMPLETO
STOP,MOP-00000087,15002994                                          ,28-3JUL4,07-JULIO,15002994 - 16-1407 - 016  EJECUTIVO T/ALTO BOT CAFE T-8,STOP CEDI,Aprobado,UND ,400,204,0,204,2026-07-08,01-2026, ,2026-04-24,2026-05-19,1,COLORES  ,1,16,T-8      ,0.0,INCOMPLETO
STOP,MOP-00000087,15002994                                          ,28-3JUL4,07-JULIO,15002994 - 16-1407 - 018  EJECUTIVO T/ALTO BOT CAFE T-10,STOP CEDI,Aprobado,UND ,400,200,0,200,2026-07-08,01-2026, ,2026-04-24,2026-05-19,1,COLORES  ,1,18,T-10     ,0.0,INCOMPLETO
STOP,MOP-00000087,15002994                                          ,28-3JUL4,07-JULIO,15002994 - 16-1407 - 019  EJECUTIVO T/ALTO BOT CAFE T-12,STOP CEDI,Aprobado,UND ,300,150,0,150,2026-07-08,01-2026, ,2026-04-24,2026-05-19,1,COLORES  ,1,19,T-12     ,0.0,INCOMPLETO
STOP,MOP-00000087,15002994                                          ,28-3JUL4,07-JULIO,15002994 - 16-1407 - 020  EJECUTIVO T/ALTO BOT CAFE T-14,STOP CEDI,Aprobado,UND ,100,50,0,50,2026-07-08,01-2026, ,2026-04-24,2026-05-19,1,COLORES  ,1,20,T-14     ,0.0,INCOMPLETO
STOP,MOP-00000088,15015814                                          ,28-3JUL4,07-JULIO,15015814 - IND01 - 018  SHORT T/ALTO ESENCIA INDIGO T-10,STOP CEDI,Aprobado,UND ,300,306,0,306,2026-07-08,01-2026, ,2026-04-24,2026-05-01,1,COLORES  ,1,18,T-10     ,0.0,INCOMPLETO
STOP,MOP-00000088,15015814                                          ,28-3JUL4,07-JULIO,15015814 - IND01 - 019  SHORT T/ALTO ESENCIA INDIGO T-12,STOP CEDI,Aprobado,UND ,300,306,0,306,2026-07-08,01-2026, ,2026-04-24,2026-05-01,1,COLORES  ,1,19,T-12     ,0.0,INCOMPLETO
STOP,MOP-00000088,15015814                                          ,28-3JUL4,07-JULIO,15015814 - IND01 - 020  SHORT T/ALTO ESENCIA INDIGO T-14,STOP CEDI,Aprobado,UND ,150,153,0,153,2026-07-08,01-2026, ,2026-04-24,2026-05-01,1,COLORES  ,1,20,T-14     ,0.0,INCOMPLETO
STOP,MOP-00000088,15015814                                          ,28-3JUL4,07-JULIO,15015814 - IND01 - 021  SHORT T/ALTO ESENCIA INDIGO T-16,STOP CEDI,Aprobado,UND ,100,102,0,102,2026-07-08,01-2026, ,2026-04-24,2026-05-01,1,COLORES  ,1,21,T-16     ,0.0,INCOMPLETO
STOP,MOP-00000088,15015814                                          ,28-3JUL4,07-JULIO,15015814 - IND01 - 014  SHORT T/ALTO ESENCIA INDIGO T-6,STOP CEDI,Aprobado,UND ,146,155,0,155,2026-07-08,01-2026, ,2026-04-24,2026-05-01,1,COLORES  ,1,14,T-6      ,0.0,INCOMPLETO
STOP,MOP-00000088,15015814                                          ,28-3JUL4,07-JULIO,15015814 - IND01 - 016  SHORT T/ALTO ESENCIA INDIGO T-8,STOP CEDI,Aprobado,UND ,300,312,0,312,2026-07-08,01-2026, ,2026-04-24,2026-05-01,1,COLORES  ,1,16,T-8      ,0.0,INCOMPLETO
STOP,MOP-00000089,15006949                                          ,28-3JUL4,07-JULIO,15006949 - 11-0602 - 005  CAMISETA MANGA CREMA T-L,STOP CEDI,Aprobado,UND ,200,176,0,176,2026-07-08,01-2026, ,2026-04-24,2026-05-08,1,COLORES  ,1,5,T-L      ,0.0,INCOMPLETO
STOP,MOP-00000089,15006949                                          ,28-3JUL4,07-JULIO,15006949 - 11-0602 - 004  CAMISETA MANGA CREMA T-M,STOP CEDI,Aprobado,UND ,200,198,0,198,2026-07-08,01-2026, ,2026-04-24,2026-05-08,1,COLORES  ,1,4,T-M      ,0.0,INCOMPLETO
STOP,MOP-00000089,15006949                                          ,28-3JUL4,07-JULIO,15006949 - 19-4004 - 005  CAMISETA MANGA NEGRO T-L,STOP CEDI,Aprobado,UND ,285,278,0,278,2026-07-08,01-2026, ,2026-04-24,2026-05-08,1,COLORES  ,1,5,T-L      ,0.0,INCOMPLETO
STOP,MOP-00000089,15006949                                          ,28-3JUL4,07-JULIO,15006949 - 19-4004 - 004  CAMISETA MANGA NEGRO T-M,STOP CEDI,Aprobado,UND ,287,278,0,278,2026-07-08,01-2026, ,2026-04-24,2026-05-08,1,COLORES  ,1,4,T-M      ,0.0,INCOMPLETO
STOP,MOP-00000089,15006949                                          ,28-3JUL4,07-JULIO,15006949 - 19-4004 - 003  CAMISETA MANGA NEGRO T-S,STOP CEDI,Aprobado,UND ,119,118,0,118,2026-07-08,01-2026, ,2026-04-24,2026-05-08,1,COLORES  ,1,3,T-S      ,0.0,INCOMPLETO
STOP,MOP-00000089,15006949                                          ,28-3JUL4,07-JULIO,15006949 - 19-4004 - 006  CAMISETA MANGA NEGRO T-XL,STOP CEDI,Aprobado,UND ,12,12,0,12,2026-07-08,01-2026, ,2026-04-24,2026-05-08,1,COLORES  ,1,6,T-XL     ,0.0,INCOMPLETO
STOP,MOP-00000090,15004956                                          ,28-3JUL4,07-JULIO,15004956 - 14-4005 - 005  CAMISA MANGA 3/4 ESE AZUL T-L,STOP CEDI,Aprobado,UND ,600,388,0,388,2026-07-08,01-2026, ,2026-04-24,2026-06-02,1,COLORES  ,1,5,T-L      ,0.0,INCOMPLETO
STOP,MOP-00000090,15004956                                          ,28-3JUL4,07-JULIO,15004956 - 14-4005 - 004  CAMISA MANGA 3/4 ESE AZUL T-M,STOP CEDI,Aprobado,UND ,600,581,0,581,2026-07-08,01-2026, ,2026-04-24,2026-06-02,1,COLORES  ,1,4,T-M      ,0.0,INCOMPLETO
STOP,MOP-00000090,15004956                                          ,28-3JUL4,07-JULIO,15004956 - 14-4005 - 003  CAMISA MANGA 3/4 ESE AZUL T-S,STOP CEDI,Aprobado,UND ,400,580,0,580,2026-07-08,01-2026, ,2026-04-24,2026-06-02,1,COLORES  ,1,3,T-S      ,0.0,INCOMPLETO
STOP,MOP-00000090,15004956                                          ,28-3JUL4,07-JULIO,15004956 - 14-4005 - 006  CAMISA MANGA 3/4 ESE AZUL T-XL,STOP CEDI,Aprobado,UND ,200,193,0,193,2026-07-08,01-2026, ,2026-04-24,2026-06-02,1,COLORES  ,1,6,T-XL     ,0.0,INCOMPLETO
STOP,MOP-00000090,15004956                                          ,28-3JUL4,07-JULIO,15004956 - 11-0601 - 005  CAMISA MANGA 3/4 ESE BLANCO T-L,STOP CEDI,Aprobado,UND ,401,359,0,359,2026-07-08,01-2026, ,2026-04-24,2026-06-02,1,COLORES  ,1,5,T-L      ,0.0,INCOMPLETO
STOP,MOP-00000090,15004956                                          ,28-3JUL4,07-JULIO,15004956 - 11-0601 - 003  CAMISA MANGA 3/4 ESE BLANCO T-S,STOP CEDI,Aprobado,UND ,400,544,0,544,2026-07-08,01-2026, ,2026-04-24,2026-06-02,1,COLORES  ,1,3,T-S      ,0.0,INCOMPLETO
STOP,MOP-00000090,15004956                                          ,28-3JUL4,07-JULIO,15004956 - 11-0601 - 004  CAMISA MANGA 3/4 ESE BLANCO T-M,STOP CEDI,Aprobado,UND ,600,532,0,532,2026-07-08,01-2026, ,2026-04-24,2026-06-02,1,COLORES  ,1,4,T-M      ,0.0,INCOMPLETO
STOP,MOP-00000090,15004956                                          ,28-3JUL4,07-JULIO,15004956 - 11-0601 - 006  CAMISA MANGA 3/4 ESE BLANCO T-XL,STOP CEDI,Aprobado,UND ,200,173,0,173,2026-07-08,01-2026, ,2026-04-24,2026-06-02,1,COLORES  ,1,6,T-XL     ,0.0,INCOMPLETO
STOP,MOP-00000091,15007952                                          ,28-3JUL4,07-JULIO,15007952 - 11-0601 - 005  CAMISETA SISA ESENCI BLANCO T-L,STOP CEDI,Cumplido,UND ,355,319,319,0,2026-07-08,01-2026, ,2026-04-24,2026-04-29,1,COLORES  ,1,5,T-L      ,1.0,CERRADO
STOP,MOP-00000091,15007952                                          ,28-3JUL4,07-JULIO,15007952 - 11-0601 - 004  CAMISETA SISA ESENCI BLANCO T-M,STOP CEDI,Cumplido,UND ,313,301,301,0,2026-07-08,01-2026, ,2026-04-24,2026-04-29,1,COLORES  ,1,4,T-M      ,1.0,CERRADO
STOP,MOP-00000091,15007952                                          ,28-3JUL4,07-JULIO,15007952 - 11-0601 - 003  CAMISETA SISA ESENCI BLANCO T-S,STOP CEDI,Aprobado,UND ,107,94,93,1,2026-07-08,01-2026, ,2026-04-24,2026-04-29,1,COLORES  ,1,3,T-S      ,0.9893617021276596,INCOMPLETO
STOP,MOP-00000091,15007952                                          ,28-3JUL4,07-JULIO,15007952 - 11-0601 - 006  CAMISETA SISA ESENCI BLANCO T-XL,STOP CEDI,Aprobado,UND ,218,188,183,5,2026-07-08,01-2026, ,2026-04-24,2026-04-29,1,COLORES  ,1,6,T-XL     ,0.973404255319149,INCOMPLETO
STOP,MOP-00000092,15007952                                          ,28-3JUL4,07-JULIO,15007952 - 19-4004 - 005  CAMISETA SISA ESENCI NEGRO T-L,STOP CEDI,Aprobado,UND ,312,265,0,265,2026-07-08,01-2026, ,2026-04-24,2026-05-26,1,COLORES  ,1,5,T-L      ,0.0,INCOMPLETO
STOP,MOP-00000092,15007952                                          ,28-3JUL4,07-JULIO,15007952 - 19-4004 - 004  CAMISETA SISA ESENCI NEGRO T-M,STOP CEDI,Aprobado,UND ,463,437,0,437,2026-07-08,01-2026, ,2026-04-24,2026-05-26,1,COLORES  ,1,4,T-M      ,0.0,INCOMPLETO
STOP,MOP-00000092,15007952                                          ,28-3JUL4,07-JULIO,15007952 - 19-4004 - 003  CAMISETA SISA ESENCI NEGRO T-S,STOP CEDI,Aprobado,UND ,56,41,0,41,2026-07-08,01-2026, ,2026-04-24,2026-05-26,1,COLORES  ,1,3,T-S      ,0.0,INCOMPLETO
STOP,MOP-00000092,15007952                                          ,28-3JUL4,07-JULIO,15007952 - 19-4004 - 006  CAMISETA SISA ESENCI NEGRO T-XL,STOP CEDI,Aprobado,UND ,350,306,0,306,2026-07-08,01-2026, ,2026-04-24,2026-05-26,1,COLORES  ,1,6,T-XL     ,0.0,INCOMPLETO
STOP,MOP-00000093,15008888                                          ,28-3JUL4,07-JULIO,15008888 - IND01 - 016  RETROJEAN T/ALTO ESE INDIGO T-8,STOP CEDI,Aprobado,UND ,62,57,0,57,2026-07-08,01-2026, ,2026-04-24,2026-05-06,1,COLORES  ,1,16,T-8      ,0.0,INCOMPLETO
STOP,MOP-00000093,15008888                                          ,28-3JUL4,07-JULIO,15008888 - IND01 - 018  RETROJEAN T/ALTO ESE INDIGO T-10,STOP CEDI,Aprobado,UND ,52,52,0,52,2026-07-08,01-2026, ,2026-04-24,2026-05-06,1,COLORES  ,1,18,T-10     ,0.0,INCOMPLETO
STOP,MOP-00000093,15008888                                          ,28-3JUL4,07-JULIO,15008888 - IND01 - 019  RETROJEAN T/ALTO ESE INDIGO T-12,STOP CEDI,Aprobado,UND ,25,26,0,26,2026-07-08,01-2026, ,2026-04-24,2026-05-06,1,COLORES  ,1,19,T-12     ,0.0,INCOMPLETO
STOP,MOP-00000093,15008888                                          ,28-3JUL4,07-JULIO,15008888 - IND01 - 020  RETROJEAN T/ALTO ESE INDIGO T-14,STOP CEDI,Aprobado,UND ,26,26,0,26,2026-07-08,01-2026, ,2026-04-24,2026-05-06,1,COLORES  ,1,20,T-14     ,0.0,INCOMPLETO
STOP,MOP-00000094,15008952                                          ,28-3JUL4,07-JULIO,15008952 - 11-0601 - 005  CAMISETA PREMIUM SIS BLANCO T-L,STOP CEDI,Aprobado,UND ,300,284,281,3,2026-07-08,01-2026, ,2026-04-24,2026-04-28,1,COLORES  ,1,5,T-L      ,0.9894366197183099,INCOMPLETO
STOP,MOP-00000094,15008952                                          ,28-3JUL4,07-JULIO,15008952 - 11-0601 - 004  CAMISETA PREMIUM SIS BLANCO T-M,STOP CEDI,Cumplido,UND ,394,383,383,0,2026-07-08,01-2026, ,2026-04-24,2026-04-28,1,COLORES  ,1,4,T-M      ,1.0,CERRADO
STOP,MOP-00000094,15008952                                          ,28-3JUL4,07-JULIO,15008952 - 11-0601 - 003  CAMISETA PREMIUM SIS BLANCO T-S,STOP CEDI,Cumplido,UND ,599,542,542,0,2026-07-08,01-2026, ,2026-04-24,2026-04-28,1,COLORES  ,1,3,T-S      ,1.0,CERRADO
STOP,MOP-00000094,15008952                                          ,28-3JUL4,07-JULIO,15008952 - 11-0601 - 002  CAMISETA PREMIUM SIS BLANCO T-XS,STOP CEDI,Cumplido,UND ,200,188,188,0,2026-07-08,01-2026, ,2026-04-24,2026-04-28,1,COLORES  ,1,2,T-XS     ,1.0,CERRADO
STOP,MOP-00000094,15008952                                          ,28-3JUL4,07-JULIO,15008952 - 19-4004 - 005  CAMISETA PREMIUM SIS NEGRO T-L,STOP CEDI,Cumplido,UND ,400,369,369,0,2026-07-08,01-2026, ,2026-04-24,2026-04-28,1,COLORES  ,1,5,T-L      ,1.0,CERRADO
STOP,MOP-00000094,15008952                                          ,28-3JUL4,07-JULIO,15008952 - 19-4004 - 004  CAMISETA PREMIUM SIS NEGRO T-M,STOP CEDI,Cumplido,UND ,704,645,645,0,2026-07-08,01-2026, ,2026-04-24,2026-04-28,1,COLORES  ,1,4,T-M      ,1.0,CERRADO
STOP,MOP-00000094,15008952                                          ,28-3JUL4,07-JULIO,15008952 - 19-4004 - 003  CAMISETA PREMIUM SIS NEGRO T-S,STOP CEDI,Cumplido,UND ,399,369,369,0,2026-07-08,01-2026, ,2026-04-24,2026-04-28,1,COLORES  ,1,3,T-S      ,1.0,CERRADO
STOP,MOP-00000094,15008952                                          ,28-3JUL4,07-JULIO,15008952 - 19-4004 - 002  CAMISETA PREMIUM SIS NEGRO T-XS,STOP CEDI,Cumplido,UND ,200,192,192,0,2026-07-08,01-2026, ,2026-04-24,2026-04-28,1,COLORES  ,1,2,T-XS     ,1.0,CERRADO
STOP,MOP-00000095,ST0000277                                         ,25-3JUL1,07-JULIO,ST0000277 - 18-0527 - 002  BODY MANGA SISA RECO VERDE T-XS,STOP CEDI,Aprobado,UND ,154,117,116,1,2026-06-17,01-2026,001-AURA,2026-04-27,2026-04-29,1,COLORES  ,1,2,T-XS     ,0.9914529914529915,INCOMPLETO
STOP,MOP-00000095,ST0000277                                         ,25-3JUL1,07-JULIO,ST0000277 - 18-0527 - 003  BODY MANGA SISA RECO VERDE T-S,STOP CEDI,Aprobado,UND ,462,358,356,2,2026-06-17,01-2026,001-AURA,2026-04-27,2026-04-29,1,COLORES  ,1,3,T-S      ,0.994413407821229,INCOMPLETO
STOP,MOP-00000095,ST0000277                                         ,25-3JUL1,07-JULIO,ST0000277 - 18-0527 - 004  BODY MANGA SISA RECO VERDE T-M,STOP CEDI,Aprobado,UND ,615,467,217,250,2026-06-17,01-2026,001-AURA,2026-04-27,2026-04-29,1,COLORES  ,1,4,T-M      ,0.46466809421841543,INCOMPLETO
STOP,MOP-00000095,ST0000277                                         ,25-3JUL1,07-JULIO,ST0000277 - 18-0527 - 005  BODY MANGA SISA RECO VERDE T-L,STOP CEDI,Aprobado,UND ,462,350,149,201,2026-06-17,01-2026,001-AURA,2026-04-27,2026-04-29,1,COLORES  ,1,5,T-L      ,0.4257142857142857,INCOMPLETO
STOP,MOP-00000095,ST0000277                                         ,25-3JUL1,07-JULIO,ST0000277 - 18-0527 - 006  BODY MANGA SISA RECO VERDE T-XL,STOP CEDI,Aprobado,UND ,308,234,233,1,2026-06-17,01-2026,001-AURA,2026-04-27,2026-04-29,1,COLORES  ,1,6,T-XL     ,0.9957264957264957,INCOMPLETO
STOP,MOP-00000095,ST0000277                                         ,25-3JUL1,07-JULIO,ST0000277 - 19-1716 - 002  BODY MANGA SISA RECO ROJO T-XS,STOP CEDI,Aprobado,UND ,154,114,112,2,2026-06-17,01-2026,001-AURA,2026-04-27,2026-04-29,1,COLORES  ,1,2,T-XS     ,0.9824561403508771,INCOMPLETO
STOP,MOP-00000095,ST0000277                                         ,25-3JUL1,07-JULIO,ST0000277 - 19-1716 - 003  BODY MANGA SISA RECO ROJO T-S,STOP CEDI,Aprobado,UND ,462,352,298,54,2026-06-17,01-2026,001-AURA,2026-04-27,2026-04-29,1,COLORES  ,1,3,T-S      ,0.8465909090909091,INCOMPLETO
STOP,MOP-00000095,ST0000277                                         ,25-3JUL1,07-JULIO,ST0000277 - 19-1716 - 004  BODY MANGA SISA RECO ROJO T-M,STOP CEDI,Aprobado,UND ,615,456,446,10,2026-06-17,01-2026,001-AURA,2026-04-27,2026-04-29,1,COLORES  ,1,4,T-M      ,0.9780701754385965,INCOMPLETO
STOP,MOP-00000095,ST0000277                                         ,25-3JUL1,07-JULIO,ST0000277 - 19-1716 - 005  BODY MANGA SISA RECO ROJO T-L,STOP CEDI,Aprobado,UND ,462,342,334,8,2026-06-17,01-2026,001-AURA,2026-04-27,2026-04-29,1,COLORES  ,1,5,T-L      ,0.9766081871345029,INCOMPLETO
STOP,MOP-00000095,ST0000277                                         ,25-3JUL1,07-JULIO,ST0000277 - 19-1716 - 006  BODY MANGA SISA RECO ROJO T-XL,STOP CEDI,Aprobado,UND ,308,228,224,4,2026-06-17,01-2026,001-AURA,2026-04-27,2026-04-29,1,COLORES  ,1,6,T-XL     ,0.9824561403508771,INCOMPLETO
STOP,MOP-00000096,ST0000274                                         ,25-3JUL1,07-JULIO,ST0000274 - 14-0708 - 002  TOP MANGA CORTA CUEL BEIGE T-XS,STOP CEDI,Cumplido,UND ,169,78,78,0,2026-06-17,01-2026,001-AURA,2026-04-27,2026-05-07,1,COLORES  ,1,2,T-XS     ,1.0,CERRADO
STOP,MOP-00000096,ST0000274                                         ,25-3JUL1,07-JULIO,ST0000274 - 14-0708 - 003  TOP MANGA CORTA CUEL BEIGE T-S,STOP CEDI,Cumplido,UND ,508,250,250,0,2026-06-17,01-2026,001-AURA,2026-04-27,2026-05-07,1,COLORES  ,1,3,T-S      ,1.0,CERRADO
STOP,MOP-00000096,ST0000274                                         ,25-3JUL1,07-JULIO,ST0000274 - 14-0708 - 004  TOP MANGA CORTA CUEL BEIGE T-M,STOP CEDI,Cumplido,UND ,677,316,316,0,2026-06-17,01-2026,001-AURA,2026-04-27,2026-05-07,1,COLORES  ,1,4,T-M      ,1.0,CERRADO
STOP,MOP-00000096,ST0000274                                         ,25-3JUL1,07-JULIO,ST0000274 - 14-0708 - 005  TOP MANGA CORTA CUEL BEIGE T-L,STOP CEDI,Aprobado,UND ,508,232,231,1,2026-06-17,01-2026,001-AURA,2026-04-27,2026-05-07,1,COLORES  ,1,5,T-L      ,0.9956896551724138,INCOMPLETO
STOP,MOP-00000096,ST0000274                                         ,25-3JUL1,07-JULIO,ST0000274 - 14-0708 - 006  TOP MANGA CORTA CUEL BEIGE T-XL,STOP CEDI,Aprobado,UND ,338,156,155,1,2026-06-17,01-2026,001-AURA,2026-04-27,2026-05-07,1,COLORES  ,1,6,T-XL     ,0.9935897435897436,INCOMPLETO
STOP,MOP-00000097,ST0000290                                         ,26-3JUL2,07-JULIO,ST0000290 - 19-1940 - 002  CAMISETA MANGA CORTA ROJO T-XS,STOP CEDI,Aprobado,UND ,169,147,0,147,2026-06-24,01-2026,002-BOHO ROMANTICO,2026-04-27,2026-04-29,1,COLORES  ,1,2,T-XS     ,0.0,INCOMPLETO
STOP,MOP-00000097,ST0000290                                         ,26-3JUL2,07-JULIO,ST0000290 - 19-1940 - 003  CAMISETA MANGA CORTA ROJO T-S,STOP CEDI,Aprobado,UND ,508,456,0,456,2026-06-24,01-2026,002-BOHO ROMANTICO,2026-04-27,2026-04-29,1,COLORES  ,1,3,T-S      ,0.0,INCOMPLETO
STOP,MOP-00000097,ST0000290                                         ,26-3JUL2,07-JULIO,ST0000290 - 19-1940 - 004  CAMISETA MANGA CORTA ROJO T-M,STOP CEDI,Aprobado,UND ,677,597,0,597,2026-06-24,01-2026,002-BOHO ROMANTICO,2026-04-27,2026-04-29,1,COLORES  ,1,4,T-M      ,0.0,INCOMPLETO
STOP,MOP-00000097,ST0000290                                         ,26-3JUL2,07-JULIO,ST0000290 - 19-1940 - 005  CAMISETA MANGA CORTA ROJO T-L,STOP CEDI,Aprobado,UND ,508,441,0,441,2026-06-24,01-2026,002-BOHO ROMANTICO,2026-04-27,2026-04-29,1,COLORES  ,1,5,T-L      ,0.0,INCOMPLETO
STOP,MOP-00000097,ST0000290                                         ,26-3JUL2,07-JULIO,ST0000290 - 19-1940 - 006  CAMISETA MANGA CORTA ROJO T-XL,STOP CEDI,Aprobado,UND ,338,294,0,294,2026-06-24,01-2026,002-BOHO ROMANTICO,2026-04-27,2026-04-29,1,COLORES  ,1,6,T-XL     ,0.0,INCOMPLETO
STOP,MOP-00000098,ST0000290                                         ,26-3JUL2,07-JULIO,ST0000290 - 11-4202 - 002  CAMISETA MANGA CORTA CREMA T-XS,STOP CEDI,Aprobado,UND ,169,147,0,147,2026-06-04,01-2026,002-BOHO ROMANTICO,2026-04-27,2026-05-08,1,COLORES  ,1,2,T-XS     ,0.0,INCOMPLETO
STOP,MOP-00000098,ST0000290                                         ,26-3JUL2,07-JULIO,ST0000290 - 11-4202 - 003  CAMISETA MANGA CORTA CREMA T-S,STOP CEDI,Aprobado,UND ,508,471,0,471,2026-06-04,01-2026,002-BOHO ROMANTICO,2026-04-27,2026-05-08,1,COLORES  ,1,3,T-S      ,0.0,INCOMPLETO
STOP,MOP-00000098,ST0000290                                         ,26-3JUL2,07-JULIO,ST0000290 - 11-4202 - 004  CAMISETA MANGA CORTA CREMA T-M,STOP CEDI,Aprobado,UND ,677,588,0,588,2026-06-04,01-2026,002-BOHO ROMANTICO,2026-04-27,2026-05-08,1,COLORES  ,1,4,T-M      ,0.0,INCOMPLETO
STOP,MOP-00000098,ST0000290                                         ,26-3JUL2,07-JULIO,ST0000290 - 11-4202 - 005  CAMISETA MANGA CORTA CREMA T-L,STOP CEDI,Aprobado,UND ,508,441,0,441,2026-06-04,01-2026,002-BOHO ROMANTICO,2026-04-27,2026-05-08,1,COLORES  ,1,5,T-L      ,0.0,INCOMPLETO
STOP,MOP-00000098,ST0000290                                         ,26-3JUL2,07-JULIO,ST0000290 - 11-4202 - 006  CAMISETA MANGA CORTA CREMA T-XL,STOP CEDI,Aprobado,UND ,338,294,0,294,2026-06-04,01-2026,002-BOHO ROMANTICO,2026-04-27,2026-05-08,1,COLORES  ,1,6,T-XL     ,0.0,INCOMPLETO
STOP,MOP-00000099,ST0000285                                         ,26-3JUL2,07-JULIO,ST0000285 - 18-1232 - 002  CAMISA MANGA 3/4 CAFE T-XS,STOP CEDI,Aprobado,UND ,182,205,0,205,2026-06-24,01-2026,002-BOHO ROMANTICO,2026-04-27,2026-04-29,1,COLORES  ,1,2,T-XS     ,0.0,INCOMPLETO
STOP,MOP-00000099,ST0000285                                         ,26-3JUL2,07-JULIO,ST0000285 - 18-1232 - 003  CAMISA MANGA 3/4 CAFE T-S,STOP CEDI,Aprobado,UND ,545,551,0,551,2026-06-24,01-2026,002-BOHO ROMANTICO,2026-04-27,2026-04-29,1,COLORES  ,1,3,T-S      ,0.0,INCOMPLETO
STOP,MOP-00000099,ST0000285                                         ,26-3JUL2,07-JULIO,ST0000285 - 18-1232 - 004  CAMISA MANGA 3/4 CAFE T-M,STOP CEDI,Aprobado,UND ,727,734,0,734,2026-06-24,01-2026,002-BOHO ROMANTICO,2026-04-27,2026-04-29,1,COLORES  ,1,4,T-M      ,0.0,INCOMPLETO
STOP,MOP-00000099,ST0000285                                         ,26-3JUL2,07-JULIO,ST0000285 - 18-1232 - 005  CAMISA MANGA 3/4 CAFE T-L,STOP CEDI,Aprobado,UND ,545,544,0,544,2026-06-24,01-2026,002-BOHO ROMANTICO,2026-04-27,2026-04-29,1,COLORES  ,1,5,T-L      ,0.0,INCOMPLETO
STOP,MOP-00000099,ST0000285                                         ,26-3JUL2,07-JULIO,ST0000285 - 12-0704 - 002  CAMISA MANGA 3/4 CREMA T-XS,STOP CEDI,Aprobado,UND ,182,200,0,200,2026-06-24,01-2026,002-BOHO ROMANTICO,2026-04-27,2026-04-29,1,COLORES  ,1,2,T-XS     ,0.0,INCOMPLETO
STOP,MOP-00000099,ST0000285                                         ,26-3JUL2,07-JULIO,ST0000285 - 12-0704 - 003  CAMISA MANGA 3/4 CREMA T-S,STOP CEDI,Aprobado,UND ,545,561,0,561,2026-06-24,01-2026,002-BOHO ROMANTICO,2026-04-27,2026-04-29,1,COLORES  ,1,3,T-S      ,0.0,INCOMPLETO
STOP,MOP-00000099,ST0000285                                         ,26-3JUL2,07-JULIO,ST0000285 - 12-0704 - 004  CAMISA MANGA 3/4 CREMA T-M,STOP CEDI,Aprobado,UND ,727,748,0,748,2026-06-24,01-2026,002-BOHO ROMANTICO,2026-04-27,2026-04-29,1,COLORES  ,1,4,T-M      ,0.0,INCOMPLETO
STOP,MOP-00000099,ST0000285                                         ,26-3JUL2,07-JULIO,ST0000285 - 12-0704 - 005  CAMISA MANGA 3/4 CREMA T-L,STOP CEDI,Aprobado,UND ,545,555,0,555,2026-06-24,01-2026,002-BOHO ROMANTICO,2026-04-27,2026-04-29,1,COLORES  ,1,5,T-L      ,0.0,INCOMPLETO
STOP,MOP-00000100,ST0000289                                         ,26-3JUL2,07-JULIO,ST0000289 - 18-1232 - 002  CAMISETA MANGA LARGA CAFE T-XS,STOP CEDI,Aprobado,UND ,154,99,0,99,2026-06-24,01-2026,002-BOHO ROMANTICO,2026-04-27,2026-04-29,1,COLORES  ,1,2,T-XS     ,0.0,INCOMPLETO
STOP,MOP-00000100,ST0000289                                         ,26-3JUL2,07-JULIO,ST0000289 - 18-1232 - 003  CAMISETA MANGA LARGA CAFE T-S,STOP CEDI,Aprobado,UND ,462,361,0,361,2026-06-24,01-2026,002-BOHO ROMANTICO,2026-04-27,2026-04-29,1,COLORES  ,1,3,T-S      ,0.0,INCOMPLETO
STOP,MOP-00000100,ST0000289                                         ,26-3JUL2,07-JULIO,ST0000289 - 18-1232 - 004  CAMISETA MANGA LARGA CAFE T-M,STOP CEDI,Aprobado,UND ,615,493,0,493,2026-06-24,01-2026,002-BOHO ROMANTICO,2026-04-27,2026-04-29,1,COLORES  ,1,4,T-M      ,0.0,INCOMPLETO
STOP,MOP-00000100,ST0000289                                         ,26-3JUL2,07-JULIO,ST0000289 - 18-1232 - 005  CAMISETA MANGA LARGA CAFE T-L,STOP CEDI,Aprobado,UND ,462,357,0,357,2026-06-24,01-2026,002-BOHO ROMANTICO,2026-04-27,2026-04-29,1,COLORES  ,1,5,T-L      ,0.0,INCOMPLETO
STOP,MOP-00000100,ST0000289                                         ,26-3JUL2,07-JULIO,ST0000289 - 18-1232 - 006  CAMISETA MANGA LARGA CAFE T-XL,STOP CEDI,Aprobado,UND ,308,228,0,228,2026-06-24,01-2026,002-BOHO ROMANTICO,2026-04-27,2026-04-29,1,COLORES  ,1,6,T-XL     ,0.0,INCOMPLETO
STOP,MOP-00000101,ST0000295                                         ,26-3JUL2,07-JULIO,ST0000295 - 17-1520 - 002  CAMISETA MANGA CORTA ROSADO T-XS,STOP CEDI,Cumplido,UND ,147,74,74,0,2026-06-24,01-2026,002-BOHO ROMANTICO,2026-04-27,2026-04-29,1,COLORES  ,1,2,T-XS     ,1.0,CERRADO
STOP,MOP-00000101,ST0000295                                         ,26-3JUL2,07-JULIO,ST0000295 - 17-1520 - 003  CAMISETA MANGA CORTA ROSADO T-S,STOP CEDI,Aprobado,UND ,588,312,309,3,2026-06-24,01-2026,002-BOHO ROMANTICO,2026-04-27,2026-04-29,1,COLORES  ,1,3,T-S      ,0.9903846153846154,INCOMPLETO
STOP,MOP-00000101,ST0000295                                         ,26-3JUL2,07-JULIO,ST0000295 - 17-1520 - 004  CAMISETA MANGA CORTA ROSADO T-M,STOP CEDI,Aprobado,UND ,735,389,385,4,2026-06-24,01-2026,002-BOHO ROMANTICO,2026-04-27,2026-04-29,1,COLORES  ,1,4,T-M      ,0.9897172236503856,INCOMPLETO
STOP,MOP-00000101,ST0000295                                         ,26-3JUL2,07-JULIO,ST0000295 - 17-1520 - 005  CAMISETA MANGA CORTA ROSADO T-L,STOP CEDI,Aprobado,UND ,588,294,292,2,2026-06-24,01-2026,002-BOHO ROMANTICO,2026-04-27,2026-04-29,1,COLORES  ,1,5,T-L      ,0.9931972789115646,INCOMPLETO
STOP,MOP-00000101,ST0000295                                         ,26-3JUL2,07-JULIO,ST0000295 - 17-1520 - 006  CAMISETA MANGA CORTA ROSADO T-XL,STOP CEDI,Aprobado,UND ,441,220,218,2,2026-06-24,01-2026,002-BOHO ROMANTICO,2026-04-27,2026-04-29,1,COLORES  ,1,6,T-XL     ,0.990909090909091,INCOMPLETO
STOP,MOP-00000102,ST0001313                                         ,26-3JUL2,07-JULIO,ST0001313 - 12-0704 - 002  CAMISETA MANGA CORTA CREMA T-XS,STOP CEDI,Aprobado,UND ,147,146,0,146,2026-06-24,01-2026,002-BOHO ROMANTICO,2026-04-27,2026-05-11,1,COLORES  ,1,2,T-XS     ,0.0,INCOMPLETO
STOP,MOP-00000102,ST0001313                                         ,26-3JUL2,07-JULIO,ST0001313 - 12-0704 - 003  CAMISETA MANGA CORTA CREMA T-S,STOP CEDI,Aprobado,UND ,588,632,0,632,2026-06-24,01-2026,002-BOHO ROMANTICO,2026-04-27,2026-05-11,1,COLORES  ,1,3,T-S      ,0.0,INCOMPLETO
STOP,MOP-00000102,ST0001313                                         ,26-3JUL2,07-JULIO,ST0001313 - 12-0704 - 004  CAMISETA MANGA CORTA CREMA T-M,STOP CEDI,Aprobado,UND ,735,766,0,766,2026-06-24,01-2026,002-BOHO ROMANTICO,2026-04-27,2026-05-11,1,COLORES  ,1,4,T-M      ,0.0,INCOMPLETO
STOP,MOP-00000102,ST0001313                                         ,26-3JUL2,07-JULIO,ST0001313 - 12-0704 - 005  CAMISETA MANGA CORTA CREMA T-L,STOP CEDI,Aprobado,UND ,588,614,0,614,2026-06-24,01-2026,002-BOHO ROMANTICO,2026-04-27,2026-05-11,1,COLORES  ,1,5,T-L      ,0.0,INCOMPLETO
STOP,MOP-00000102,ST0001313                                         ,26-3JUL2,07-JULIO,ST0001313 - 12-0704 - 006  CAMISETA MANGA CORTA CREMA T-XL,STOP CEDI,Aprobado,UND ,441,453,0,453,2026-06-24,01-2026,002-BOHO ROMANTICO,2026-04-27,2026-05-11,1,COLORES  ,1,6,T-XL     ,0.0,INCOMPLETO
STOP,MOP-00000103,ST0004573                                         ,18-2MAY2,05-MAYO,ST0004573 - 17-1422 - 014  PANTALON VAQUERO TIR CAFE T-6,STOP CEDI,Cumplido,UND ,413,253,253,0,2026-04-27,01-2026,017-FLORAL DENIM,2026-04-28,2026-04-30,1,COLORES  ,1,14,T-6      ,1.0,CERRADO
STOP,MOP-00000103,ST0004573                                         ,18-2MAY2,05-MAYO,ST0004573 - 17-1422 - 016  PANTALON VAQUERO TIR CAFE T-8,STOP CEDI,Cumplido,UND ,516,316,316,0,2026-04-27,01-2026,017-FLORAL DENIM,2026-04-28,2026-04-30,1,COLORES  ,1,16,T-8      ,1.0,CERRADO
STOP,MOP-00000103,ST0004573                                         ,18-2MAY2,05-MAYO,ST0004573 - 17-1422 - 018  PANTALON VAQUERO TIR CAFE T-10,STOP CEDI,Cumplido,UND ,516,316,316,0,2026-04-27,01-2026,017-FLORAL DENIM,2026-04-28,2026-04-30,1,COLORES  ,1,18,T-10     ,1.0,CERRADO
STOP,MOP-00000103,ST0004573                                         ,18-2MAY2,05-MAYO,ST0004573 - 17-1422 - 019  PANTALON VAQUERO TIR CAFE T-12,STOP CEDI,Cumplido,UND ,413,243,243,0,2026-04-27,01-2026,017-FLORAL DENIM,2026-04-28,2026-04-30,1,COLORES  ,1,19,T-12     ,1.0,CERRADO
STOP,MOP-00000103,ST0004573                                         ,18-2MAY2,05-MAYO,ST0004573 - 17-1422 - 020  PANTALON VAQUERO TIR CAFE T-14,STOP CEDI,Cumplido,UND ,309,186,186,0,2026-04-27,01-2026,017-FLORAL DENIM,2026-04-28,2026-04-30,1,COLORES  ,1,20,T-14     ,1.0,CERRADO
STOP,MOP-00000103,ST0004573                                         ,18-2MAY2,05-MAYO,ST0004573 - 17-1422 - 021  PANTALON VAQUERO TIR CAFE T-16,STOP CEDI,Cumplido,UND ,206,130,130,0,2026-04-27,01-2026,017-FLORAL DENIM,2026-04-28,2026-04-30,1,COLORES  ,1,21,T-16     ,1.0,CERRADO
STOP,MOP-00000104,ST0000267                                         ,25-3JUL1,07-JULIO,ST0000267 - 14-0708 - 003  CAMISA MANGA LARGA C BEIGE T-S,STOP CEDI,Aprobado,UND ,660,530,0,530,2026-06-17,01-2026,001-AURA,2026-04-28,2026-04-30,1,COLORES  ,1,3,T-S      ,0.0,INCOMPLETO
STOP,MOP-00000104,ST0000267                                         ,25-3JUL1,07-JULIO,ST0000267 - 14-0708 - 004  CAMISA MANGA LARGA C BEIGE T-M,STOP CEDI,Aprobado,UND ,880,846,0,846,2026-06-17,01-2026,001-AURA,2026-04-28,2026-04-30,1,COLORES  ,1,4,T-M      ,0.0,INCOMPLETO
STOP,MOP-00000104,ST0000267                                         ,25-3JUL1,07-JULIO,ST0000267 - 14-0708 - 005  CAMISA MANGA LARGA C BEIGE T-L,STOP CEDI,Aprobado,UND ,660,635,0,635,2026-06-17,01-2026,001-AURA,2026-04-28,2026-04-30,1,COLORES  ,1,5,T-L      ,0.0,INCOMPLETO
STOP,MOP-00000104,ST0000267                                         ,25-3JUL1,07-JULIO,ST0000267 - 14-0708 - 006  CAMISA MANGA LARGA C BEIGE T-XL,STOP CEDI,Aprobado,UND ,440,529,0,529,2026-06-17,01-2026,001-AURA,2026-04-28,2026-04-30,1,COLORES  ,1,6,T-XL     ,0.0,INCOMPLETO
STOP,MOP-00000105,ST0000312                                         ,26-3JUL2,07-JULIO,ST0000312 - IND02 - 014  LEVANTACOLA TIRO ALT INDIGO T-6,STOP CEDI,Aprobado,UND ,600,615,0,615,2026-06-24,01-2026,002-BOHO ROMANTICO,2026-04-28,2026-04-30,1,COLORES  ,1,14,T-6      ,0.0,INCOMPLETO
STOP,MOP-00000105,ST0000312                                         ,26-3JUL2,07-JULIO,ST0000312 - IND02 - 016  LEVANTACOLA TIRO ALT INDIGO T-8,STOP CEDI,Aprobado,UND ,750,714,0,714,2026-06-24,01-2026,002-BOHO ROMANTICO,2026-04-28,2026-04-30,1,COLORES  ,1,16,T-8      ,0.0,INCOMPLETO
STOP,MOP-00000105,ST0000312                                         ,26-3JUL2,07-JULIO,ST0000312 - IND02 - 018  LEVANTACOLA TIRO ALT INDIGO T-10,STOP CEDI,Aprobado,UND ,750,701,0,701,2026-06-24,01-2026,002-BOHO ROMANTICO,2026-04-28,2026-04-30,1,COLORES  ,1,18,T-10     ,0.0,INCOMPLETO
STOP,MOP-00000105,ST0000312                                         ,26-3JUL2,07-JULIO,ST0000312 - IND02 - 019  LEVANTACOLA TIRO ALT INDIGO T-12,STOP CEDI,Aprobado,UND ,600,597,0,597,2026-06-24,01-2026,002-BOHO ROMANTICO,2026-04-28,2026-04-30,1,COLORES  ,1,19,T-12     ,0.0,INCOMPLETO
STOP,MOP-00000105,ST0000312                                         ,26-3JUL2,07-JULIO,ST0000312 - IND02 - 020  LEVANTACOLA TIRO ALT INDIGO T-14,STOP CEDI,Aprobado,UND ,450,502,0,502,2026-06-24,01-2026,002-BOHO ROMANTICO,2026-04-28,2026-04-30,1,COLORES  ,1,20,T-14     ,0.0,INCOMPLETO
STOP,MOP-00000105,ST0000312                                         ,26-3JUL2,07-JULIO,ST0000312 - IND02 - 021  LEVANTACOLA TIRO ALT INDIGO T-16,STOP CEDI,Aprobado,UND ,300,300,0,300,2026-06-24,01-2026,002-BOHO ROMANTICO,2026-04-28,2026-04-30,1,COLORES  ,1,21,T-16     ,0.0,INCOMPLETO
STOP,MOP-00000106,ST0000294                                         ,26-3JUL2,07-JULIO,ST0000294 - 18-1232 - 002  CAMISETA MANGA CORTA CAFE T-XS,STOP CEDI,Aprobado,UND ,147,170,0,170,2026-06-24,01-2026,002-BOHO ROMANTICO,2026-04-28,2026-05-05,1,COLORES  ,1,2,T-XS     ,0.0,INCOMPLETO
STOP,MOP-00000106,ST0000294                                         ,26-3JUL2,07-JULIO,ST0000294 - 18-1232 - 003  CAMISETA MANGA CORTA CAFE T-S,STOP CEDI,Aprobado,UND ,588,689,0,689,2026-06-24,01-2026,002-BOHO ROMANTICO,2026-04-28,2026-05-05,1,COLORES  ,1,3,T-S      ,0.0,INCOMPLETO
STOP,MOP-00000106,ST0000294                                         ,26-3JUL2,07-JULIO,ST0000294 - 18-1232 - 004  CAMISETA MANGA CORTA CAFE T-M,STOP CEDI,Aprobado,UND ,735,875,0,875,2026-06-24,01-2026,002-BOHO ROMANTICO,2026-04-28,2026-05-05,1,COLORES  ,1,4,T-M      ,0.0,INCOMPLETO
STOP,MOP-00000106,ST0000294                                         ,26-3JUL2,07-JULIO,ST0000294 - 18-1232 - 005  CAMISETA MANGA CORTA CAFE T-L,STOP CEDI,Aprobado,UND ,588,670,0,670,2026-06-24,01-2026,002-BOHO ROMANTICO,2026-04-28,2026-05-05,1,COLORES  ,1,5,T-L      ,0.0,INCOMPLETO
STOP,MOP-00000106,ST0000294                                         ,26-3JUL2,07-JULIO,ST0000294 - 18-1232 - 006  CAMISETA MANGA CORTA CAFE T-XL,STOP CEDI,Aprobado,UND ,441,510,0,510,2026-06-24,01-2026,002-BOHO ROMANTICO,2026-04-28,2026-05-05,1,COLORES  ,1,6,T-XL     ,0.0,INCOMPLETO
STOP,MOP-00000107,ST0000314                                         ,27-3JUL3,07-JULIO,ST0000314 - IND03 - 014  VAQUERO TIRO ALTO OP INDIGO T-6,STOP CEDI,Aprobado,UND ,450,508,0,508,2026-07-01,01-2026,002-BOHO ROMANTICO,2026-04-28,2026-05-01,1,COLORES  ,1,14,T-6      ,0.0,INCOMPLETO
STOP,MOP-00000107,ST0000314                                         ,27-3JUL3,07-JULIO,ST0000314 - IND03 - 016  VAQUERO TIRO ALTO OP INDIGO T-8,STOP CEDI,Aprobado,UND ,750,727,0,727,2026-07-01,01-2026,002-BOHO ROMANTICO,2026-04-28,2026-05-01,1,COLORES  ,1,16,T-8      ,0.0,INCOMPLETO
STOP,MOP-00000107,ST0000314                                         ,27-3JUL3,07-JULIO,ST0000314 - IND03 - 018  VAQUERO TIRO ALTO OP INDIGO T-10,STOP CEDI,Aprobado,UND ,750,713,0,713,2026-07-01,01-2026,002-BOHO ROMANTICO,2026-04-28,2026-05-01,1,COLORES  ,1,18,T-10     ,0.0,INCOMPLETO
STOP,MOP-00000107,ST0000314                                         ,27-3JUL3,07-JULIO,ST0000314 - IND03 - 019  VAQUERO TIRO ALTO OP INDIGO T-12,STOP CEDI,Aprobado,UND ,450,524,0,524,2026-07-01,01-2026,002-BOHO ROMANTICO,2026-04-28,2026-05-01,1,COLORES  ,1,19,T-12     ,0.0,INCOMPLETO
STOP,MOP-00000107,ST0000314                                         ,27-3JUL3,07-JULIO,ST0000314 - IND03 - 020  VAQUERO TIRO ALTO OP INDIGO T-14,STOP CEDI,Aprobado,UND ,300,304,0,304,2026-07-01,01-2026,002-BOHO ROMANTICO,2026-04-28,2026-05-01,1,COLORES  ,1,20,T-14     ,0.0,INCOMPLETO
STOP,MOP-00000107,ST0000314                                         ,27-3JUL3,07-JULIO,ST0000314 - IND03 - 021  VAQUERO TIRO ALTO OP INDIGO T-16,STOP CEDI,Aprobado,UND ,300,304,0,304,2026-07-01,01-2026,002-BOHO ROMANTICO,2026-04-28,2026-05-01,1,COLORES  ,1,21,T-16     ,0.0,INCOMPLETO
STOP,MOP-00000108,ST0000313                                         ,26-3JUL2,07-JULIO,ST0000313 - IND04 - 014  TEJANO TIRO ALTO LAV INDIGO T-6,STOP CEDI,Aprobado,UND ,487,462,0,462,2026-06-24,01-2026,002-BOHO ROMANTICO,2026-04-29,2026-05-04,1,COLORES  ,1,14,T-6      ,0.0,INCOMPLETO
STOP,MOP-00000108,ST0000313                                         ,26-3JUL2,07-JULIO,ST0000313 - IND04 - 016  TEJANO TIRO ALTO LAV INDIGO T-8,STOP CEDI,Aprobado,UND ,609,524,0,524,2026-06-24,01-2026,002-BOHO ROMANTICO,2026-04-29,2026-05-04,1,COLORES  ,1,16,T-8      ,0.0,INCOMPLETO
STOP,MOP-00000108,ST0000313                                         ,26-3JUL2,07-JULIO,ST0000313 - IND04 - 018  TEJANO TIRO ALTO LAV INDIGO T-10,STOP CEDI,Aprobado,UND ,609,568,0,568,2026-06-24,01-2026,002-BOHO ROMANTICO,2026-04-29,2026-05-04,1,COLORES  ,1,18,T-10     ,0.0,INCOMPLETO
STOP,MOP-00000108,ST0000313                                         ,26-3JUL2,07-JULIO,ST0000313 - IND04 - 019  TEJANO TIRO ALTO LAV INDIGO T-12,STOP CEDI,Aprobado,UND ,487,462,0,462,2026-06-24,01-2026,002-BOHO ROMANTICO,2026-04-29,2026-05-04,1,COLORES  ,1,19,T-12     ,0.0,INCOMPLETO
STOP,MOP-00000108,ST0000313                                         ,26-3JUL2,07-JULIO,ST0000313 - IND04 - 020  TEJANO TIRO ALTO LAV INDIGO T-14,STOP CEDI,Aprobado,UND ,365,373,0,373,2026-06-24,01-2026,002-BOHO ROMANTICO,2026-04-29,2026-05-04,1,COLORES  ,1,20,T-14     ,0.0,INCOMPLETO
STOP,MOP-00000108,ST0000313                                         ,26-3JUL2,07-JULIO,ST0000313 - IND04 - 021  TEJANO TIRO ALTO LAV INDIGO T-16,STOP CEDI,Aprobado,UND ,243,262,0,262,2026-06-24,01-2026,002-BOHO ROMANTICO,2026-04-29,2026-05-04,1,COLORES  ,1,21,T-16     ,0.0,INCOMPLETO
STOP,MOP-00000109,ST0000319                                         ,27-3JUL3,07-JULIO,ST0000319 - IND03 - 014  SHORT TIRO ALTO LAV INDIGO T-6,STOP CEDI,Aprobado,UND ,381,361,0,361,2026-07-01,01-2026,002-BOHO ROMANTICO,2026-04-30,2026-05-20,1,COLORES  ,1,14,T-6      ,0.0,INCOMPLETO
STOP,MOP-00000109,ST0000319                                         ,27-3JUL3,07-JULIO,ST0000319 - IND03 - 016  SHORT TIRO ALTO LAV INDIGO T-8,STOP CEDI,Aprobado,UND ,476,445,0,445,2026-07-01,01-2026,002-BOHO ROMANTICO,2026-04-30,2026-05-20,1,COLORES  ,1,16,T-8      ,0.0,INCOMPLETO
STOP,MOP-00000109,ST0000319                                         ,27-3JUL3,07-JULIO,ST0000319 - IND03 - 018  SHORT TIRO ALTO LAV INDIGO T-10,STOP CEDI,Aprobado,UND ,476,442,0,442,2026-07-01,01-2026,002-BOHO ROMANTICO,2026-04-30,2026-05-20,1,COLORES  ,1,18,T-10     ,0.0,INCOMPLETO
STOP,MOP-00000109,ST0000319                                         ,27-3JUL3,07-JULIO,ST0000319 - IND03 - 019  SHORT TIRO ALTO LAV INDIGO T-12,STOP CEDI,Aprobado,UND ,381,353,0,353,2026-07-01,01-2026,002-BOHO ROMANTICO,2026-04-30,2026-05-20,1,COLORES  ,1,19,T-12     ,0.0,INCOMPLETO
STOP,MOP-00000109,ST0000319                                         ,27-3JUL3,07-JULIO,ST0000319 - IND03 - 020  SHORT TIRO ALTO LAV INDIGO T-14,STOP CEDI,Aprobado,UND ,286,264,0,264,2026-07-01,01-2026,002-BOHO ROMANTICO,2026-04-30,2026-05-20,1,COLORES  ,1,20,T-14     ,0.0,INCOMPLETO
STOP,MOP-00000110,15008888                                          ,25-3JUL1,07-JULIO,15008888 - IND02 - 014  RETROJEAN T/ALTO ESE INDIGO T-6,STOP CEDI,Aprobado,UND ,57,57,0,57,2026-07-08,01-2026, ,2026-04-30,2026-05-05,1,COLORES  ,1,14,T-6      ,0.0,INCOMPLETO
STOP,MOP-00000110,15008888                                          ,25-3JUL1,07-JULIO,15008888 - IND02 - 016  RETROJEAN T/ALTO ESE INDIGO T-8,STOP CEDI,Aprobado,UND ,99,85,0,85,2026-07-08,01-2026, ,2026-04-30,2026-05-05,1,COLORES  ,1,16,T-8      ,0.0,INCOMPLETO
STOP,MOP-00000110,15008888                                          ,25-3JUL1,07-JULIO,15008888 - IND02 - 018  RETROJEAN T/ALTO ESE INDIGO T-10,STOP CEDI,Aprobado,UND ,87,86,0,86,2026-07-08,01-2026, ,2026-04-30,2026-05-05,1,COLORES  ,1,18,T-10     ,0.0,INCOMPLETO
STOP,MOP-00000110,15008888                                          ,25-3JUL1,07-JULIO,15008888 - IND02 - 019  RETROJEAN T/ALTO ESE INDIGO T-12,STOP CEDI,Aprobado,UND ,63,57,0,57,2026-07-08,01-2026, ,2026-04-30,2026-05-05,1,COLORES  ,1,19,T-12     ,0.0,INCOMPLETO
STOP,MOP-00000110,15008888                                          ,25-3JUL1,07-JULIO,15008888 - IND02 - 020  RETROJEAN T/ALTO ESE INDIGO T-14,STOP CEDI,Aprobado,UND ,36,28,0,28,2026-07-08,01-2026, ,2026-04-30,2026-05-05,1,COLORES  ,1,20,T-14     ,0.0,INCOMPLETO
STOP,MOP-00000111,15008888                                          ,28-3JUL4,07-JULIO,15008888 - IND04 - 016  RETROJEAN T/ALTO ESE INDIGO T-8,STOP CEDI,Aprobado,UND ,84,84,0,84,2026-07-08,01-2026, ,2026-04-30,2026-05-05,1,COLORES  ,1,16,T-8      ,0.0,INCOMPLETO
STOP,MOP-00000111,15008888                                          ,28-3JUL4,07-JULIO,15008888 - IND04 - 018  RETROJEAN T/ALTO ESE INDIGO T-10,STOP CEDI,Aprobado,UND ,68,76,0,76,2026-07-08,01-2026, ,2026-04-30,2026-05-05,1,COLORES  ,1,18,T-10     ,0.0,INCOMPLETO
STOP,MOP-00000111,15008888                                          ,28-3JUL4,07-JULIO,15008888 - IND04 - 019  RETROJEAN T/ALTO ESE INDIGO T-12,STOP CEDI,Aprobado,UND ,38,36,0,36,2026-07-08,01-2026, ,2026-04-30,2026-05-05,1,COLORES  ,1,19,T-12     ,0.0,INCOMPLETO
STOP,MOP-00000111,15008888                                          ,28-3JUL4,07-JULIO,15008888 - IND04 - 020  RETROJEAN T/ALTO ESE INDIGO T-14,STOP CEDI,Aprobado,UND ,33,32,0,32,2026-07-08,01-2026, ,2026-04-30,2026-05-05,1,COLORES  ,1,20,T-14     ,0.0,INCOMPLETO
STOP,MOP-00000112,ST0004576                                         ,21-2JUN1,06-JUNIO,ST0004576 - 11-0601 - 002  BLUSA MC CON RECOGID BLANCO T-XS,STOP CEDI,Cumplido,UND ,92,78,78,0,2026-05-20,01-2026,022-CAPSULAS FERIAS,2026-04-30,2026-05-05,1,COLORES  ,1,2,T-XS     ,1.0,CERRADO
STOP,MOP-00000112,ST0004576                                         ,21-2JUN1,06-JUNIO,ST0004576 - 11-0601 - 003  BLUSA MC CON RECOGID BLANCO T-S,STOP CEDI,Cumplido,UND ,277,218,218,0,2026-05-20,01-2026,022-CAPSULAS FERIAS,2026-04-30,2026-05-05,1,COLORES  ,1,3,T-S      ,1.0,CERRADO
STOP,MOP-00000112,ST0004576                                         ,21-2JUN1,06-JUNIO,ST0004576 - 11-0601 - 004  BLUSA MC CON RECOGID BLANCO T-M,STOP CEDI,Cumplido,UND ,369,280,280,0,2026-05-20,01-2026,022-CAPSULAS FERIAS,2026-04-30,2026-05-05,1,COLORES  ,1,4,T-M      ,1.0,CERRADO
STOP,MOP-00000112,ST0004576                                         ,21-2JUN1,06-JUNIO,ST0004576 - 11-0601 - 005  BLUSA MC CON RECOGID BLANCO T-L,STOP CEDI,Cumplido,UND ,277,210,210,0,2026-05-20,01-2026,022-CAPSULAS FERIAS,2026-04-30,2026-05-05,1,COLORES  ,1,5,T-L      ,1.0,CERRADO
STOP,MOP-00000112,ST0004576                                         ,21-2JUN1,06-JUNIO,ST0004576 - 11-0601 - 006  BLUSA MC CON RECOGID BLANCO T-XL,STOP CEDI,Cumplido,UND ,185,140,140,0,2026-05-20,01-2026,022-CAPSULAS FERIAS,2026-04-30,2026-05-05,1,COLORES  ,1,6,T-XL     ,1.0,CERRADO
STOP,MOP-00000113,ST0004582                                         ,21-2JUN1,06-JUNIO,ST0004582 - 11-0602 - 002  BLUSA M3/4 CON ESCOT CREMA T-XS,STOP CEDI,Aprobado,UND ,169,169,0,169,2026-05-20,01-2026,018-INDIE SUMMER,2026-04-30,2026-05-05,1,COLORES  ,1,2,T-XS     ,0.0,INCOMPLETO
STOP,MOP-00000113,ST0004582                                         ,21-2JUN1,06-JUNIO,ST0004582 - 11-0602 - 003  BLUSA M3/4 CON ESCOT CREMA T-S,STOP CEDI,Aprobado,UND ,508,479,0,479,2026-05-20,01-2026,018-INDIE SUMMER,2026-04-30,2026-05-05,1,COLORES  ,1,3,T-S      ,0.0,INCOMPLETO
STOP,MOP-00000113,ST0004582                                         ,21-2JUN1,06-JUNIO,ST0004582 - 11-0602 - 004  BLUSA M3/4 CON ESCOT CREMA T-M,STOP CEDI,Aprobado,UND ,677,647,0,647,2026-05-20,01-2026,018-INDIE SUMMER,2026-04-30,2026-05-05,1,COLORES  ,1,4,T-M      ,0.0,INCOMPLETO
STOP,MOP-00000113,ST0004582                                         ,21-2JUN1,06-JUNIO,ST0004582 - 11-0602 - 005  BLUSA M3/4 CON ESCOT CREMA T-L,STOP CEDI,Aprobado,UND ,508,479,0,479,2026-05-20,01-2026,018-INDIE SUMMER,2026-04-30,2026-05-05,1,COLORES  ,1,5,T-L      ,0.0,INCOMPLETO
STOP,MOP-00000113,ST0004582                                         ,21-2JUN1,06-JUNIO,ST0004582 - 11-0602 - 006  BLUSA M3/4 CON ESCOT CREMA T-XL,STOP CEDI,Aprobado,UND ,338,309,0,309,2026-05-20,01-2026,018-INDIE SUMMER,2026-04-30,2026-05-05,1,COLORES  ,1,6,T-XL     ,0.0,INCOMPLETO
STOP,MOP-00000114,10159803                                          ,27-3JUL3,07-JULIO,10159803 - IND02 - 014  BERMUDA T/ALTO LAV INDIGO T-6,STOP CEDI,Aprobado,UND ,267,271,0,271,2026-07-01,01-2026,007-COSTA BRAVA,2026-04-30,2026-05-06,1,COLORES  ,1,14,T-6      ,0.0,INCOMPLETO
STOP,MOP-00000114,10159803                                          ,27-3JUL3,07-JULIO,10159803 - IND02 - 018  BERMUDA T/ALTO LAV INDIGO T-10,STOP CEDI,Aprobado,UND ,533,540,0,540,2026-07-01,01-2026,007-COSTA BRAVA,2026-04-30,2026-05-06,1,COLORES  ,1,18,T-10     ,0.0,INCOMPLETO
STOP,MOP-00000114,10159803                                          ,27-3JUL3,07-JULIO,10159803 - IND02 - 020  BERMUDA T/ALTO LAV INDIGO T-14,STOP CEDI,Aprobado,UND ,267,264,0,264,2026-07-01,01-2026,007-COSTA BRAVA,2026-04-30,2026-05-06,1,COLORES  ,1,20,T-14     ,0.0,INCOMPLETO
STOP,MOP-00000114,10159803                                          ,27-3JUL3,07-JULIO,10159803 - IND02 - 019  BERMUDA T/ALTO LAV INDIGO T-12,STOP CEDI,Aprobado,UND ,533,528,0,528,2026-07-01,01-2026,007-COSTA BRAVA,2026-04-30,2026-05-06,1,COLORES  ,1,19,T-12     ,0.0,INCOMPLETO
STOP,MOP-00000114,10159803                                          ,27-3JUL3,07-JULIO,10159803 - IND02 - 016  BERMUDA T/ALTO LAV INDIGO T-8,STOP CEDI,Aprobado,UND ,400,402,0,402,2026-07-01,01-2026,007-COSTA BRAVA,2026-04-30,2026-05-06,1,COLORES  ,1,16,T-8      ,0.0,INCOMPLETO
STOP,MOP-00000115,ST0004578                                         ,21-2JUN1,06-JUNIO,ST0004578 - 11-0601 - 002  BODY ML DRAPEADO FRE BLANCO T-XS,STOP CEDI,Aprobado,UND ,100,97,0,97,2026-05-20,01-2026,018-INDIE SUMMER,2026-05-06,2026-05-19,1,COLORES  ,1,2,T-XS     ,0.0,INCOMPLETO
STOP,MOP-00000115,ST0004578                                         ,21-2JUN1,06-JUNIO,ST0004578 - 11-0601 - 003  BODY ML DRAPEADO FRE BLANCO T-S,STOP CEDI,Aprobado,UND ,300,272,0,272,2026-05-20,01-2026,018-INDIE SUMMER,2026-05-06,2026-05-19,1,COLORES  ,1,3,T-S      ,0.0,INCOMPLETO
STOP,MOP-00000115,ST0004578                                         ,21-2JUN1,06-JUNIO,ST0004578 - 11-0601 - 004  BODY ML DRAPEADO FRE BLANCO T-M,STOP CEDI,Aprobado,UND ,400,362,0,362,2026-05-20,01-2026,018-INDIE SUMMER,2026-05-06,2026-05-19,1,COLORES  ,1,4,T-M      ,0.0,INCOMPLETO
STOP,MOP-00000115,ST0004578                                         ,21-2JUN1,06-JUNIO,ST0004578 - 11-0601 - 005  BODY ML DRAPEADO FRE BLANCO T-L,STOP CEDI,Aprobado,UND ,300,253,0,253,2026-05-20,01-2026,018-INDIE SUMMER,2026-05-06,2026-05-19,1,COLORES  ,1,5,T-L      ,0.0,INCOMPLETO
STOP,MOP-00000115,ST0004578                                         ,21-2JUN1,06-JUNIO,ST0004578 - 11-0601 - 006  BODY ML DRAPEADO FRE BLANCO T-XL,STOP CEDI,Aprobado,UND ,200,175,0,175,2026-05-20,01-2026,018-INDIE SUMMER,2026-05-06,2026-05-19,1,COLORES  ,1,6,T-XL     ,0.0,INCOMPLETO
STOP,MOP-00000116,ST0004578                                         ,21-2JUN1,06-JUNIO,ST0004578 - 19-4004 - 002  BODY ML DRAPEADO FRE NEGRO T-XS,STOP CEDI,Aprobado,UND ,92,94,0,94,2026-05-20,01-2026,018-INDIE SUMMER,2026-05-06,2026-05-28,1,COLORES  ,1,2,T-XS     ,0.0,INCOMPLETO
STOP,MOP-00000116,ST0004578                                         ,21-2JUN1,06-JUNIO,ST0004578 - 19-4004 - 003  BODY ML DRAPEADO FRE NEGRO T-S,STOP CEDI,Aprobado,UND ,277,241,0,241,2026-05-20,01-2026,018-INDIE SUMMER,2026-05-06,2026-05-28,1,COLORES  ,1,3,T-S      ,0.0,INCOMPLETO
STOP,MOP-00000116,ST0004578                                         ,21-2JUN1,06-JUNIO,ST0004578 - 19-4004 - 004  BODY ML DRAPEADO FRE NEGRO T-M,STOP CEDI,Aprobado,UND ,369,314,0,314,2026-05-20,01-2026,018-INDIE SUMMER,2026-05-06,2026-05-28,1,COLORES  ,1,4,T-M      ,0.0,INCOMPLETO
STOP,MOP-00000116,ST0004578                                         ,21-2JUN1,06-JUNIO,ST0004578 - 19-4004 - 005  BODY ML DRAPEADO FRE NEGRO T-L,STOP CEDI,Aprobado,UND ,277,241,0,241,2026-05-20,01-2026,018-INDIE SUMMER,2026-05-06,2026-05-28,1,COLORES  ,1,5,T-L      ,0.0,INCOMPLETO
STOP,MOP-00000116,ST0004578                                         ,21-2JUN1,06-JUNIO,ST0004578 - 19-4004 - 006  BODY ML DRAPEADO FRE NEGRO T-XL,STOP CEDI,Aprobado,UND ,185,158,0,158,2026-05-20,01-2026,018-INDIE SUMMER,2026-05-06,2026-05-28,1,COLORES  ,1,6,T-XL     ,0.0,INCOMPLETO
STOP,MOP-00000118,ST0000307                                         ,26-3JUL2,07-JULIO,ST0000307 - 17-1520 - 002  BODY PREMIUM MANGA S ROSADO T-XS,STOP CEDI,Aprobado,UND ,106,97,0,97,2026-06-24,01-2026,002-BOHO ROMANTICO,2026-05-06,2026-05-07,1,COLORES  ,1,2,T-XS     ,0.0,INCOMPLETO
STOP,MOP-00000118,ST0000307                                         ,26-3JUL2,07-JULIO,ST0000307 - 17-1520 - 003  BODY PREMIUM MANGA S ROSADO T-S,STOP CEDI,Aprobado,UND ,424,393,0,393,2026-06-24,01-2026,002-BOHO ROMANTICO,2026-05-06,2026-05-07,1,COLORES  ,1,3,T-S      ,0.0,INCOMPLETO
STOP,MOP-00000118,ST0000307                                         ,26-3JUL2,07-JULIO,ST0000307 - 17-1520 - 004  BODY PREMIUM MANGA S ROSADO T-M,STOP CEDI,Aprobado,UND ,529,490,0,490,2026-06-24,01-2026,002-BOHO ROMANTICO,2026-05-06,2026-05-07,1,COLORES  ,1,4,T-M      ,0.0,INCOMPLETO
STOP,MOP-00000118,ST0000307                                         ,26-3JUL2,07-JULIO,ST0000307 - 17-1520 - 005  BODY PREMIUM MANGA S ROSADO T-L,STOP CEDI,Aprobado,UND ,424,388,0,388,2026-06-24,01-2026,002-BOHO ROMANTICO,2026-05-06,2026-05-07,1,COLORES  ,1,5,T-L      ,0.0,INCOMPLETO
STOP,MOP-00000118,ST0000307                                         ,26-3JUL2,07-JULIO,ST0000307 - 17-1520 - 006  BODY PREMIUM MANGA S ROSADO T-XL,STOP CEDI,Aprobado,UND ,318,291,0,291,2026-06-24,01-2026,002-BOHO ROMANTICO,2026-05-06,2026-05-07,1,COLORES  ,1,6,T-XL     ,0.0,INCOMPLETO
STOP,MOP-00000119,ST0000809                                         ,26-3JUL2,07-JULIO,ST0000809 - 15-1225 - 002  TOP MANGA SISA ABERT NARANJA T-XS,STOP CEDI,Aprobado,UND ,92,98,0,98,2026-06-24,01-2026,002-BOHO ROMANTICO,2026-05-06,2026-06-04,1,COLORES  ,1,2,T-XS     ,0.0,INCOMPLETO
STOP,MOP-00000119,ST0000809                                         ,26-3JUL2,07-JULIO,ST0000809 - 15-1225 - 003  TOP MANGA SISA ABERT NARANJA T-S,STOP CEDI,Aprobado,UND ,277,317,0,317,2026-06-24,01-2026,002-BOHO ROMANTICO,2026-05-06,2026-06-04,1,COLORES  ,1,3,T-S      ,0.0,INCOMPLETO
STOP,MOP-00000119,ST0000809                                         ,26-3JUL2,07-JULIO,ST0000809 - 15-1225 - 004  TOP MANGA SISA ABERT NARANJA T-M,STOP CEDI,Aprobado,UND ,369,388,0,388,2026-06-24,01-2026,002-BOHO ROMANTICO,2026-05-06,2026-06-04,1,COLORES  ,1,4,T-M      ,0.0,INCOMPLETO
STOP,MOP-00000119,ST0000809                                         ,26-3JUL2,07-JULIO,ST0000809 - 15-1225 - 005  TOP MANGA SISA ABERT NARANJA T-L,STOP CEDI,Aprobado,UND ,277,288,0,288,2026-06-24,01-2026,002-BOHO ROMANTICO,2026-05-06,2026-06-04,1,COLORES  ,1,5,T-L      ,0.0,INCOMPLETO
STOP,MOP-00000119,ST0000809                                         ,26-3JUL2,07-JULIO,ST0000809 - 15-1225 - 006  TOP MANGA SISA ABERT NARANJA T-XL,STOP CEDI,Aprobado,UND ,185,192,0,192,2026-06-24,01-2026,002-BOHO ROMANTICO,2026-05-06,2026-06-04,1,COLORES  ,1,6,T-XL     ,0.0,INCOMPLETO
STOP,MOP-00000120,ST0000255                                         ,27-3JUL3,07-JULIO,ST0000255 - IND04 - 014  VAQUERO TIRO ALTO LA INDIGO T-6,STOP CEDI,Aprobado,UND ,574,547,0,547,2026-07-01,01-2026,002-BOHO ROMANTICO,2026-05-06,2026-05-08,1,COLORES  ,1,14,T-6      ,0.0,INCOMPLETO
STOP,MOP-00000120,ST0000255                                         ,27-3JUL3,07-JULIO,ST0000255 - IND04 - 016  VAQUERO TIRO ALTO LA INDIGO T-8,STOP CEDI,Aprobado,UND ,717,692,0,692,2026-07-01,01-2026,002-BOHO ROMANTICO,2026-05-06,2026-05-08,1,COLORES  ,1,16,T-8      ,0.0,INCOMPLETO
STOP,MOP-00000120,ST0000255                                         ,27-3JUL3,07-JULIO,ST0000255 - IND04 - 018  VAQUERO TIRO ALTO LA INDIGO T-10,STOP CEDI,Aprobado,UND ,717,697,0,697,2026-07-01,01-2026,002-BOHO ROMANTICO,2026-05-06,2026-05-08,1,COLORES  ,1,18,T-10     ,0.0,INCOMPLETO
STOP,MOP-00000120,ST0000255                                         ,27-3JUL3,07-JULIO,ST0000255 - IND04 - 019  VAQUERO TIRO ALTO LA INDIGO T-12,STOP CEDI,Aprobado,UND ,574,549,0,549,2026-07-01,01-2026,002-BOHO ROMANTICO,2026-05-06,2026-05-08,1,COLORES  ,1,19,T-12     ,0.0,INCOMPLETO
STOP,MOP-00000120,ST0000255                                         ,27-3JUL3,07-JULIO,ST0000255 - IND04 - 020  VAQUERO TIRO ALTO LA INDIGO T-14,STOP CEDI,Aprobado,UND ,430,416,0,416,2026-07-01,01-2026,002-BOHO ROMANTICO,2026-05-06,2026-05-08,1,COLORES  ,1,20,T-14     ,0.0,INCOMPLETO
STOP,MOP-00000120,ST0000255                                         ,27-3JUL3,07-JULIO,ST0000255 - IND04 - 021  VAQUERO TIRO ALTO LA INDIGO T-16,STOP CEDI,Aprobado,UND ,287,283,0,283,2026-07-01,01-2026,002-BOHO ROMANTICO,2026-05-06,2026-05-08,1,COLORES  ,1,21,T-16     ,0.0,INCOMPLETO
STOP,MOP-00000121,ST0000262                                         ,27-3JUL3,07-JULIO,ST0000262 - 11-0602 - 014  BERMUDA TIRO ALTO BL CREMA T-6,STOP CEDI,Aprobado,UND ,286,278,0,278,2026-07-01,01-2026,002-BOHO ROMANTICO,2026-05-06,2026-05-07,1,COLORES  ,1,14,T-6      ,0.0,INCOMPLETO
STOP,MOP-00000121,ST0000262                                         ,27-3JUL3,07-JULIO,ST0000262 - 11-0602 - 016  BERMUDA TIRO ALTO BL CREMA T-8,STOP CEDI,Aprobado,UND ,357,349,0,349,2026-07-01,01-2026,002-BOHO ROMANTICO,2026-05-06,2026-05-07,1,COLORES  ,1,16,T-8      ,0.0,INCOMPLETO
STOP,MOP-00000121,ST0000262                                         ,27-3JUL3,07-JULIO,ST0000262 - 11-0602 - 018  BERMUDA TIRO ALTO BL CREMA T-10,STOP CEDI,Aprobado,UND ,357,343,0,343,2026-07-01,01-2026,002-BOHO ROMANTICO,2026-05-06,2026-05-07,1,COLORES  ,1,18,T-10     ,0.0,INCOMPLETO
STOP,MOP-00000121,ST0000262                                         ,27-3JUL3,07-JULIO,ST0000262 - 11-0602 - 019  BERMUDA TIRO ALTO BL CREMA T-12,STOP CEDI,Aprobado,UND ,286,276,0,276,2026-07-01,01-2026,002-BOHO ROMANTICO,2026-05-06,2026-05-07,1,COLORES  ,1,19,T-12     ,0.0,INCOMPLETO
STOP,MOP-00000121,ST0000262                                         ,27-3JUL3,07-JULIO,ST0000262 - 11-0602 - 020  BERMUDA TIRO ALTO BL CREMA T-14,STOP CEDI,Aprobado,UND ,214,209,0,209,2026-07-01,01-2026,002-BOHO ROMANTICO,2026-05-06,2026-05-07,1,COLORES  ,1,20,T-14     ,0.0,INCOMPLETO
STOP,MOP-00000122,ST0000297                                         ,27-3JUL3,07-JULIO,ST0000297 - 11-4202 - 003  CAMISA MANGA LARGA C CREMA T-S,STOP CEDI,Aprobado,UND ,327,346,0,346,2026-07-01,01-2026,002-BOHO ROMANTICO,2026-05-06,2026-05-12,1,COLORES  ,1,3,T-S      ,0.0,INCOMPLETO
STOP,MOP-00000122,ST0000297                                         ,27-3JUL3,07-JULIO,ST0000297 - 11-4202 - 004  CAMISA MANGA LARGA C CREMA T-M,STOP CEDI,Aprobado,UND ,436,424,0,424,2026-07-01,01-2026,002-BOHO ROMANTICO,2026-05-06,2026-05-12,1,COLORES  ,1,4,T-M      ,0.0,INCOMPLETO
STOP,MOP-00000122,ST0000297                                         ,27-3JUL3,07-JULIO,ST0000297 - 11-4202 - 005  CAMISA MANGA LARGA C CREMA T-L,STOP CEDI,Aprobado,UND ,218,232,0,232,2026-07-01,01-2026,002-BOHO ROMANTICO,2026-05-06,2026-05-12,1,COLORES  ,1,5,T-L      ,0.0,INCOMPLETO
STOP,MOP-00000122,ST0000297                                         ,27-3JUL3,07-JULIO,ST0000297 - 11-4202 - 006  CAMISA MANGA LARGA C CREMA T-XL,STOP CEDI,Aprobado,UND ,218,212,0,212,2026-07-01,01-2026,002-BOHO ROMANTICO,2026-05-06,2026-05-12,1,COLORES  ,1,6,T-XL     ,0.0,INCOMPLETO
STOP,MOP-00000123,ST0000254                                         ,25-3JUL1,07-JULIO,ST0000254 - IND02 - 014  TEJANO TIRO ALTO LAV INDIGO T-6,STOP CEDI,Aprobado,UND ,522,492,0,492,2026-06-17,01-2026,001-AURA,2026-05-07,2026-05-12,1,COLORES  ,1,14,T-6      ,0.0,INCOMPLETO
STOP,MOP-00000123,ST0000254                                         ,25-3JUL1,07-JULIO,ST0000254 - IND02 - 016  TEJANO TIRO ALTO LAV INDIGO T-8,STOP CEDI,Aprobado,UND ,652,610,0,610,2026-06-17,01-2026,001-AURA,2026-05-07,2026-05-12,1,COLORES  ,1,16,T-8      ,0.0,INCOMPLETO
STOP,MOP-00000123,ST0000254                                         ,25-3JUL1,07-JULIO,ST0000254 - IND02 - 018  TEJANO TIRO ALTO LAV INDIGO T-10,STOP CEDI,Aprobado,UND ,652,568,0,568,2026-06-17,01-2026,001-AURA,2026-05-07,2026-05-12,1,COLORES  ,1,18,T-10     ,0.0,INCOMPLETO
STOP,MOP-00000123,ST0000254                                         ,25-3JUL1,07-JULIO,ST0000254 - IND02 - 019  TEJANO TIRO ALTO LAV INDIGO T-12,STOP CEDI,Aprobado,UND ,522,492,0,492,2026-06-17,01-2026,001-AURA,2026-05-07,2026-05-12,1,COLORES  ,1,19,T-12     ,0.0,INCOMPLETO
STOP,MOP-00000123,ST0000254                                         ,25-3JUL1,07-JULIO,ST0000254 - IND02 - 020  TEJANO TIRO ALTO LAV INDIGO T-14,STOP CEDI,Aprobado,UND ,391,388,0,388,2026-06-17,01-2026,001-AURA,2026-05-07,2026-05-12,1,COLORES  ,1,20,T-14     ,0.0,INCOMPLETO
STOP,MOP-00000123,ST0000254                                         ,25-3JUL1,07-JULIO,ST0000254 - IND02 - 021  TEJANO TIRO ALTO LAV INDIGO T-16,STOP CEDI,Aprobado,UND ,261,283,0,283,2026-06-17,01-2026,001-AURA,2026-05-07,2026-05-12,1,COLORES  ,1,21,T-16     ,0.0,INCOMPLETO
STOP,MOP-00000124,ST0000283                                         ,25-3JUL1,07-JULIO,ST0000283 - 14-0708 - 002  CAMISETA MANGA CORTA BEIGE T-XS,STOP CEDI,Aprobado,UND ,147,147,0,147,2026-06-17,01-2026,001-AURA,2026-05-07,2026-06-05,1,COLORES  ,1,2,T-XS     ,0.0,INCOMPLETO
STOP,MOP-00000124,ST0000283                                         ,25-3JUL1,07-JULIO,ST0000283 - 14-0708 - 003  CAMISETA MANGA CORTA BEIGE T-S,STOP CEDI,Aprobado,UND ,588,588,0,588,2026-06-17,01-2026,001-AURA,2026-05-07,2026-06-05,1,COLORES  ,1,3,T-S      ,0.0,INCOMPLETO
STOP,MOP-00000124,ST0000283                                         ,25-3JUL1,07-JULIO,ST0000283 - 14-0708 - 004  CAMISETA MANGA CORTA BEIGE T-M,STOP CEDI,Aprobado,UND ,735,735,0,735,2026-06-17,01-2026,001-AURA,2026-05-07,2026-06-05,1,COLORES  ,1,4,T-M      ,0.0,INCOMPLETO
STOP,MOP-00000124,ST0000283                                         ,25-3JUL1,07-JULIO,ST0000283 - 14-0708 - 005  CAMISETA MANGA CORTA BEIGE T-L,STOP CEDI,Aprobado,UND ,588,588,0,588,2026-06-17,01-2026,001-AURA,2026-05-07,2026-06-05,1,COLORES  ,1,5,T-L      ,0.0,INCOMPLETO
STOP,MOP-00000124,ST0000283                                         ,25-3JUL1,07-JULIO,ST0000283 - 14-0708 - 006  CAMISETA MANGA CORTA BEIGE T-XL,STOP CEDI,Aprobado,UND ,441,441,0,441,2026-06-17,01-2026,001-AURA,2026-05-07,2026-06-05,1,COLORES  ,1,6,T-XL     ,0.0,INCOMPLETO
STOP,MOP-00000125,ST0000328                                         ,29-3AGO1,08-AGOSTO,ST0000328 - IND03 - 014  CULOTTE TIRO ALTO LA INDIGO T-6,STOP CEDI,Aprobado,UND ,522,446,0,446,2026-06-24,01-2026,003-ESPIRITU SALVAJE,2026-05-07,2026-05-09,1,COLORES  ,1,14,T-6      ,0.0,INCOMPLETO
STOP,MOP-00000125,ST0000328                                         ,29-3AGO1,08-AGOSTO,ST0000328 - IND03 - 016  CULOTTE TIRO ALTO LA INDIGO T-8,STOP CEDI,Aprobado,UND ,652,538,0,538,2026-06-24,01-2026,003-ESPIRITU SALVAJE,2026-05-07,2026-05-09,1,COLORES  ,1,16,T-8      ,0.0,INCOMPLETO
STOP,MOP-00000125,ST0000328                                         ,29-3AGO1,08-AGOSTO,ST0000328 - IND03 - 018  CULOTTE TIRO ALTO LA INDIGO T-10,STOP CEDI,Aprobado,UND ,652,559,0,559,2026-06-24,01-2026,003-ESPIRITU SALVAJE,2026-05-07,2026-05-09,1,COLORES  ,1,18,T-10     ,0.0,INCOMPLETO
STOP,MOP-00000125,ST0000328                                         ,29-3AGO1,08-AGOSTO,ST0000328 - IND03 - 019  CULOTTE TIRO ALTO LA INDIGO T-12,STOP CEDI,Aprobado,UND ,522,443,0,443,2026-06-24,01-2026,003-ESPIRITU SALVAJE,2026-05-07,2026-05-09,1,COLORES  ,1,19,T-12     ,0.0,INCOMPLETO
STOP,MOP-00000125,ST0000328                                         ,29-3AGO1,08-AGOSTO,ST0000328 - IND03 - 020  CULOTTE TIRO ALTO LA INDIGO T-14,STOP CEDI,Aprobado,UND ,391,363,0,363,2026-06-24,01-2026,003-ESPIRITU SALVAJE,2026-05-07,2026-05-09,1,COLORES  ,1,20,T-14     ,0.0,INCOMPLETO
STOP,MOP-00000125,ST0000328                                         ,29-3AGO1,08-AGOSTO,ST0000328 - IND03 - 021  CULOTTE TIRO ALTO LA INDIGO T-16,STOP CEDI,Aprobado,UND ,261,283,0,283,2026-06-24,01-2026,003-ESPIRITU SALVAJE,2026-05-07,2026-05-09,1,COLORES  ,1,21,T-16     ,0.0,INCOMPLETO
STOP,MOP-00000126,ST0000331                                         ,29-3AGO1,08-AGOSTO,ST0000331 - IND01 - 013  BAGGY TIRO ALTO LAV INDIGO T-5,STOP CEDI,Aprobado,UND ,300,282,0,282,2026-06-24,01-2026,003-ESPIRITU SALVAJE,2026-05-07,2026-05-11,1,COLORES  ,1,13,T-5      ,0.0,INCOMPLETO
STOP,MOP-00000126,ST0000331                                         ,29-3AGO1,08-AGOSTO,ST0000331 - IND01 - 014  BAGGY TIRO ALTO LAV INDIGO T-6,STOP CEDI,Aprobado,UND ,450,433,0,433,2026-06-24,01-2026,003-ESPIRITU SALVAJE,2026-05-07,2026-05-11,1,COLORES  ,1,14,T-6      ,0.0,INCOMPLETO
STOP,MOP-00000126,ST0000331                                         ,29-3AGO1,08-AGOSTO,ST0000331 - IND01 - 016  BAGGY TIRO ALTO LAV INDIGO T-8,STOP CEDI,Aprobado,UND ,750,713,0,713,2026-06-24,01-2026,003-ESPIRITU SALVAJE,2026-05-07,2026-05-11,1,COLORES  ,1,16,T-8      ,0.0,INCOMPLETO
STOP,MOP-00000126,ST0000331                                         ,29-3AGO1,08-AGOSTO,ST0000331 - IND01 - 018  BAGGY TIRO ALTO LAV INDIGO T-10,STOP CEDI,Aprobado,UND ,750,723,0,723,2026-06-24,01-2026,003-ESPIRITU SALVAJE,2026-05-07,2026-05-11,1,COLORES  ,1,18,T-10     ,0.0,INCOMPLETO
STOP,MOP-00000126,ST0000331                                         ,29-3AGO1,08-AGOSTO,ST0000331 - IND01 - 019  BAGGY TIRO ALTO LAV INDIGO T-12,STOP CEDI,Aprobado,UND ,450,428,0,428,2026-06-24,01-2026,003-ESPIRITU SALVAJE,2026-05-07,2026-05-11,1,COLORES  ,1,19,T-12     ,0.0,INCOMPLETO
STOP,MOP-00000126,ST0000331                                         ,29-3AGO1,08-AGOSTO,ST0000331 - IND01 - 020  BAGGY TIRO ALTO LAV INDIGO T-14,STOP CEDI,Aprobado,UND ,300,282,0,282,2026-06-24,01-2026,003-ESPIRITU SALVAJE,2026-05-07,2026-05-11,1,COLORES  ,1,20,T-14     ,0.0,INCOMPLETO
STOP,MOP-00000127,ST0000359                                         ,29-3AGO1,08-AGOSTO,ST0000359 - 11-0601 - 002  BLUSA MANGA LARGA BLANCO T-XS,STOP CEDI,Aprobado,UND ,154,165,0,165,2026-06-24,01-2026,003-ESPIRITU SALVAJE,2026-05-07,2026-05-12,1,COLORES  ,1,2,T-XS     ,0.0,INCOMPLETO
STOP,MOP-00000127,ST0000359                                         ,29-3AGO1,08-AGOSTO,ST0000359 - 11-0601 - 003  BLUSA MANGA LARGA BLANCO T-S,STOP CEDI,Aprobado,UND ,308,295,0,295,2026-06-24,01-2026,003-ESPIRITU SALVAJE,2026-05-07,2026-05-12,1,COLORES  ,1,3,T-S      ,0.0,INCOMPLETO
STOP,MOP-00000127,ST0000359                                         ,29-3AGO1,08-AGOSTO,ST0000359 - 11-0601 - 004  BLUSA MANGA LARGA BLANCO T-M,STOP CEDI,Aprobado,UND ,462,442,0,442,2026-06-24,01-2026,003-ESPIRITU SALVAJE,2026-05-07,2026-05-12,1,COLORES  ,1,4,T-M      ,0.0,INCOMPLETO
STOP,MOP-00000127,ST0000359                                         ,29-3AGO1,08-AGOSTO,ST0000359 - 11-0601 - 005  BLUSA MANGA LARGA BLANCO T-L,STOP CEDI,Aprobado,UND ,308,296,0,296,2026-06-24,01-2026,003-ESPIRITU SALVAJE,2026-05-07,2026-05-12,1,COLORES  ,1,5,T-L      ,0.0,INCOMPLETO
STOP,MOP-00000127,ST0000359                                         ,29-3AGO1,08-AGOSTO,ST0000359 - 11-0601 - 006  BLUSA MANGA LARGA BLANCO T-XL,STOP CEDI,Aprobado,UND ,308,296,0,296,2026-06-24,01-2026,003-ESPIRITU SALVAJE,2026-05-07,2026-05-12,1,COLORES  ,1,6,T-XL     ,0.0,INCOMPLETO
STOP,MOP-00000128,11018825                                          ,21-2JUN1,06-JUNIO,11018825 - 19-1102 - 002  BODY TIRAS EN MALLA NEGRO T-XS,STOP CEDI,Aprobado,UND ,138,122,0,122,2026-06-30,01-2026,018-INDIE SUMMER,2026-05-07,2026-05-30,1,COLORES  ,1,2,T-XS     ,0.0,INCOMPLETO
STOP,MOP-00000128,11018825                                          ,21-2JUN1,06-JUNIO,11018825 - 19-1102 - 003  BODY TIRAS EN MALLA NEGRO T-S,STOP CEDI,Aprobado,UND ,415,366,0,366,2026-06-30,01-2026,018-INDIE SUMMER,2026-05-07,2026-05-30,1,COLORES  ,1,3,T-S      ,0.0,INCOMPLETO
STOP,MOP-00000128,11018825                                          ,21-2JUN1,06-JUNIO,11018825 - 19-1102 - 004  BODY TIRAS EN MALLA NEGRO T-M,STOP CEDI,Aprobado,UND ,554,488,0,488,2026-06-30,01-2026,018-INDIE SUMMER,2026-05-07,2026-05-30,1,COLORES  ,1,4,T-M      ,0.0,INCOMPLETO
STOP,MOP-00000128,11018825                                          ,21-2JUN1,06-JUNIO,11018825 - 19-1102 - 005  BODY TIRAS EN MALLA NEGRO T-L,STOP CEDI,Aprobado,UND ,415,365,0,365,2026-06-30,01-2026,018-INDIE SUMMER,2026-05-07,2026-05-30,1,COLORES  ,1,5,T-L      ,0.0,INCOMPLETO
STOP,MOP-00000128,11018825                                          ,21-2JUN1,06-JUNIO,11018825 - 19-1102 - 006  BODY TIRAS EN MALLA NEGRO T-XL,STOP CEDI,Aprobado,UND ,277,242,0,242,2026-06-30,01-2026,018-INDIE SUMMER,2026-05-07,2026-05-30,1,COLORES  ,1,6,T-XL     ,0.0,INCOMPLETO
STOP,MOP-00000129,ST0000388                                         ,29-3AGO1,08-AGOSTO,ST0000388 - IND04 - 014  BERMUDA TIRO MEDIO L INDIGO T-6,STOP CEDI,Aprobado,UND ,343,355,0,355,2026-06-24,01-2026,003-ESPIRITU SALVAJE,2026-05-08,2026-05-11,1,COLORES  ,1,14,T-6      ,0.0,INCOMPLETO
STOP,MOP-00000129,ST0000388                                         ,29-3AGO1,08-AGOSTO,ST0000388 - IND04 - 016  BERMUDA TIRO MEDIO L INDIGO T-8,STOP CEDI,Aprobado,UND ,429,446,0,446,2026-06-24,01-2026,003-ESPIRITU SALVAJE,2026-05-08,2026-05-11,1,COLORES  ,1,16,T-8      ,0.0,INCOMPLETO
STOP,MOP-00000129,ST0000388                                         ,29-3AGO1,08-AGOSTO,ST0000388 - IND04 - 018  BERMUDA TIRO MEDIO L INDIGO T-10,STOP CEDI,Aprobado,UND ,429,439,0,439,2026-06-24,01-2026,003-ESPIRITU SALVAJE,2026-05-08,2026-05-11,1,COLORES  ,1,18,T-10     ,0.0,INCOMPLETO
STOP,MOP-00000129,ST0000388                                         ,29-3AGO1,08-AGOSTO,ST0000388 - IND04 - 019  BERMUDA TIRO MEDIO L INDIGO T-12,STOP CEDI,Aprobado,UND ,343,354,0,354,2026-06-24,01-2026,003-ESPIRITU SALVAJE,2026-05-08,2026-05-11,1,COLORES  ,1,19,T-12     ,0.0,INCOMPLETO
STOP,MOP-00000129,ST0000388                                         ,29-3AGO1,08-AGOSTO,ST0000388 - IND04 - 020  BERMUDA TIRO MEDIO L INDIGO T-14,STOP CEDI,Aprobado,UND ,257,269,0,269,2026-06-24,01-2026,003-ESPIRITU SALVAJE,2026-05-08,2026-05-11,1,COLORES  ,1,20,T-14     ,0.0,INCOMPLETO
STOP,MOP-00000130,ST0000298                                         ,25-3JUL1,07-JULIO,ST0000298 - 12-0704 - 002  BLUSA MANGA LARGA CO CREMA T-XS,STOP CEDI,Aprobado,UND ,154,121,0,121,2026-07-01,01-2026,001-AURA,2026-05-08,2026-05-19,1,COLORES  ,1,2,T-XS     ,0.0,INCOMPLETO
STOP,MOP-00000130,ST0000298                                         ,25-3JUL1,07-JULIO,ST0000298 - 12-0704 - 003  BLUSA MANGA LARGA CO CREMA T-S,STOP CEDI,Aprobado,UND ,462,375,0,375,2026-07-01,01-2026,001-AURA,2026-05-08,2026-05-19,1,COLORES  ,1,3,T-S      ,0.0,INCOMPLETO
STOP,MOP-00000130,ST0000298                                         ,25-3JUL1,07-JULIO,ST0000298 - 12-0704 - 004  BLUSA MANGA LARGA CO CREMA T-M,STOP CEDI,Aprobado,UND ,615,508,0,508,2026-07-01,01-2026,001-AURA,2026-05-08,2026-05-19,1,COLORES  ,1,4,T-M      ,0.0,INCOMPLETO
STOP,MOP-00000130,ST0000298                                         ,25-3JUL1,07-JULIO,ST0000298 - 12-0704 - 005  BLUSA MANGA LARGA CO CREMA T-L,STOP CEDI,Aprobado,UND ,462,383,0,383,2026-07-01,01-2026,001-AURA,2026-05-08,2026-05-19,1,COLORES  ,1,5,T-L      ,0.0,INCOMPLETO
STOP,MOP-00000130,ST0000298                                         ,25-3JUL1,07-JULIO,ST0000298 - 12-0704 - 006  BLUSA MANGA LARGA CO CREMA T-XL,STOP CEDI,Aprobado,UND ,308,252,0,252,2026-07-01,01-2026,001-AURA,2026-05-08,2026-05-19,1,COLORES  ,1,6,T-XL     ,0.0,INCOMPLETO
STOP,MOP-00000131,ST0000299                                         ,27-3JUL3,07-JULIO,ST0000299 - 11-4202 - 002  TOP MANGA LARGA CON CREMA T-XS,STOP CEDI,Cumplido,UND ,118,115,115,0,2026-07-01,01-2026,001-AURA,2026-05-08,2026-05-11,1,COLORES  ,1,2,T-XS     ,1.0,CERRADO
STOP,MOP-00000131,ST0000299                                         ,27-3JUL3,07-JULIO,ST0000299 - 11-4202 - 003  TOP MANGA LARGA CON CREMA T-S,STOP CEDI,Cumplido,UND ,353,314,314,0,2026-07-01,01-2026,001-AURA,2026-05-08,2026-05-11,1,COLORES  ,1,3,T-S      ,1.0,CERRADO
STOP,MOP-00000131,ST0000299                                         ,27-3JUL3,07-JULIO,ST0000299 - 11-4202 - 004  TOP MANGA LARGA CON CREMA T-M,STOP CEDI,Cumplido,UND ,471,489,489,0,2026-07-01,01-2026,001-AURA,2026-05-08,2026-05-11,1,COLORES  ,1,4,T-M      ,1.0,CERRADO
STOP,MOP-00000131,ST0000299                                         ,27-3JUL3,07-JULIO,ST0000299 - 11-4202 - 005  TOP MANGA LARGA CON CREMA T-L,STOP CEDI,Cumplido,UND ,353,331,331,0,2026-07-01,01-2026,001-AURA,2026-05-08,2026-05-11,1,COLORES  ,1,5,T-L      ,1.0,CERRADO
STOP,MOP-00000131,ST0000299                                         ,27-3JUL3,07-JULIO,ST0000299 - 11-4202 - 006  TOP MANGA LARGA CON CREMA T-XL,STOP CEDI,Cumplido,UND ,235,215,215,0,2026-07-01,01-2026,001-AURA,2026-05-08,2026-05-11,1,COLORES  ,1,6,T-XL     ,1.0,CERRADO
STOP,MOP-00000132,ST0000300                                         ,27-3JUL3,07-JULIO,ST0000300 - 12-0704 - 002  CAMISETA MANGA CORTA CREMA T-XS,STOP CEDI,Aprobado,UND ,154,122,0,122,2026-07-01,01-2026,002-BOHO ROMANTICO,2026-05-08,2026-06-05,1,COLORES  ,1,2,T-XS     ,0.0,INCOMPLETO
STOP,MOP-00000132,ST0000300                                         ,27-3JUL3,07-JULIO,ST0000300 - 12-0704 - 003  CAMISETA MANGA CORTA CREMA T-S,STOP CEDI,Aprobado,UND ,462,416,0,416,2026-07-01,01-2026,002-BOHO ROMANTICO,2026-05-08,2026-06-05,1,COLORES  ,1,3,T-S      ,0.0,INCOMPLETO
STOP,MOP-00000132,ST0000300                                         ,27-3JUL3,07-JULIO,ST0000300 - 12-0704 - 004  CAMISETA MANGA CORTA CREMA T-M,STOP CEDI,Aprobado,UND ,615,496,0,496,2026-07-01,01-2026,002-BOHO ROMANTICO,2026-05-08,2026-06-05,1,COLORES  ,1,4,T-M      ,0.0,INCOMPLETO
STOP,MOP-00000132,ST0000300                                         ,27-3JUL3,07-JULIO,ST0000300 - 12-0704 - 005  CAMISETA MANGA CORTA CREMA T-L,STOP CEDI,Aprobado,UND ,462,366,0,366,2026-07-01,01-2026,002-BOHO ROMANTICO,2026-05-08,2026-06-05,1,COLORES  ,1,5,T-L      ,0.0,INCOMPLETO
STOP,MOP-00000132,ST0000300                                         ,27-3JUL3,07-JULIO,ST0000300 - 12-0704 - 006  CAMISETA MANGA CORTA CREMA T-XL,STOP CEDI,Aprobado,UND ,308,244,0,244,2026-07-01,01-2026,002-BOHO ROMANTICO,2026-05-08,2026-06-05,1,COLORES  ,1,6,T-XL     ,0.0,INCOMPLETO
STOP,MOP-00000132,ST0000300                                         ,27-3JUL3,07-JULIO,ST0000300 - 17-1327 - 002  CAMISETA MANGA CORTA CAFE T-XS,STOP CEDI,Aprobado,UND ,154,126,0,126,2026-07-01,01-2026,002-BOHO ROMANTICO,2026-05-08,2026-06-05,1,COLORES  ,1,2,T-XS     ,0.0,INCOMPLETO
STOP,MOP-00000132,ST0000300                                         ,27-3JUL3,07-JULIO,ST0000300 - 17-1327 - 003  CAMISETA MANGA CORTA CAFE T-S,STOP CEDI,Aprobado,UND ,462,374,0,374,2026-07-01,01-2026,002-BOHO ROMANTICO,2026-05-08,2026-06-05,1,COLORES  ,1,3,T-S      ,0.0,INCOMPLETO
STOP,MOP-00000132,ST0000300                                         ,27-3JUL3,07-JULIO,ST0000300 - 17-1327 - 004  CAMISETA MANGA CORTA CAFE T-M,STOP CEDI,Aprobado,UND ,615,484,0,484,2026-07-01,01-2026,002-BOHO ROMANTICO,2026-05-08,2026-06-05,1,COLORES  ,1,4,T-M      ,0.0,INCOMPLETO
STOP,MOP-00000132,ST0000300                                         ,27-3JUL3,07-JULIO,ST0000300 - 17-1327 - 005  CAMISETA MANGA CORTA CAFE T-L,STOP CEDI,Aprobado,UND ,462,358,0,358,2026-07-01,01-2026,002-BOHO ROMANTICO,2026-05-08,2026-06-05,1,COLORES  ,1,5,T-L      ,0.0,INCOMPLETO
STOP,MOP-00000132,ST0000300                                         ,27-3JUL3,07-JULIO,ST0000300 - 17-1327 - 006  CAMISETA MANGA CORTA CAFE T-XL,STOP CEDI,Aprobado,UND ,308,252,0,252,2026-07-01,01-2026,002-BOHO ROMANTICO,2026-05-08,2026-06-05,1,COLORES  ,1,6,T-XL     ,0.0,INCOMPLETO
STOP,MOP-00000133,ST0000302                                         ,27-3JUL3,07-JULIO,ST0000302 - 17-1520 - 002  TOP MANGA SISA CUELL ROSADO T-XS,STOP CEDI,Aprobado,UND ,154,48,0,48,2026-07-01,01-2026,002-BOHO ROMANTICO,2026-05-11,2026-05-13,1,COLORES  ,1,2,T-XS     ,0.0,INCOMPLETO
STOP,MOP-00000133,ST0000302                                         ,27-3JUL3,07-JULIO,ST0000302 - 17-1520 - 003  TOP MANGA SISA CUELL ROSADO T-S,STOP CEDI,Aprobado,UND ,462,128,0,128,2026-07-01,01-2026,002-BOHO ROMANTICO,2026-05-11,2026-05-13,1,COLORES  ,1,3,T-S      ,0.0,INCOMPLETO
STOP,MOP-00000133,ST0000302                                         ,27-3JUL3,07-JULIO,ST0000302 - 17-1520 - 004  TOP MANGA SISA CUELL ROSADO T-M,STOP CEDI,Aprobado,UND ,615,180,0,180,2026-07-01,01-2026,002-BOHO ROMANTICO,2026-05-11,2026-05-13,1,COLORES  ,1,4,T-M      ,0.0,INCOMPLETO
STOP,MOP-00000133,ST0000302                                         ,27-3JUL3,07-JULIO,ST0000302 - 17-1520 - 005  TOP MANGA SISA CUELL ROSADO T-L,STOP CEDI,Aprobado,UND ,462,136,0,136,2026-07-01,01-2026,002-BOHO ROMANTICO,2026-05-11,2026-05-13,1,COLORES  ,1,5,T-L      ,0.0,INCOMPLETO
STOP,MOP-00000133,ST0000302                                         ,27-3JUL3,07-JULIO,ST0000302 - 17-1520 - 006  TOP MANGA SISA CUELL ROSADO T-XL,STOP CEDI,Aprobado,UND ,308,88,0,88,2026-07-01,01-2026,002-BOHO ROMANTICO,2026-05-11,2026-05-13,1,COLORES  ,1,6,T-XL     ,0.0,INCOMPLETO
STOP,MOP-00000135,ST0000304                                         ,27-3JUL3,07-JULIO,ST0000304 - 17-1327 - 002  CAMISETA MANGA CORTA CAFE T-XS,STOP CEDI,Aprobado,UND ,167,170,0,170,2026-07-01,01-2026,002-BOHO ROMANTICO,2026-05-11,2026-05-14,1,COLORES  ,1,2,T-XS     ,0.0,INCOMPLETO
STOP,MOP-00000135,ST0000304                                         ,27-3JUL3,07-JULIO,ST0000304 - 17-1327 - 003  CAMISETA MANGA CORTA CAFE T-S,STOP CEDI,Aprobado,UND ,667,680,0,680,2026-07-01,01-2026,002-BOHO ROMANTICO,2026-05-11,2026-05-14,1,COLORES  ,1,3,T-S      ,0.0,INCOMPLETO
STOP,MOP-00000135,ST0000304                                         ,27-3JUL3,07-JULIO,ST0000304 - 17-1327 - 004  CAMISETA MANGA CORTA CAFE T-M,STOP CEDI,Aprobado,UND ,833,871,0,871,2026-07-01,01-2026,002-BOHO ROMANTICO,2026-05-11,2026-05-14,1,COLORES  ,1,4,T-M      ,0.0,INCOMPLETO
STOP,MOP-00000135,ST0000304                                         ,27-3JUL3,07-JULIO,ST0000304 - 17-1327 - 005  CAMISETA MANGA CORTA CAFE T-L,STOP CEDI,Aprobado,UND ,500,510,0,510,2026-07-01,01-2026,002-BOHO ROMANTICO,2026-05-11,2026-05-14,1,COLORES  ,1,5,T-L      ,0.0,INCOMPLETO
STOP,MOP-00000135,ST0000304                                         ,27-3JUL3,07-JULIO,ST0000304 - 17-1327 - 006  CAMISETA MANGA CORTA CAFE T-XL,STOP CEDI,Aprobado,UND ,333,340,0,340,2026-07-01,01-2026,002-BOHO ROMANTICO,2026-05-11,2026-05-14,1,COLORES  ,1,6,T-XL     ,0.0,INCOMPLETO
STOP,MOP-00000135,ST0000304                                         ,27-3JUL3,07-JULIO,ST0000304 - 17-1520 - 002  CAMISETA MANGA CORTA ROSADO T-XS,STOP CEDI,Aprobado,UND ,167,33,0,33,2026-07-01,01-2026,002-BOHO ROMANTICO,2026-05-11,2026-05-14,1,COLORES  ,1,2,T-XS     ,0.0,INCOMPLETO
STOP,MOP-00000135,ST0000304                                         ,27-3JUL3,07-JULIO,ST0000304 - 17-1520 - 003  CAMISETA MANGA CORTA ROSADO T-S,STOP CEDI,Aprobado,UND ,667,132,0,132,2026-07-01,01-2026,002-BOHO ROMANTICO,2026-05-11,2026-05-14,1,COLORES  ,1,3,T-S      ,0.0,INCOMPLETO
STOP,MOP-00000135,ST0000304                                         ,27-3JUL3,07-JULIO,ST0000304 - 17-1520 - 004  CAMISETA MANGA CORTA ROSADO T-M,STOP CEDI,Aprobado,UND ,833,168,0,168,2026-07-01,01-2026,002-BOHO ROMANTICO,2026-05-11,2026-05-14,1,COLORES  ,1,4,T-M      ,0.0,INCOMPLETO
STOP,MOP-00000135,ST0000304                                         ,27-3JUL3,07-JULIO,ST0000304 - 17-1520 - 005  CAMISETA MANGA CORTA ROSADO T-L,STOP CEDI,Aprobado,UND ,500,99,0,99,2026-07-01,01-2026,002-BOHO ROMANTICO,2026-05-11,2026-05-14,1,COLORES  ,1,5,T-L      ,0.0,INCOMPLETO
STOP,MOP-00000135,ST0000304                                         ,27-3JUL3,07-JULIO,ST0000304 - 17-1520 - 006  CAMISETA MANGA CORTA ROSADO T-XL,STOP CEDI,Aprobado,UND ,333,66,0,66,2026-07-01,01-2026,002-BOHO ROMANTICO,2026-05-11,2026-05-14,1,COLORES  ,1,6,T-XL     ,0.0,INCOMPLETO
STOP,MOP-00000136,ST0000316                                         ,27-3JUL3,07-JULIO,ST0000316 - 11-0602 - 013  RETROJEAN TUIRO ALTO CREMA T-5,STOP CEDI,Aprobado,UND ,300,247,0,247,2026-07-01,01-2026,002-BOHO ROMANTICO,2026-05-11,2026-05-20,1,COLORES  ,1,13,T-5      ,0.0,INCOMPLETO
STOP,MOP-00000136,ST0000316                                         ,27-3JUL3,07-JULIO,ST0000316 - 11-0602 - 014  RETROJEAN TUIRO ALTO CREMA T-6,STOP CEDI,Aprobado,UND ,450,365,0,365,2026-07-01,01-2026,002-BOHO ROMANTICO,2026-05-11,2026-05-20,1,COLORES  ,1,14,T-6      ,0.0,INCOMPLETO
STOP,MOP-00000136,ST0000316                                         ,27-3JUL3,07-JULIO,ST0000316 - 11-0602 - 016  RETROJEAN TUIRO ALTO CREMA T-8,STOP CEDI,Aprobado,UND ,750,616,0,616,2026-07-01,01-2026,002-BOHO ROMANTICO,2026-05-11,2026-05-20,1,COLORES  ,1,16,T-8      ,0.0,INCOMPLETO
STOP,MOP-00000136,ST0000316                                         ,27-3JUL3,07-JULIO,ST0000316 - 11-0602 - 018  RETROJEAN TUIRO ALTO CREMA T-10,STOP CEDI,Aprobado,UND ,750,616,0,616,2026-07-01,01-2026,002-BOHO ROMANTICO,2026-05-11,2026-05-20,1,COLORES  ,1,18,T-10     ,0.0,INCOMPLETO
STOP,MOP-00000136,ST0000316                                         ,27-3JUL3,07-JULIO,ST0000316 - 11-0602 - 019  RETROJEAN TUIRO ALTO CREMA T-12,STOP CEDI,Aprobado,UND ,450,373,0,373,2026-07-01,01-2026,002-BOHO ROMANTICO,2026-05-11,2026-05-20,1,COLORES  ,1,19,T-12     ,0.0,INCOMPLETO
STOP,MOP-00000136,ST0000316                                         ,27-3JUL3,07-JULIO,ST0000316 - 11-0602 - 020  RETROJEAN TUIRO ALTO CREMA T-14,STOP CEDI,Aprobado,UND ,300,247,0,247,2026-07-01,01-2026,002-BOHO ROMANTICO,2026-05-11,2026-05-20,1,COLORES  ,1,20,T-14     ,0.0,INCOMPLETO
STOP,MOP-00000137,ST0000355                                         ,27-3JUL3,07-JULIO,ST0000355 - 11-0602 - 003  CHALECO MANGA SISA M CREMA T-S,STOP CEDI,Aprobado,UND ,677,650,0,650,2026-07-01,01-2026,002-BOHO ROMANTICO,2026-05-11,2026-05-13,1,COLORES  ,1,3,T-S      ,0.0,INCOMPLETO
STOP,MOP-00000137,ST0000355                                         ,27-3JUL3,07-JULIO,ST0000355 - 11-0602 - 004  CHALECO MANGA SISA M CREMA T-M,STOP CEDI,Aprobado,UND ,677,689,0,689,2026-07-01,01-2026,002-BOHO ROMANTICO,2026-05-11,2026-05-13,1,COLORES  ,1,4,T-M      ,0.0,INCOMPLETO
STOP,MOP-00000137,ST0000355                                         ,27-3JUL3,07-JULIO,ST0000355 - 11-0602 - 005  CHALECO MANGA SISA M CREMA T-L,STOP CEDI,Aprobado,UND ,508,530,0,530,2026-07-01,01-2026,002-BOHO ROMANTICO,2026-05-11,2026-05-13,1,COLORES  ,1,5,T-L      ,0.0,INCOMPLETO
STOP,MOP-00000137,ST0000355                                         ,27-3JUL3,07-JULIO,ST0000355 - 11-0602 - 006  CHALECO MANGA SISA M CREMA T-XL,STOP CEDI,Aprobado,UND ,338,325,0,325,2026-07-01,01-2026,002-BOHO ROMANTICO,2026-05-11,2026-05-13,1,COLORES  ,1,6,T-XL     ,0.0,INCOMPLETO
STOP,MOP-00000138,ST0000305                                         ,27-3JUL3,07-JULIO,ST0000305 - 12-0704 - 003  VESTIDO TIRAS ESTAMP CREMA T-S,STOP CEDI,Aprobado,UND ,200,212,0,212,2026-07-01,01-2026,002-BOHO ROMANTICO,2026-05-12,2026-05-19,1,COLORES  ,1,3,T-S      ,0.0,INCOMPLETO
STOP,MOP-00000138,ST0000305                                         ,27-3JUL3,07-JULIO,ST0000305 - 12-0704 - 004  VESTIDO TIRAS ESTAMP CREMA T-M,STOP CEDI,Aprobado,UND ,400,389,0,389,2026-07-01,01-2026,002-BOHO ROMANTICO,2026-05-12,2026-05-19,1,COLORES  ,1,4,T-M      ,0.0,INCOMPLETO
STOP,MOP-00000138,ST0000305                                         ,27-3JUL3,07-JULIO,ST0000305 - 12-0704 - 005  VESTIDO TIRAS ESTAMP CREMA T-L,STOP CEDI,Aprobado,UND ,200,191,0,191,2026-07-01,01-2026,002-BOHO ROMANTICO,2026-05-12,2026-05-19,1,COLORES  ,1,5,T-L      ,0.0,INCOMPLETO
STOP,MOP-00000138,ST0000305                                         ,27-3JUL3,07-JULIO,ST0000305 - 12-0704 - 006  VESTIDO TIRAS ESTAMP CREMA T-XL,STOP CEDI,Aprobado,UND ,100,108,0,108,2026-07-01,01-2026,002-BOHO ROMANTICO,2026-05-12,2026-05-19,1,COLORES  ,1,6,T-XL     ,0.0,INCOMPLETO
STOP,MOP-00000139,ST0000885                                         ,27-3JUL3,07-JULIO,ST0000885 - 16-4120 - 002  CAMISETA MANGA CORTA AZUL T-XS,STOP CEDI,En elaboración,UND ,183,0,0,0,2026-07-01,01-2026,002-BOHO ROMANTICO,2026-05-12,2026-05-19,1,COLORES  ,1,2,T-XS     ,0.0,CERRADO
STOP,MOP-00000139,ST0000885                                         ,27-3JUL3,07-JULIO,ST0000885 - 16-4120 - 003  CAMISETA MANGA CORTA AZUL T-S,STOP CEDI,En elaboración,UND ,550,0,0,0,2026-07-01,01-2026,002-BOHO ROMANTICO,2026-05-12,2026-05-19,1,COLORES  ,1,3,T-S      ,0.0,CERRADO
STOP,MOP-00000139,ST0000885                                         ,27-3JUL3,07-JULIO,ST0000885 - 16-4120 - 004  CAMISETA MANGA CORTA AZUL T-M,STOP CEDI,En elaboración,UND ,733,0,0,0,2026-07-01,01-2026,002-BOHO ROMANTICO,2026-05-12,2026-05-19,1,COLORES  ,1,4,T-M      ,0.0,CERRADO
STOP,MOP-00000139,ST0000885                                         ,27-3JUL3,07-JULIO,ST0000885 - 16-4120 - 005  CAMISETA MANGA CORTA AZUL T-L,STOP CEDI,En elaboración,UND ,367,0,0,0,2026-07-01,01-2026,002-BOHO ROMANTICO,2026-05-12,2026-05-19,1,COLORES  ,1,5,T-L      ,0.0,CERRADO
STOP,MOP-00000139,ST0000885                                         ,27-3JUL3,07-JULIO,ST0000885 - 16-4120 - 006  CAMISETA MANGA CORTA AZUL T-XL,STOP CEDI,En elaboración,UND ,367,0,0,0,2026-07-01,01-2026,002-BOHO ROMANTICO,2026-05-12,2026-05-19,1,COLORES  ,1,6,T-XL     ,0.0,CERRADO
STOP,MOP-00000139,ST0000885                                         ,27-3JUL3,07-JULIO,ST0000885 - 19-1652 - 002  CAMISETA MANGA CORTA ROJO T-XS,STOP CEDI,En elaboración,UND ,183,0,0,0,2026-07-01,01-2026,002-BOHO ROMANTICO,2026-05-12,2026-05-19,1,COLORES  ,1,2,T-XS     ,0.0,CERRADO
STOP,MOP-00000139,ST0000885                                         ,27-3JUL3,07-JULIO,ST0000885 - 19-1652 - 003  CAMISETA MANGA CORTA ROJO T-S,STOP CEDI,En elaboración,UND ,550,0,0,0,2026-07-01,01-2026,002-BOHO ROMANTICO,2026-05-12,2026-05-19,1,COLORES  ,1,3,T-S      ,0.0,CERRADO
STOP,MOP-00000139,ST0000885                                         ,27-3JUL3,07-JULIO,ST0000885 - 19-1652 - 004  CAMISETA MANGA CORTA ROJO T-M,STOP CEDI,En elaboración,UND ,733,0,0,0,2026-07-01,01-2026,002-BOHO ROMANTICO,2026-05-12,2026-05-19,1,COLORES  ,1,4,T-M      ,0.0,CERRADO
STOP,MOP-00000139,ST0000885                                         ,27-3JUL3,07-JULIO,ST0000885 - 19-1652 - 005  CAMISETA MANGA CORTA ROJO T-L,STOP CEDI,En elaboración,UND ,367,0,0,0,2026-07-01,01-2026,002-BOHO ROMANTICO,2026-05-12,2026-05-19,1,COLORES  ,1,5,T-L      ,0.0,CERRADO
STOP,MOP-00000139,ST0000885                                         ,27-3JUL3,07-JULIO,ST0000885 - 19-1652 - 006  CAMISETA MANGA CORTA ROJO T-XL,STOP CEDI,En elaboración,UND ,367,0,0,0,2026-07-01,01-2026,002-BOHO ROMANTICO,2026-05-12,2026-05-19,1,COLORES  ,1,6,T-XL     ,0.0,CERRADO
STOP,MOP-00000140,ST0000306                                         ,27-3JUL3,07-JULIO,ST0000306 - 12-1305 - 003  CAMISA MANGA 3/4 CON ROSADO T-S,STOP CEDI,Aprobado,UND ,462,482,0,482,2026-07-01,01-2026,002-BOHO ROMANTICO,2026-05-12,2026-05-14,1,COLORES  ,1,3,T-S      ,0.0,INCOMPLETO
STOP,MOP-00000140,ST0000306                                         ,27-3JUL3,07-JULIO,ST0000306 - 12-1305 - 004  CAMISA MANGA 3/4 CON ROSADO T-M,STOP CEDI,Aprobado,UND ,462,484,0,484,2026-07-01,01-2026,002-BOHO ROMANTICO,2026-05-12,2026-05-14,1,COLORES  ,1,4,T-M      ,0.0,INCOMPLETO
STOP,MOP-00000140,ST0000306                                         ,27-3JUL3,07-JULIO,ST0000306 - 12-1305 - 005  CAMISA MANGA 3/4 CON ROSADO T-L,STOP CEDI,Aprobado,UND ,346,318,0,318,2026-07-01,01-2026,002-BOHO ROMANTICO,2026-05-12,2026-05-14,1,COLORES  ,1,5,T-L      ,0.0,INCOMPLETO
STOP,MOP-00000140,ST0000306                                         ,27-3JUL3,07-JULIO,ST0000306 - 12-1305 - 006  CAMISA MANGA 3/4 CON ROSADO T-XL,STOP CEDI,Aprobado,UND ,231,237,0,237,2026-07-01,01-2026,002-BOHO ROMANTICO,2026-05-12,2026-05-14,1,COLORES  ,1,6,T-XL     ,0.0,INCOMPLETO
STOP,MOP-00000141,ST0000315                                         ,27-3JUL3,07-JULIO,ST0000315 - IND01 - 013  RETROJEAN TIRO ALTO INDIGO T-5,STOP CEDI,Aprobado,UND ,300,320,0,320,2026-07-01,01-2026,002-BOHO ROMANTICO,2026-05-12,2026-05-22,1,COLORES  ,1,13,T-5      ,0.0,INCOMPLETO
STOP,MOP-00000141,ST0000315                                         ,27-3JUL3,07-JULIO,ST0000315 - IND01 - 014  RETROJEAN TIRO ALTO INDIGO T-6,STOP CEDI,Aprobado,UND ,450,405,0,405,2026-07-01,01-2026,002-BOHO ROMANTICO,2026-05-12,2026-05-22,1,COLORES  ,1,14,T-6      ,0.0,INCOMPLETO
STOP,MOP-00000141,ST0000315                                         ,27-3JUL3,07-JULIO,ST0000315 - IND01 - 016  RETROJEAN TIRO ALTO INDIGO T-8,STOP CEDI,Aprobado,UND ,750,698,0,698,2026-07-01,01-2026,002-BOHO ROMANTICO,2026-05-12,2026-05-22,1,COLORES  ,1,16,T-8      ,0.0,INCOMPLETO
STOP,MOP-00000141,ST0000315                                         ,27-3JUL3,07-JULIO,ST0000315 - IND01 - 018  RETROJEAN TIRO ALTO INDIGO T-10,STOP CEDI,Aprobado,UND ,750,698,0,698,2026-07-01,01-2026,002-BOHO ROMANTICO,2026-05-12,2026-05-22,1,COLORES  ,1,18,T-10     ,0.0,INCOMPLETO
STOP,MOP-00000141,ST0000315                                         ,27-3JUL3,07-JULIO,ST0000315 - IND01 - 019  RETROJEAN TIRO ALTO INDIGO T-12,STOP CEDI,Aprobado,UND ,450,429,0,429,2026-07-01,01-2026,002-BOHO ROMANTICO,2026-05-12,2026-05-22,1,COLORES  ,1,19,T-12     ,0.0,INCOMPLETO
STOP,MOP-00000141,ST0000315                                         ,27-3JUL3,07-JULIO,ST0000315 - IND01 - 020  RETROJEAN TIRO ALTO INDIGO T-14,STOP CEDI,Aprobado,UND ,300,295,0,295,2026-07-01,01-2026,002-BOHO ROMANTICO,2026-05-12,2026-05-22,1,COLORES  ,1,20,T-14     ,0.0,INCOMPLETO
STOP,MOP-00000142,ST0000317                                         ,27-3JUL3,07-JULIO,ST0000317 - IND01 - 013  DRETROJEAN TIRO ALTO INDIGO T-5,STOP CEDI,Aprobado,UND ,300,122,0,122,2026-07-01,01-2026,002-BOHO ROMANTICO,2026-05-12,2026-05-23,1,COLORES  ,1,13,T-5      ,0.0,INCOMPLETO
STOP,MOP-00000142,ST0000317                                         ,27-3JUL3,07-JULIO,ST0000317 - IND01 - 014  DRETROJEAN TIRO ALTO INDIGO T-6,STOP CEDI,Aprobado,UND ,450,176,0,176,2026-07-01,01-2026,002-BOHO ROMANTICO,2026-05-12,2026-05-23,1,COLORES  ,1,14,T-6      ,0.0,INCOMPLETO
STOP,MOP-00000142,ST0000317                                         ,27-3JUL3,07-JULIO,ST0000317 - IND01 - 016  DRETROJEAN TIRO ALTO INDIGO T-8,STOP CEDI,Aprobado,UND ,750,301,0,301,2026-07-01,01-2026,002-BOHO ROMANTICO,2026-05-12,2026-05-23,1,COLORES  ,1,16,T-8      ,0.0,INCOMPLETO
STOP,MOP-00000142,ST0000317                                         ,27-3JUL3,07-JULIO,ST0000317 - IND01 - 018  DRETROJEAN TIRO ALTO INDIGO T-10,STOP CEDI,Aprobado,UND ,750,301,0,301,2026-07-01,01-2026,002-BOHO ROMANTICO,2026-05-12,2026-05-23,1,COLORES  ,1,18,T-10     ,0.0,INCOMPLETO
STOP,MOP-00000142,ST0000317                                         ,27-3JUL3,07-JULIO,ST0000317 - IND01 - 019  DRETROJEAN TIRO ALTO INDIGO T-12,STOP CEDI,Aprobado,UND ,450,182,0,182,2026-07-01,01-2026,002-BOHO ROMANTICO,2026-05-12,2026-05-23,1,COLORES  ,1,19,T-12     ,0.0,INCOMPLETO
STOP,MOP-00000142,ST0000317                                         ,27-3JUL3,07-JULIO,ST0000317 - IND01 - 020  DRETROJEAN TIRO ALTO INDIGO T-14,STOP CEDI,Aprobado,UND ,300,122,0,122,2026-07-01,01-2026,002-BOHO ROMANTICO,2026-05-12,2026-05-23,1,COLORES  ,1,20,T-14     ,0.0,INCOMPLETO
STOP,MOP-00000143,15001921                                          ,28-3JUL4,07-JULIO,15001921 - IND01 - 014  TEJANO T/ALTO  ESENC INDIGO T-6,STOP CEDI,Aprobado,UND ,264,237,0,237,2026-07-08,01-2026, ,2026-05-12,2026-05-13,1,COLORES  ,1,14,T-6      ,0.0,INCOMPLETO
STOP,MOP-00000143,15001921                                          ,28-3JUL4,07-JULIO,15001921 - IND01 - 016  TEJANO T/ALTO  ESENC INDIGO T-8,STOP CEDI,Aprobado,UND ,397,414,0,414,2026-07-08,01-2026, ,2026-05-12,2026-05-13,1,COLORES  ,1,16,T-8      ,0.0,INCOMPLETO
STOP,MOP-00000143,15001921                                          ,28-3JUL4,07-JULIO,15001921 - IND01 - 018  TEJANO T/ALTO  ESENC INDIGO T-10,STOP CEDI,Aprobado,UND ,320,320,0,320,2026-07-08,01-2026, ,2026-05-12,2026-05-13,1,COLORES  ,1,18,T-10     ,0.0,INCOMPLETO
STOP,MOP-00000144,15001921                                          ,28-3JUL4,07-JULIO,15001921 - IND04 - 014  TEJANO T/ALTO  ESENC INDIGO T-6,STOP CEDI,Aprobado,UND ,229,217,0,217,2026-07-08,01-2026, ,2026-05-12,2026-05-14,1,COLORES  ,1,14,T-6      ,0.0,INCOMPLETO
STOP,MOP-00000144,15001921                                          ,28-3JUL4,07-JULIO,15001921 - IND04 - 016  TEJANO T/ALTO  ESENC INDIGO T-8,STOP CEDI,Aprobado,UND ,273,264,0,264,2026-07-08,01-2026, ,2026-05-12,2026-05-14,1,COLORES  ,1,16,T-8      ,0.0,INCOMPLETO
STOP,MOP-00000144,15001921                                          ,28-3JUL4,07-JULIO,15001921 - IND04 - 018  TEJANO T/ALTO  ESENC INDIGO T-10,STOP CEDI,Aprobado,UND ,271,264,0,264,2026-07-08,01-2026, ,2026-05-12,2026-05-14,1,COLORES  ,1,18,T-10     ,0.0,INCOMPLETO
STOP,MOP-00000144,15001921                                          ,28-3JUL4,07-JULIO,15001921 - IND04 - 019  TEJANO T/ALTO  ESENC INDIGO T-12,STOP CEDI,Aprobado,UND ,268,264,0,264,2026-07-08,01-2026, ,2026-05-12,2026-05-14,1,COLORES  ,1,19,T-12     ,0.0,INCOMPLETO
STOP,MOP-00000145,ST0000327                                         ,30-3AGO2,08-AGOSTO,ST0000327 - IND01 - 013  MOM JEAN TIRO ALTO L INDIGO T-5,STOP CEDI,Aprobado,UND ,243,264,0,264,2026-07-01,01-2026,003-ESPIRITU SALVAJE,2026-05-13,2026-05-15,1,COLORES  ,1,13,T-5      ,0.0,INCOMPLETO
STOP,MOP-00000145,ST0000327                                         ,30-3AGO2,08-AGOSTO,ST0000327 - IND01 - 014  MOM JEAN TIRO ALTO L INDIGO T-6,STOP CEDI,Aprobado,UND ,487,504,0,504,2026-07-01,01-2026,003-ESPIRITU SALVAJE,2026-05-13,2026-05-15,1,COLORES  ,1,14,T-6      ,0.0,INCOMPLETO
STOP,MOP-00000145,ST0000327                                         ,30-3AGO2,08-AGOSTO,ST0000327 - IND01 - 016  MOM JEAN TIRO ALTO L INDIGO T-8,STOP CEDI,Aprobado,UND ,609,581,0,581,2026-07-01,01-2026,003-ESPIRITU SALVAJE,2026-05-13,2026-05-15,1,COLORES  ,1,16,T-8      ,0.0,INCOMPLETO
STOP,MOP-00000145,ST0000327                                         ,30-3AGO2,08-AGOSTO,ST0000327 - IND01 - 018  MOM JEAN TIRO ALTO L INDIGO T-10,STOP CEDI,Aprobado,UND ,609,519,0,519,2026-07-01,01-2026,003-ESPIRITU SALVAJE,2026-05-13,2026-05-15,1,COLORES  ,1,18,T-10     ,0.0,INCOMPLETO
STOP,MOP-00000145,ST0000327                                         ,30-3AGO2,08-AGOSTO,ST0000327 - IND01 - 019  MOM JEAN TIRO ALTO L INDIGO T-12,STOP CEDI,Aprobado,UND ,487,507,0,507,2026-07-01,01-2026,003-ESPIRITU SALVAJE,2026-05-13,2026-05-15,1,COLORES  ,1,19,T-12     ,0.0,INCOMPLETO
STOP,MOP-00000145,ST0000327                                         ,30-3AGO2,08-AGOSTO,ST0000327 - IND01 - 020  MOM JEAN TIRO ALTO L INDIGO T-14,STOP CEDI,Aprobado,UND ,365,384,0,384,2026-07-01,01-2026,003-ESPIRITU SALVAJE,2026-05-13,2026-05-15,1,COLORES  ,1,20,T-14     ,0.0,INCOMPLETO
STOP,MOP-00000146,ST0000334                                         ,34-3SEP2,09-SEPTIEMBRE,ST0000334 - IND04 - 014  OVERALL LARGO LAV OS INDIGO T-6,STOP CEDI,Aprobado,UND ,330,301,0,301,2026-07-01,01-2026, ,2026-05-13,2026-05-28,1,COLORES  ,1,14,T-6      ,0.0,INCOMPLETO
STOP,MOP-00000146,ST0000334                                         ,34-3SEP2,09-SEPTIEMBRE,ST0000334 - IND04 - 016  OVERALL LARGO LAV OS INDIGO T-8,STOP CEDI,Aprobado,UND ,550,476,0,476,2026-07-01,01-2026, ,2026-05-13,2026-05-28,1,COLORES  ,1,16,T-8      ,0.0,INCOMPLETO
STOP,MOP-00000146,ST0000334                                         ,34-3SEP2,09-SEPTIEMBRE,ST0000334 - IND04 - 018  OVERALL LARGO LAV OS INDIGO T-10,STOP CEDI,Aprobado,UND ,550,476,0,476,2026-07-01,01-2026, ,2026-05-13,2026-05-28,1,COLORES  ,1,18,T-10     ,0.0,INCOMPLETO
STOP,MOP-00000146,ST0000334                                         ,34-3SEP2,09-SEPTIEMBRE,ST0000334 - IND04 - 019  OVERALL LARGO LAV OS INDIGO T-12,STOP CEDI,Aprobado,UND ,330,314,0,314,2026-07-01,01-2026, ,2026-05-13,2026-05-28,1,COLORES  ,1,19,T-12     ,0.0,INCOMPLETO
STOP,MOP-00000146,ST0000334                                         ,34-3SEP2,09-SEPTIEMBRE,ST0000334 - IND04 - 020  OVERALL LARGO LAV OS INDIGO T-14,STOP CEDI,Aprobado,UND ,330,289,0,289,2026-07-01,01-2026, ,2026-05-13,2026-05-28,1,COLORES  ,1,20,T-14     ,0.0,INCOMPLETO
STOP,MOP-00000147,ST0000325                                         ,30-3AGO2,08-AGOSTO,ST0000325 - IND03 - 014  TEJANO TIRO ALTO LAV INDIGO T-6,STOP CEDI,Aprobado,UND ,522,468,0,468,2026-07-01,01-2026,003-ESPIRITU SALVAJE,2026-05-13,2026-05-15,1,COLORES  ,1,14,T-6      ,0.0,INCOMPLETO
STOP,MOP-00000147,ST0000325                                         ,30-3AGO2,08-AGOSTO,ST0000325 - IND03 - 016  TEJANO TIRO ALTO LAV INDIGO T-8,STOP CEDI,Aprobado,UND ,652,625,0,625,2026-07-01,01-2026,003-ESPIRITU SALVAJE,2026-05-13,2026-05-15,1,COLORES  ,1,16,T-8      ,0.0,INCOMPLETO
STOP,MOP-00000147,ST0000325                                         ,30-3AGO2,08-AGOSTO,ST0000325 - IND03 - 018  TEJANO TIRO ALTO LAV INDIGO T-10,STOP CEDI,Aprobado,UND ,652,625,0,625,2026-07-01,01-2026,003-ESPIRITU SALVAJE,2026-05-13,2026-05-15,1,COLORES  ,1,18,T-10     ,0.0,INCOMPLETO
STOP,MOP-00000147,ST0000325                                         ,30-3AGO2,08-AGOSTO,ST0000325 - IND03 - 019  TEJANO TIRO ALTO LAV INDIGO T-12,STOP CEDI,Aprobado,UND ,522,460,0,460,2026-07-01,01-2026,003-ESPIRITU SALVAJE,2026-05-13,2026-05-15,1,COLORES  ,1,19,T-12     ,0.0,INCOMPLETO
STOP,MOP-00000147,ST0000325                                         ,30-3AGO2,08-AGOSTO,ST0000325 - IND03 - 020  TEJANO TIRO ALTO LAV INDIGO T-14,STOP CEDI,Aprobado,UND ,391,360,0,360,2026-07-01,01-2026,003-ESPIRITU SALVAJE,2026-05-13,2026-05-15,1,COLORES  ,1,20,T-14     ,0.0,INCOMPLETO
STOP,MOP-00000147,ST0000325                                         ,30-3AGO2,08-AGOSTO,ST0000325 - IND03 - 021  TEJANO TIRO ALTO LAV INDIGO T-16,STOP CEDI,Aprobado,UND ,261,260,0,260,2026-07-01,01-2026,003-ESPIRITU SALVAJE,2026-05-13,2026-05-15,1,COLORES  ,1,21,T-16     ,0.0,INCOMPLETO
STOP,MOP-00000149,15004852                                          ,28-3JUL4,07-JULIO,15004852 - 11-0602 - 003  TOP MANGA SISA EN RI CREMA T-S,STOP CEDI,Aprobado,UND ,200,189,0,189,2026-07-08,01-2026, ,2026-05-13,2026-05-19,1,COLORES  ,1,3,T-S      ,0.0,INCOMPLETO
STOP,MOP-00000149,15004852                                          ,28-3JUL4,07-JULIO,15004852 - 11-0602 - 002  TOP MANGA SISA EN RI CREMA T-XS,STOP CEDI,Aprobado,UND ,200,186,0,186,2026-07-08,01-2026, ,2026-05-13,2026-05-19,1,COLORES  ,1,2,T-XS     ,0.0,INCOMPLETO
STOP,MOP-00000150,ST0000330                                         ,35-3SEP3,09-SEPTIEMBRE,ST0000330 - IND01 - 013  RETROJEAN TIRO ALTO INDIGO T-5,STOP CEDI,Aprobado,UND ,240,199,0,199,2026-07-22,01-2026,021-WILD BAMBI,2026-05-15,2026-05-20,1,COLORES  ,1,13,T-5      ,0.0,INCOMPLETO
STOP,MOP-00000150,ST0000330                                         ,35-3SEP3,09-SEPTIEMBRE,ST0000330 - IND01 - 014  RETROJEAN TIRO ALTO INDIGO T-6,STOP CEDI,Aprobado,UND ,360,362,0,362,2026-07-22,01-2026,021-WILD BAMBI,2026-05-15,2026-05-20,1,COLORES  ,1,14,T-6      ,0.0,INCOMPLETO
STOP,MOP-00000150,ST0000330                                         ,35-3SEP3,09-SEPTIEMBRE,ST0000330 - IND01 - 016  RETROJEAN TIRO ALTO INDIGO T-8,STOP CEDI,Aprobado,UND ,600,552,0,552,2026-07-22,01-2026,021-WILD BAMBI,2026-05-15,2026-05-20,1,COLORES  ,1,16,T-8      ,0.0,INCOMPLETO
STOP,MOP-00000150,ST0000330                                         ,35-3SEP3,09-SEPTIEMBRE,ST0000330 - IND01 - 018  RETROJEAN TIRO ALTO INDIGO T-10,STOP CEDI,Aprobado,UND ,600,578,0,578,2026-07-22,01-2026,021-WILD BAMBI,2026-05-15,2026-05-20,1,COLORES  ,1,18,T-10     ,0.0,INCOMPLETO
STOP,MOP-00000150,ST0000330                                         ,35-3SEP3,09-SEPTIEMBRE,ST0000330 - IND01 - 019  RETROJEAN TIRO ALTO INDIGO T-12,STOP CEDI,Aprobado,UND ,360,377,0,377,2026-07-22,01-2026,021-WILD BAMBI,2026-05-15,2026-05-20,1,COLORES  ,1,19,T-12     ,0.0,INCOMPLETO
STOP,MOP-00000150,ST0000330                                         ,35-3SEP3,09-SEPTIEMBRE,ST0000330 - IND01 - 020  RETROJEAN TIRO ALTO INDIGO T-14,STOP CEDI,Aprobado,UND ,240,201,0,201,2026-07-22,01-2026,021-WILD BAMBI,2026-05-15,2026-05-20,1,COLORES  ,1,20,T-14     ,0.0,INCOMPLETO
STOP,MOP-00000151,ST0000335                                         ,30-3AGO2,08-AGOSTO,ST0000335 - IND07 - 014  OVERALL CORTO NEGRO INDIGO T-6,STOP CEDI,En elaboración,UND ,205,0,0,0,2026-07-01,01-2026,003-ESPIRITU SALVAJE,2026-05-19,2026-05-20,1,COLORES  ,1,14,T-6      ,0.0,CERRADO
STOP,MOP-00000151,ST0000335                                         ,30-3AGO2,08-AGOSTO,ST0000335 - IND07 - 016  OVERALL CORTO NEGRO INDIGO T-8,STOP CEDI,En elaboración,UND ,341,0,0,0,2026-07-01,01-2026,003-ESPIRITU SALVAJE,2026-05-19,2026-05-20,1,COLORES  ,1,16,T-8      ,0.0,CERRADO
STOP,MOP-00000151,ST0000335                                         ,30-3AGO2,08-AGOSTO,ST0000335 - IND07 - 018  OVERALL CORTO NEGRO INDIGO T-10,STOP CEDI,En elaboración,UND ,341,0,0,0,2026-07-01,01-2026,003-ESPIRITU SALVAJE,2026-05-19,2026-05-20,1,COLORES  ,1,18,T-10     ,0.0,CERRADO
STOP,MOP-00000151,ST0000335                                         ,30-3AGO2,08-AGOSTO,ST0000335 - IND07 - 019  OVERALL CORTO NEGRO INDIGO T-12,STOP CEDI,En elaboración,UND ,205,0,0,0,2026-07-01,01-2026,003-ESPIRITU SALVAJE,2026-05-19,2026-05-20,1,COLORES  ,1,19,T-12     ,0.0,CERRADO
STOP,MOP-00000151,ST0000335                                         ,30-3AGO2,08-AGOSTO,ST0000335 - IND07 - 020  OVERALL CORTO NEGRO INDIGO T-14,STOP CEDI,En elaboración,UND ,136,0,0,0,2026-07-01,01-2026,003-ESPIRITU SALVAJE,2026-05-19,2026-05-20,1,COLORES  ,1,20,T-14     ,0.0,CERRADO
STOP,MOP-00000152,ST0000366                                         ,30-3AGO2,08-AGOSTO,ST0000366 - 14-0708 - 002  CAMISETA MANGA CORTA BEIGE T-XS,STOP CEDI,Aprobado,UND ,147,126,0,126,2026-07-01,01-2026,003-ESPIRITU SALVAJE,2026-05-19,2026-06-04,1,COLORES  ,1,2,T-XS     ,0.0,INCOMPLETO
STOP,MOP-00000152,ST0000366                                         ,30-3AGO2,08-AGOSTO,ST0000366 - 14-0708 - 003  CAMISETA MANGA CORTA BEIGE T-S,STOP CEDI,Aprobado,UND ,588,508,0,508,2026-07-01,01-2026,003-ESPIRITU SALVAJE,2026-05-19,2026-06-04,1,COLORES  ,1,3,T-S      ,0.0,INCOMPLETO
STOP,MOP-00000152,ST0000366                                         ,30-3AGO2,08-AGOSTO,ST0000366 - 14-0708 - 004  CAMISETA MANGA CORTA BEIGE T-M,STOP CEDI,Aprobado,UND ,735,638,0,638,2026-07-01,01-2026,003-ESPIRITU SALVAJE,2026-05-19,2026-06-04,1,COLORES  ,1,4,T-M      ,0.0,INCOMPLETO
STOP,MOP-00000152,ST0000366                                         ,30-3AGO2,08-AGOSTO,ST0000366 - 14-0708 - 005  CAMISETA MANGA CORTA BEIGE T-L,STOP CEDI,Aprobado,UND ,441,378,0,378,2026-07-01,01-2026,003-ESPIRITU SALVAJE,2026-05-19,2026-06-04,1,COLORES  ,1,5,T-L      ,0.0,INCOMPLETO
STOP,MOP-00000152,ST0000366                                         ,30-3AGO2,08-AGOSTO,ST0000366 - 14-0708 - 006  CAMISETA MANGA CORTA BEIGE T-XL,STOP CEDI,Aprobado,UND ,588,504,0,504,2026-07-01,01-2026,003-ESPIRITU SALVAJE,2026-05-19,2026-06-04,1,COLORES  ,1,6,T-XL     ,0.0,INCOMPLETO
STOP,MOP-00000152,ST0000366                                         ,30-3AGO2,08-AGOSTO,ST0000366 - 19-1761 - 002  CAMISETA MANGA CORTA ROJO T-XS,STOP CEDI,Aprobado,UND ,147,69,0,69,2026-07-01,01-2026,003-ESPIRITU SALVAJE,2026-05-19,2026-06-04,1,COLORES  ,1,2,T-XS     ,0.0,INCOMPLETO
STOP,MOP-00000152,ST0000366                                         ,30-3AGO2,08-AGOSTO,ST0000366 - 19-1761 - 003  CAMISETA MANGA CORTA ROJO T-S,STOP CEDI,Aprobado,UND ,588,288,0,288,2026-07-01,01-2026,003-ESPIRITU SALVAJE,2026-05-19,2026-06-04,1,COLORES  ,1,3,T-S      ,0.0,INCOMPLETO
STOP,MOP-00000152,ST0000366                                         ,30-3AGO2,08-AGOSTO,ST0000366 - 19-1761 - 004  CAMISETA MANGA CORTA ROJO T-M,STOP CEDI,Aprobado,UND ,735,360,0,360,2026-07-01,01-2026,003-ESPIRITU SALVAJE,2026-05-19,2026-06-04,1,COLORES  ,1,4,T-M      ,0.0,INCOMPLETO
STOP,MOP-00000152,ST0000366                                         ,30-3AGO2,08-AGOSTO,ST0000366 - 19-1761 - 005  CAMISETA MANGA CORTA ROJO T-L,STOP CEDI,Aprobado,UND ,441,207,0,207,2026-07-01,01-2026,003-ESPIRITU SALVAJE,2026-05-19,2026-06-04,1,COLORES  ,1,5,T-L      ,0.0,INCOMPLETO
STOP,MOP-00000152,ST0000366                                         ,30-3AGO2,08-AGOSTO,ST0000366 - 19-1761 - 006  CAMISETA MANGA CORTA ROJO T-XL,STOP CEDI,Aprobado,UND ,588,276,0,276,2026-07-01,01-2026,003-ESPIRITU SALVAJE,2026-05-19,2026-06-04,1,COLORES  ,1,6,T-XL     ,0.0,INCOMPLETO
STOP,MOP-00000153,ST0000375                                         ,30-3AGO2,08-AGOSTO,ST0000375 - 18-1232 - 002  TOP MANGA LARGA CAFE T-XS,STOP CEDI,Aprobado,UND ,115,100,0,100,2026-07-01,01-2026,003-ESPIRITU SALVAJE,2026-05-19,2026-05-21,1,COLORES  ,1,2,T-XS     ,0.0,INCOMPLETO
STOP,MOP-00000153,ST0000375                                         ,30-3AGO2,08-AGOSTO,ST0000375 - 18-1232 - 003  TOP MANGA LARGA CAFE T-S,STOP CEDI,Aprobado,UND ,346,351,0,351,2026-07-01,01-2026,003-ESPIRITU SALVAJE,2026-05-19,2026-05-21,1,COLORES  ,1,3,T-S      ,0.0,INCOMPLETO
STOP,MOP-00000153,ST0000375                                         ,30-3AGO2,08-AGOSTO,ST0000375 - 18-1232 - 004  TOP MANGA LARGA CAFE T-M,STOP CEDI,Aprobado,UND ,462,434,0,434,2026-07-01,01-2026,003-ESPIRITU SALVAJE,2026-05-19,2026-05-21,1,COLORES  ,1,4,T-M      ,0.0,INCOMPLETO
STOP,MOP-00000153,ST0000375                                         ,30-3AGO2,08-AGOSTO,ST0000375 - 18-1232 - 005  TOP MANGA LARGA CAFE T-L,STOP CEDI,Aprobado,UND ,346,326,0,326,2026-07-01,01-2026,003-ESPIRITU SALVAJE,2026-05-19,2026-05-21,1,COLORES  ,1,5,T-L      ,0.0,INCOMPLETO
STOP,MOP-00000153,ST0000375                                         ,30-3AGO2,08-AGOSTO,ST0000375 - 18-1232 - 006  TOP MANGA LARGA CAFE T-XL,STOP CEDI,Aprobado,UND ,231,213,0,213,2026-07-01,01-2026,003-ESPIRITU SALVAJE,2026-05-19,2026-05-21,1,COLORES  ,1,6,T-XL     ,0.0,INCOMPLETO
STOP,MOP-00000154,ST0000384                                         ,30-3AGO2,08-AGOSTO,ST0000384 - IND02 - 002  CAMISA MANGA LARGA D INDIGO T-XS,STOP CEDI,Aprobado,UND ,154,168,0,168,2026-07-01,01-2026,003-ESPIRITU SALVAJE,2026-05-19,2026-05-29,1,COLORES  ,1,2,T-XS     ,0.0,INCOMPLETO
STOP,MOP-00000154,ST0000384                                         ,30-3AGO2,08-AGOSTO,ST0000384 - IND02 - 003  CAMISA MANGA LARGA D INDIGO T-S,STOP CEDI,Aprobado,UND ,462,508,0,508,2026-07-01,01-2026,003-ESPIRITU SALVAJE,2026-05-19,2026-05-29,1,COLORES  ,1,3,T-S      ,0.0,INCOMPLETO
STOP,MOP-00000154,ST0000384                                         ,30-3AGO2,08-AGOSTO,ST0000384 - IND02 - 004  CAMISA MANGA LARGA D INDIGO T-M,STOP CEDI,Aprobado,UND ,615,668,0,668,2026-07-01,01-2026,003-ESPIRITU SALVAJE,2026-05-19,2026-05-29,1,COLORES  ,1,4,T-M      ,0.0,INCOMPLETO
STOP,MOP-00000154,ST0000384                                         ,30-3AGO2,08-AGOSTO,ST0000384 - IND02 - 005  CAMISA MANGA LARGA D INDIGO T-L,STOP CEDI,Aprobado,UND ,462,480,0,480,2026-07-01,01-2026,003-ESPIRITU SALVAJE,2026-05-19,2026-05-29,1,COLORES  ,1,5,T-L      ,0.0,INCOMPLETO
STOP,MOP-00000154,ST0000384                                         ,30-3AGO2,08-AGOSTO,ST0000384 - IND02 - 006  CAMISA MANGA LARGA D INDIGO T-XL,STOP CEDI,Aprobado,UND ,308,333,0,333,2026-07-01,01-2026,003-ESPIRITU SALVAJE,2026-05-19,2026-05-29,1,COLORES  ,1,6,T-XL     ,0.0,INCOMPLETO
STOP,MOP-00000155,15009949                                          ,28-3JUL4,07-JULIO,15009949 - 11-0602 - 005  CAMISETA MANGA CORTA CREMA T-L,STOP CEDI,Aprobado,UND ,32,46,0,46,2026-07-08,01-2026, ,2026-05-19,2026-06-04,1,COLORES  ,1,5,T-L      ,0.0,INCOMPLETO
STOP,MOP-00000155,15009949                                          ,28-3JUL4,07-JULIO,15009949 - 11-0602 - 006  CAMISETA MANGA CORTA CREMA T-XL,STOP CEDI,Aprobado,UND ,300,179,0,179,2026-07-08,01-2026, ,2026-05-19,2026-06-04,1,COLORES  ,1,6,T-XL     ,0.0,INCOMPLETO
STOP,MOP-00000155,15009949                                          ,28-3JUL4,07-JULIO,15009949 - 19-4004 - 005  CAMISETA MANGA CORTA NEGRO T-L,STOP CEDI,Aprobado,UND ,110,108,0,108,2026-07-08,01-2026, ,2026-05-19,2026-06-04,1,COLORES  ,1,5,T-L      ,0.0,INCOMPLETO
STOP,MOP-00000155,15009949                                          ,28-3JUL4,07-JULIO,15009949 - 19-4004 - 004  CAMISETA MANGA CORTA NEGRO T-M,STOP CEDI,Aprobado,UND ,109,104,0,104,2026-07-08,01-2026, ,2026-05-19,2026-06-04,1,COLORES  ,1,4,T-M      ,0.0,INCOMPLETO
STOP,MOP-00000155,15009949                                          ,28-3JUL4,07-JULIO,15009949 - 19-4004 - 003  CAMISETA MANGA CORTA NEGRO T-S,STOP CEDI,Aprobado,UND ,50,52,0,52,2026-07-08,01-2026, ,2026-05-19,2026-06-04,1,COLORES  ,1,3,T-S      ,0.0,INCOMPLETO
STOP,MOP-00000156,15008849                                          ,28-3JUL4,07-JULIO,15008849 - 19-4004 - 002  CAMISETA MANGA CORTA NEGRO T-XS,STOP CEDI,En elaboración,UND ,44,0,0,0,2026-07-08,01-2026, ,2026-05-19,2026-06-04,1,COLORES  ,1,2,T-XS     ,0.0,CERRADO
STOP,MOP-00000156,15008849                                          ,28-3JUL4,07-JULIO,15008849 - 19-4004 - 005  CAMISETA MANGA CORTA NEGRO T-L,STOP CEDI,En elaboración,UND ,191,0,0,0,2026-07-08,01-2026, ,2026-05-19,2026-06-04,1,COLORES  ,1,5,T-L      ,0.0,CERRADO
STOP,MOP-00000157,15010809                                          ,28-3JUL4,07-JULIO,15010809 - 19-4004 - 005  BUZO ABIERTO CON CAP NEGRO T-L,STOP CEDI,En elaboración,UND ,200,0,0,0,2026-07-08,01-2026, ,2026-05-19,2026-06-04,1,COLORES  ,1,5,T-L      ,0.0,CERRADO
STOP,MOP-00000157,15010809                                          ,28-3JUL4,07-JULIO,15010809 - 19-4004 - 004  BUZO ABIERTO CON CAP NEGRO T-M,STOP CEDI,En elaboración,UND ,400,0,0,0,2026-07-08,01-2026, ,2026-05-19,2026-06-04,1,COLORES  ,1,4,T-M      ,0.0,CERRADO
STOP,MOP-00000157,15010809                                          ,28-3JUL4,07-JULIO,15010809 - 19-4004 - 003  BUZO ABIERTO CON CAP NEGRO T-S,STOP CEDI,En elaboración,UND ,209,0,0,0,2026-07-08,01-2026, ,2026-05-19,2026-06-04,1,COLORES  ,1,3,T-S      ,0.0,CERRADO
STOP,MOP-00000157,15010809                                          ,28-3JUL4,07-JULIO,15010809 - 19-4004 - 006  BUZO ABIERTO CON CAP NEGRO T-XL,STOP CEDI,En elaboración,UND ,100,0,0,0,2026-07-08,01-2026, ,2026-05-19,2026-06-04,1,COLORES  ,1,6,T-XL     ,0.0,CERRADO
STOP,MOP-00000158,15008849                                          ,28-3JUL4,07-JULIO,15008849 - 11-0602 - 005  CAMISETA MANGA CORTA CREMA T-L,STOP CEDI,Aprobado,UND ,126,102,0,102,2026-07-08,01-2026, ,2026-05-19,2026-05-22,1,COLORES  ,1,5,T-L      ,0.0,INCOMPLETO
STOP,MOP-00000158,15008849                                          ,28-3JUL4,07-JULIO,15008849 - 11-0602 - 003  CAMISETA MANGA CORTA CREMA T-S,STOP CEDI,Aprobado,UND ,41,38,0,38,2026-07-08,01-2026, ,2026-05-19,2026-05-22,1,COLORES  ,1,3,T-S      ,0.0,INCOMPLETO
STOP,MOP-00000159,ST0000332                                         ,31-3AGO3,08-AGOSTO,ST0000332 - IND01 - 014  BERMUDA TIRO MEDIO L INDIGO T-6,STOP CEDI,Aprobado,UND ,400,395,0,395,2026-07-08,01-2026,004-INSTINTO ANIMAL,2026-05-19,2026-05-22,1,COLORES  ,1,14,T-6      ,0.0,INCOMPLETO
STOP,MOP-00000159,ST0000332                                         ,31-3AGO3,08-AGOSTO,ST0000332 - IND01 - 016  BERMUDA TIRO MEDIO L INDIGO T-8,STOP CEDI,Aprobado,UND ,500,513,0,513,2026-07-08,01-2026,004-INSTINTO ANIMAL,2026-05-19,2026-05-22,1,COLORES  ,1,16,T-8      ,0.0,INCOMPLETO
STOP,MOP-00000159,ST0000332                                         ,31-3AGO3,08-AGOSTO,ST0000332 - IND01 - 018  BERMUDA TIRO MEDIO L INDIGO T-10,STOP CEDI,Aprobado,UND ,500,511,0,511,2026-07-08,01-2026,004-INSTINTO ANIMAL,2026-05-19,2026-05-22,1,COLORES  ,1,18,T-10     ,0.0,INCOMPLETO
STOP,MOP-00000159,ST0000332                                         ,31-3AGO3,08-AGOSTO,ST0000332 - IND01 - 019  BERMUDA TIRO MEDIO L INDIGO T-12,STOP CEDI,Aprobado,UND ,400,393,0,393,2026-07-08,01-2026,004-INSTINTO ANIMAL,2026-05-19,2026-05-22,1,COLORES  ,1,19,T-12     ,0.0,INCOMPLETO
STOP,MOP-00000159,ST0000332                                         ,31-3AGO3,08-AGOSTO,ST0000332 - IND01 - 020  BERMUDA TIRO MEDIO L INDIGO T-14,STOP CEDI,Aprobado,UND ,300,292,0,292,2026-07-08,01-2026,004-INSTINTO ANIMAL,2026-05-19,2026-05-22,1,COLORES  ,1,20,T-14     ,0.0,INCOMPLETO
STOP,MOP-00000159,ST0000332                                         ,31-3AGO3,08-AGOSTO,ST0000332 - IND01 - 021  BERMUDA TIRO MEDIO L INDIGO T-16,STOP CEDI,Aprobado,UND ,100,90,0,90,2026-07-08,01-2026,004-INSTINTO ANIMAL,2026-05-19,2026-05-22,1,COLORES  ,1,21,T-16     ,0.0,INCOMPLETO
STOP,MOP-00000160,15013949                                          ,28-3JUL4,07-JULIO,15013949 - 11-0601 - 005  CAMISETA T SHIRT MAN BLANCO T-L,STOP CEDI,En elaboración,UND ,404,0,0,0,2026-07-08,01-2026, ,2026-05-19,2026-05-22,1,COLORES  ,1,5,T-L      ,0.0,CERRADO
STOP,MOP-00000160,15013949                                          ,28-3JUL4,07-JULIO,15013949 - 11-0601 - 004  CAMISETA T SHIRT MAN BLANCO T-M,STOP CEDI,En elaboración,UND ,801,0,0,0,2026-07-08,01-2026, ,2026-05-19,2026-05-22,1,COLORES  ,1,4,T-M      ,0.0,CERRADO
STOP,MOP-00000160,15013949                                          ,28-3JUL4,07-JULIO,15013949 - 11-0601 - 003  CAMISETA T SHIRT MAN BLANCO T-S,STOP CEDI,En elaboración,UND ,803,0,0,0,2026-07-08,01-2026, ,2026-05-19,2026-05-22,1,COLORES  ,1,3,T-S      ,0.0,CERRADO
STOP,MOP-00000160,15013949                                          ,28-3JUL4,07-JULIO,15013949 - 11-0601 - 006  CAMISETA T SHIRT MAN BLANCO T-XL,STOP CEDI,En elaboración,UND ,201,0,0,0,2026-07-08,01-2026, ,2026-05-19,2026-05-22,1,COLORES  ,1,6,T-XL     ,0.0,CERRADO
STOP,MOP-00000160,15013949                                          ,28-3JUL4,07-JULIO,15013949 - 11-0601 - 002  CAMISETA T SHIRT MAN BLANCO T-XS,STOP CEDI,En elaboración,UND ,200,0,0,0,2026-07-08,01-2026, ,2026-05-19,2026-05-22,1,COLORES  ,1,2,T-XS     ,0.0,CERRADO
STOP,MOP-00000161,15015944                                          ,28-3JUL4,07-JULIO,15015944 - IND01 - 014  VAQUERO T/ALTO  BOTA INDIGO T-6,STOP CEDI,Aprobado,UND ,76,81,0,81,2026-07-08,01-2026, ,2026-05-19,2026-05-22,1,COLORES  ,1,14,T-6      ,0.0,INCOMPLETO
STOP,MOP-00000161,15015944                                          ,28-3JUL4,07-JULIO,15015944 - IND01 - 016  VAQUERO T/ALTO  BOTA INDIGO T-8,STOP CEDI,Aprobado,UND ,78,77,0,77,2026-07-08,01-2026, ,2026-05-19,2026-05-22,1,COLORES  ,1,16,T-8      ,0.0,INCOMPLETO
STOP,MOP-00000161,15015944                                          ,28-3JUL4,07-JULIO,15015944 - IND01 - 018  VAQUERO T/ALTO  BOTA INDIGO T-10,STOP CEDI,Aprobado,UND ,101,117,0,117,2026-07-08,01-2026, ,2026-05-19,2026-05-22,1,COLORES  ,1,18,T-10     ,0.0,INCOMPLETO
STOP,MOP-00000162,15015944                                          ,28-3JUL4,07-JULIO,15015944 - IND02 - 014  VAQUERO T/ALTO  BOTA INDIGO T-6,STOP CEDI,Aprobado,UND ,88,101,0,101,2026-07-08,01-2026, ,2026-05-19,2026-05-22,1,COLORES  ,1,14,T-6      ,0.0,INCOMPLETO
STOP,MOP-00000162,15015944                                          ,28-3JUL4,07-JULIO,15015944 - IND02 - 018  VAQUERO T/ALTO  BOTA INDIGO T-10,STOP CEDI,Aprobado,UND ,176,188,0,188,2026-07-08,01-2026, ,2026-05-19,2026-05-22,1,COLORES  ,1,18,T-10     ,0.0,INCOMPLETO
STOP,MOP-00000162,15015944                                          ,28-3JUL4,07-JULIO,15015944 - IND02 - 019  VAQUERO T/ALTO  BOTA INDIGO T-12,STOP CEDI,Aprobado,UND ,152,156,0,156,2026-07-08,01-2026, ,2026-05-19,2026-05-22,1,COLORES  ,1,19,T-12     ,0.0,INCOMPLETO
STOP,MOP-00000162,15015944                                          ,28-3JUL4,07-JULIO,15015944 - IND02 - 020  VAQUERO T/ALTO  BOTA INDIGO T-14,STOP CEDI,Aprobado,UND ,39,47,0,47,2026-07-08,01-2026, ,2026-05-19,2026-05-22,1,COLORES  ,1,20,T-14     ,0.0,INCOMPLETO
STOP,MOP-00000163,15015944                                          ,28-3JUL4,07-JULIO,15015944 - IND04 - 016  VAQUERO T/ALTO  BOTA INDIGO T-8,STOP CEDI,Aprobado,UND ,61,66,0,66,2026-07-08,01-2026, ,2026-05-19,2026-05-22,1,COLORES  ,1,16,T-8      ,0.0,INCOMPLETO
STOP,MOP-00000163,15015944                                          ,28-3JUL4,07-JULIO,15015944 - IND04 - 018  VAQUERO T/ALTO  BOTA INDIGO T-10,STOP CEDI,Aprobado,UND ,79,86,0,86,2026-07-08,01-2026, ,2026-05-19,2026-05-22,1,COLORES  ,1,18,T-10     ,0.0,INCOMPLETO
STOP,MOP-00000163,15015944                                          ,28-3JUL4,07-JULIO,15015944 - IND04 - 019  VAQUERO T/ALTO  BOTA INDIGO T-12,STOP CEDI,Aprobado,UND ,65,66,0,66,2026-07-08,01-2026, ,2026-05-19,2026-05-22,1,COLORES  ,1,19,T-12     ,0.0,INCOMPLETO
STOP,MOP-00000163,15015944                                          ,28-3JUL4,07-JULIO,15015944 - IND04 - 020  VAQUERO T/ALTO  BOTA INDIGO T-14,STOP CEDI,Aprobado,UND ,46,43,0,43,2026-07-08,01-2026, ,2026-05-19,2026-05-22,1,COLORES  ,1,20,T-14     ,0.0,INCOMPLETO
STOP,MOP-00000164,ST0000369                                         ,31-3AGO3,08-AGOSTO,ST0000369 - 19-4004 - 002  -SHIRT  MANGA CORTA NEGRO T-XS,STOP CEDI,Aprobado,UND ,177,207,0,207,2026-07-08,01-2026,004-INSTINTO ANIMAL,2026-05-19,2026-05-21,1,COLORES  ,1,2,T-XS     ,0.0,INCOMPLETO
STOP,MOP-00000164,ST0000369                                         ,31-3AGO3,08-AGOSTO,ST0000369 - 19-4004 - 003  -SHIRT  MANGA CORTA NEGRO T-S,STOP CEDI,Aprobado,UND ,531,599,0,599,2026-07-08,01-2026,004-INSTINTO ANIMAL,2026-05-19,2026-05-21,1,COLORES  ,1,3,T-S      ,0.0,INCOMPLETO
STOP,MOP-00000164,ST0000369                                         ,31-3AGO3,08-AGOSTO,ST0000369 - 19-4004 - 004  -SHIRT  MANGA CORTA NEGRO T-M,STOP CEDI,Aprobado,UND ,708,783,0,783,2026-07-08,01-2026,004-INSTINTO ANIMAL,2026-05-19,2026-05-21,1,COLORES  ,1,4,T-M      ,0.0,INCOMPLETO
STOP,MOP-00000164,ST0000369                                         ,31-3AGO3,08-AGOSTO,ST0000369 - 19-4004 - 005  -SHIRT  MANGA CORTA NEGRO T-L,STOP CEDI,Aprobado,UND ,531,585,0,585,2026-07-08,01-2026,004-INSTINTO ANIMAL,2026-05-19,2026-05-21,1,COLORES  ,1,5,T-L      ,0.0,INCOMPLETO
STOP,MOP-00000164,ST0000369                                         ,31-3AGO3,08-AGOSTO,ST0000369 - 19-4004 - 006  -SHIRT  MANGA CORTA NEGRO T-XL,STOP CEDI,Aprobado,UND ,354,390,0,390,2026-07-08,01-2026,004-INSTINTO ANIMAL,2026-05-19,2026-05-21,1,COLORES  ,1,6,T-XL     ,0.0,INCOMPLETO
STOP,MOP-00000165,ST0000371                                         ,31-3AGO3,08-AGOSTO,ST0000371 - 11-0602 - 002  CAMISETA MANGA CORTA CREMA T-XS,STOP CEDI,Aprobado,UND ,135,155,0,155,2026-07-08,01-2026,004-INSTINTO ANIMAL,2026-05-19,2026-05-21,1,COLORES  ,1,2,T-XS     ,0.0,INCOMPLETO
STOP,MOP-00000165,ST0000371                                         ,31-3AGO3,08-AGOSTO,ST0000371 - 11-0602 - 003  CAMISETA MANGA CORTA CREMA T-S,STOP CEDI,Aprobado,UND ,541,596,0,596,2026-07-08,01-2026,004-INSTINTO ANIMAL,2026-05-19,2026-05-21,1,COLORES  ,1,3,T-S      ,0.0,INCOMPLETO
STOP,MOP-00000165,ST0000371                                         ,31-3AGO3,08-AGOSTO,ST0000371 - 11-0602 - 004  CAMISETA MANGA CORTA CREMA T-M,STOP CEDI,Aprobado,UND ,676,741,0,741,2026-07-08,01-2026,004-INSTINTO ANIMAL,2026-05-19,2026-05-21,1,COLORES  ,1,4,T-M      ,0.0,INCOMPLETO
STOP,MOP-00000165,ST0000371                                         ,31-3AGO3,08-AGOSTO,ST0000371 - 11-0602 - 005  CAMISETA MANGA CORTA CREMA T-L,STOP CEDI,Aprobado,UND ,541,586,0,586,2026-07-08,01-2026,004-INSTINTO ANIMAL,2026-05-19,2026-05-21,1,COLORES  ,1,5,T-L      ,0.0,INCOMPLETO
STOP,MOP-00000165,ST0000371                                         ,31-3AGO3,08-AGOSTO,ST0000371 - 11-0602 - 006  CAMISETA MANGA CORTA CREMA T-XL,STOP CEDI,Aprobado,UND ,405,435,0,435,2026-07-08,01-2026,004-INSTINTO ANIMAL,2026-05-19,2026-05-21,1,COLORES  ,1,6,T-XL     ,0.0,INCOMPLETO
STOP,MOP-00000166,ST0000356                                         ,29-3AGO1,08-AGOSTO,ST0000356 - 13-4302 - 002  CAMISETA MANGA 3/4 AZUL T-XS,STOP CEDI,Aprobado,UND ,147,126,0,126,2026-07-22,01-2026, ,2026-05-20,2026-05-21,1,COLORES  ,1,2,T-XS     ,0.0,INCOMPLETO
STOP,MOP-00000166,ST0000356                                         ,29-3AGO1,08-AGOSTO,ST0000356 - 13-4302 - 003  CAMISETA MANGA 3/4 AZUL T-S,STOP CEDI,Aprobado,UND ,440,411,0,411,2026-07-22,01-2026, ,2026-05-20,2026-05-21,1,COLORES  ,1,3,T-S      ,0.0,INCOMPLETO
STOP,MOP-00000166,ST0000356                                         ,29-3AGO1,08-AGOSTO,ST0000356 - 13-4302 - 004  CAMISETA MANGA 3/4 AZUL T-M,STOP CEDI,Aprobado,UND ,733,686,0,686,2026-07-22,01-2026, ,2026-05-20,2026-05-21,1,COLORES  ,1,4,T-M      ,0.0,INCOMPLETO
STOP,MOP-00000166,ST0000356                                         ,29-3AGO1,08-AGOSTO,ST0000356 - 13-4302 - 005  CAMISETA MANGA 3/4 AZUL T-L,STOP CEDI,Aprobado,UND ,587,536,0,536,2026-07-22,01-2026, ,2026-05-20,2026-05-21,1,COLORES  ,1,5,T-L      ,0.0,INCOMPLETO
STOP,MOP-00000166,ST0000356                                         ,29-3AGO1,08-AGOSTO,ST0000356 - 13-4302 - 006  CAMISETA MANGA 3/4 AZUL T-XL,STOP CEDI,Aprobado,UND ,293,268,0,268,2026-07-22,01-2026, ,2026-05-20,2026-05-21,1,COLORES  ,1,6,T-XL     ,0.0,INCOMPLETO
STOP,MOP-00000167,ST0000380                                         ,31-3AGO3,08-AGOSTO,ST0000380 - 19-1419 - 013  PANTALON TIRO ALTO C CAFE T-5,STOP CEDI,Aprobado,UND ,250,321,0,321,2026-07-08,01-2026,004-INSTINTO ANIMAL,2026-05-20,2026-06-02,1,COLORES  ,1,13,T-5      ,0.0,INCOMPLETO
STOP,MOP-00000167,ST0000380                                         ,31-3AGO3,08-AGOSTO,ST0000380 - 19-1419 - 014  PANTALON TIRO ALTO C CAFE T-6,STOP CEDI,Aprobado,UND ,375,426,0,426,2026-07-08,01-2026,004-INSTINTO ANIMAL,2026-05-20,2026-06-02,1,COLORES  ,1,14,T-6      ,0.0,INCOMPLETO
STOP,MOP-00000167,ST0000380                                         ,31-3AGO3,08-AGOSTO,ST0000380 - 19-1419 - 016  PANTALON TIRO ALTO C CAFE T-8,STOP CEDI,Aprobado,UND ,625,636,0,636,2026-07-08,01-2026,004-INSTINTO ANIMAL,2026-05-20,2026-06-02,1,COLORES  ,1,16,T-8      ,0.0,INCOMPLETO
STOP,MOP-00000167,ST0000380                                         ,31-3AGO3,08-AGOSTO,ST0000380 - 19-1419 - 018  PANTALON TIRO ALTO C CAFE T-10,STOP CEDI,Aprobado,UND ,625,636,0,636,2026-07-08,01-2026,004-INSTINTO ANIMAL,2026-05-20,2026-06-02,1,COLORES  ,1,18,T-10     ,0.0,INCOMPLETO
STOP,MOP-00000167,ST0000380                                         ,31-3AGO3,08-AGOSTO,ST0000380 - 19-1419 - 019  PANTALON TIRO ALTO C CAFE T-12,STOP CEDI,Aprobado,UND ,375,425,0,425,2026-07-08,01-2026,004-INSTINTO ANIMAL,2026-05-20,2026-06-02,1,COLORES  ,1,19,T-12     ,0.0,INCOMPLETO
STOP,MOP-00000167,ST0000380                                         ,31-3AGO3,08-AGOSTO,ST0000380 - 19-1419 - 020  PANTALON TIRO ALTO C CAFE T-14,STOP CEDI,Aprobado,UND ,250,321,0,321,2026-07-08,01-2026,004-INSTINTO ANIMAL,2026-05-20,2026-06-02,1,COLORES  ,1,20,T-14     ,0.0,INCOMPLETO
STOP,MOP-00000168,ST0000357                                         ,29-3AGO1,08-AGOSTO,ST0000357 - 17-1142 - 002  CAMISA MANGA CORTA C CAFE T-XS,STOP CEDI,Aprobado,UND ,92,56,0,56,2026-07-22,01-2026,003-ESPIRITU SALVAJE,2026-05-20,2026-05-25,1,COLORES  ,1,2,T-XS     ,0.0,INCOMPLETO
STOP,MOP-00000168,ST0000357                                         ,29-3AGO1,08-AGOSTO,ST0000357 - 17-1142 - 003  CAMISA MANGA CORTA C CAFE T-S,STOP CEDI,Aprobado,UND ,277,169,0,169,2026-07-22,01-2026,003-ESPIRITU SALVAJE,2026-05-20,2026-05-25,1,COLORES  ,1,3,T-S      ,0.0,INCOMPLETO
STOP,MOP-00000168,ST0000357                                         ,29-3AGO1,08-AGOSTO,ST0000357 - 17-1142 - 004  CAMISA MANGA CORTA C CAFE T-M,STOP CEDI,Aprobado,UND ,369,234,0,234,2026-07-22,01-2026,003-ESPIRITU SALVAJE,2026-05-20,2026-05-25,1,COLORES  ,1,4,T-M      ,0.0,INCOMPLETO
STOP,MOP-00000168,ST0000357                                         ,29-3AGO1,08-AGOSTO,ST0000357 - 17-1142 - 005  CAMISA MANGA CORTA C CAFE T-L,STOP CEDI,Aprobado,UND ,277,178,0,178,2026-07-22,01-2026,003-ESPIRITU SALVAJE,2026-05-20,2026-05-25,1,COLORES  ,1,5,T-L      ,0.0,INCOMPLETO
STOP,MOP-00000168,ST0000357                                         ,29-3AGO1,08-AGOSTO,ST0000357 - 17-1142 - 006  CAMISA MANGA CORTA C CAFE T-XL,STOP CEDI,Aprobado,UND ,185,117,0,117,2026-07-22,01-2026,003-ESPIRITU SALVAJE,2026-05-20,2026-05-25,1,COLORES  ,1,6,T-XL     ,0.0,INCOMPLETO
STOP,MOP-00000170,ST0000381                                         ,29-3AGO1,08-AGOSTO,ST0000381 - 19-1230 - 014  FALDA TIRO ALTO TIPO CAFE T-6,STOP CEDI,En elaboración,UND ,229,0,0,0,2026-07-22,01-2026,003-ESPIRITU SALVAJE,2026-05-20,2026-05-25,1,COLORES  ,1,14,T-6      ,0.0,CERRADO
STOP,MOP-00000170,ST0000381                                         ,29-3AGO1,08-AGOSTO,ST0000381 - 19-1230 - 016  FALDA TIRO ALTO TIPO CAFE T-8,STOP CEDI,En elaboración,UND ,286,0,0,0,2026-07-22,01-2026,003-ESPIRITU SALVAJE,2026-05-20,2026-05-25,1,COLORES  ,1,16,T-8      ,0.0,CERRADO
STOP,MOP-00000170,ST0000381                                         ,29-3AGO1,08-AGOSTO,ST0000381 - 19-1230 - 018  FALDA TIRO ALTO TIPO CAFE T-10,STOP CEDI,En elaboración,UND ,286,0,0,0,2026-07-22,01-2026,003-ESPIRITU SALVAJE,2026-05-20,2026-05-25,1,COLORES  ,1,18,T-10     ,0.0,CERRADO
STOP,MOP-00000170,ST0000381                                         ,29-3AGO1,08-AGOSTO,ST0000381 - 19-1230 - 019  FALDA TIRO ALTO TIPO CAFE T-12,STOP CEDI,En elaboración,UND ,229,0,0,0,2026-07-22,01-2026,003-ESPIRITU SALVAJE,2026-05-20,2026-05-25,1,COLORES  ,1,19,T-12     ,0.0,CERRADO
STOP,MOP-00000170,ST0000381                                         ,29-3AGO1,08-AGOSTO,ST0000381 - 19-1230 - 020  FALDA TIRO ALTO TIPO CAFE T-14,STOP CEDI,En elaboración,UND ,171,0,0,0,2026-07-22,01-2026,003-ESPIRITU SALVAJE,2026-05-20,2026-05-25,1,COLORES  ,1,20,T-14     ,0.0,CERRADO
STOP,MOP-00000171,ST0000382                                         ,29-3AGO1,08-AGOSTO,ST0000382 - IND02 - 003  CHALECO MANGA SISA INDIGO T-S,STOP CEDI,Aprobado,UND ,554,530,0,530,2026-07-22,01-2026,003-ESPIRITU SALVAJE,2026-05-20,2026-05-23,1,COLORES  ,1,3,T-S      ,0.0,INCOMPLETO
STOP,MOP-00000171,ST0000382                                         ,29-3AGO1,08-AGOSTO,ST0000382 - IND02 - 004  CHALECO MANGA SISA INDIGO T-M,STOP CEDI,Aprobado,UND ,554,542,0,542,2026-07-22,01-2026,003-ESPIRITU SALVAJE,2026-05-20,2026-05-23,1,COLORES  ,1,4,T-M      ,0.0,INCOMPLETO
STOP,MOP-00000171,ST0000382                                         ,29-3AGO1,08-AGOSTO,ST0000382 - IND02 - 005  CHALECO MANGA SISA INDIGO T-L,STOP CEDI,Aprobado,UND ,415,396,0,396,2026-07-22,01-2026,003-ESPIRITU SALVAJE,2026-05-20,2026-05-23,1,COLORES  ,1,5,T-L      ,0.0,INCOMPLETO
STOP,MOP-00000171,ST0000382                                         ,29-3AGO1,08-AGOSTO,ST0000382 - IND02 - 006  CHALECO MANGA SISA INDIGO T-XL,STOP CEDI,Aprobado,UND ,277,296,0,296,2026-07-22,01-2026,003-ESPIRITU SALVAJE,2026-05-20,2026-05-23,1,COLORES  ,1,6,T-XL     ,0.0,INCOMPLETO
STOP,MOP-00000172,ST0000365                                         ,29-3AGO1,08-AGOSTO,ST0000365 - 18-1232 - 002  CAMISETA MANGA CORTA CAFE T-XS,STOP CEDI,Aprobado,UND ,147,160,0,160,2026-05-20,01-2026,003-ESPIRITU SALVAJE,2026-05-20,2026-05-27,1,COLORES  ,1,2,T-XS     ,0.0,INCOMPLETO
STOP,MOP-00000172,ST0000365                                         ,29-3AGO1,08-AGOSTO,ST0000365 - 18-1232 - 003  CAMISETA MANGA CORTA CAFE T-S,STOP CEDI,Aprobado,UND ,588,614,0,614,2026-05-20,01-2026,003-ESPIRITU SALVAJE,2026-05-20,2026-05-27,1,COLORES  ,1,3,T-S      ,0.0,INCOMPLETO
STOP,MOP-00000172,ST0000365                                         ,29-3AGO1,08-AGOSTO,ST0000365 - 18-1232 - 004  CAMISETA MANGA CORTA CAFE T-M,STOP CEDI,Aprobado,UND ,735,766,0,766,2026-05-20,01-2026,003-ESPIRITU SALVAJE,2026-05-20,2026-05-27,1,COLORES  ,1,4,T-M      ,0.0,INCOMPLETO
STOP,MOP-00000172,ST0000365                                         ,29-3AGO1,08-AGOSTO,ST0000365 - 18-1232 - 005  CAMISETA MANGA CORTA CAFE T-L,STOP CEDI,Aprobado,UND ,588,600,0,600,2026-05-20,01-2026,003-ESPIRITU SALVAJE,2026-05-20,2026-05-27,1,COLORES  ,1,5,T-L      ,0.0,INCOMPLETO
STOP,MOP-00000172,ST0000365                                         ,29-3AGO1,08-AGOSTO,ST0000365 - 18-1232 - 006  CAMISETA MANGA CORTA CAFE T-XL,STOP CEDI,Aprobado,UND ,441,447,0,447,2026-05-20,01-2026,003-ESPIRITU SALVAJE,2026-05-20,2026-05-27,1,COLORES  ,1,6,T-XL     ,0.0,INCOMPLETO
STOP,MOP-00000172,ST0000365                                         ,29-3AGO1,08-AGOSTO,ST0000365 - 15-1225 - 002  CAMISETA MANGA CORTA NARANJA T-XS,STOP CEDI,Aprobado,UND ,147,156,0,156,2026-05-20,01-2026,003-ESPIRITU SALVAJE,2026-05-20,2026-05-27,1,COLORES  ,1,2,T-XS     ,0.0,INCOMPLETO
STOP,MOP-00000172,ST0000365                                         ,29-3AGO1,08-AGOSTO,ST0000365 - 15-1225 - 003  CAMISETA MANGA CORTA NARANJA T-S,STOP CEDI,Aprobado,UND ,588,595,0,595,2026-05-20,01-2026,003-ESPIRITU SALVAJE,2026-05-20,2026-05-27,1,COLORES  ,1,3,T-S      ,0.0,INCOMPLETO
STOP,MOP-00000172,ST0000365                                         ,29-3AGO1,08-AGOSTO,ST0000365 - 15-1225 - 004  CAMISETA MANGA CORTA NARANJA T-M,STOP CEDI,Aprobado,UND ,735,738,0,738,2026-05-20,01-2026,003-ESPIRITU SALVAJE,2026-05-20,2026-05-27,1,COLORES  ,1,4,T-M      ,0.0,INCOMPLETO
STOP,MOP-00000172,ST0000365                                         ,29-3AGO1,08-AGOSTO,ST0000365 - 15-1225 - 005  CAMISETA MANGA CORTA NARANJA T-L,STOP CEDI,Aprobado,UND ,588,580,0,580,2026-05-20,01-2026,003-ESPIRITU SALVAJE,2026-05-20,2026-05-27,1,COLORES  ,1,5,T-L      ,0.0,INCOMPLETO
STOP,MOP-00000172,ST0000365                                         ,29-3AGO1,08-AGOSTO,ST0000365 - 15-1225 - 006  CAMISETA MANGA CORTA NARANJA T-XL,STOP CEDI,Aprobado,UND ,441,435,0,435,2026-05-20,01-2026,003-ESPIRITU SALVAJE,2026-05-20,2026-05-27,1,COLORES  ,1,6,T-XL     ,0.0,INCOMPLETO
STOP,MOP-00000173,ST0000383                                         ,29-3AGO1,08-AGOSTO,ST0000383 - IND04 - 002  CHAQUETA MANGA LARGA INDIGO T-XS,STOP CEDI,En elaboración,UND ,115,0,0,0,2026-07-22,01-2026,003-ESPIRITU SALVAJE,2026-05-20,2026-05-27,1,COLORES  ,1,2,T-XS     ,0.0,CERRADO
STOP,MOP-00000173,ST0000383                                         ,29-3AGO1,08-AGOSTO,ST0000383 - IND04 - 003  CHAQUETA MANGA LARGA INDIGO T-S,STOP CEDI,En elaboración,UND ,462,0,0,0,2026-07-22,01-2026,003-ESPIRITU SALVAJE,2026-05-20,2026-05-27,1,COLORES  ,1,3,T-S      ,0.0,CERRADO
STOP,MOP-00000173,ST0000383                                         ,29-3AGO1,08-AGOSTO,ST0000383 - IND04 - 004  CHAQUETA MANGA LARGA INDIGO T-M,STOP CEDI,En elaboración,UND ,462,0,0,0,2026-07-22,01-2026,003-ESPIRITU SALVAJE,2026-05-20,2026-05-27,1,COLORES  ,1,4,T-M      ,0.0,CERRADO
STOP,MOP-00000173,ST0000383                                         ,29-3AGO1,08-AGOSTO,ST0000383 - IND04 - 005  CHAQUETA MANGA LARGA INDIGO T-L,STOP CEDI,En elaboración,UND ,346,0,0,0,2026-07-22,01-2026,003-ESPIRITU SALVAJE,2026-05-20,2026-05-27,1,COLORES  ,1,5,T-L      ,0.0,CERRADO
STOP,MOP-00000173,ST0000383                                         ,29-3AGO1,08-AGOSTO,ST0000383 - IND04 - 006  CHAQUETA MANGA LARGA INDIGO T-XL,STOP CEDI,En elaboración,UND ,115,0,0,0,2026-07-22,01-2026,003-ESPIRITU SALVAJE,2026-05-20,2026-05-27,1,COLORES  ,1,6,T-XL     ,0.0,CERRADO
STOP,MOP-00000175,ST0000831                                         ,29-3AGO1,08-AGOSTO,ST0000831 - 19-1230 - 002  BLUSA MANGA LARGA OJ CAFE T-XS,STOP CEDI,Aprobado,UND ,180,190,0,190,2026-07-22,01-2026,003-ESPIRITU SALVAJE,2026-05-20,2026-06-02,1,COLORES  ,1,2,T-XS     ,0.0,INCOMPLETO
STOP,MOP-00000175,ST0000831                                         ,29-3AGO1,08-AGOSTO,ST0000831 - 19-1230 - 003  BLUSA MANGA LARGA OJ CAFE T-S,STOP CEDI,Aprobado,UND ,360,374,0,374,2026-07-22,01-2026,003-ESPIRITU SALVAJE,2026-05-20,2026-06-02,1,COLORES  ,1,3,T-S      ,0.0,INCOMPLETO
STOP,MOP-00000175,ST0000831                                         ,29-3AGO1,08-AGOSTO,ST0000831 - 19-1230 - 004  BLUSA MANGA LARGA OJ CAFE T-M,STOP CEDI,Aprobado,UND ,540,564,0,564,2026-07-22,01-2026,003-ESPIRITU SALVAJE,2026-05-20,2026-06-02,1,COLORES  ,1,4,T-M      ,0.0,INCOMPLETO
STOP,MOP-00000175,ST0000831                                         ,29-3AGO1,08-AGOSTO,ST0000831 - 19-1230 - 005  BLUSA MANGA LARGA OJ CAFE T-L,STOP CEDI,Aprobado,UND ,360,373,0,373,2026-07-22,01-2026,003-ESPIRITU SALVAJE,2026-05-20,2026-06-02,1,COLORES  ,1,5,T-L      ,0.0,INCOMPLETO
STOP,MOP-00000175,ST0000831                                         ,29-3AGO1,08-AGOSTO,ST0000831 - 19-1230 - 006  BLUSA MANGA LARGA OJ CAFE T-XL,STOP CEDI,Aprobado,UND ,360,372,0,372,2026-07-22,01-2026,003-ESPIRITU SALVAJE,2026-05-20,2026-06-02,1,COLORES  ,1,6,T-XL     ,0.0,INCOMPLETO
STOP,MOP-00000178,15014824                                          ,32-3AGO4,08-AGOSTO,15014824 - IND02 - 005  CHAQUETA DENIM ESENC INDIGO T-L,STOP CEDI,Aprobado,UND ,299,278,0,278,2026-08-05,01-2026, ,2026-05-21,2026-05-25,1,COLORES  ,1,5,T-L      ,0.0,INCOMPLETO
STOP,MOP-00000178,15014824                                          ,32-3AGO4,08-AGOSTO,15014824 - IND02 - 004  CHAQUETA DENIM ESENC INDIGO T-M,STOP CEDI,Aprobado,UND ,36,34,0,34,2026-08-05,01-2026, ,2026-05-21,2026-05-25,1,COLORES  ,1,4,T-M      ,0.0,INCOMPLETO
STOP,MOP-00000178,15014824                                          ,32-3AGO4,08-AGOSTO,15014824 - IND02 - 003  CHAQUETA DENIM ESENC INDIGO T-S,STOP CEDI,Aprobado,UND ,198,192,0,192,2026-08-05,01-2026, ,2026-05-21,2026-05-25,1,COLORES  ,1,3,T-S      ,0.0,INCOMPLETO
STOP,MOP-00000178,15014824                                          ,32-3AGO4,08-AGOSTO,15014824 - IND02 - 006  CHAQUETA DENIM ESENC INDIGO T-XL,STOP CEDI,Aprobado,UND ,300,286,0,286,2026-08-05,01-2026, ,2026-05-21,2026-05-25,1,COLORES  ,1,6,T-XL     ,0.0,INCOMPLETO
STOP,MOP-00000179,ST0000351                                         ,33-3SEP1,09-SEPTIEMBRE,ST0000351 - IND06 - 014  BERMUDA TIRO ALTO NE INDIGO T-6,STOP CEDI,En elaboración,UND ,383,0,0,0,2026-08-19,01-2026,020-TU MEJOR VERSION,2026-05-21,2026-05-25,1,COLORES  ,1,14,T-6      ,0.0,CERRADO
STOP,MOP-00000179,ST0000351                                         ,33-3SEP1,09-SEPTIEMBRE,ST0000351 - IND06 - 016  BERMUDA TIRO ALTO NE INDIGO T-8,STOP CEDI,En elaboración,UND ,478,0,0,0,2026-08-19,01-2026,020-TU MEJOR VERSION,2026-05-21,2026-05-25,1,COLORES  ,1,16,T-8      ,0.0,CERRADO
STOP,MOP-00000179,ST0000351                                         ,33-3SEP1,09-SEPTIEMBRE,ST0000351 - IND06 - 018  BERMUDA TIRO ALTO NE INDIGO T-10,STOP CEDI,En elaboración,UND ,478,0,0,0,2026-08-19,01-2026,020-TU MEJOR VERSION,2026-05-21,2026-05-25,1,COLORES  ,1,18,T-10     ,0.0,CERRADO
STOP,MOP-00000179,ST0000351                                         ,33-3SEP1,09-SEPTIEMBRE,ST0000351 - IND06 - 019  BERMUDA TIRO ALTO NE INDIGO T-12,STOP CEDI,En elaboración,UND ,383,0,0,0,2026-08-19,01-2026,020-TU MEJOR VERSION,2026-05-21,2026-05-25,1,COLORES  ,1,19,T-12     ,0.0,CERRADO
STOP,MOP-00000179,ST0000351                                         ,33-3SEP1,09-SEPTIEMBRE,ST0000351 - IND06 - 020  BERMUDA TIRO ALTO NE INDIGO T-14,STOP CEDI,En elaboración,UND ,287,0,0,0,2026-08-19,01-2026,020-TU MEJOR VERSION,2026-05-21,2026-05-25,1,COLORES  ,1,20,T-14     ,0.0,CERRADO
STOP,MOP-00000179,ST0000351                                         ,33-3SEP1,09-SEPTIEMBRE,ST0000351 - IND06 - 021  BERMUDA TIRO ALTO NE INDIGO T-16,STOP CEDI,En elaboración,UND ,191,0,0,0,2026-08-19,01-2026,020-TU MEJOR VERSION,2026-05-21,2026-05-25,1,COLORES  ,1,21,T-16     ,0.0,CERRADO
STOP,MOP-00000180,ST0000389                                         ,30-3AGO2,08-AGOSTO,ST0000389 - IND02 - 014  FALDA SHORT TIRO ALT INDIGO T-6,STOP CEDI,Aprobado,UND ,343,325,0,325,2026-07-29,01-2026,003-ESPIRITU SALVAJE,2026-05-22,2026-05-25,1,COLORES  ,1,14,T-6      ,0.0,INCOMPLETO
STOP,MOP-00000180,ST0000389                                         ,30-3AGO2,08-AGOSTO,ST0000389 - IND02 - 016  FALDA SHORT TIRO ALT INDIGO T-8,STOP CEDI,Aprobado,UND ,429,423,0,423,2026-07-29,01-2026,003-ESPIRITU SALVAJE,2026-05-22,2026-05-25,1,COLORES  ,1,16,T-8      ,0.0,INCOMPLETO
STOP,MOP-00000180,ST0000389                                         ,30-3AGO2,08-AGOSTO,ST0000389 - IND02 - 018  FALDA SHORT TIRO ALT INDIGO T-10,STOP CEDI,Aprobado,UND ,429,420,0,420,2026-07-29,01-2026,003-ESPIRITU SALVAJE,2026-05-22,2026-05-25,1,COLORES  ,1,18,T-10     ,0.0,INCOMPLETO
STOP,MOP-00000180,ST0000389                                         ,30-3AGO2,08-AGOSTO,ST0000389 - IND02 - 019  FALDA SHORT TIRO ALT INDIGO T-12,STOP CEDI,Aprobado,UND ,343,325,0,325,2026-07-29,01-2026,003-ESPIRITU SALVAJE,2026-05-22,2026-05-25,1,COLORES  ,1,19,T-12     ,0.0,INCOMPLETO
STOP,MOP-00000180,ST0000389                                         ,30-3AGO2,08-AGOSTO,ST0000389 - IND02 - 020  FALDA SHORT TIRO ALT INDIGO T-14,STOP CEDI,Aprobado,UND ,257,235,0,235,2026-07-29,01-2026,003-ESPIRITU SALVAJE,2026-05-22,2026-05-25,1,COLORES  ,1,20,T-14     ,0.0,INCOMPLETO
STOP,MOP-00000181,ST0000367                                         ,30-3AGO2,08-AGOSTO,ST0000367 - 11-0602 - 002  CAMISETA MANGA CORTA CREMA T-XS,STOP CEDI,Aprobado,UND ,147,118,0,118,2026-07-29,01-2026,003-ESPIRITU SALVAJE,2026-05-22,2026-06-04,1,COLORES  ,1,2,T-XS     ,0.0,INCOMPLETO
STOP,MOP-00000181,ST0000367                                         ,30-3AGO2,08-AGOSTO,ST0000367 - 11-0602 - 003  CAMISETA MANGA CORTA CREMA T-S,STOP CEDI,Aprobado,UND ,588,472,0,472,2026-07-29,01-2026,003-ESPIRITU SALVAJE,2026-05-22,2026-06-04,1,COLORES  ,1,3,T-S      ,0.0,INCOMPLETO
STOP,MOP-00000181,ST0000367                                         ,30-3AGO2,08-AGOSTO,ST0000367 - 11-0602 - 004  CAMISETA MANGA CORTA CREMA T-M,STOP CEDI,Aprobado,UND ,735,590,0,590,2026-07-29,01-2026,003-ESPIRITU SALVAJE,2026-05-22,2026-06-04,1,COLORES  ,1,4,T-M      ,0.0,INCOMPLETO
STOP,MOP-00000181,ST0000367                                         ,30-3AGO2,08-AGOSTO,ST0000367 - 11-0602 - 005  CAMISETA MANGA CORTA CREMA T-L,STOP CEDI,Aprobado,UND ,441,354,0,354,2026-07-29,01-2026,003-ESPIRITU SALVAJE,2026-05-22,2026-06-04,1,COLORES  ,1,5,T-L      ,0.0,INCOMPLETO
STOP,MOP-00000181,ST0000367                                         ,30-3AGO2,08-AGOSTO,ST0000367 - 11-0602 - 006  CAMISETA MANGA CORTA CREMA T-XL,STOP CEDI,Aprobado,UND ,588,472,0,472,2026-07-29,01-2026,003-ESPIRITU SALVAJE,2026-05-22,2026-06-04,1,COLORES  ,1,6,T-XL     ,0.0,INCOMPLETO
STOP,MOP-00000183,ST0000370                                         ,31-3AGO3,08-AGOSTO,ST0000370 - 18-3919 - 002  TOP CUELLO BANDEJA C AZUL T-XS,STOP CEDI,En elaboración,UND ,138,0,0,0,2026-08-05,01-2026,004-INSTINTO ANIMAL,2026-05-22,2026-06-04,1,COLORES  ,1,2,T-XS     ,0.0,CERRADO
STOP,MOP-00000183,ST0000370                                         ,31-3AGO3,08-AGOSTO,ST0000370 - 18-3919 - 003  TOP CUELLO BANDEJA C AZUL T-S,STOP CEDI,En elaboración,UND ,415,0,0,0,2026-08-05,01-2026,004-INSTINTO ANIMAL,2026-05-22,2026-06-04,1,COLORES  ,1,3,T-S      ,0.0,CERRADO
STOP,MOP-00000183,ST0000370                                         ,31-3AGO3,08-AGOSTO,ST0000370 - 18-3919 - 004  TOP CUELLO BANDEJA C AZUL T-M,STOP CEDI,En elaboración,UND ,554,0,0,0,2026-08-05,01-2026,004-INSTINTO ANIMAL,2026-05-22,2026-06-04,1,COLORES  ,1,4,T-M      ,0.0,CERRADO
STOP,MOP-00000183,ST0000370                                         ,31-3AGO3,08-AGOSTO,ST0000370 - 18-3919 - 005  TOP CUELLO BANDEJA C AZUL T-L,STOP CEDI,En elaboración,UND ,415,0,0,0,2026-08-05,01-2026,004-INSTINTO ANIMAL,2026-05-22,2026-06-04,1,COLORES  ,1,5,T-L      ,0.0,CERRADO
STOP,MOP-00000183,ST0000370                                         ,31-3AGO3,08-AGOSTO,ST0000370 - 18-3919 - 006  TOP CUELLO BANDEJA C AZUL T-XL,STOP CEDI,En elaboración,UND ,277,0,0,0,2026-08-05,01-2026,004-INSTINTO ANIMAL,2026-05-22,2026-06-04,1,COLORES  ,1,6,T-XL     ,0.0,CERRADO
STOP,MOP-00000184,ST0000376                                         ,31-3AGO3,08-AGOSTO,ST0000376 - 11-0602 - 002  TOP MANGA CORTA ESCO CREMA T-XS,STOP CEDI,Aprobado,UND ,169,172,0,172,2026-08-05,01-2026,004-INSTINTO ANIMAL,2026-05-22,2026-05-25,1,COLORES  ,1,2,T-XS     ,0.0,INCOMPLETO
STOP,MOP-00000184,ST0000376                                         ,31-3AGO3,08-AGOSTO,ST0000376 - 11-0602 - 003  TOP MANGA CORTA ESCO CREMA T-S,STOP CEDI,Aprobado,UND ,508,597,0,597,2026-08-05,01-2026,004-INSTINTO ANIMAL,2026-05-22,2026-05-25,1,COLORES  ,1,3,T-S      ,0.0,INCOMPLETO
STOP,MOP-00000184,ST0000376                                         ,31-3AGO3,08-AGOSTO,ST0000376 - 11-0602 - 004  TOP MANGA CORTA ESCO CREMA T-M,STOP CEDI,Aprobado,UND ,677,740,0,740,2026-08-05,01-2026,004-INSTINTO ANIMAL,2026-05-22,2026-05-25,1,COLORES  ,1,4,T-M      ,0.0,INCOMPLETO
STOP,MOP-00000184,ST0000376                                         ,31-3AGO3,08-AGOSTO,ST0000376 - 11-0602 - 005  TOP MANGA CORTA ESCO CREMA T-L,STOP CEDI,Aprobado,UND ,508,572,0,572,2026-08-05,01-2026,004-INSTINTO ANIMAL,2026-05-22,2026-05-25,1,COLORES  ,1,5,T-L      ,0.0,INCOMPLETO
STOP,MOP-00000184,ST0000376                                         ,31-3AGO3,08-AGOSTO,ST0000376 - 11-0602 - 006  TOP MANGA CORTA ESCO CREMA T-XL,STOP CEDI,Aprobado,UND ,338,400,0,400,2026-08-05,01-2026,004-INSTINTO ANIMAL,2026-05-22,2026-05-25,1,COLORES  ,1,6,T-XL     ,0.0,INCOMPLETO
STOP,MOP-00000185,ST0000391                                         ,31-3AGO3,08-AGOSTO,ST0000391 - 19-4004 - 013  PALAZZO TIRO ALTO NEGRO T-5,STOP CEDI,En elaboración,UND ,200,0,0,0,2026-08-05,01-2026,004-INSTINTO ANIMAL,2026-05-22,2026-05-25,1,COLORES  ,1,13,T-5      ,0.0,CERRADO
STOP,MOP-00000185,ST0000391                                         ,31-3AGO3,08-AGOSTO,ST0000391 - 19-4004 - 014  PALAZZO TIRO ALTO NEGRO T-6,STOP CEDI,En elaboración,UND ,300,0,0,0,2026-08-05,01-2026,004-INSTINTO ANIMAL,2026-05-22,2026-05-25,1,COLORES  ,1,14,T-6      ,0.0,CERRADO
STOP,MOP-00000185,ST0000391                                         ,31-3AGO3,08-AGOSTO,ST0000391 - 19-4004 - 016  PALAZZO TIRO ALTO NEGRO T-8,STOP CEDI,En elaboración,UND ,500,0,0,0,2026-08-05,01-2026,004-INSTINTO ANIMAL,2026-05-22,2026-05-25,1,COLORES  ,1,16,T-8      ,0.0,CERRADO
STOP,MOP-00000185,ST0000391                                         ,31-3AGO3,08-AGOSTO,ST0000391 - 19-4004 - 018  PALAZZO TIRO ALTO NEGRO T-10,STOP CEDI,En elaboración,UND ,500,0,0,0,2026-08-05,01-2026,004-INSTINTO ANIMAL,2026-05-22,2026-05-25,1,COLORES  ,1,18,T-10     ,0.0,CERRADO
STOP,MOP-00000185,ST0000391                                         ,31-3AGO3,08-AGOSTO,ST0000391 - 19-4004 - 019  PALAZZO TIRO ALTO NEGRO T-12,STOP CEDI,En elaboración,UND ,300,0,0,0,2026-08-05,01-2026,004-INSTINTO ANIMAL,2026-05-22,2026-05-25,1,COLORES  ,1,19,T-12     ,0.0,CERRADO
STOP,MOP-00000185,ST0000391                                         ,31-3AGO3,08-AGOSTO,ST0000391 - 19-4004 - 020  PALAZZO TIRO ALTO NEGRO T-14,STOP CEDI,En elaboración,UND ,200,0,0,0,2026-08-05,01-2026,004-INSTINTO ANIMAL,2026-05-22,2026-05-25,1,COLORES  ,1,20,T-14     ,0.0,CERRADO
STOP,MOP-00000186,15014824                                          ,28-3JUL4,07-JULIO,15014824 - IND03 - 006  CHAQUETA DENIM ESENC INDIGO T-XL,STOP CEDI,Aprobado,UND ,100,86,0,86,2026-07-08,01-2026, ,2026-05-25,2026-05-27,1,COLORES  ,1,6,T-XL     ,0.0,INCOMPLETO
STOP,MOP-00000187,ST0000390                                         ,29-3AGO1,08-AGOSTO,ST0000390 - 18-1232 - 013  PANTALON TIRO ALTO CAFE T-5,STOP CEDI,Aprobado,UND ,320,325,0,325,2026-07-22,01-2026,003-ESPIRITU SALVAJE,2026-05-25,2026-05-27,1,COLORES  ,1,13,T-5      ,0.0,INCOMPLETO
STOP,MOP-00000187,ST0000390                                         ,29-3AGO1,08-AGOSTO,ST0000390 - 18-1232 - 014  PANTALON TIRO ALTO CAFE T-6,STOP CEDI,Aprobado,UND ,480,468,0,468,2026-07-22,01-2026,003-ESPIRITU SALVAJE,2026-05-25,2026-05-27,1,COLORES  ,1,14,T-6      ,0.0,INCOMPLETO
STOP,MOP-00000187,ST0000390                                         ,29-3AGO1,08-AGOSTO,ST0000390 - 18-1232 - 016  PANTALON TIRO ALTO CAFE T-8,STOP CEDI,Aprobado,UND ,800,771,0,771,2026-07-22,01-2026,003-ESPIRITU SALVAJE,2026-05-25,2026-05-27,1,COLORES  ,1,16,T-8      ,0.0,INCOMPLETO
STOP,MOP-00000187,ST0000390                                         ,29-3AGO1,08-AGOSTO,ST0000390 - 18-1232 - 018  PANTALON TIRO ALTO CAFE T-10,STOP CEDI,Aprobado,UND ,800,798,0,798,2026-07-22,01-2026,003-ESPIRITU SALVAJE,2026-05-25,2026-05-27,1,COLORES  ,1,18,T-10     ,0.0,INCOMPLETO
STOP,MOP-00000187,ST0000390                                         ,29-3AGO1,08-AGOSTO,ST0000390 - 18-1232 - 019  PANTALON TIRO ALTO CAFE T-12,STOP CEDI,Aprobado,UND ,480,468,0,468,2026-07-22,01-2026,003-ESPIRITU SALVAJE,2026-05-25,2026-05-27,1,COLORES  ,1,19,T-12     ,0.0,INCOMPLETO
STOP,MOP-00000187,ST0000390                                         ,29-3AGO1,08-AGOSTO,ST0000390 - 18-1232 - 020  PANTALON TIRO ALTO CAFE T-14,STOP CEDI,Aprobado,UND ,320,303,0,303,2026-07-22,01-2026,003-ESPIRITU SALVAJE,2026-05-25,2026-05-27,1,COLORES  ,1,20,T-14     ,0.0,INCOMPLETO
STOP,MOP-00000188,ST0000352                                         ,35-3SEP3,09-SEPTIEMBRE,ST0000352 - IND02 - 014  BERMUDA TIRO ALTO LA INDIGO T-6,STOP CEDI,Aprobado,UND ,313,320,0,320,2026-07-29,01-2026,021-WILD BAMBI,2026-05-25,2026-05-27,1,COLORES  ,1,14,T-6      ,0.0,INCOMPLETO
STOP,MOP-00000188,ST0000352                                         ,35-3SEP3,09-SEPTIEMBRE,ST0000352 - IND02 - 016  BERMUDA TIRO ALTO LA INDIGO T-8,STOP CEDI,Aprobado,UND ,391,401,0,401,2026-07-29,01-2026,021-WILD BAMBI,2026-05-25,2026-05-27,1,COLORES  ,1,16,T-8      ,0.0,INCOMPLETO
STOP,MOP-00000188,ST0000352                                         ,35-3SEP3,09-SEPTIEMBRE,ST0000352 - IND02 - 018  BERMUDA TIRO ALTO LA INDIGO T-10,STOP CEDI,Aprobado,UND ,391,401,0,401,2026-07-29,01-2026,021-WILD BAMBI,2026-05-25,2026-05-27,1,COLORES  ,1,18,T-10     ,0.0,INCOMPLETO
STOP,MOP-00000188,ST0000352                                         ,35-3SEP3,09-SEPTIEMBRE,ST0000352 - IND02 - 019  BERMUDA TIRO ALTO LA INDIGO T-12,STOP CEDI,Aprobado,UND ,313,318,0,318,2026-07-29,01-2026,021-WILD BAMBI,2026-05-25,2026-05-27,1,COLORES  ,1,19,T-12     ,0.0,INCOMPLETO
STOP,MOP-00000188,ST0000352                                         ,35-3SEP3,09-SEPTIEMBRE,ST0000352 - IND02 - 020  BERMUDA TIRO ALTO LA INDIGO T-14,STOP CEDI,Aprobado,UND ,235,240,0,240,2026-07-29,01-2026,021-WILD BAMBI,2026-05-25,2026-05-27,1,COLORES  ,1,20,T-14     ,0.0,INCOMPLETO
STOP,MOP-00000188,ST0000352                                         ,35-3SEP3,09-SEPTIEMBRE,ST0000352 - IND02 - 021  BERMUDA TIRO ALTO LA INDIGO T-16,STOP CEDI,Aprobado,UND ,157,162,0,162,2026-07-29,01-2026,021-WILD BAMBI,2026-05-25,2026-05-27,1,COLORES  ,1,21,T-16     ,0.0,INCOMPLETO
STOP,MOP-00000189,ST0000372                                         ,31-3AGO3,08-AGOSTO,ST0000372 - 19-4004 - 002  TOP MANGA SISA CON O NEGRO T-XS,STOP CEDI,Aprobado,UND ,154,174,0,174,2026-08-05,01-2026,004-INSTINTO ANIMAL,2026-05-25,2026-05-26,1,COLORES  ,1,2,T-XS     ,0.0,INCOMPLETO
STOP,MOP-00000189,ST0000372                                         ,31-3AGO3,08-AGOSTO,ST0000372 - 19-4004 - 003  TOP MANGA SISA CON O NEGRO T-S,STOP CEDI,Aprobado,UND ,462,519,0,519,2026-08-05,01-2026,004-INSTINTO ANIMAL,2026-05-25,2026-05-26,1,COLORES  ,1,3,T-S      ,0.0,INCOMPLETO
STOP,MOP-00000189,ST0000372                                         ,31-3AGO3,08-AGOSTO,ST0000372 - 19-4004 - 004  TOP MANGA SISA CON O NEGRO T-M,STOP CEDI,Aprobado,UND ,615,681,0,681,2026-08-05,01-2026,004-INSTINTO ANIMAL,2026-05-25,2026-05-26,1,COLORES  ,1,4,T-M      ,0.0,INCOMPLETO
STOP,MOP-00000189,ST0000372                                         ,31-3AGO3,08-AGOSTO,ST0000372 - 19-4004 - 005  TOP MANGA SISA CON O NEGRO T-L,STOP CEDI,Aprobado,UND ,462,498,0,498,2026-08-05,01-2026,004-INSTINTO ANIMAL,2026-05-25,2026-05-26,1,COLORES  ,1,5,T-L      ,0.0,INCOMPLETO
STOP,MOP-00000189,ST0000372                                         ,31-3AGO3,08-AGOSTO,ST0000372 - 19-4004 - 006  TOP MANGA SISA CON O NEGRO T-XL,STOP CEDI,Aprobado,UND ,308,324,0,324,2026-08-05,01-2026,004-INSTINTO ANIMAL,2026-05-25,2026-05-26,1,COLORES  ,1,6,T-XL     ,0.0,INCOMPLETO
STOP,MOP-00000190,ST0000621                                         ,31-3AGO3,08-AGOSTO,ST0000621 - 19-1419 - 013  JOGGER TIRO ALTO COL CAFE T-5,STOP CEDI,Aprobado,UND ,409,213,0,213,2026-08-05,01-2026,004-INSTINTO ANIMAL,2026-05-25,2026-05-27,1,COLORES  ,1,13,T-5      ,0.0,INCOMPLETO
STOP,MOP-00000190,ST0000621                                         ,31-3AGO3,08-AGOSTO,ST0000621 - 19-1419 - 014  JOGGER TIRO ALTO COL CAFE T-6,STOP CEDI,Aprobado,UND ,614,348,0,348,2026-08-05,01-2026,004-INSTINTO ANIMAL,2026-05-25,2026-05-27,1,COLORES  ,1,14,T-6      ,0.0,INCOMPLETO
STOP,MOP-00000190,ST0000621                                         ,31-3AGO3,08-AGOSTO,ST0000621 - 19-1419 - 016  JOGGER TIRO ALTO COL CAFE T-8,STOP CEDI,Aprobado,UND ,1023,561,0,561,2026-08-05,01-2026,004-INSTINTO ANIMAL,2026-05-25,2026-05-27,1,COLORES  ,1,16,T-8      ,0.0,INCOMPLETO
STOP,MOP-00000190,ST0000621                                         ,31-3AGO3,08-AGOSTO,ST0000621 - 19-1419 - 018  JOGGER TIRO ALTO COL CAFE T-10,STOP CEDI,Aprobado,UND ,1023,561,0,561,2026-08-05,01-2026,004-INSTINTO ANIMAL,2026-05-25,2026-05-27,1,COLORES  ,1,18,T-10     ,0.0,INCOMPLETO
STOP,MOP-00000190,ST0000621                                         ,31-3AGO3,08-AGOSTO,ST0000621 - 19-1419 - 019  JOGGER TIRO ALTO COL CAFE T-12,STOP CEDI,Aprobado,UND ,614,348,0,348,2026-08-05,01-2026,004-INSTINTO ANIMAL,2026-05-25,2026-05-27,1,COLORES  ,1,19,T-12     ,0.0,INCOMPLETO
STOP,MOP-00000190,ST0000621                                         ,31-3AGO3,08-AGOSTO,ST0000621 - 19-1419 - 020  JOGGER TIRO ALTO COL CAFE T-14,STOP CEDI,Aprobado,UND ,409,213,0,213,2026-08-05,01-2026,004-INSTINTO ANIMAL,2026-05-25,2026-05-27,1,COLORES  ,1,20,T-14     ,0.0,INCOMPLETO
STOP,MOP-00000192,ST0000813                                         ,31-3AGO3,08-AGOSTO,ST0000813 - 19-1419 - 002  BODY MANGA SISA CON CAFE T-XS,STOP CEDI,Aprobado,UND ,154,166,0,166,2026-08-05,01-2026,004-INSTINTO ANIMAL,2026-05-25,2026-05-27,1,COLORES  ,1,2,T-XS     ,0.0,INCOMPLETO
STOP,MOP-00000192,ST0000813                                         ,31-3AGO3,08-AGOSTO,ST0000813 - 19-1419 - 003  BODY MANGA SISA CON CAFE T-S,STOP CEDI,Aprobado,UND ,462,492,0,492,2026-08-05,01-2026,004-INSTINTO ANIMAL,2026-05-25,2026-05-27,1,COLORES  ,1,3,T-S      ,0.0,INCOMPLETO
STOP,MOP-00000192,ST0000813                                         ,31-3AGO3,08-AGOSTO,ST0000813 - 19-1419 - 004  BODY MANGA SISA CON CAFE T-M,STOP CEDI,Aprobado,UND ,615,652,0,652,2026-08-05,01-2026,004-INSTINTO ANIMAL,2026-05-25,2026-05-27,1,COLORES  ,1,4,T-M      ,0.0,INCOMPLETO
STOP,MOP-00000192,ST0000813                                         ,31-3AGO3,08-AGOSTO,ST0000813 - 19-1419 - 005  BODY MANGA SISA CON CAFE T-L,STOP CEDI,Aprobado,UND ,462,489,0,489,2026-08-05,01-2026,004-INSTINTO ANIMAL,2026-05-25,2026-05-27,1,COLORES  ,1,5,T-L      ,0.0,INCOMPLETO
STOP,MOP-00000192,ST0000813                                         ,31-3AGO3,08-AGOSTO,ST0000813 - 19-1419 - 006  BODY MANGA SISA CON CAFE T-XL,STOP CEDI,Aprobado,UND ,308,326,0,326,2026-08-05,01-2026,004-INSTINTO ANIMAL,2026-05-25,2026-05-27,1,COLORES  ,1,6,T-XL     ,0.0,INCOMPLETO
STOP,MOP-00000193,ST0004987                                         ,29-3AGO1,08-AGOSTO,ST0004987 - IND01 - 013  RETROJEAN IDEOLOGIA INDIGO T-5,STOP CEDI,Aprobado,UND ,175,152,0,152,2026-07-22,01-2026,003-ESPIRITU SALVAJE,2026-05-26,2026-06-03,1,COLORES  ,1,13,T-5      ,0.0,INCOMPLETO
STOP,MOP-00000193,ST0004987                                         ,29-3AGO1,08-AGOSTO,ST0004987 - IND01 - 018  RETROJEAN IDEOLOGIA INDIGO T-10,STOP CEDI,Aprobado,UND ,875,802,0,802,2026-07-22,01-2026,003-ESPIRITU SALVAJE,2026-05-26,2026-06-03,1,COLORES  ,1,18,T-10     ,0.0,INCOMPLETO
STOP,MOP-00000193,ST0004987                                         ,29-3AGO1,08-AGOSTO,ST0004987 - IND01 - 019  RETROJEAN IDEOLOGIA INDIGO T-12,STOP CEDI,Aprobado,UND ,700,594,0,594,2026-07-22,01-2026,003-ESPIRITU SALVAJE,2026-05-26,2026-06-03,1,COLORES  ,1,19,T-12     ,0.0,INCOMPLETO
STOP,MOP-00000194,ST0000368                                         ,31-3AGO3,08-AGOSTO,ST0000368 - 19-1121 - 002  CAMISETA MANGA CORTA CAFE T-XS,STOP CEDI,Comprometido,UND ,147,147,0,147,2026-08-05,01-2026,004-INSTINTO ANIMAL,2026-05-26,2026-06-02,1,COLORES  ,1,2,T-XS     ,0.0,INCOMPLETO
STOP,MOP-00000194,ST0000368                                         ,31-3AGO3,08-AGOSTO,ST0000368 - 19-1121 - 003  CAMISETA MANGA CORTA CAFE T-S,STOP CEDI,Comprometido,UND ,588,588,0,588,2026-08-05,01-2026,004-INSTINTO ANIMAL,2026-05-26,2026-06-02,1,COLORES  ,1,3,T-S      ,0.0,INCOMPLETO
STOP,MOP-00000194,ST0000368                                         ,31-3AGO3,08-AGOSTO,ST0000368 - 19-1121 - 004  CAMISETA MANGA CORTA CAFE T-M,STOP CEDI,Comprometido,UND ,735,735,0,735,2026-08-05,01-2026,004-INSTINTO ANIMAL,2026-05-26,2026-06-02,1,COLORES  ,1,4,T-M      ,0.0,INCOMPLETO
STOP,MOP-00000194,ST0000368                                         ,31-3AGO3,08-AGOSTO,ST0000368 - 19-1121 - 005  CAMISETA MANGA CORTA CAFE T-L,STOP CEDI,Comprometido,UND ,588,588,0,588,2026-08-05,01-2026,004-INSTINTO ANIMAL,2026-05-26,2026-06-02,1,COLORES  ,1,5,T-L      ,0.0,INCOMPLETO
STOP,MOP-00000194,ST0000368                                         ,31-3AGO3,08-AGOSTO,ST0000368 - 19-1121 - 006  CAMISETA MANGA CORTA CAFE T-XL,STOP CEDI,Comprometido,UND ,441,441,0,441,2026-08-05,01-2026,004-INSTINTO ANIMAL,2026-05-26,2026-06-02,1,COLORES  ,1,6,T-XL     ,0.0,INCOMPLETO
STOP,MOP-00000195,ST0004987                                         ,29-3AGO1,08-AGOSTO,ST0004987 - IND03 - 013  RETROJEAN IDEOLOGIA INDIGO T-5,STOP CEDI,En elaboración,UND ,165,0,0,0,2026-07-22,01-2026,003-ESPIRITU SALVAJE,2026-05-26,2026-06-02,1,COLORES  ,1,13,T-5      ,0.0,CERRADO
STOP,MOP-00000195,ST0004987                                         ,29-3AGO1,08-AGOSTO,ST0004987 - IND03 - 014  RETROJEAN IDEOLOGIA INDIGO T-6,STOP CEDI,En elaboración,UND ,495,0,0,0,2026-07-22,01-2026,003-ESPIRITU SALVAJE,2026-05-26,2026-06-02,1,COLORES  ,1,14,T-6      ,0.0,CERRADO
STOP,MOP-00000195,ST0004987                                         ,29-3AGO1,08-AGOSTO,ST0004987 - IND03 - 016  RETROJEAN IDEOLOGIA INDIGO T-8,STOP CEDI,En elaboración,UND ,825,0,0,0,2026-07-22,01-2026,003-ESPIRITU SALVAJE,2026-05-26,2026-06-02,1,COLORES  ,1,16,T-8      ,0.0,CERRADO
STOP,MOP-00000195,ST0004987                                         ,29-3AGO1,08-AGOSTO,ST0004987 - IND03 - 018  RETROJEAN IDEOLOGIA INDIGO T-10,STOP CEDI,En elaboración,UND ,825,0,0,0,2026-07-22,01-2026,003-ESPIRITU SALVAJE,2026-05-26,2026-06-02,1,COLORES  ,1,18,T-10     ,0.0,CERRADO
STOP,MOP-00000195,ST0004987                                         ,29-3AGO1,08-AGOSTO,ST0004987 - IND03 - 019  RETROJEAN IDEOLOGIA INDIGO T-12,STOP CEDI,En elaboración,UND ,660,0,0,0,2026-07-22,01-2026,003-ESPIRITU SALVAJE,2026-05-26,2026-06-02,1,COLORES  ,1,19,T-12     ,0.0,CERRADO
STOP,MOP-00000195,ST0004987                                         ,29-3AGO1,08-AGOSTO,ST0004987 - IND03 - 020  RETROJEAN IDEOLOGIA INDIGO T-14,STOP CEDI,En elaboración,UND ,330,0,0,0,2026-07-22,01-2026,003-ESPIRITU SALVAJE,2026-05-26,2026-06-02,1,COLORES  ,1,20,T-14     ,0.0,CERRADO
STOP,MOP-00000196,ST0000373                                         ,30-3AGO2,08-AGOSTO,ST0000373 - 14-0708 - 002  FTOP MANGA CORTA CON BEIGE T-XS,STOP CEDI,Aprobado,UND ,114,114,0,114,2026-07-29,01-2026,003-ESPIRITU SALVAJE,2026-05-26,2026-06-05,1,COLORES  ,1,2,T-XS     ,0.0,INCOMPLETO
STOP,MOP-00000196,ST0000373                                         ,30-3AGO2,08-AGOSTO,ST0000373 - 14-0708 - 003  FTOP MANGA CORTA CON BEIGE T-S,STOP CEDI,Aprobado,UND ,342,342,0,342,2026-07-29,01-2026,003-ESPIRITU SALVAJE,2026-05-26,2026-06-05,1,COLORES  ,1,3,T-S      ,0.0,INCOMPLETO
STOP,MOP-00000196,ST0000373                                         ,30-3AGO2,08-AGOSTO,ST0000373 - 14-0708 - 004  FTOP MANGA CORTA CON BEIGE T-M,STOP CEDI,Aprobado,UND ,455,455,0,455,2026-07-29,01-2026,003-ESPIRITU SALVAJE,2026-05-26,2026-06-05,1,COLORES  ,1,4,T-M      ,0.0,INCOMPLETO
STOP,MOP-00000196,ST0000373                                         ,30-3AGO2,08-AGOSTO,ST0000373 - 14-0708 - 005  FTOP MANGA CORTA CON BEIGE T-L,STOP CEDI,Aprobado,UND ,342,342,0,342,2026-07-29,01-2026,003-ESPIRITU SALVAJE,2026-05-26,2026-06-05,1,COLORES  ,1,5,T-L      ,0.0,INCOMPLETO
STOP,MOP-00000196,ST0000373                                         ,30-3AGO2,08-AGOSTO,ST0000373 - 14-0708 - 006  FTOP MANGA CORTA CON BEIGE T-XL,STOP CEDI,Aprobado,UND ,228,228,0,228,2026-07-29,01-2026,003-ESPIRITU SALVAJE,2026-05-26,2026-06-05,1,COLORES  ,1,6,T-XL     ,0.0,INCOMPLETO
STOP,MOP-00000196,ST0000373                                         ,30-3AGO2,08-AGOSTO,ST0000373 - 19-1761 - 002  FTOP MANGA CORTA CON ROJO T-XS,STOP CEDI,Comprometido,UND ,171,171,0,171,2026-07-29,01-2026,003-ESPIRITU SALVAJE,2026-05-26,2026-06-05,1,COLORES  ,1,2,T-XS     ,0.0,INCOMPLETO
STOP,MOP-00000196,ST0000373                                         ,30-3AGO2,08-AGOSTO,ST0000373 - 19-1761 - 003  FTOP MANGA CORTA CON ROJO T-S,STOP CEDI,Comprometido,UND ,512,512,0,512,2026-07-29,01-2026,003-ESPIRITU SALVAJE,2026-05-26,2026-06-05,1,COLORES  ,1,3,T-S      ,0.0,INCOMPLETO
STOP,MOP-00000196,ST0000373                                         ,30-3AGO2,08-AGOSTO,ST0000373 - 19-1761 - 004  FTOP MANGA CORTA CON ROJO T-M,STOP CEDI,Comprometido,UND ,683,683,0,683,2026-07-29,01-2026,003-ESPIRITU SALVAJE,2026-05-26,2026-06-05,1,COLORES  ,1,4,T-M      ,0.0,INCOMPLETO
STOP,MOP-00000196,ST0000373                                         ,30-3AGO2,08-AGOSTO,ST0000373 - 19-1761 - 005  FTOP MANGA CORTA CON ROJO T-L,STOP CEDI,Comprometido,UND ,512,512,0,512,2026-07-29,01-2026,003-ESPIRITU SALVAJE,2026-05-26,2026-06-05,1,COLORES  ,1,5,T-L      ,0.0,INCOMPLETO
STOP,MOP-00000196,ST0000373                                         ,30-3AGO2,08-AGOSTO,ST0000373 - 19-1761 - 006  FTOP MANGA CORTA CON ROJO T-XL,STOP CEDI,Comprometido,UND ,342,342,0,342,2026-07-29,01-2026,003-ESPIRITU SALVAJE,2026-05-26,2026-06-05,1,COLORES  ,1,6,T-XL     ,0.0,INCOMPLETO
STOP,MOP-00000197,ST0004981                                         ,29-3AGO1,08-AGOSTO,ST0004981 - IND02 - 014  RETROJEAN LEVANTACOL INDIGO T-6,STOP CEDI,En elaboración,UND ,495,0,0,0,2026-07-22,01-2026,003-ESPIRITU SALVAJE,2026-05-26,2026-06-05,1,COLORES  ,1,14,T-6      ,0.0,CERRADO
STOP,MOP-00000197,ST0004981                                         ,29-3AGO1,08-AGOSTO,ST0004981 - IND02 - 016  RETROJEAN LEVANTACOL INDIGO T-8,STOP CEDI,En elaboración,UND ,825,0,0,0,2026-07-22,01-2026,003-ESPIRITU SALVAJE,2026-05-26,2026-06-05,1,COLORES  ,1,16,T-8      ,0.0,CERRADO
STOP,MOP-00000197,ST0004981                                         ,29-3AGO1,08-AGOSTO,ST0004981 - IND02 - 018  RETROJEAN LEVANTACOL INDIGO T-10,STOP CEDI,En elaboración,UND ,825,0,0,0,2026-07-22,01-2026,003-ESPIRITU SALVAJE,2026-05-26,2026-06-05,1,COLORES  ,1,18,T-10     ,0.0,CERRADO
STOP,MOP-00000197,ST0004981                                         ,29-3AGO1,08-AGOSTO,ST0004981 - IND02 - 019  RETROJEAN LEVANTACOL INDIGO T-12,STOP CEDI,En elaboración,UND ,660,0,0,0,2026-07-22,01-2026,003-ESPIRITU SALVAJE,2026-05-26,2026-06-05,1,COLORES  ,1,19,T-12     ,0.0,CERRADO
STOP,MOP-00000197,ST0004981                                         ,29-3AGO1,08-AGOSTO,ST0004981 - IND02 - 020  RETROJEAN LEVANTACOL INDIGO T-14,STOP CEDI,En elaboración,UND ,330,0,0,0,2026-07-22,01-2026,003-ESPIRITU SALVAJE,2026-05-26,2026-06-05,1,COLORES  ,1,20,T-14     ,0.0,CERRADO
STOP,MOP-00000197,ST0004981                                         ,29-3AGO1,08-AGOSTO,ST0004981 - IND02 - 021  RETROJEAN LEVANTACOL INDIGO T-16,STOP CEDI,En elaboración,UND ,165,0,0,0,2026-07-22,01-2026,003-ESPIRITU SALVAJE,2026-05-26,2026-06-05,1,COLORES  ,1,21,T-16     ,0.0,CERRADO
STOP,MOP-00000198,ST0004981                                         ,29-3AGO1,08-AGOSTO,ST0004981 - IND03 - 014  RETROJEAN LEVANTACOL INDIGO T-6,STOP CEDI,En elaboración,UND ,495,0,0,0,2026-07-22,01-2026,003-ESPIRITU SALVAJE,2026-05-26,2026-06-05,1,COLORES  ,1,14,T-6      ,0.0,CERRADO
STOP,MOP-00000198,ST0004981                                         ,29-3AGO1,08-AGOSTO,ST0004981 - IND03 - 016  RETROJEAN LEVANTACOL INDIGO T-8,STOP CEDI,En elaboración,UND ,825,0,0,0,2026-07-22,01-2026,003-ESPIRITU SALVAJE,2026-05-26,2026-06-05,1,COLORES  ,1,16,T-8      ,0.0,CERRADO
STOP,MOP-00000198,ST0004981                                         ,29-3AGO1,08-AGOSTO,ST0004981 - IND03 - 018  RETROJEAN LEVANTACOL INDIGO T-10,STOP CEDI,En elaboración,UND ,825,0,0,0,2026-07-22,01-2026,003-ESPIRITU SALVAJE,2026-05-26,2026-06-05,1,COLORES  ,1,18,T-10     ,0.0,CERRADO
STOP,MOP-00000198,ST0004981                                         ,29-3AGO1,08-AGOSTO,ST0004981 - IND03 - 019  RETROJEAN LEVANTACOL INDIGO T-12,STOP CEDI,En elaboración,UND ,660,0,0,0,2026-07-22,01-2026,003-ESPIRITU SALVAJE,2026-05-26,2026-06-05,1,COLORES  ,1,19,T-12     ,0.0,CERRADO
STOP,MOP-00000198,ST0004981                                         ,29-3AGO1,08-AGOSTO,ST0004981 - IND03 - 020  RETROJEAN LEVANTACOL INDIGO T-14,STOP CEDI,En elaboración,UND ,330,0,0,0,2026-07-22,01-2026,003-ESPIRITU SALVAJE,2026-05-26,2026-06-05,1,COLORES  ,1,20,T-14     ,0.0,CERRADO
STOP,MOP-00000198,ST0004981                                         ,29-3AGO1,08-AGOSTO,ST0004981 - IND03 - 021  RETROJEAN LEVANTACOL INDIGO T-16,STOP CEDI,En elaboración,UND ,165,0,0,0,2026-07-22,01-2026,003-ESPIRITU SALVAJE,2026-05-26,2026-06-05,1,COLORES  ,1,21,T-16     ,0.0,CERRADO
STOP,MOP-00000199,ST0000364                                         ,29-3AGO1,08-AGOSTO,ST0000364 - 11-0602 - 002  CAMISETA MANGA CORTA CREMA T-XS,STOP CEDI,En elaboración,UND ,147,0,0,0,2026-07-22,01-2026,003-ESPIRITU SALVAJE,2026-05-26,2026-06-05,1,COLORES  ,1,2,T-XS     ,0.0,CERRADO
STOP,MOP-00000199,ST0000364                                         ,29-3AGO1,08-AGOSTO,ST0000364 - 11-0602 - 003  CAMISETA MANGA CORTA CREMA T-S,STOP CEDI,En elaboración,UND ,588,0,0,0,2026-07-22,01-2026,003-ESPIRITU SALVAJE,2026-05-26,2026-06-05,1,COLORES  ,1,3,T-S      ,0.0,CERRADO
STOP,MOP-00000199,ST0000364                                         ,29-3AGO1,08-AGOSTO,ST0000364 - 11-0602 - 004  CAMISETA MANGA CORTA CREMA T-M,STOP CEDI,En elaboración,UND ,735,0,0,0,2026-07-22,01-2026,003-ESPIRITU SALVAJE,2026-05-26,2026-06-05,1,COLORES  ,1,4,T-M      ,0.0,CERRADO
STOP,MOP-00000199,ST0000364                                         ,29-3AGO1,08-AGOSTO,ST0000364 - 11-0602 - 005  CAMISETA MANGA CORTA CREMA T-L,STOP CEDI,En elaboración,UND ,588,0,0,0,2026-07-22,01-2026,003-ESPIRITU SALVAJE,2026-05-26,2026-06-05,1,COLORES  ,1,5,T-L      ,0.0,CERRADO
STOP,MOP-00000199,ST0000364                                         ,29-3AGO1,08-AGOSTO,ST0000364 - 11-0602 - 006  CAMISETA MANGA CORTA CREMA T-XL,STOP CEDI,En elaboración,UND ,441,0,0,0,2026-07-22,01-2026,003-ESPIRITU SALVAJE,2026-05-26,2026-06-05,1,COLORES  ,1,6,T-XL     ,0.0,CERRADO
STOP,MOP-00000199,ST0000364                                         ,29-3AGO1,08-AGOSTO,ST0000364 - 14-4112 - 002  CAMISETA MANGA CORTA AZUL T-XS,STOP CEDI,En elaboración,UND ,147,0,0,0,2026-07-22,01-2026,003-ESPIRITU SALVAJE,2026-05-26,2026-06-05,1,COLORES  ,1,2,T-XS     ,0.0,CERRADO
STOP,MOP-00000199,ST0000364                                         ,29-3AGO1,08-AGOSTO,ST0000364 - 14-4112 - 003  CAMISETA MANGA CORTA AZUL T-S,STOP CEDI,En elaboración,UND ,588,0,0,0,2026-07-22,01-2026,003-ESPIRITU SALVAJE,2026-05-26,2026-06-05,1,COLORES  ,1,3,T-S      ,0.0,CERRADO
STOP,MOP-00000199,ST0000364                                         ,29-3AGO1,08-AGOSTO,ST0000364 - 14-4112 - 004  CAMISETA MANGA CORTA AZUL T-M,STOP CEDI,En elaboración,UND ,735,0,0,0,2026-07-22,01-2026,003-ESPIRITU SALVAJE,2026-05-26,2026-06-05,1,COLORES  ,1,4,T-M      ,0.0,CERRADO
STOP,MOP-00000199,ST0000364                                         ,29-3AGO1,08-AGOSTO,ST0000364 - 14-4112 - 005  CAMISETA MANGA CORTA AZUL T-L,STOP CEDI,En elaboración,UND ,588,0,0,0,2026-07-22,01-2026,003-ESPIRITU SALVAJE,2026-05-26,2026-06-05,1,COLORES  ,1,5,T-L      ,0.0,CERRADO
STOP,MOP-00000199,ST0000364                                         ,29-3AGO1,08-AGOSTO,ST0000364 - 14-4112 - 006  CAMISETA MANGA CORTA AZUL T-XL,STOP CEDI,En elaboración,UND ,441,0,0,0,2026-07-22,01-2026,003-ESPIRITU SALVAJE,2026-05-26,2026-06-05,1,COLORES  ,1,6,T-XL     ,0.0,CERRADO
STOP,MOP-00000200,ST0004579                                         ,21-2JUN1,06-JUNIO,ST0004579 - 11-0602 - 014  PANTALÓN T/ALTO CON CREMA T-6,STOP CEDI,Aprobado,UND ,469,483,0,483,2026-07-08,01-2026,018-INDIE SUMMER,2026-05-26,2026-06-03,1,COLORES  ,1,14,T-6      ,0.0,INCOMPLETO
STOP,MOP-00000200,ST0004579                                         ,21-2JUN1,06-JUNIO,ST0004579 - 11-0602 - 016  PANTALÓN T/ALTO CON CREMA T-8,STOP CEDI,Aprobado,UND ,625,685,0,685,2026-07-08,01-2026,018-INDIE SUMMER,2026-05-26,2026-06-03,1,COLORES  ,1,16,T-8      ,0.0,INCOMPLETO
STOP,MOP-00000200,ST0004579                                         ,21-2JUN1,06-JUNIO,ST0004579 - 11-0602 - 018  PANTALÓN T/ALTO CON CREMA T-10,STOP CEDI,Aprobado,UND ,625,652,0,652,2026-07-08,01-2026,018-INDIE SUMMER,2026-05-26,2026-06-03,1,COLORES  ,1,18,T-10     ,0.0,INCOMPLETO
STOP,MOP-00000200,ST0004579                                         ,21-2JUN1,06-JUNIO,ST0004579 - 11-0602 - 019  PANTALÓN T/ALTO CON CREMA T-12,STOP CEDI,Aprobado,UND ,465,482,0,482,2026-07-08,01-2026,018-INDIE SUMMER,2026-05-26,2026-06-03,1,COLORES  ,1,19,T-12     ,0.0,INCOMPLETO
STOP,MOP-00000200,ST0004579                                         ,21-2JUN1,06-JUNIO,ST0004579 - 11-0602 - 020  PANTALÓN T/ALTO CON CREMA T-14,STOP CEDI,Aprobado,UND ,313,313,0,313,2026-07-08,01-2026,018-INDIE SUMMER,2026-05-26,2026-06-03,1,COLORES  ,1,20,T-14     ,0.0,INCOMPLETO
STOP,MOP-00000201,ST0000766                                         ,29-3AGO1,08-AGOSTO,ST0000766 - 19-1230 - 002  BODY MANGA LARGA CAFE T-XS,STOP CEDI,En elaboración,UND ,92,0,0,0,2026-07-22,01-2026,003-ESPIRITU SALVAJE,2026-05-26,2026-06-03,1,COLORES  ,1,2,T-XS     ,0.0,CERRADO
STOP,MOP-00000201,ST0000766                                         ,29-3AGO1,08-AGOSTO,ST0000766 - 19-1230 - 003  BODY MANGA LARGA CAFE T-S,STOP CEDI,En elaboración,UND ,277,0,0,0,2026-07-22,01-2026,003-ESPIRITU SALVAJE,2026-05-26,2026-06-03,1,COLORES  ,1,3,T-S      ,0.0,CERRADO
STOP,MOP-00000201,ST0000766                                         ,29-3AGO1,08-AGOSTO,ST0000766 - 19-1230 - 004  BODY MANGA LARGA CAFE T-M,STOP CEDI,En elaboración,UND ,369,0,0,0,2026-07-22,01-2026,003-ESPIRITU SALVAJE,2026-05-26,2026-06-03,1,COLORES  ,1,4,T-M      ,0.0,CERRADO
STOP,MOP-00000201,ST0000766                                         ,29-3AGO1,08-AGOSTO,ST0000766 - 19-1230 - 005  BODY MANGA LARGA CAFE T-L,STOP CEDI,En elaboración,UND ,277,0,0,0,2026-07-22,01-2026,003-ESPIRITU SALVAJE,2026-05-26,2026-06-03,1,COLORES  ,1,5,T-L      ,0.0,CERRADO
STOP,MOP-00000201,ST0000766                                         ,29-3AGO1,08-AGOSTO,ST0000766 - 19-1230 - 006  BODY MANGA LARGA CAFE T-XL,STOP CEDI,En elaboración,UND ,185,0,0,0,2026-07-22,01-2026,003-ESPIRITU SALVAJE,2026-05-26,2026-06-03,1,COLORES  ,1,6,T-XL     ,0.0,CERRADO
STOP,MOP-00000201,ST0000766                                         ,29-3AGO1,08-AGOSTO,ST0000766 - 14-4112 - 002  BODY MANGA LARGA AZUL T-XS,STOP CEDI,En elaboración,UND ,62,0,0,0,2026-07-22,01-2026,003-ESPIRITU SALVAJE,2026-05-26,2026-06-03,1,COLORES  ,1,2,T-XS     ,0.0,CERRADO
STOP,MOP-00000201,ST0000766                                         ,29-3AGO1,08-AGOSTO,ST0000766 - 14-4112 - 003  BODY MANGA LARGA AZUL T-S,STOP CEDI,En elaboración,UND ,185,0,0,0,2026-07-22,01-2026,003-ESPIRITU SALVAJE,2026-05-26,2026-06-03,1,COLORES  ,1,3,T-S      ,0.0,CERRADO
STOP,MOP-00000201,ST0000766                                         ,29-3AGO1,08-AGOSTO,ST0000766 - 14-4112 - 004  BODY MANGA LARGA AZUL T-M,STOP CEDI,En elaboración,UND ,246,0,0,0,2026-07-22,01-2026,003-ESPIRITU SALVAJE,2026-05-26,2026-06-03,1,COLORES  ,1,4,T-M      ,0.0,CERRADO
STOP,MOP-00000201,ST0000766                                         ,29-3AGO1,08-AGOSTO,ST0000766 - 14-4112 - 005  BODY MANGA LARGA AZUL T-L,STOP CEDI,En elaboración,UND ,185,0,0,0,2026-07-22,01-2026,003-ESPIRITU SALVAJE,2026-05-26,2026-06-03,1,COLORES  ,1,5,T-L      ,0.0,CERRADO
STOP,MOP-00000201,ST0000766                                         ,29-3AGO1,08-AGOSTO,ST0000766 - 14-4112 - 006  BODY MANGA LARGA AZUL T-XL,STOP CEDI,En elaboración,UND ,123,0,0,0,2026-07-22,01-2026,003-ESPIRITU SALVAJE,2026-05-26,2026-06-03,1,COLORES  ,1,6,T-XL     ,0.0,CERRADO
STOP,MOP-00000202,ST0000360                                         ,30-3AGO2,08-AGOSTO,ST0000360 - 11-0602 - 002  CAMISA MANGA 3/4 OJA CREMA T-XS,STOP CEDI,En elaboración,UND ,200,0,0,0,2026-07-29,01-2026,003-ESPIRITU SALVAJE,2026-05-26,2026-06-03,1,COLORES  ,1,2,T-XS     ,0.0,CERRADO
STOP,MOP-00000202,ST0000360                                         ,30-3AGO2,08-AGOSTO,ST0000360 - 11-0602 - 003  CAMISA MANGA 3/4 OJA CREMA T-S,STOP CEDI,En elaboración,UND ,400,0,0,0,2026-07-29,01-2026,003-ESPIRITU SALVAJE,2026-05-26,2026-06-03,1,COLORES  ,1,3,T-S      ,0.0,CERRADO
STOP,MOP-00000202,ST0000360                                         ,30-3AGO2,08-AGOSTO,ST0000360 - 11-0602 - 004  CAMISA MANGA 3/4 OJA CREMA T-M,STOP CEDI,En elaboración,UND ,600,0,0,0,2026-07-29,01-2026,003-ESPIRITU SALVAJE,2026-05-26,2026-06-03,1,COLORES  ,1,4,T-M      ,0.0,CERRADO
STOP,MOP-00000202,ST0000360                                         ,30-3AGO2,08-AGOSTO,ST0000360 - 11-0602 - 005  CAMISA MANGA 3/4 OJA CREMA T-L,STOP CEDI,En elaboración,UND ,400,0,0,0,2026-07-29,01-2026,003-ESPIRITU SALVAJE,2026-05-26,2026-06-03,1,COLORES  ,1,5,T-L      ,0.0,CERRADO
STOP,MOP-00000202,ST0000360                                         ,30-3AGO2,08-AGOSTO,ST0000360 - 11-0602 - 006  CAMISA MANGA 3/4 OJA CREMA T-XL,STOP CEDI,En elaboración,UND ,400,0,0,0,2026-07-29,01-2026,003-ESPIRITU SALVAJE,2026-05-26,2026-06-03,1,COLORES  ,1,6,T-XL     ,0.0,CERRADO
STOP,MOP-00000203,ST0000362                                         ,30-3AGO2,08-AGOSTO,ST0000362 - 19-1215 - 002  CAMISA MANGA LARGA B CAFE T-XS,STOP CEDI,En elaboración,UND ,154,0,0,0,2026-07-29,01-2026,003-ESPIRITU SALVAJE,2026-05-26,2026-06-03,1,COLORES  ,1,2,T-XS     ,0.0,CERRADO
STOP,MOP-00000203,ST0000362                                         ,30-3AGO2,08-AGOSTO,ST0000362 - 19-1215 - 003  CAMISA MANGA LARGA B CAFE T-S,STOP CEDI,En elaboración,UND ,462,0,0,0,2026-07-29,01-2026,003-ESPIRITU SALVAJE,2026-05-26,2026-06-03,1,COLORES  ,1,3,T-S      ,0.0,CERRADO
STOP,MOP-00000203,ST0000362                                         ,30-3AGO2,08-AGOSTO,ST0000362 - 19-1215 - 004  CAMISA MANGA LARGA B CAFE T-M,STOP CEDI,En elaboración,UND ,615,0,0,0,2026-07-29,01-2026,003-ESPIRITU SALVAJE,2026-05-26,2026-06-03,1,COLORES  ,1,4,T-M      ,0.0,CERRADO
STOP,MOP-00000203,ST0000362                                         ,30-3AGO2,08-AGOSTO,ST0000362 - 19-1215 - 005  CAMISA MANGA LARGA B CAFE T-L,STOP CEDI,En elaboración,UND ,462,0,0,0,2026-07-29,01-2026,003-ESPIRITU SALVAJE,2026-05-26,2026-06-03,1,COLORES  ,1,5,T-L      ,0.0,CERRADO
STOP,MOP-00000203,ST0000362                                         ,30-3AGO2,08-AGOSTO,ST0000362 - 19-1215 - 006  CAMISA MANGA LARGA B CAFE T-XL,STOP CEDI,En elaboración,UND ,308,0,0,0,2026-07-29,01-2026,003-ESPIRITU SALVAJE,2026-05-26,2026-06-03,1,COLORES  ,1,6,T-XL     ,0.0,CERRADO
STOP,MOP-00000204,ST0000374                                         ,30-3AGO2,08-AGOSTO,ST0000374 - 11-0602 - 002  TOP MANGA CORTA CUEL CREMA T-XS,STOP CEDI,Aprobado,UND ,135,106,0,106,2026-07-29,01-2026,003-ESPIRITU SALVAJE,2026-05-27,2026-05-29,1,COLORES  ,1,2,T-XS     ,0.0,INCOMPLETO
STOP,MOP-00000204,ST0000374                                         ,30-3AGO2,08-AGOSTO,ST0000374 - 11-0602 - 003  TOP MANGA CORTA CUEL CREMA T-S,STOP CEDI,Aprobado,UND ,541,435,0,435,2026-07-29,01-2026,003-ESPIRITU SALVAJE,2026-05-27,2026-05-29,1,COLORES  ,1,3,T-S      ,0.0,INCOMPLETO
STOP,MOP-00000204,ST0000374                                         ,30-3AGO2,08-AGOSTO,ST0000374 - 11-0602 - 004  TOP MANGA CORTA CUEL CREMA T-M,STOP CEDI,Aprobado,UND ,676,577,0,577,2026-07-29,01-2026,003-ESPIRITU SALVAJE,2026-05-27,2026-05-29,1,COLORES  ,1,4,T-M      ,0.0,INCOMPLETO
STOP,MOP-00000204,ST0000374                                         ,30-3AGO2,08-AGOSTO,ST0000374 - 11-0602 - 005  TOP MANGA CORTA CUEL CREMA T-L,STOP CEDI,Aprobado,UND ,406,318,0,318,2026-07-29,01-2026,003-ESPIRITU SALVAJE,2026-05-27,2026-05-29,1,COLORES  ,1,5,T-L      ,0.0,INCOMPLETO
STOP,MOP-00000204,ST0000374                                         ,30-3AGO2,08-AGOSTO,ST0000374 - 11-0602 - 006  TOP MANGA CORTA CUEL CREMA T-XL,STOP CEDI,Aprobado,UND ,541,424,0,424,2026-07-29,01-2026,003-ESPIRITU SALVAJE,2026-05-27,2026-05-29,1,COLORES  ,1,6,T-XL     ,0.0,INCOMPLETO
STOP,MOP-00000204,ST0000374                                         ,30-3AGO2,08-AGOSTO,ST0000374 - 17-1142 - 002  TOP MANGA CORTA CUEL CAFE T-XS,STOP CEDI,Aprobado,UND ,135,116,0,116,2026-07-29,01-2026,003-ESPIRITU SALVAJE,2026-05-27,2026-05-29,1,COLORES  ,1,2,T-XS     ,0.0,INCOMPLETO
STOP,MOP-00000204,ST0000374                                         ,30-3AGO2,08-AGOSTO,ST0000374 - 17-1142 - 003  TOP MANGA CORTA CUEL CAFE T-S,STOP CEDI,Aprobado,UND ,541,470,0,470,2026-07-29,01-2026,003-ESPIRITU SALVAJE,2026-05-27,2026-05-29,1,COLORES  ,1,3,T-S      ,0.0,INCOMPLETO
STOP,MOP-00000204,ST0000374                                         ,30-3AGO2,08-AGOSTO,ST0000374 - 17-1142 - 004  TOP MANGA CORTA CUEL CAFE T-M,STOP CEDI,Aprobado,UND ,676,591,0,591,2026-07-29,01-2026,003-ESPIRITU SALVAJE,2026-05-27,2026-05-29,1,COLORES  ,1,4,T-M      ,0.0,INCOMPLETO
STOP,MOP-00000204,ST0000374                                         ,30-3AGO2,08-AGOSTO,ST0000374 - 17-1142 - 005  TOP MANGA CORTA CUEL CAFE T-L,STOP CEDI,Aprobado,UND ,406,348,0,348,2026-07-29,01-2026,003-ESPIRITU SALVAJE,2026-05-27,2026-05-29,1,COLORES  ,1,5,T-L      ,0.0,INCOMPLETO
STOP,MOP-00000204,ST0000374                                         ,30-3AGO2,08-AGOSTO,ST0000374 - 17-1142 - 006  TOP MANGA CORTA CUEL CAFE T-XL,STOP CEDI,Aprobado,UND ,541,464,0,464,2026-07-29,01-2026,003-ESPIRITU SALVAJE,2026-05-27,2026-05-29,1,COLORES  ,1,6,T-XL     ,0.0,INCOMPLETO
STOP,MOP-00000205,ST0000326                                         ,31-3AGO3,08-AGOSTO,ST0000326 - IND01 - 014  VAQUERO TIRO ALTO LA INDIGO T-6,STOP CEDI,Comprometido,UND ,574,574,0,574,2026-08-05,01-2026,004-INSTINTO ANIMAL,2026-05-27,2026-06-04,1,COLORES  ,1,14,T-6      ,0.0,INCOMPLETO
STOP,MOP-00000205,ST0000326                                         ,31-3AGO3,08-AGOSTO,ST0000326 - IND01 - 016  VAQUERO TIRO ALTO LA INDIGO T-8,STOP CEDI,Comprometido,UND ,717,717,0,717,2026-08-05,01-2026,004-INSTINTO ANIMAL,2026-05-27,2026-06-04,1,COLORES  ,1,16,T-8      ,0.0,INCOMPLETO
STOP,MOP-00000205,ST0000326                                         ,31-3AGO3,08-AGOSTO,ST0000326 - IND01 - 018  VAQUERO TIRO ALTO LA INDIGO T-10,STOP CEDI,Comprometido,UND ,717,717,0,717,2026-08-05,01-2026,004-INSTINTO ANIMAL,2026-05-27,2026-06-04,1,COLORES  ,1,18,T-10     ,0.0,INCOMPLETO
STOP,MOP-00000205,ST0000326                                         ,31-3AGO3,08-AGOSTO,ST0000326 - IND01 - 019  VAQUERO TIRO ALTO LA INDIGO T-12,STOP CEDI,Comprometido,UND ,574,574,0,574,2026-08-05,01-2026,004-INSTINTO ANIMAL,2026-05-27,2026-06-04,1,COLORES  ,1,19,T-12     ,0.0,INCOMPLETO
STOP,MOP-00000205,ST0000326                                         ,31-3AGO3,08-AGOSTO,ST0000326 - IND01 - 020  VAQUERO TIRO ALTO LA INDIGO T-14,STOP CEDI,Comprometido,UND ,430,430,0,430,2026-08-05,01-2026,004-INSTINTO ANIMAL,2026-05-27,2026-06-04,1,COLORES  ,1,20,T-14     ,0.0,INCOMPLETO
STOP,MOP-00000205,ST0000326                                         ,31-3AGO3,08-AGOSTO,ST0000326 - IND01 - 021  VAQUERO TIRO ALTO LA INDIGO T-16,STOP CEDI,Comprometido,UND ,287,287,0,287,2026-08-05,01-2026,004-INSTINTO ANIMAL,2026-05-27,2026-06-04,1,COLORES  ,1,21,T-16     ,0.0,INCOMPLETO
STOP,MOP-00000206,ST0000329                                         ,35-3SEP3,09-SEPTIEMBRE,ST0000329 - 11-0601 - 013  RETROJTIRO ALTO BLAN BLANCO T-5,STOP CEDI,Aprobado,UND ,300,307,0,307,2026-08-05,01-2026,021-WILD BAMBI,2026-05-27,2026-06-01,1,COLORES  ,1,13,T-5      ,0.0,INCOMPLETO
STOP,MOP-00000206,ST0000329                                         ,35-3SEP3,09-SEPTIEMBRE,ST0000329 - 11-0601 - 014  RETROJTIRO ALTO BLAN BLANCO T-6,STOP CEDI,Aprobado,UND ,450,395,0,395,2026-08-05,01-2026,021-WILD BAMBI,2026-05-27,2026-06-01,1,COLORES  ,1,14,T-6      ,0.0,INCOMPLETO
STOP,MOP-00000206,ST0000329                                         ,35-3SEP3,09-SEPTIEMBRE,ST0000329 - 11-0601 - 016  RETROJTIRO ALTO BLAN BLANCO T-8,STOP CEDI,Aprobado,UND ,750,681,0,681,2026-08-05,01-2026,021-WILD BAMBI,2026-05-27,2026-06-01,1,COLORES  ,1,16,T-8      ,0.0,INCOMPLETO
STOP,MOP-00000206,ST0000329                                         ,35-3SEP3,09-SEPTIEMBRE,ST0000329 - 11-0601 - 018  RETROJTIRO ALTO BLAN BLANCO T-10,STOP CEDI,Aprobado,UND ,750,706,0,706,2026-08-05,01-2026,021-WILD BAMBI,2026-05-27,2026-06-01,1,COLORES  ,1,18,T-10     ,0.0,INCOMPLETO
STOP,MOP-00000206,ST0000329                                         ,35-3SEP3,09-SEPTIEMBRE,ST0000329 - 11-0601 - 019  RETROJTIRO ALTO BLAN BLANCO T-12,STOP CEDI,Aprobado,UND ,450,401,0,401,2026-08-05,01-2026,021-WILD BAMBI,2026-05-27,2026-06-01,1,COLORES  ,1,19,T-12     ,0.0,INCOMPLETO
STOP,MOP-00000206,ST0000329                                         ,35-3SEP3,09-SEPTIEMBRE,ST0000329 - 11-0601 - 020  RETROJTIRO ALTO BLAN BLANCO T-14,STOP CEDI,Aprobado,UND ,300,307,0,307,2026-08-05,01-2026,021-WILD BAMBI,2026-05-27,2026-06-01,1,COLORES  ,1,20,T-14     ,0.0,INCOMPLETO
STOP,MOP-00000207,ST0000361                                         ,31-3AGO3,08-AGOSTO,ST0000361 - 19-4004 - 002  CAMISA MANGA CORTA E NEGRO T-XS,STOP CEDI,Comprometido,UND ,154,154,0,154,2026-08-05,01-2026,004-INSTINTO ANIMAL,2026-05-27,2026-06-01,1,COLORES  ,1,2,T-XS     ,0.0,INCOMPLETO
STOP,MOP-00000207,ST0000361                                         ,31-3AGO3,08-AGOSTO,ST0000361 - 19-4004 - 003  CAMISA MANGA CORTA E NEGRO T-S,STOP CEDI,Comprometido,UND ,462,462,0,462,2026-08-05,01-2026,004-INSTINTO ANIMAL,2026-05-27,2026-06-01,1,COLORES  ,1,3,T-S      ,0.0,INCOMPLETO
STOP,MOP-00000207,ST0000361                                         ,31-3AGO3,08-AGOSTO,ST0000361 - 19-4004 - 004  CAMISA MANGA CORTA E NEGRO T-M,STOP CEDI,Comprometido,UND ,615,615,0,615,2026-08-05,01-2026,004-INSTINTO ANIMAL,2026-05-27,2026-06-01,1,COLORES  ,1,4,T-M      ,0.0,INCOMPLETO
STOP,MOP-00000207,ST0000361                                         ,31-3AGO3,08-AGOSTO,ST0000361 - 19-4004 - 005  CAMISA MANGA CORTA E NEGRO T-L,STOP CEDI,Comprometido,UND ,462,462,0,462,2026-08-05,01-2026,004-INSTINTO ANIMAL,2026-05-27,2026-06-01,1,COLORES  ,1,5,T-L      ,0.0,INCOMPLETO
STOP,MOP-00000207,ST0000361                                         ,31-3AGO3,08-AGOSTO,ST0000361 - 19-4004 - 006  CAMISA MANGA CORTA E NEGRO T-XL,STOP CEDI,Comprometido,UND ,308,308,0,308,2026-08-05,01-2026,004-INSTINTO ANIMAL,2026-05-27,2026-06-01,1,COLORES  ,1,6,T-XL     ,0.0,INCOMPLETO
STOP,MOP-00000208,ST0000640                                         ,31-3AGO3,08-AGOSTO,ST0000640 - IND07 - 002  CAMISA MANGA LARGA INDIGO T-XS,STOP CEDI,Aprobado,UND ,138,154,0,154,2026-08-05,01-2026,004-INSTINTO ANIMAL,2026-05-27,2026-06-01,1,COLORES  ,1,2,T-XS     ,0.0,INCOMPLETO
STOP,MOP-00000208,ST0000640                                         ,31-3AGO3,08-AGOSTO,ST0000640 - IND07 - 003  CAMISA MANGA LARGA INDIGO T-S,STOP CEDI,Aprobado,UND ,415,464,0,464,2026-08-05,01-2026,004-INSTINTO ANIMAL,2026-05-27,2026-06-01,1,COLORES  ,1,3,T-S      ,0.0,INCOMPLETO
STOP,MOP-00000208,ST0000640                                         ,31-3AGO3,08-AGOSTO,ST0000640 - IND07 - 004  CAMISA MANGA LARGA INDIGO T-M,STOP CEDI,Aprobado,UND ,554,620,0,620,2026-08-05,01-2026,004-INSTINTO ANIMAL,2026-05-27,2026-06-01,1,COLORES  ,1,4,T-M      ,0.0,INCOMPLETO
STOP,MOP-00000208,ST0000640                                         ,31-3AGO3,08-AGOSTO,ST0000640 - IND07 - 005  CAMISA MANGA LARGA INDIGO T-L,STOP CEDI,Aprobado,UND ,415,462,0,462,2026-08-05,01-2026,004-INSTINTO ANIMAL,2026-05-27,2026-06-01,1,COLORES  ,1,5,T-L      ,0.0,INCOMPLETO
STOP,MOP-00000208,ST0000640                                         ,31-3AGO3,08-AGOSTO,ST0000640 - IND07 - 006  CAMISA MANGA LARGA INDIGO T-XL,STOP CEDI,Aprobado,UND ,277,308,0,308,2026-08-05,01-2026,004-INSTINTO ANIMAL,2026-05-27,2026-06-01,1,COLORES  ,1,6,T-XL     ,0.0,INCOMPLETO
STOP,MOP-00000209,ST0000845                                         ,31-3AGO3,08-AGOSTO,ST0000845 - 18-3919 - 002  CAMISETA MANGA CORTA AZUL T-XS,STOP CEDI,Aprobado,UND ,177,209,0,209,2026-08-05,01-2026,004-INSTINTO ANIMAL,2026-05-27,2026-06-04,1,COLORES  ,1,2,T-XS     ,0.0,INCOMPLETO
STOP,MOP-00000209,ST0000845                                         ,31-3AGO3,08-AGOSTO,ST0000845 - 18-3919 - 003  CAMISETA MANGA CORTA AZUL T-S,STOP CEDI,Aprobado,UND ,531,580,0,580,2026-08-05,01-2026,004-INSTINTO ANIMAL,2026-05-27,2026-06-04,1,COLORES  ,1,3,T-S      ,0.0,INCOMPLETO
STOP,MOP-00000209,ST0000845                                         ,31-3AGO3,08-AGOSTO,ST0000845 - 18-3919 - 004  CAMISETA MANGA CORTA AZUL T-M,STOP CEDI,Aprobado,UND ,708,774,0,774,2026-08-05,01-2026,004-INSTINTO ANIMAL,2026-05-27,2026-06-04,1,COLORES  ,1,4,T-M      ,0.0,INCOMPLETO
STOP,MOP-00000209,ST0000845                                         ,31-3AGO3,08-AGOSTO,ST0000845 - 18-3919 - 005  CAMISETA MANGA CORTA AZUL T-L,STOP CEDI,Aprobado,UND ,531,575,0,575,2026-08-05,01-2026,004-INSTINTO ANIMAL,2026-05-27,2026-06-04,1,COLORES  ,1,5,T-L      ,0.0,INCOMPLETO
STOP,MOP-00000209,ST0000845                                         ,31-3AGO3,08-AGOSTO,ST0000845 - 18-3919 - 006  CAMISETA MANGA CORTA AZUL T-XL,STOP CEDI,Aprobado,UND ,354,382,0,382,2026-08-05,01-2026,004-INSTINTO ANIMAL,2026-05-27,2026-06-04,1,COLORES  ,1,6,T-XL     ,0.0,INCOMPLETO
STOP,MOP-00000210,15001904                                          ,32-3AGO4,08-AGOSTO,15001904 - 16-1407 - 016  BERMUDA T/ALTO ESENC CAFE T-8,STOP CEDI,En elaboración,UND ,50,0,0,0,2026-08-12,01-2026, ,2026-05-27,2026-06-04,1,COLORES  ,1,16,T-8      ,0.0,CERRADO
STOP,MOP-00000210,15001904                                          ,32-3AGO4,08-AGOSTO,15001904 - 16-1407 - 018  BERMUDA T/ALTO ESENC CAFE T-10,STOP CEDI,En elaboración,UND ,100,0,0,0,2026-08-12,01-2026, ,2026-05-27,2026-06-04,1,COLORES  ,1,18,T-10     ,0.0,CERRADO
STOP,MOP-00000210,15001904                                          ,32-3AGO4,08-AGOSTO,15001904 - 16-1407 - 019  BERMUDA T/ALTO ESENC CAFE T-12,STOP CEDI,En elaboración,UND ,150,0,0,0,2026-08-12,01-2026, ,2026-05-27,2026-06-04,1,COLORES  ,1,19,T-12     ,0.0,CERRADO
STOP,MOP-00000210,15001904                                          ,32-3AGO4,08-AGOSTO,15001904 - 16-1407 - 020  BERMUDA T/ALTO ESENC CAFE T-14,STOP CEDI,En elaboración,UND ,50,0,0,0,2026-08-12,01-2026, ,2026-05-27,2026-06-04,1,COLORES  ,1,20,T-14     ,0.0,CERRADO
STOP,MOP-00000210,15001904                                          ,32-3AGO4,08-AGOSTO,15001904 - 16-1407 - 021  BERMUDA T/ALTO ESENC CAFE T-16,STOP CEDI,En elaboración,UND ,50,0,0,0,2026-08-12,01-2026, ,2026-05-27,2026-06-04,1,COLORES  ,1,21,T-16     ,0.0,CERRADO
STOP,MOP-00000211,15001950                                          ,32-3AGO4,08-AGOSTO,15001950 - 11-0601 - 005  CAMISETA PREMIUM MAN BLANCO T-L,STOP CEDI,Comprometido,UND ,300,300,0,300,2026-08-12,01-2026, ,2026-05-27,2026-06-05,1,COLORES  ,1,5,T-L      ,0.0,INCOMPLETO
STOP,MOP-00000211,15001950                                          ,32-3AGO4,08-AGOSTO,15001950 - 11-0601 - 004  CAMISETA PREMIUM MAN BLANCO T-M,STOP CEDI,Comprometido,UND ,200,200,0,200,2026-08-12,01-2026, ,2026-05-27,2026-06-05,1,COLORES  ,1,4,T-M      ,0.0,INCOMPLETO
STOP,MOP-00000211,15001950                                          ,32-3AGO4,08-AGOSTO,15001950 - 11-0601 - 003  CAMISETA PREMIUM MAN BLANCO T-S,STOP CEDI,Comprometido,UND ,50,50,0,50,2026-08-12,01-2026, ,2026-05-27,2026-06-05,1,COLORES  ,1,3,T-S      ,0.0,INCOMPLETO
STOP,MOP-00000211,15001950                                          ,32-3AGO4,08-AGOSTO,15001950 - 11-0601 - 006  CAMISETA PREMIUM MAN BLANCO T-XL,STOP CEDI,Comprometido,UND ,100,100,0,100,2026-08-12,01-2026, ,2026-05-27,2026-06-05,1,COLORES  ,1,6,T-XL     ,0.0,INCOMPLETO
STOP,MOP-00000211,15001950                                          ,32-3AGO4,08-AGOSTO,15001950 - 11-0601 - 002  CAMISETA PREMIUM MAN BLANCO T-XS,STOP CEDI,Comprometido,UND ,50,50,0,50,2026-08-12,01-2026, ,2026-05-27,2026-06-05,1,COLORES  ,1,2,T-XS     ,0.0,INCOMPLETO
STOP,MOP-00000211,15001950                                          ,32-3AGO4,08-AGOSTO,15001950 - 19-4004 - 005  CAMISETA PREMIUM MAN NEGRO T-L,STOP CEDI,Comprometido,UND ,100,100,0,100,2026-08-12,01-2026, ,2026-05-27,2026-06-05,1,COLORES  ,1,5,T-L      ,0.0,INCOMPLETO
STOP,MOP-00000211,15001950                                          ,32-3AGO4,08-AGOSTO,15001950 - 19-4004 - 004  CAMISETA PREMIUM MAN NEGRO T-M,STOP CEDI,Comprometido,UND ,50,50,0,50,2026-08-12,01-2026, ,2026-05-27,2026-06-05,1,COLORES  ,1,4,T-M      ,0.0,INCOMPLETO
STOP,MOP-00000211,15001950                                          ,32-3AGO4,08-AGOSTO,15001950 - 19-4004 - 006  CAMISETA PREMIUM MAN NEGRO T-XL,STOP CEDI,Comprometido,UND ,100,100,0,100,2026-08-12,01-2026, ,2026-05-27,2026-06-05,1,COLORES  ,1,6,T-XL     ,0.0,INCOMPLETO
STOP,MOP-00000212,15002995                                          ,32-3AGO4,08-AGOSTO,15002995 - 11-0602 - 005  BODY MS FONDO ENTERO CREMA T-L,STOP CEDI,En elaboración,UND ,200,0,0,0,2026-08-12,01-2026, ,2026-05-27,2026-06-05,1,COLORES  ,1,5,T-L      ,0.0,CERRADO
STOP,MOP-00000212,15002995                                          ,32-3AGO4,08-AGOSTO,15002995 - 11-0602 - 004  BODY MS FONDO ENTERO CREMA T-M,STOP CEDI,En elaboración,UND ,200,0,0,0,2026-08-12,01-2026, ,2026-05-27,2026-06-05,1,COLORES  ,1,4,T-M      ,0.0,CERRADO
STOP,MOP-00000212,15002995                                          ,32-3AGO4,08-AGOSTO,15002995 - 11-0602 - 003  BODY MS FONDO ENTERO CREMA T-S,STOP CEDI,En elaboración,UND ,200,0,0,0,2026-08-12,01-2026, ,2026-05-27,2026-06-05,1,COLORES  ,1,3,T-S      ,0.0,CERRADO
STOP,MOP-00000212,15002995                                          ,32-3AGO4,08-AGOSTO,15002995 - 19-4004 - 005  BODY MS FONDO ENTERO NEGRO T-L,STOP CEDI,En elaboración,UND ,100,0,0,0,2026-08-12,01-2026, ,2026-05-27,2026-06-05,1,COLORES  ,1,5,T-L      ,0.0,CERRADO
STOP,MOP-00000212,15002995                                          ,32-3AGO4,08-AGOSTO,15002995 - 19-4004 - 004  BODY MS FONDO ENTERO NEGRO T-M,STOP CEDI,En elaboración,UND ,200,0,0,0,2026-08-12,01-2026, ,2026-05-27,2026-06-05,1,COLORES  ,1,4,T-M      ,0.0,CERRADO
STOP,MOP-00000212,15002995                                          ,32-3AGO4,08-AGOSTO,15002995 - 19-4004 - 003  BODY MS FONDO ENTERO NEGRO T-S,STOP CEDI,En elaboración,UND ,100,0,0,0,2026-08-12,01-2026, ,2026-05-27,2026-06-05,1,COLORES  ,1,3,T-S      ,0.0,CERRADO
STOP,MOP-00000213,15004852                                          ,32-3AGO4,08-AGOSTO,15004852 - 11-0602 - 005  TOP MANGA SISA EN RI CREMA T-L,STOP CEDI,Comprometido,UND ,200,200,0,200,2026-08-12,01-2026, ,2026-05-27,2026-06-01,1,COLORES  ,1,5,T-L      ,0.0,INCOMPLETO
STOP,MOP-00000213,15004852                                          ,32-3AGO4,08-AGOSTO,15004852 - 11-0602 - 004  TOP MANGA SISA EN RI CREMA T-M,STOP CEDI,Comprometido,UND ,100,100,0,100,2026-08-12,01-2026, ,2026-05-27,2026-06-01,1,COLORES  ,1,4,T-M      ,0.0,INCOMPLETO
STOP,MOP-00000213,15004852                                          ,32-3AGO4,08-AGOSTO,15004852 - 11-0602 - 006  TOP MANGA SISA EN RI CREMA T-XL,STOP CEDI,Comprometido,UND ,100,100,0,100,2026-08-12,01-2026, ,2026-05-27,2026-06-01,1,COLORES  ,1,6,T-XL     ,0.0,INCOMPLETO
STOP,MOP-00000214,15004956                                          ,32-3AGO4,08-AGOSTO,15004956 - 11-0601 - 005  CAMISA MANGA 3/4 ESE BLANCO T-L,STOP CEDI,Aprobado,UND ,399,384,0,384,2026-08-12,01-2026, ,2026-05-27,2026-06-01,1,COLORES  ,1,5,T-L      ,0.0,INCOMPLETO
STOP,MOP-00000214,15004956                                          ,32-3AGO4,08-AGOSTO,15004956 - 11-0601 - 003  CAMISA MANGA 3/4 ESE BLANCO T-S,STOP CEDI,Aprobado,UND ,300,291,0,291,2026-08-12,01-2026, ,2026-05-27,2026-06-01,1,COLORES  ,1,3,T-S      ,0.0,INCOMPLETO
STOP,MOP-00000214,15004956                                          ,32-3AGO4,08-AGOSTO,15004956 - 11-0601 - 004  CAMISA MANGA 3/4 ESE BLANCO T-M,STOP CEDI,Aprobado,UND ,299,280,0,280,2026-08-12,01-2026, ,2026-05-27,2026-06-01,1,COLORES  ,1,4,T-M      ,0.0,INCOMPLETO
STOP,MOP-00000214,15004956                                          ,32-3AGO4,08-AGOSTO,15004956 - 11-0601 - 006  CAMISA MANGA 3/4 ESE BLANCO T-XL,STOP CEDI,Aprobado,UND ,100,90,0,90,2026-08-12,01-2026, ,2026-05-27,2026-06-01,1,COLORES  ,1,6,T-XL     ,0.0,INCOMPLETO
STOP,MOP-00000215,15004956                                          ,32-3AGO4,08-AGOSTO,15004956 - 14-4005 - 005  CAMISA MANGA 3/4 ESE AZUL T-L,STOP CEDI,Aprobado,UND ,400,375,0,375,2026-08-12,01-2026, ,2026-05-27,2026-05-29,1,COLORES  ,1,5,T-L      ,0.0,INCOMPLETO
STOP,MOP-00000215,15004956                                          ,32-3AGO4,08-AGOSTO,15004956 - 14-4005 - 004  CAMISA MANGA 3/4 ESE AZUL T-M,STOP CEDI,Aprobado,UND ,400,383,0,383,2026-08-12,01-2026, ,2026-05-27,2026-05-29,1,COLORES  ,1,4,T-M      ,0.0,INCOMPLETO
STOP,MOP-00000215,15004956                                          ,32-3AGO4,08-AGOSTO,15004956 - 14-4005 - 003  CAMISA MANGA 3/4 ESE AZUL T-S,STOP CEDI,Aprobado,UND ,300,288,0,288,2026-08-12,01-2026, ,2026-05-27,2026-05-29,1,COLORES  ,1,3,T-S      ,0.0,INCOMPLETO
STOP,MOP-00000215,15004956                                          ,32-3AGO4,08-AGOSTO,15004956 - 14-4005 - 006  CAMISA MANGA 3/4 ESE AZUL T-XL,STOP CEDI,Aprobado,UND ,100,93,0,93,2026-08-12,01-2026, ,2026-05-27,2026-05-29,1,COLORES  ,1,6,T-XL     ,0.0,INCOMPLETO
STOP,MOP-00000216,15005955                                          ,32-3AGO4,08-AGOSTO,15005955 - 11-0601 - 005  CAMISA MANGA LARGA F BLANCO T-L,STOP CEDI,Aprobado,UND ,100,91,0,91,2026-08-12,01-2026, ,2026-05-27,2026-05-30,1,COLORES  ,1,5,T-L      ,0.0,INCOMPLETO
STOP,MOP-00000216,15005955                                          ,32-3AGO4,08-AGOSTO,15005955 - 11-0601 - 004  CAMISA MANGA LARGA F BLANCO T-M,STOP CEDI,Aprobado,UND ,300,275,0,275,2026-08-12,01-2026, ,2026-05-27,2026-05-30,1,COLORES  ,1,4,T-M      ,0.0,INCOMPLETO
STOP,MOP-00000216,15005955                                          ,32-3AGO4,08-AGOSTO,15005955 - 11-0601 - 003  CAMISA MANGA LARGA F BLANCO T-S,STOP CEDI,Aprobado,UND ,300,277,0,277,2026-08-12,01-2026, ,2026-05-27,2026-05-30,1,COLORES  ,1,3,T-S      ,0.0,INCOMPLETO
STOP,MOP-00000216,15005955                                          ,32-3AGO4,08-AGOSTO,15005955 - 11-0601 - 006  CAMISA MANGA LARGA F BLANCO T-XL,STOP CEDI,Aprobado,UND ,100,92,0,92,2026-08-12,01-2026, ,2026-05-27,2026-05-30,1,COLORES  ,1,6,T-XL     ,0.0,INCOMPLETO
STOP,MOP-00000217,15006949                                          ,32-3AGO4,08-AGOSTO,15006949 - 11-0602 - 005  CAMISETA MANGA CREMA T-L,STOP CEDI,Aprobado,UND ,300,279,0,279,2026-08-12,01-2026, ,2026-05-27,2026-06-01,1,COLORES  ,1,5,T-L      ,0.0,INCOMPLETO
STOP,MOP-00000217,15006949                                          ,32-3AGO4,08-AGOSTO,15006949 - 11-0602 - 004  CAMISETA MANGA CREMA T-M,STOP CEDI,Aprobado,UND ,100,91,0,91,2026-08-12,01-2026, ,2026-05-27,2026-06-01,1,COLORES  ,1,4,T-M      ,0.0,INCOMPLETO
STOP,MOP-00000217,15006949                                          ,32-3AGO4,08-AGOSTO,15006949 - 11-0602 - 003  CAMISETA MANGA CREMA T-S,STOP CEDI,Aprobado,UND ,100,91,0,91,2026-08-12,01-2026, ,2026-05-27,2026-06-01,1,COLORES  ,1,3,T-S      ,0.0,INCOMPLETO
STOP,MOP-00000217,15006949                                          ,32-3AGO4,08-AGOSTO,15006949 - 11-0602 - 006  CAMISETA MANGA CREMA T-XL,STOP CEDI,Aprobado,UND ,400,362,0,362,2026-08-12,01-2026, ,2026-05-27,2026-06-01,1,COLORES  ,1,6,T-XL     ,0.0,INCOMPLETO
STOP,MOP-00000217,15006949                                          ,32-3AGO4,08-AGOSTO,15006949 - 19-4004 - 005  CAMISETA MANGA NEGRO T-L,STOP CEDI,Aprobado,UND ,400,279,0,279,2026-08-12,01-2026, ,2026-05-27,2026-06-01,1,COLORES  ,1,5,T-L      ,0.0,INCOMPLETO
STOP,MOP-00000217,15006949                                          ,32-3AGO4,08-AGOSTO,15006949 - 19-4004 - 004  CAMISETA MANGA NEGRO T-M,STOP CEDI,Aprobado,UND ,400,356,0,356,2026-08-12,01-2026, ,2026-05-27,2026-06-01,1,COLORES  ,1,4,T-M      ,0.0,INCOMPLETO
STOP,MOP-00000217,15006949                                          ,32-3AGO4,08-AGOSTO,15006949 - 19-4004 - 003  CAMISETA MANGA NEGRO T-S,STOP CEDI,Aprobado,UND ,200,178,0,178,2026-08-12,01-2026, ,2026-05-27,2026-06-01,1,COLORES  ,1,3,T-S      ,0.0,INCOMPLETO
STOP,MOP-00000217,15006949                                          ,32-3AGO4,08-AGOSTO,15006949 - 19-4004 - 006  CAMISETA MANGA NEGRO T-XL,STOP CEDI,Aprobado,UND ,200,268,0,268,2026-08-12,01-2026, ,2026-05-27,2026-06-01,1,COLORES  ,1,6,T-XL     ,0.0,INCOMPLETO
STOP,MOP-00000218,15006952                                          ,32-3AGO4,08-AGOSTO,15006952 - 11-0601 - 005  TOP PREMIUM MANGA SI BLANCO T-L,STOP CEDI,Aprobado,UND ,299,291,0,291,2026-08-12,01-2026, ,2026-05-27,2026-06-01,1,COLORES  ,1,5,T-L      ,0.0,INCOMPLETO
STOP,MOP-00000218,15006952                                          ,32-3AGO4,08-AGOSTO,15006952 - 11-0601 - 004  TOP PREMIUM MANGA SI BLANCO T-M,STOP CEDI,Aprobado,UND ,300,294,0,294,2026-08-12,01-2026, ,2026-05-27,2026-06-01,1,COLORES  ,1,4,T-M      ,0.0,INCOMPLETO
STOP,MOP-00000218,15006952                                          ,32-3AGO4,08-AGOSTO,15006952 - 11-0601 - 003  TOP PREMIUM MANGA SI BLANCO T-S,STOP CEDI,Aprobado,UND ,100,97,0,97,2026-08-12,01-2026, ,2026-05-27,2026-06-01,1,COLORES  ,1,3,T-S      ,0.0,INCOMPLETO
STOP,MOP-00000218,15006952                                          ,32-3AGO4,08-AGOSTO,15006952 - 11-0601 - 006  TOP PREMIUM MANGA SI BLANCO T-XL,STOP CEDI,Aprobado,UND ,200,194,0,194,2026-08-12,01-2026, ,2026-05-27,2026-06-01,1,COLORES  ,1,6,T-XL     ,0.0,INCOMPLETO
STOP,MOP-00000218,15006952                                          ,32-3AGO4,08-AGOSTO,15006952 - 11-0601 - 002  TOP PREMIUM MANGA SI BLANCO T-XS,STOP CEDI,Aprobado,UND ,100,97,0,97,2026-08-12,01-2026, ,2026-05-27,2026-06-01,1,COLORES  ,1,2,T-XS     ,0.0,INCOMPLETO
STOP,MOP-00000218,15006952                                          ,32-3AGO4,08-AGOSTO,15006952 - 19-4004 - 005  TOP PREMIUM MANGA SI NEGRO T-L,STOP CEDI,Aprobado,UND ,200,182,0,182,2026-08-12,01-2026, ,2026-05-27,2026-06-01,1,COLORES  ,1,5,T-L      ,0.0,INCOMPLETO
STOP,MOP-00000218,15006952                                          ,32-3AGO4,08-AGOSTO,15006952 - 19-4004 - 004  TOP PREMIUM MANGA SI NEGRO T-M,STOP CEDI,Aprobado,UND ,200,183,0,183,2026-08-12,01-2026, ,2026-05-27,2026-06-01,1,COLORES  ,1,4,T-M      ,0.0,INCOMPLETO
STOP,MOP-00000218,15006952                                          ,32-3AGO4,08-AGOSTO,15006952 - 19-4004 - 003  TOP PREMIUM MANGA SI NEGRO T-S,STOP CEDI,Aprobado,UND ,100,91,0,91,2026-08-12,01-2026, ,2026-05-27,2026-06-01,1,COLORES  ,1,3,T-S      ,0.0,INCOMPLETO
STOP,MOP-00000218,15006952                                          ,32-3AGO4,08-AGOSTO,15006952 - 19-4004 - 006  TOP PREMIUM MANGA SI NEGRO T-XL,STOP CEDI,Aprobado,UND ,100,91,0,91,2026-08-12,01-2026, ,2026-05-27,2026-06-01,1,COLORES  ,1,6,T-XL     ,0.0,INCOMPLETO
STOP,MOP-00000219,15007949                                          ,32-3AGO4,08-AGOSTO,15007949 - 11-0602 - 005  CAMISETA MANGA CORTA CREMA T-L,STOP CEDI,Aprobado,UND ,200,200,0,200,2026-08-12,01-2026, ,2026-05-27,2026-06-01,1,COLORES  ,1,5,T-L      ,0.0,INCOMPLETO
STOP,MOP-00000219,15007949                                          ,32-3AGO4,08-AGOSTO,15007949 - 11-0602 - 004  CAMISETA MANGA CORTA CREMA T-M,STOP CEDI,Aprobado,UND ,200,200,0,200,2026-08-12,01-2026, ,2026-05-27,2026-06-01,1,COLORES  ,1,4,T-M      ,0.0,INCOMPLETO
STOP,MOP-00000219,15007949                                          ,32-3AGO4,08-AGOSTO,15007949 - 11-0602 - 006  CAMISETA MANGA CORTA CREMA T-XL,STOP CEDI,Aprobado,UND ,200,196,0,196,2026-08-12,01-2026, ,2026-05-27,2026-06-01,1,COLORES  ,1,6,T-XL     ,0.0,INCOMPLETO
STOP,MOP-00000220,15008849                                          ,32-3AGO4,08-AGOSTO,15008849 - 11-0602 - 005  CAMISETA MANGA CORTA CREMA T-L,STOP CEDI,En elaboración,UND ,400,0,0,0,2026-08-12,01-2026, ,2026-05-27,2026-06-01,1,COLORES  ,1,5,T-L      ,0.0,CERRADO
STOP,MOP-00000220,15008849                                          ,32-3AGO4,08-AGOSTO,15008849 - 11-0602 - 004  CAMISETA MANGA CORTA CREMA T-M,STOP CEDI,En elaboración,UND ,400,0,0,0,2026-08-12,01-2026, ,2026-05-27,2026-06-01,1,COLORES  ,1,4,T-M      ,0.0,CERRADO
STOP,MOP-00000220,15008849                                          ,32-3AGO4,08-AGOSTO,15008849 - 11-0602 - 003  CAMISETA MANGA CORTA CREMA T-S,STOP CEDI,En elaboración,UND ,400,0,0,0,2026-08-12,01-2026, ,2026-05-27,2026-06-01,1,COLORES  ,1,3,T-S      ,0.0,CERRADO
STOP,MOP-00000220,15008849                                          ,32-3AGO4,08-AGOSTO,15008849 - 19-4004 - 005  CAMISETA MANGA CORTA NEGRO T-L,STOP CEDI,En elaboración,UND ,300,0,0,0,2026-08-12,01-2026, ,2026-05-27,2026-06-01,1,COLORES  ,1,5,T-L      ,0.0,CERRADO
STOP,MOP-00000220,15008849                                          ,32-3AGO4,08-AGOSTO,15008849 - 19-4004 - 004  CAMISETA MANGA CORTA NEGRO T-M,STOP CEDI,En elaboración,UND ,300,0,0,0,2026-08-12,01-2026, ,2026-05-27,2026-06-01,1,COLORES  ,1,4,T-M      ,0.0,CERRADO
STOP,MOP-00000220,15008849                                          ,32-3AGO4,08-AGOSTO,15008849 - 19-4004 - 003  CAMISETA MANGA CORTA NEGRO T-S,STOP CEDI,En elaboración,UND ,150,0,0,0,2026-08-12,01-2026, ,2026-05-27,2026-06-01,1,COLORES  ,1,3,T-S      ,0.0,CERRADO
STOP,MOP-00000221,15008952                                          ,32-3AGO4,08-AGOSTO,15008952 - 19-4004 - 004  CAMISETA PREMIUM SIS NEGRO T-M,STOP CEDI,Aprobado,UND ,300,288,0,288,2026-08-12,01-2026, ,2026-05-27,2026-06-02,1,COLORES  ,1,4,T-M      ,0.0,INCOMPLETO
STOP,MOP-00000221,15008952                                          ,32-3AGO4,08-AGOSTO,15008952 - 19-4004 - 003  CAMISETA PREMIUM SIS NEGRO T-S,STOP CEDI,Aprobado,UND ,300,287,0,287,2026-08-12,01-2026, ,2026-05-27,2026-06-02,1,COLORES  ,1,3,T-S      ,0.0,INCOMPLETO
STOP,MOP-00000221,15008952                                          ,32-3AGO4,08-AGOSTO,15008952 - 19-4004 - 002  CAMISETA PREMIUM SIS NEGRO T-XS,STOP CEDI,Aprobado,UND ,100,96,0,96,2026-08-12,01-2026, ,2026-05-27,2026-06-02,1,COLORES  ,1,2,T-XS     ,0.0,INCOMPLETO
STOP,MOP-00000222,15009949                                          ,32-3AGO4,08-AGOSTO,15009949 - 11-0602 - 005  CAMISETA MANGA CORTA CREMA T-L,STOP CEDI,Aprobado,UND ,100,72,0,72,2026-08-12,01-2026, ,2026-05-27,2026-06-06,1,COLORES  ,1,5,T-L      ,0.0,INCOMPLETO
STOP,MOP-00000222,15009949                                          ,32-3AGO4,08-AGOSTO,15009949 - 11-0602 - 004  CAMISETA MANGA CORTA CREMA T-M,STOP CEDI,Aprobado,UND ,100,72,0,72,2026-08-12,01-2026, ,2026-05-27,2026-06-06,1,COLORES  ,1,4,T-M      ,0.0,INCOMPLETO
STOP,MOP-00000222,15009949                                          ,32-3AGO4,08-AGOSTO,15009949 - 11-0602 - 003  CAMISETA MANGA CORTA CREMA T-S,STOP CEDI,Aprobado,UND ,200,139,0,139,2026-08-12,01-2026, ,2026-05-27,2026-06-06,1,COLORES  ,1,3,T-S      ,0.0,INCOMPLETO
STOP,MOP-00000222,15009949                                          ,32-3AGO4,08-AGOSTO,15009949 - 11-0602 - 006  CAMISETA MANGA CORTA CREMA T-XL,STOP CEDI,Aprobado,UND ,48,43,0,43,2026-08-12,01-2026, ,2026-05-27,2026-06-06,1,COLORES  ,1,6,T-XL     ,0.0,INCOMPLETO
STOP,MOP-00000222,15009949                                          ,32-3AGO4,08-AGOSTO,15009949 - 19-4004 - 005  CAMISETA MANGA CORTA NEGRO T-L,STOP CEDI,Aprobado,UND ,100,80,0,80,2026-08-12,01-2026, ,2026-05-27,2026-06-06,1,COLORES  ,1,5,T-L      ,0.0,INCOMPLETO
STOP,MOP-00000222,15009949                                          ,32-3AGO4,08-AGOSTO,15009949 - 19-4004 - 004  CAMISETA MANGA CORTA NEGRO T-M,STOP CEDI,Aprobado,UND ,100,80,0,80,2026-08-12,01-2026, ,2026-05-27,2026-06-06,1,COLORES  ,1,4,T-M      ,0.0,INCOMPLETO
STOP,MOP-00000222,15009949                                          ,32-3AGO4,08-AGOSTO,15009949 - 19-4004 - 003  CAMISETA MANGA CORTA NEGRO T-S,STOP CEDI,Aprobado,UND ,100,79,0,79,2026-08-12,01-2026, ,2026-05-27,2026-06-06,1,COLORES  ,1,3,T-S      ,0.0,INCOMPLETO
STOP,MOP-00000222,15009949                                          ,32-3AGO4,08-AGOSTO,15009949 - 19-4004 - 006  CAMISETA MANGA CORTA NEGRO T-XL,STOP CEDI,Aprobado,UND ,100,75,0,75,2026-08-12,01-2026, ,2026-05-27,2026-06-06,1,COLORES  ,1,6,T-XL     ,0.0,INCOMPLETO
STOP,MOP-00000223,15013949                                          ,32-3AGO4,08-AGOSTO,15013949 - 11-0601 - 005  CAMISETA T SHIRT MAN BLANCO T-L,STOP CEDI,En elaboración,UND ,100,0,0,0,2026-08-12,01-2026, ,2026-05-27,2026-06-06,1,COLORES  ,1,5,T-L      ,0.0,CERRADO
STOP,MOP-00000223,15013949                                          ,32-3AGO4,08-AGOSTO,15013949 - 11-0601 - 004  CAMISETA T SHIRT MAN BLANCO T-M,STOP CEDI,En elaboración,UND ,300,0,0,0,2026-08-12,01-2026, ,2026-05-27,2026-06-06,1,COLORES  ,1,4,T-M      ,0.0,CERRADO
STOP,MOP-00000223,15013949                                          ,32-3AGO4,08-AGOSTO,15013949 - 11-0601 - 003  CAMISETA T SHIRT MAN BLANCO T-S,STOP CEDI,En elaboración,UND ,300,0,0,0,2026-08-12,01-2026, ,2026-05-27,2026-06-06,1,COLORES  ,1,3,T-S      ,0.0,CERRADO
STOP,MOP-00000223,15013949                                          ,32-3AGO4,08-AGOSTO,15013949 - 11-0601 - 006  CAMISETA T SHIRT MAN BLANCO T-XL,STOP CEDI,En elaboración,UND ,100,0,0,0,2026-08-12,01-2026, ,2026-05-27,2026-06-06,1,COLORES  ,1,6,T-XL     ,0.0,CERRADO
STOP,MOP-00000223,15013949                                          ,32-3AGO4,08-AGOSTO,15013949 - 11-0601 - 002  CAMISETA T SHIRT MAN BLANCO T-XS,STOP CEDI,En elaboración,UND ,100,0,0,0,2026-08-12,01-2026, ,2026-05-27,2026-06-06,1,COLORES  ,1,2,T-XS     ,0.0,CERRADO
STOP,MOP-00000224,15014824                                          ,32-3AGO4,08-AGOSTO,15014824 - IND02 - 005  CHAQUETA DENIM ESENC INDIGO T-L,STOP CEDI,Aprobado,UND ,100,101,0,101,2026-08-12,01-2026, ,2026-05-27,2026-06-02,1,COLORES  ,1,5,T-L      ,0.0,INCOMPLETO
STOP,MOP-00000224,15014824                                          ,32-3AGO4,08-AGOSTO,15014824 - IND02 - 004  CHAQUETA DENIM ESENC INDIGO T-M,STOP CEDI,Aprobado,UND ,200,203,0,203,2026-08-12,01-2026, ,2026-05-27,2026-06-02,1,COLORES  ,1,4,T-M      ,0.0,INCOMPLETO
STOP,MOP-00000224,15014824                                          ,32-3AGO4,08-AGOSTO,15014824 - IND02 - 003  CHAQUETA DENIM ESENC INDIGO T-S,STOP CEDI,Aprobado,UND ,200,203,0,203,2026-08-12,01-2026, ,2026-05-27,2026-06-02,1,COLORES  ,1,3,T-S      ,0.0,INCOMPLETO
STOP,MOP-00000225,15014824                                          ,32-3AGO4,08-AGOSTO,15014824 - IND03 - 005  CHAQUETA DENIM ESENC INDIGO T-L,STOP CEDI,Aprobado,UND ,169,100,0,100,2026-08-12,01-2026, ,2026-05-27,2026-06-02,1,COLORES  ,1,5,T-L      ,0.0,INCOMPLETO
STOP,MOP-00000225,15014824                                          ,32-3AGO4,08-AGOSTO,15014824 - IND03 - 004  CHAQUETA DENIM ESENC INDIGO T-M,STOP CEDI,Aprobado,UND ,158,100,0,100,2026-08-12,01-2026, ,2026-05-27,2026-06-02,1,COLORES  ,1,4,T-M      ,0.0,INCOMPLETO
STOP,MOP-00000225,15014824                                          ,32-3AGO4,08-AGOSTO,15014824 - IND03 - 003  CHAQUETA DENIM ESENC INDIGO T-S,STOP CEDI,Aprobado,UND ,197,128,0,128,2026-08-12,01-2026, ,2026-05-27,2026-06-02,1,COLORES  ,1,3,T-S      ,0.0,INCOMPLETO
STOP,MOP-00000225,15014824                                          ,32-3AGO4,08-AGOSTO,15014824 - IND03 - 006  CHAQUETA DENIM ESENC INDIGO T-XL,STOP CEDI,Aprobado,UND ,100,75,0,75,2026-08-12,01-2026, ,2026-05-27,2026-06-02,1,COLORES  ,1,6,T-XL     ,0.0,INCOMPLETO
STOP,MOP-00000226,15015814                                          ,32-3AGO4,08-AGOSTO,15015814 - IND01 - 018  SHORT T/ALTO ESENCIA INDIGO T-10,STOP CEDI,Comprometido,UND ,300,300,0,300,2026-08-12,01-2026, ,2026-05-27,2026-05-27,1,COLORES  ,1,18,T-10     ,0.0,INCOMPLETO
STOP,MOP-00000226,15015814                                          ,32-3AGO4,08-AGOSTO,15015814 - IND01 - 019  SHORT T/ALTO ESENCIA INDIGO T-12,STOP CEDI,Comprometido,UND ,294,294,0,294,2026-08-12,01-2026, ,2026-05-27,2026-05-27,1,COLORES  ,1,19,T-12     ,0.0,INCOMPLETO
STOP,MOP-00000226,15015814                                          ,32-3AGO4,08-AGOSTO,15015814 - IND01 - 020  SHORT T/ALTO ESENCIA INDIGO T-14,STOP CEDI,Comprometido,UND ,97,97,0,97,2026-08-12,01-2026, ,2026-05-27,2026-05-27,1,COLORES  ,1,20,T-14     ,0.0,INCOMPLETO
STOP,MOP-00000226,15015814                                          ,32-3AGO4,08-AGOSTO,15015814 - IND01 - 021  SHORT T/ALTO ESENCIA INDIGO T-16,STOP CEDI,Comprometido,UND ,98,98,0,98,2026-08-12,01-2026, ,2026-05-27,2026-05-27,1,COLORES  ,1,21,T-16     ,0.0,INCOMPLETO
STOP,MOP-00000226,15015814                                          ,32-3AGO4,08-AGOSTO,15015814 - IND01 - 014  SHORT T/ALTO ESENCIA INDIGO T-6,STOP CEDI,Comprometido,UND ,100,100,0,100,2026-08-12,01-2026, ,2026-05-27,2026-05-27,1,COLORES  ,1,14,T-6      ,0.0,INCOMPLETO
STOP,MOP-00000226,15015814                                          ,32-3AGO4,08-AGOSTO,15015814 - IND01 - 016  SHORT T/ALTO ESENCIA INDIGO T-8,STOP CEDI,Comprometido,UND ,200,200,0,200,2026-08-12,01-2026, ,2026-05-27,2026-05-27,1,COLORES  ,1,16,T-8      ,0.0,INCOMPLETO
STOP,MOP-00000227,15015824                                          ,32-3AGO4,08-AGOSTO,15015824 - 19-4004 - 004  CHAQUETA DENIM NEGRA NEGRO T-M,STOP CEDI,Aprobado,UND ,100,91,0,91,2026-08-12,01-2026, ,2026-05-27,2026-06-02,1,COLORES  ,1,4,T-M      ,0.0,INCOMPLETO
STOP,MOP-00000227,15015824                                          ,32-3AGO4,08-AGOSTO,15015824 - 19-4004 - 005  CHAQUETA DENIM NEGRA NEGRO T-L,STOP CEDI,Aprobado,UND ,100,90,0,90,2026-08-12,01-2026, ,2026-05-27,2026-06-02,1,COLORES  ,1,5,T-L      ,0.0,INCOMPLETO
STOP,MOP-00000227,15015824                                          ,32-3AGO4,08-AGOSTO,15015824 - 19-4004 - 006  CHAQUETA DENIM NEGRA NEGRO T-XL,STOP CEDI,Aprobado,UND ,100,92,0,92,2026-08-12,01-2026, ,2026-05-27,2026-06-02,1,COLORES  ,1,6,T-XL     ,0.0,INCOMPLETO
STOP,MOP-00000228,ST0000986                                         ,30-3AGO2,08-AGOSTO,ST0000986 - 19-1761 - 999  PAÑOLETA IDEOLOGIA ROJO NO APLICA,STOP CEDI,Aprobado,UND ,1500,1496,0,1496,2026-07-29,01-2026,003-ESPIRITU SALVAJE,2026-05-27,2026-06-04,1,COLORES  ,1,999,NO APLICA,0.0,INCOMPLETO
STOP,MOP-00000229,ST0000987                                         ,31-3AGO3,08-AGOSTO,ST0000987 - 17-1226 - 999  PAÑOLETA IDEOLOGIA CAFE NO APLICA,STOP CEDI,Comprometido,UND ,1500,1500,0,1500,2026-08-05,01-2026,004-INSTINTO ANIMAL,2026-05-27,2026-06-01,1,COLORES  ,1,999,NO APLICA,0.0,INCOMPLETO
STOP,MOP-00000230,ST0000768                                         ,31-3AGO3,08-AGOSTO,ST0000768 - 19-1121 - 002  TOP CUELLO MANGA LAR CAFE T-XS,STOP CEDI,Aprobado,UND ,115,56,0,56,2026-08-05,01-2026,004-INSTINTO ANIMAL,2026-06-01,2026-06-01,1,COLORES  ,1,2,T-XS     ,0.0,INCOMPLETO
STOP,MOP-00000230,ST0000768                                         ,31-3AGO3,08-AGOSTO,ST0000768 - 19-1121 - 003  TOP CUELLO MANGA LAR CAFE T-S,STOP CEDI,Aprobado,UND ,346,240,0,240,2026-08-05,01-2026,004-INSTINTO ANIMAL,2026-06-01,2026-06-01,1,COLORES  ,1,3,T-S      ,0.0,INCOMPLETO
STOP,MOP-00000230,ST0000768                                         ,31-3AGO3,08-AGOSTO,ST0000768 - 19-1121 - 004  TOP CUELLO MANGA LAR CAFE T-M,STOP CEDI,Aprobado,UND ,462,306,0,306,2026-08-05,01-2026,004-INSTINTO ANIMAL,2026-06-01,2026-06-01,1,COLORES  ,1,4,T-M      ,0.0,INCOMPLETO
STOP,MOP-00000230,ST0000768                                         ,31-3AGO3,08-AGOSTO,ST0000768 - 19-1121 - 005  TOP CUELLO MANGA LAR CAFE T-L,STOP CEDI,Aprobado,UND ,346,240,0,240,2026-08-05,01-2026,004-INSTINTO ANIMAL,2026-06-01,2026-06-01,1,COLORES  ,1,5,T-L      ,0.0,INCOMPLETO
STOP,MOP-00000230,ST0000768                                         ,31-3AGO3,08-AGOSTO,ST0000768 - 19-1121 - 006  TOP CUELLO MANGA LAR CAFE T-XL,STOP CEDI,Aprobado,UND ,231,148,0,148,2026-08-05,01-2026,004-INSTINTO ANIMAL,2026-06-01,2026-06-01,1,COLORES  ,1,6,T-XL     ,0.0,INCOMPLETO
STOP,MOP-00000231,ST0004987                                         ,29-3AGO1,08-AGOSTO,ST0004987 - IND01 - 014  RETROJEAN IDEOLOGIA INDIGO T-6,STOP CEDI,Aprobado,UND ,525,515,0,515,2026-07-22,01-2026,003-ESPIRITU SALVAJE,2026-06-02,2026-06-03,1,COLORES  ,1,14,T-6      ,0.0,INCOMPLETO
STOP,MOP-00000231,ST0004987                                         ,29-3AGO1,08-AGOSTO,ST0004987 - IND01 - 016  RETROJEAN IDEOLOGIA INDIGO T-8,STOP CEDI,Aprobado,UND ,875,897,0,897,2026-07-22,01-2026,003-ESPIRITU SALVAJE,2026-06-02,2026-06-03,1,COLORES  ,1,16,T-8      ,0.0,INCOMPLETO
STOP,MOP-00000231,ST0004987                                         ,29-3AGO1,08-AGOSTO,ST0004987 - IND01 - 020  RETROJEAN IDEOLOGIA INDIGO T-14,STOP CEDI,Aprobado,UND ,350,327,0,327,2026-07-22,01-2026,003-ESPIRITU SALVAJE,2026-06-02,2026-06-03,1,COLORES  ,1,20,T-14     ,0.0,INCOMPLETO
STOP,MOP-00000232,ST0000341                                         ,33-3SEP1,09-SEPTIEMBRE,ST0000341 - IND03 - 014  VAQUERO TIRO ALTO LA INDIGO T-6,STOP CEDI,Comprometido,UND ,489,489,0,489,2026-07-29,01-2026,020-TU MEJOR VERSION,2026-06-03,2026-06-03,1,COLORES  ,1,14,T-6      ,0.0,INCOMPLETO
STOP,MOP-00000232,ST0000341                                         ,33-3SEP1,09-SEPTIEMBRE,ST0000341 - IND03 - 016  VAQUERO TIRO ALTO LA INDIGO T-8,STOP CEDI,Comprometido,UND ,611,611,0,611,2026-07-29,01-2026,020-TU MEJOR VERSION,2026-06-03,2026-06-03,1,COLORES  ,1,16,T-8      ,0.0,INCOMPLETO
STOP,MOP-00000232,ST0000341                                         ,33-3SEP1,09-SEPTIEMBRE,ST0000341 - IND03 - 018  VAQUERO TIRO ALTO LA INDIGO T-10,STOP CEDI,Comprometido,UND ,611,611,0,611,2026-07-29,01-2026,020-TU MEJOR VERSION,2026-06-03,2026-06-03,1,COLORES  ,1,18,T-10     ,0.0,INCOMPLETO
STOP,MOP-00000232,ST0000341                                         ,33-3SEP1,09-SEPTIEMBRE,ST0000341 - IND03 - 019  VAQUERO TIRO ALTO LA INDIGO T-12,STOP CEDI,Comprometido,UND ,489,489,0,489,2026-07-29,01-2026,020-TU MEJOR VERSION,2026-06-03,2026-06-03,1,COLORES  ,1,19,T-12     ,0.0,INCOMPLETO
STOP,MOP-00000232,ST0000341                                         ,33-3SEP1,09-SEPTIEMBRE,ST0000341 - IND03 - 020  VAQUERO TIRO ALTO LA INDIGO T-14,STOP CEDI,Comprometido,UND ,367,367,0,367,2026-07-29,01-2026,020-TU MEJOR VERSION,2026-06-03,2026-06-03,1,COLORES  ,1,20,T-14     ,0.0,INCOMPLETO
STOP,MOP-00000232,ST0000341                                         ,33-3SEP1,09-SEPTIEMBRE,ST0000341 - IND03 - 021  VAQUERO TIRO ALTO LA INDIGO T-16,STOP CEDI,Comprometido,UND ,244,244,0,244,2026-07-29,01-2026,020-TU MEJOR VERSION,2026-06-03,2026-06-03,1,COLORES  ,1,21,T-16     ,0.0,INCOMPLETO
STOP,MOP-00000233,ST0000344                                         ,33-3SEP1,09-SEPTIEMBRE,ST0000344 - IND01 - 014  CULOTTE TIRO ALTO LA INDIGO T-6,STOP CEDI,Comprometido,UND ,487,487,0,487,2026-07-29,01-2026,020-TU MEJOR VERSION,2026-06-03,2026-06-03,1,COLORES  ,1,14,T-6      ,0.0,INCOMPLETO
STOP,MOP-00000233,ST0000344                                         ,33-3SEP1,09-SEPTIEMBRE,ST0000344 - IND01 - 016  CULOTTE TIRO ALTO LA INDIGO T-8,STOP CEDI,Comprometido,UND ,609,609,0,609,2026-07-29,01-2026,020-TU MEJOR VERSION,2026-06-03,2026-06-03,1,COLORES  ,1,16,T-8      ,0.0,INCOMPLETO
STOP,MOP-00000233,ST0000344                                         ,33-3SEP1,09-SEPTIEMBRE,ST0000344 - IND01 - 018  CULOTTE TIRO ALTO LA INDIGO T-10,STOP CEDI,Comprometido,UND ,609,609,0,609,2026-07-29,01-2026,020-TU MEJOR VERSION,2026-06-03,2026-06-03,1,COLORES  ,1,18,T-10     ,0.0,INCOMPLETO
STOP,MOP-00000233,ST0000344                                         ,33-3SEP1,09-SEPTIEMBRE,ST0000344 - IND01 - 019  CULOTTE TIRO ALTO LA INDIGO T-12,STOP CEDI,Comprometido,UND ,487,487,0,487,2026-07-29,01-2026,020-TU MEJOR VERSION,2026-06-03,2026-06-03,1,COLORES  ,1,19,T-12     ,0.0,INCOMPLETO
STOP,MOP-00000233,ST0000344                                         ,33-3SEP1,09-SEPTIEMBRE,ST0000344 - IND01 - 020  CULOTTE TIRO ALTO LA INDIGO T-14,STOP CEDI,Comprometido,UND ,365,365,0,365,2026-07-29,01-2026,020-TU MEJOR VERSION,2026-06-03,2026-06-03,1,COLORES  ,1,20,T-14     ,0.0,INCOMPLETO
STOP,MOP-00000233,ST0000344                                         ,33-3SEP1,09-SEPTIEMBRE,ST0000344 - IND01 - 021  CULOTTE TIRO ALTO LA INDIGO T-16,STOP CEDI,Comprometido,UND ,243,243,0,243,2026-07-29,01-2026,020-TU MEJOR VERSION,2026-06-03,2026-06-03,1,COLORES  ,1,21,T-16     ,0.0,INCOMPLETO
STOP,MOP-00000234,ST0000342                                         ,34-3SEP2,09-SEPTIEMBRE,ST0000342 - 11-0601 - 014  VAQUERO TIRO ALTO BL BLANCO T-6,STOP CEDI,En elaboración,UND ,574,0,0,0,2026-08-05,01-2026,021-WILD BAMBI,2026-06-03,2026-06-03,1,COLORES  ,1,14,T-6      ,0.0,CERRADO
STOP,MOP-00000234,ST0000342                                         ,34-3SEP2,09-SEPTIEMBRE,ST0000342 - 11-0601 - 016  VAQUERO TIRO ALTO BL BLANCO T-8,STOP CEDI,En elaboración,UND ,717,0,0,0,2026-08-05,01-2026,021-WILD BAMBI,2026-06-03,2026-06-03,1,COLORES  ,1,16,T-8      ,0.0,CERRADO
STOP,MOP-00000234,ST0000342                                         ,34-3SEP2,09-SEPTIEMBRE,ST0000342 - 11-0601 - 018  VAQUERO TIRO ALTO BL BLANCO T-10,STOP CEDI,En elaboración,UND ,717,0,0,0,2026-08-05,01-2026,021-WILD BAMBI,2026-06-03,2026-06-03,1,COLORES  ,1,18,T-10     ,0.0,CERRADO
STOP,MOP-00000234,ST0000342                                         ,34-3SEP2,09-SEPTIEMBRE,ST0000342 - 11-0601 - 019  VAQUERO TIRO ALTO BL BLANCO T-12,STOP CEDI,En elaboración,UND ,574,0,0,0,2026-08-05,01-2026,021-WILD BAMBI,2026-06-03,2026-06-03,1,COLORES  ,1,19,T-12     ,0.0,CERRADO
STOP,MOP-00000234,ST0000342                                         ,34-3SEP2,09-SEPTIEMBRE,ST0000342 - 11-0601 - 020  VAQUERO TIRO ALTO BL BLANCO T-14,STOP CEDI,En elaboración,UND ,430,0,0,0,2026-08-05,01-2026,021-WILD BAMBI,2026-06-03,2026-06-03,1,COLORES  ,1,20,T-14     ,0.0,CERRADO
STOP,MOP-00000234,ST0000342                                         ,34-3SEP2,09-SEPTIEMBRE,ST0000342 - 11-0601 - 021  VAQUERO TIRO ALTO BL BLANCO T-16,STOP CEDI,En elaboración,UND ,287,0,0,0,2026-08-05,01-2026,021-WILD BAMBI,2026-06-03,2026-06-03,1,COLORES  ,1,21,T-16     ,0.0,CERRADO
STOP,MOP-00000235,ST0000343                                         ,34-3SEP2,09-SEPTIEMBRE,ST0000343 - IND03 - 013  MOM JEAN TIRO ALTO L INDIGO T-5,STOP CEDI,Comprometido,UND ,243,243,0,243,2026-08-05,01-2026,021-WILD BAMBI,2026-06-03,2026-06-04,1,COLORES  ,1,13,T-5      ,0.0,INCOMPLETO
STOP,MOP-00000235,ST0000343                                         ,34-3SEP2,09-SEPTIEMBRE,ST0000343 - IND03 - 014  MOM JEAN TIRO ALTO L INDIGO T-6,STOP CEDI,Comprometido,UND ,487,487,0,487,2026-08-05,01-2026,021-WILD BAMBI,2026-06-03,2026-06-04,1,COLORES  ,1,14,T-6      ,0.0,INCOMPLETO
STOP,MOP-00000235,ST0000343                                         ,34-3SEP2,09-SEPTIEMBRE,ST0000343 - IND03 - 016  MOM JEAN TIRO ALTO L INDIGO T-8,STOP CEDI,Comprometido,UND ,609,609,0,609,2026-08-05,01-2026,021-WILD BAMBI,2026-06-03,2026-06-04,1,COLORES  ,1,16,T-8      ,0.0,INCOMPLETO
STOP,MOP-00000235,ST0000343                                         ,34-3SEP2,09-SEPTIEMBRE,ST0000343 - IND03 - 018  MOM JEAN TIRO ALTO L INDIGO T-10,STOP CEDI,Comprometido,UND ,609,609,0,609,2026-08-05,01-2026,021-WILD BAMBI,2026-06-03,2026-06-04,1,COLORES  ,1,18,T-10     ,0.0,INCOMPLETO
STOP,MOP-00000235,ST0000343                                         ,34-3SEP2,09-SEPTIEMBRE,ST0000343 - IND03 - 019  MOM JEAN TIRO ALTO L INDIGO T-12,STOP CEDI,Comprometido,UND ,487,487,0,487,2026-08-05,01-2026,021-WILD BAMBI,2026-06-03,2026-06-04,1,COLORES  ,1,19,T-12     ,0.0,INCOMPLETO
STOP,MOP-00000235,ST0000343                                         ,34-3SEP2,09-SEPTIEMBRE,ST0000343 - IND03 - 020  MOM JEAN TIRO ALTO L INDIGO T-14,STOP CEDI,Comprometido,UND ,365,365,0,365,2026-08-05,01-2026,021-WILD BAMBI,2026-06-03,2026-06-04,1,COLORES  ,1,20,T-14     ,0.0,INCOMPLETO
STOP,MOP-00000236,ST0000345                                         ,35-3SEP3,09-SEPTIEMBRE,ST0000345 - 19-1102 - 013  JOGGER TIRO ALTO NEG NEGRO T-5,STOP CEDI,Comprometido,UND ,330,330,0,330,2026-08-12,01-2026,021-WILD BAMBI,2026-06-03,2026-06-04,1,COLORES  ,1,13,T-5      ,0.0,INCOMPLETO
STOP,MOP-00000236,ST0000345                                         ,35-3SEP3,09-SEPTIEMBRE,ST0000345 - 19-1102 - 014  JOGGER TIRO ALTO NEG NEGRO T-6,STOP CEDI,Comprometido,UND ,495,495,0,495,2026-08-12,01-2026,021-WILD BAMBI,2026-06-03,2026-06-04,1,COLORES  ,1,14,T-6      ,0.0,INCOMPLETO
STOP,MOP-00000236,ST0000345                                         ,35-3SEP3,09-SEPTIEMBRE,ST0000345 - 19-1102 - 016  JOGGER TIRO ALTO NEG NEGRO T-8,STOP CEDI,Comprometido,UND ,825,825,0,825,2026-08-12,01-2026,021-WILD BAMBI,2026-06-03,2026-06-04,1,COLORES  ,1,16,T-8      ,0.0,INCOMPLETO
STOP,MOP-00000236,ST0000345                                         ,35-3SEP3,09-SEPTIEMBRE,ST0000345 - 19-1102 - 018  JOGGER TIRO ALTO NEG NEGRO T-10,STOP CEDI,Comprometido,UND ,825,825,0,825,2026-08-12,01-2026,021-WILD BAMBI,2026-06-03,2026-06-04,1,COLORES  ,1,18,T-10     ,0.0,INCOMPLETO
STOP,MOP-00000236,ST0000345                                         ,35-3SEP3,09-SEPTIEMBRE,ST0000345 - 19-1102 - 019  JOGGER TIRO ALTO NEG NEGRO T-12,STOP CEDI,Comprometido,UND ,495,495,0,495,2026-08-12,01-2026,021-WILD BAMBI,2026-06-03,2026-06-04,1,COLORES  ,1,19,T-12     ,0.0,INCOMPLETO
STOP,MOP-00000236,ST0000345                                         ,35-3SEP3,09-SEPTIEMBRE,ST0000345 - 19-1102 - 020  JOGGER TIRO ALTO NEG NEGRO T-14,STOP CEDI,Comprometido,UND ,330,330,0,330,2026-08-12,01-2026,021-WILD BAMBI,2026-06-03,2026-06-04,1,COLORES  ,1,20,T-14     ,0.0,INCOMPLETO
STOP,MOP-00000237,15013949                                          , , ,15013949 - 19-4004 - 005  CAMISETA T SHIRT MAN NEGRO T-L,STOP CEDI,Comprometido,UND ,411,411,0,411,2026-07-08, , ,2026-06-05,2026-06-05,1,COLORES  ,1,5,T-L      ,0.0,INCOMPLETO
STOP,MOP-00000237,15013949                                          , , ,15013949 - 19-4004 - 004  CAMISETA T SHIRT MAN NEGRO T-M,STOP CEDI,Comprometido,UND ,519,519,0,519,2026-07-08, , ,2026-06-05,2026-06-05,1,COLORES  ,1,4,T-M      ,0.0,INCOMPLETO
STOP,MOP-00000237,15013949                                          , , ,15013949 - 19-4004 - 003  CAMISETA T SHIRT MAN NEGRO T-S,STOP CEDI,Comprometido,UND ,432,432,0,432,2026-07-08, , ,2026-06-05,2026-06-05,1,COLORES  ,1,3,T-S      ,0.0,INCOMPLETO
STOP,MOP-00000237,15013949                                          , , ,15013949 - 19-4004 - 006  CAMISETA T SHIRT MAN NEGRO T-XL,STOP CEDI,Comprometido,UND ,202,202,0,202,2026-07-08, , ,2026-06-05,2026-06-05,1,COLORES  ,1,6,T-XL     ,0.0,INCOMPLETO
STOP,MOP-00000237,15013949                                          , , ,15013949 - 19-4004 - 002  CAMISETA T SHIRT MAN NEGRO T-XS,STOP CEDI,Comprometido,UND ,200,200,0,200,2026-07-08, , ,2026-06-05,2026-06-05,1,COLORES  ,1,2,T-XS     ,0.0,INCOMPLETO
STOP,MOP-00000238,15013949                                          ,32-3AGO4,08-AGOSTO,15013949 - 19-4004 - 005  CAMISETA T SHIRT MAN NEGRO T-L,STOP CEDI,Comprometido,UND ,200,200,0,200,2026-08-12,01-2026, ,2026-06-05,2026-06-05,1,COLORES  ,1,5,T-L      ,0.0,INCOMPLETO
STOP,MOP-00000238,15013949                                          ,32-3AGO4,08-AGOSTO,15013949 - 19-4004 - 004  CAMISETA T SHIRT MAN NEGRO T-M,STOP CEDI,Comprometido,UND ,200,200,0,200,2026-08-12,01-2026, ,2026-06-05,2026-06-05,1,COLORES  ,1,4,T-M      ,0.0,INCOMPLETO
STOP,MOP-00000238,15013949                                          ,32-3AGO4,08-AGOSTO,15013949 - 19-4004 - 003  CAMISETA T SHIRT MAN NEGRO T-S,STOP CEDI,Comprometido,UND ,200,200,0,200,2026-08-12,01-2026, ,2026-06-05,2026-06-05,1,COLORES  ,1,3,T-S      ,0.0,INCOMPLETO
STOP,MOP-00000238,15013949                                          ,32-3AGO4,08-AGOSTO,15013949 - 19-4004 - 006  CAMISETA T SHIRT MAN NEGRO T-XL,STOP CEDI,Comprometido,UND ,100,100,0,100,2026-08-12,01-2026, ,2026-06-05,2026-06-05,1,COLORES  ,1,6,T-XL     ,0.0,INCOMPLETO
STOP,MOP-00000238,15013949                                          ,32-3AGO4,08-AGOSTO,15013949 - 19-4004 - 002  CAMISETA T SHIRT MAN NEGRO T-XS,STOP CEDI,Comprometido,UND ,100,100,0,100,2026-08-12,01-2026, ,2026-06-05,2026-06-05,1,COLORES  ,1,2,T-XS     ,0.0,INCOMPLETO
