MARCA,O.P. NÚMERO,REFERENCIA,GRUPO DE ENTREGA,MES,ITEM O.P. RESUMEN,DESC. BODEGA,ESTADO,U.M.,CANT. PLANEADA,CANT. ORDENADA,CANT. COMPLETA,CANT. PENDIENTE,FECHA TERMINACION,AÑO,COLECCIÓN,FECHA CREACION,FECHA APROBACION,EXT. 1,COLOR_NOMBRE,EXT. 2,DETALLE EXT. 2,DESC. DETALLE EXT. 2,CUMPLIMIENTO %,ESTATUS OP
YOYO,MOP-00000002,35010291                                          ,22-2JUN2,06-JUNIO,35010291 - IND02 - 018  RETROMOM TIRO BAJO B INDIGO T-10,YOYO CEDI,Aprobado,UND ,49,49,0,49,2026-05-15,01-2026, ,2026-04-06,2026-04-06,1,IND02               ,1,18,T-10     ,0.0,INCOMPLETO
YOYO,MOP-00000002,35010291                                          ,22-2JUN2,06-JUNIO,35010291 - IND02 - 019  RETROMOM TIRO BAJO B INDIGO T-12,YOYO CEDI,Aprobado,UND ,200,200,0,200,2026-05-15,01-2026, ,2026-04-06,2026-04-06,1,IND02               ,1,19,T-12     ,0.0,INCOMPLETO
YOYO,MOP-00000002,35010291                                          ,22-2JUN2,06-JUNIO,35010291 - IND02 - 020  RETROMOM TIRO BAJO B INDIGO T-14,YOYO CEDI,Aprobado,UND ,147,147,0,147,2026-05-15,01-2026, ,2026-04-06,2026-04-06,1,IND02               ,1,20,T-14     ,0.0,INCOMPLETO
YOYO,MOP-00000002,35010291                                          ,22-2JUN2,06-JUNIO,35010291 - IND02 - 021  RETROMOM TIRO BAJO B INDIGO T-16,YOYO CEDI,Aprobado,UND ,145,145,0,145,2026-05-15,01-2026, ,2026-04-06,2026-04-06,1,IND02               ,1,21,T-16     ,0.0,INCOMPLETO
YOYO,MOP-00000002,35010291                                          ,22-2JUN2,06-JUNIO,35010291 - IND02 - 022  RETROMOM TIRO BAJO B INDIGO T-18,YOYO CEDI,Aprobado,UND ,99,99,0,99,2026-05-15,01-2026, ,2026-04-06,2026-04-06,1,IND02               ,1,22,T-18     ,0.0,INCOMPLETO
YOYO,MOP-00000002,35010291                                          ,22-2JUN2,06-JUNIO,35010291 - IND02 - 023  RETROMOM TIRO BAJO B INDIGO T-20,YOYO CEDI,Aprobado,UND ,44,44,0,44,2026-05-15,01-2026, ,2026-04-06,2026-04-06,1,IND02               ,1,23,T-20     ,0.0,INCOMPLETO
YOYO,MOP-00000002,35010291                                          ,22-2JUN2,06-JUNIO,35010291 - IND03 - 024  RETROMOM TIRO BAJO B INDIGO T-22,YOYO CEDI,Aprobado,UND ,149,149,0,149,2026-05-15,01-2026, ,2026-04-06,2026-04-06,1,IND03               ,1,24,T-22     ,0.0,INCOMPLETO
YOYO,MOP-00000002,35010291                                          ,22-2JUN2,06-JUNIO,35010291 - IND02 - 024  RETROMOM TIRO BAJO B INDIGO T-22,YOYO CEDI,Aprobado,UND ,47,47,0,47,2026-05-15,01-2026, ,2026-04-06,2026-04-06,1,IND02               ,1,24,T-22     ,0.0,INCOMPLETO
YOYO,MOP-00000002,35010291                                          ,22-2JUN2,06-JUNIO,35010291 - IND03 - 018  RETROMOM TIRO BAJO B INDIGO T-10,YOYO CEDI,Aprobado,UND ,49,49,0,49,2026-05-15,01-2026, ,2026-04-06,2026-04-06,1,IND03               ,1,18,T-10     ,0.0,INCOMPLETO
YOYO,MOP-00000002,35010291                                          ,22-2JUN2,06-JUNIO,35010291 - IND03 - 019  RETROMOM TIRO BAJO B INDIGO T-12,YOYO CEDI,Aprobado,UND ,145,145,0,145,2026-05-15,01-2026, ,2026-04-06,2026-04-06,1,IND03               ,1,19,T-12     ,0.0,INCOMPLETO
YOYO,MOP-00000002,35010291                                          ,22-2JUN2,06-JUNIO,35010291 - IND03 - 020  RETROMOM TIRO BAJO B INDIGO T-14,YOYO CEDI,Aprobado,UND ,143,143,0,143,2026-05-15,01-2026, ,2026-04-06,2026-04-06,1,IND03               ,1,20,T-14     ,0.0,INCOMPLETO
YOYO,MOP-00000002,35010291                                          ,22-2JUN2,06-JUNIO,35010291 - IND03 - 022  RETROMOM TIRO BAJO B INDIGO T-18,YOYO CEDI,Aprobado,UND ,97,97,0,97,2026-05-15,01-2026, ,2026-04-06,2026-04-06,1,IND03               ,1,22,T-18     ,0.0,INCOMPLETO
YOYO,MOP-00000002,35010291                                          ,22-2JUN2,06-JUNIO,35010291 - IND03 - 023  RETROMOM TIRO BAJO B INDIGO T-20,YOYO CEDI,Aprobado,UND ,96,96,0,96,2026-05-15,01-2026, ,2026-04-06,2026-04-06,1,IND03               ,1,23,T-20     ,0.0,INCOMPLETO
YOYO,MOP-00000003,35054202                                          ,22-2JUN2,06-JUNIO,35054202 - IND01 - 020  COOL DESCADERADO ESE INDIGO T-14,YOYO CEDI,Aprobado,UND ,100,100,48,52,2026-05-15,01-2026, ,2026-04-06,2026-04-06,1,IND01               ,1,20,T-14     ,0.48,INCOMPLETO
YOYO,MOP-00000003,35054202                                          ,22-2JUN2,06-JUNIO,35054202 - IND01 - 021  COOL DESCADERADO ESE INDIGO T-16,YOYO CEDI,Aprobado,UND ,100,100,96,4,2026-05-15,01-2026, ,2026-04-06,2026-04-06,1,IND01               ,1,21,T-16     ,0.96,INCOMPLETO
YOYO,MOP-00000003,35054202                                          ,22-2JUN2,06-JUNIO,35054202 - IND01 - 022  COOL DESCADERADO ESE INDIGO T-18,YOYO CEDI,Aprobado,UND ,100,100,92,8,2026-05-15,01-2026, ,2026-04-06,2026-04-06,1,IND01               ,1,22,T-18     ,0.92,INCOMPLETO
YOYO,MOP-00000003,35054202                                          ,22-2JUN2,06-JUNIO,35054202 - IND01 - 023  COOL DESCADERADO ESE INDIGO T-20,YOYO CEDI,Aprobado,UND ,100,100,93,7,2026-05-15,01-2026, ,2026-04-06,2026-04-06,1,IND01               ,1,23,T-20     ,0.93,INCOMPLETO
YOYO,MOP-00000003,35054202                                          ,22-2JUN2,06-JUNIO,35054202 - IND01 - 024  COOL DESCADERADO ESE INDIGO T-22,YOYO CEDI,Aprobado,UND ,97,97,90,7,2026-05-15,01-2026, ,2026-04-06,2026-04-06,1,IND01               ,1,24,T-22     ,0.9278350515463918,INCOMPLETO
YOYO,MOP-00000003,35054202                                          ,22-2JUN2,06-JUNIO,35054202 - IND02 - 019  COOL DESCADERADO ESE INDIGO T-12,YOYO CEDI,Cumplido,UND ,85,85,98,0,2026-05-15,01-2026, ,2026-04-06,2026-04-06,1,IND02               ,1,19,T-12     ,1.1529411764705881,CERRADO
YOYO,MOP-00000003,35054202                                          ,22-2JUN2,06-JUNIO,35054202 - IND02 - 020  COOL DESCADERADO ESE INDIGO T-14,YOYO CEDI,Cumplido,UND ,89,89,145,0,2026-05-15,01-2026, ,2026-04-06,2026-04-06,1,IND02               ,1,20,T-14     ,1.6292134831460674,CERRADO
YOYO,MOP-00000003,35054202                                          ,22-2JUN2,06-JUNIO,35054202 - IND02 - 021  COOL DESCADERADO ESE INDIGO T-16,YOYO CEDI,Cumplido,UND ,97,97,100,0,2026-05-15,01-2026, ,2026-04-06,2026-04-06,1,IND02               ,1,21,T-16     ,1.0309278350515463,CERRADO
YOYO,MOP-00000003,35054202                                          ,22-2JUN2,06-JUNIO,35054202 - IND02 - 022  COOL DESCADERADO ESE INDIGO T-18,YOYO CEDI,Cumplido,UND ,85,85,95,0,2026-05-15,01-2026, ,2026-04-06,2026-04-06,1,IND02               ,1,22,T-18     ,1.1176470588235294,CERRADO
YOYO,MOP-00000003,35054202                                          ,22-2JUN2,06-JUNIO,35054202 - IND02 - 023  COOL DESCADERADO ESE INDIGO T-20,YOYO CEDI,Aprobado,UND ,96,96,93,3,2026-05-15,01-2026, ,2026-04-06,2026-04-06,1,IND02               ,1,23,T-20     ,0.96875,INCOMPLETO
YOYO,MOP-00000003,35054202                                          ,22-2JUN2,06-JUNIO,35054202 - IND02 - 024  COOL DESCADERADO ESE INDIGO T-22,YOYO CEDI,Aprobado,UND ,100,100,95,5,2026-05-15,01-2026, ,2026-04-06,2026-04-06,1,IND02               ,1,24,T-22     ,0.95,INCOMPLETO
YOYO,MOP-00000005,YY0001042                                         ,23-2JUN3,06-JUNIO,YY0001042 - IND02 - 019  SHORT TIRO ALTO TP L INDIGO T-12,YOYO CEDI,Aprobado,UND ,458,445,444,1,2026-06-03,01-2026,016-LOVE & LATTE,2026-04-07,2026-04-27,1,IND02               ,1,19,T-12     ,0.9977528089887641,INCOMPLETO
YOYO,MOP-00000005,YY0001042                                         ,23-2JUN3,06-JUNIO,YY0001042 - IND02 - 020  SHORT TIRO ALTO TP L INDIGO T-14,YOYO CEDI,Aprobado,UND ,458,445,433,12,2026-06-03,01-2026,016-LOVE & LATTE,2026-04-07,2026-04-27,1,IND02               ,1,20,T-14     ,0.9730337078651685,INCOMPLETO
YOYO,MOP-00000005,YY0001042                                         ,23-2JUN3,06-JUNIO,YY0001042 - IND02 - 021  SHORT TIRO ALTO TP L INDIGO T-16,YOYO CEDI,Aprobado,UND ,458,445,440,5,2026-06-03,01-2026,016-LOVE & LATTE,2026-04-07,2026-04-27,1,IND02               ,1,21,T-16     ,0.9887640449438202,INCOMPLETO
YOYO,MOP-00000005,YY0001042                                         ,23-2JUN3,06-JUNIO,YY0001042 - IND02 - 022  SHORT TIRO ALTO TP L INDIGO T-18,YOYO CEDI,Aprobado,UND ,367,356,353,3,2026-06-03,01-2026,016-LOVE & LATTE,2026-04-07,2026-04-27,1,IND02               ,1,22,T-18     ,0.9915730337078652,INCOMPLETO
YOYO,MOP-00000005,YY0001042                                         ,23-2JUN3,06-JUNIO,YY0001042 - IND02 - 023  SHORT TIRO ALTO TP L INDIGO T-20,YOYO CEDI,Cumplido,UND ,275,267,267,0,2026-06-03,01-2026,016-LOVE & LATTE,2026-04-07,2026-04-27,1,IND02               ,1,23,T-20     ,1.0,CERRADO
YOYO,MOP-00000005,YY0001042                                         ,23-2JUN3,06-JUNIO,YY0001042 - IND02 - 024  SHORT TIRO ALTO TP L INDIGO T-22,YOYO CEDI,Aprobado,UND ,183,178,177,1,2026-06-03,01-2026,016-LOVE & LATTE,2026-04-07,2026-04-27,1,IND02               ,1,24,T-22     ,0.9943820224719101,INCOMPLETO
YOYO,MOP-00000007,YY0001041                                         ,23-2JUN3,06-JUNIO,YY0001041 - 11-0602 - 044  PASHMINA ESTAMPADA T CREMA T-U,YOYO CEDI,Aprobado,UND ,870,870,826,44,2026-04-15,01-2026,016-LOVE & LATTE,2026-04-07,2026-04-07,1,11-0602             ,1,44,T-U      ,0.9494252873563218,INCOMPLETO
YOYO,MOP-00000012,35054249                                          ,22-2JUN2,06-JUNIO,35054249 - 11-0602 - 020  CAMISETA  POLO MANGA CREMA T-14,YOYO CEDI,Aprobado,UND ,290,290,260,30,2026-05-27,01-2026, ,2026-04-13,2026-04-13,1,11-0602             ,1,20,T-14     ,0.896551724137931,INCOMPLETO
YOYO,MOP-00000012,35054249                                          ,22-2JUN2,06-JUNIO,35054249 - 11-0602 - 021  CAMISETA  POLO MANGA CREMA T-16,YOYO CEDI,Aprobado,UND ,290,290,260,30,2026-05-27,01-2026, ,2026-04-13,2026-04-13,1,11-0602             ,1,21,T-16     ,0.896551724137931,INCOMPLETO
YOYO,MOP-00000012,35054249                                          ,22-2JUN2,06-JUNIO,35054249 - 11-0602 - 022  CAMISETA  POLO MANGA CREMA T-18,YOYO CEDI,Aprobado,UND ,296,296,238,58,2026-05-27,01-2026, ,2026-04-13,2026-04-13,1,11-0602             ,1,22,T-18     ,0.8040540540540541,INCOMPLETO
YOYO,MOP-00000012,35054249                                          ,22-2JUN2,06-JUNIO,35054249 - 11-0602 - 023  CAMISETA  POLO MANGA CREMA T-20,YOYO CEDI,Aprobado,UND ,295,295,238,57,2026-05-27,01-2026, ,2026-04-13,2026-04-13,1,11-0602             ,1,23,T-20     ,0.8067796610169492,INCOMPLETO
YOYO,MOP-00000012,35054249                                          ,22-2JUN2,06-JUNIO,35054249 - 11-0602 - 024  CAMISETA  POLO MANGA CREMA T-22,YOYO CEDI,Aprobado,UND ,146,146,116,30,2026-05-27,01-2026, ,2026-04-13,2026-04-13,1,11-0602             ,1,24,T-22     ,0.7945205479452054,INCOMPLETO
YOYO,MOP-00000012,35054249                                          ,22-2JUN2,06-JUNIO,35054249 - 19-4004 - 020  CAMISETA  POLO MANGA NEGRO T-14,YOYO CEDI,Aprobado,UND ,150,150,141,9,2026-05-27,01-2026, ,2026-04-13,2026-04-13,1,19-4004             ,1,20,T-14     ,0.94,INCOMPLETO
YOYO,MOP-00000012,35054249                                          ,22-2JUN2,06-JUNIO,35054249 - 19-4004 - 021  CAMISETA  POLO MANGA NEGRO T-16,YOYO CEDI,Aprobado,UND ,149,149,139,10,2026-05-27,01-2026, ,2026-04-13,2026-04-13,1,19-4004             ,1,21,T-16     ,0.9328859060402684,INCOMPLETO
YOYO,MOP-00000012,35054249                                          ,22-2JUN2,06-JUNIO,35054249 - 19-4004 - 022  CAMISETA  POLO MANGA NEGRO T-18,YOYO CEDI,Aprobado,UND ,150,150,141,9,2026-05-27,01-2026, ,2026-04-13,2026-04-13,1,19-4004             ,1,22,T-18     ,0.94,INCOMPLETO
YOYO,MOP-00000012,35054249                                          ,22-2JUN2,06-JUNIO,35054249 - 19-4004 - 023  CAMISETA  POLO MANGA NEGRO T-20,YOYO CEDI,Aprobado,UND ,150,150,141,9,2026-05-27,01-2026, ,2026-04-13,2026-04-13,1,19-4004             ,1,23,T-20     ,0.94,INCOMPLETO
YOYO,MOP-00000012,35054249                                          ,22-2JUN2,06-JUNIO,35054249 - 19-4004 - 024  CAMISETA  POLO MANGA NEGRO T-22,YOYO CEDI,Aprobado,UND ,50,50,47,3,2026-05-27,01-2026, ,2026-04-13,2026-04-13,1,19-4004             ,1,24,T-22     ,0.94,INCOMPLETO
YOYO,MOP-00000014,35011291                                          ,22-2JUN2,06-JUNIO,35011291 - IND02 - 018  RETROMOM TIRO ALTO E INDIGO T-10,YOYO CEDI,Cumplido,UND ,150,150,150,0,2026-05-07,01-2026, ,2026-04-13,2026-04-13,1,IND02               ,1,18,T-10     ,1.0,CERRADO
YOYO,MOP-00000014,35011291                                          ,22-2JUN2,06-JUNIO,35011291 - IND02 - 019  RETROMOM TIRO ALTO E INDIGO T-12,YOYO CEDI,Cumplido,UND ,149,149,150,0,2026-05-07,01-2026, ,2026-04-13,2026-04-13,1,IND02               ,1,19,T-12     ,1.0067114093959733,CERRADO
YOYO,MOP-00000014,35011291                                          ,22-2JUN2,06-JUNIO,35011291 - IND02 - 020  RETROMOM TIRO ALTO E INDIGO T-14,YOYO CEDI,Cumplido,UND ,300,300,304,0,2026-05-07,01-2026, ,2026-04-13,2026-04-13,1,IND02               ,1,20,T-14     ,1.0133333333333334,CERRADO
YOYO,MOP-00000014,35011291                                          ,22-2JUN2,06-JUNIO,35011291 - IND02 - 021  RETROMOM TIRO ALTO E INDIGO T-16,YOYO CEDI,Aprobado,UND ,300,300,298,2,2026-05-07,01-2026, ,2026-04-13,2026-04-13,1,IND02               ,1,21,T-16     ,0.9933333333333333,INCOMPLETO
YOYO,MOP-00000014,35011291                                          ,22-2JUN2,06-JUNIO,35011291 - IND02 - 022  RETROMOM TIRO ALTO E INDIGO T-18,YOYO CEDI,Cumplido,UND ,150,150,150,0,2026-05-07,01-2026, ,2026-04-13,2026-04-13,1,IND02               ,1,22,T-18     ,1.0,CERRADO
YOYO,MOP-00000014,35011291                                          ,22-2JUN2,06-JUNIO,35011291 - IND02 - 023  RETROMOM TIRO ALTO E INDIGO T-20,YOYO CEDI,Cumplido,UND ,150,150,150,0,2026-05-07,01-2026, ,2026-04-13,2026-04-13,1,IND02               ,1,23,T-20     ,1.0,CERRADO
YOYO,MOP-00000014,35011291                                          ,22-2JUN2,06-JUNIO,35011291 - IND02 - 024  RETROMOM TIRO ALTO E INDIGO T-22,YOYO CEDI,Cumplido,UND ,150,150,150,0,2026-05-07,01-2026, ,2026-04-13,2026-04-13,1,IND02               ,1,24,T-22     ,1.0,CERRADO
YOYO,MOP-00000015,35011291                                          ,22-2JUN2,06-JUNIO,35011291 - IND03 - 018  RETROMOM TIRO ALTO E INDIGO T-10,YOYO CEDI,Aprobado,UND ,151,151,131,20,2026-05-07,01-2026, ,2026-04-13,2026-04-13,1,IND03               ,1,18,T-10     ,0.8675496688741722,INCOMPLETO
YOYO,MOP-00000015,35011291                                          ,22-2JUN2,06-JUNIO,35011291 - IND03 - 019  RETROMOM TIRO ALTO E INDIGO T-12,YOYO CEDI,Cumplido,UND ,299,299,317,0,2026-05-07,01-2026, ,2026-04-13,2026-04-13,1,IND03               ,1,19,T-12     ,1.060200668896321,CERRADO
YOYO,MOP-00000015,35011291                                          ,22-2JUN2,06-JUNIO,35011291 - IND03 - 020  RETROMOM TIRO ALTO E INDIGO T-14,YOYO CEDI,Cumplido,UND ,296,296,315,0,2026-05-07,01-2026, ,2026-04-13,2026-04-13,1,IND03               ,1,20,T-14     ,1.0641891891891893,CERRADO
YOYO,MOP-00000015,35011291                                          ,22-2JUN2,06-JUNIO,35011291 - IND03 - 021  RETROMOM TIRO ALTO E INDIGO T-16,YOYO CEDI,Cumplido,UND ,295,295,318,0,2026-05-07,01-2026, ,2026-04-13,2026-04-13,1,IND03               ,1,21,T-16     ,1.0779661016949154,CERRADO
YOYO,MOP-00000015,35011291                                          ,22-2JUN2,06-JUNIO,35011291 - IND03 - 022  RETROMOM TIRO ALTO E INDIGO T-18,YOYO CEDI,Aprobado,UND ,150,150,131,19,2026-05-07,01-2026, ,2026-04-13,2026-04-13,1,IND03               ,1,22,T-18     ,0.8733333333333333,INCOMPLETO
YOYO,MOP-00000015,35011291                                          ,22-2JUN2,06-JUNIO,35011291 - IND03 - 023  RETROMOM TIRO ALTO E INDIGO T-20,YOYO CEDI,Aprobado,UND ,150,150,131,19,2026-05-07,01-2026, ,2026-04-13,2026-04-13,1,IND03               ,1,23,T-20     ,0.8733333333333333,INCOMPLETO
YOYO,MOP-00000015,35011291                                          ,22-2JUN2,06-JUNIO,35011291 - IND03 - 024  RETROMOM TIRO ALTO E INDIGO T-22,YOYO CEDI,Aprobado,UND ,149,149,130,19,2026-05-07,01-2026, ,2026-04-13,2026-04-13,1,IND03               ,1,24,T-22     ,0.87248322147651,INCOMPLETO
YOYO,MOP-00000016,35014724                                          ,22-2JUN2,06-JUNIO,35014724 - IND02 - 018  CHAQUETA DENIM ESENC INDIGO T-10,YOYO CEDI,Cumplido,UND ,100,100,102,0,2026-05-27,01-2026, ,2026-04-13,2026-04-13,1,IND02               ,1,18,T-10     ,1.02,CERRADO
YOYO,MOP-00000016,35014724                                          ,22-2JUN2,06-JUNIO,35014724 - IND02 - 019  CHAQUETA DENIM ESENC INDIGO T-12,YOYO CEDI,Cumplido,UND ,100,100,102,0,2026-05-27,01-2026, ,2026-04-13,2026-04-13,1,IND02               ,1,19,T-12     ,1.02,CERRADO
YOYO,MOP-00000016,35014724                                          ,22-2JUN2,06-JUNIO,35014724 - IND02 - 020  CHAQUETA DENIM ESENC INDIGO T-14,YOYO CEDI,Aprobado,UND ,200,200,201,0,2026-05-27,01-2026, ,2026-04-13,2026-04-13,1,IND02               ,1,20,T-14     ,1.005,CERRADO
YOYO,MOP-00000016,35014724                                          ,22-2JUN2,06-JUNIO,35014724 - IND02 - 021  CHAQUETA DENIM ESENC INDIGO T-16,YOYO CEDI,Aprobado,UND ,300,300,302,0,2026-05-27,01-2026, ,2026-04-13,2026-04-13,1,IND02               ,1,21,T-16     ,1.0066666666666666,CERRADO
YOYO,MOP-00000016,35014724                                          ,22-2JUN2,06-JUNIO,35014724 - IND02 - 022  CHAQUETA DENIM ESENC INDIGO T-18,YOYO CEDI,Aprobado,UND ,200,200,199,1,2026-05-27,01-2026, ,2026-04-13,2026-04-13,1,IND02               ,1,22,T-18     ,0.995,INCOMPLETO
YOYO,MOP-00000016,35014724                                          ,22-2JUN2,06-JUNIO,35014724 - IND02 - 023  CHAQUETA DENIM ESENC INDIGO T-20,YOYO CEDI,Aprobado,UND ,300,300,302,0,2026-05-27,01-2026, ,2026-04-13,2026-04-13,1,IND02               ,1,23,T-20     ,1.0066666666666666,CERRADO
YOYO,MOP-00000016,35014724                                          ,22-2JUN2,06-JUNIO,35014724 - IND02 - 024  CHAQUETA DENIM ESENC INDIGO T-22,YOYO CEDI,Cumplido,UND ,100,100,102,0,2026-05-27,01-2026, ,2026-04-13,2026-04-13,1,IND02               ,1,24,T-22     ,1.02,CERRADO
YOYO,MOP-00000011,YY0001084                                         ,21-2JUN1,06-JUNIO,YY0001084 - IND01 - 018  SHORT TIRO ALTO TP L INDIGO T-10,YOYO CEDI,Cumplido,UND ,177,177,185,0,2026-05-20,01-2026,014-MATCHA CLUB,2026-04-13,2026-04-13,1,IND01               ,1,18,T-10     ,1.0451977401129944,CERRADO
YOYO,MOP-00000011,YY0001084                                         ,21-2JUN1,06-JUNIO,YY0001084 - IND01 - 019  SHORT TIRO ALTO TP L INDIGO T-12,YOYO CEDI,Cumplido,UND ,442,442,462,0,2026-05-20,01-2026,014-MATCHA CLUB,2026-04-13,2026-04-13,1,IND01               ,1,19,T-12     ,1.0452488687782806,CERRADO
YOYO,MOP-00000011,YY0001084                                         ,21-2JUN1,06-JUNIO,YY0001084 - IND01 - 020  SHORT TIRO ALTO TP L INDIGO T-14,YOYO CEDI,Cumplido,UND ,442,442,469,0,2026-05-20,01-2026,014-MATCHA CLUB,2026-04-13,2026-04-13,1,IND01               ,1,20,T-14     ,1.0610859728506787,CERRADO
YOYO,MOP-00000011,YY0001084                                         ,21-2JUN1,06-JUNIO,YY0001084 - IND01 - 021  SHORT TIRO ALTO TP L INDIGO T-16,YOYO CEDI,Cumplido,UND ,442,442,468,0,2026-05-20,01-2026,014-MATCHA CLUB,2026-04-13,2026-04-13,1,IND01               ,1,21,T-16     ,1.0588235294117647,CERRADO
YOYO,MOP-00000011,YY0001084                                         ,21-2JUN1,06-JUNIO,YY0001084 - IND01 - 022  SHORT TIRO ALTO TP L INDIGO T-18,YOYO CEDI,Aprobado,UND ,354,354,369,0,2026-05-20,01-2026,014-MATCHA CLUB,2026-04-13,2026-04-13,1,IND01               ,1,22,T-18     ,1.0423728813559323,CERRADO
YOYO,MOP-00000011,YY0001084                                         ,21-2JUN1,06-JUNIO,YY0001084 - IND01 - 023  SHORT TIRO ALTO TP L INDIGO T-20,YOYO CEDI,Aprobado,UND ,265,265,184,81,2026-05-20,01-2026,014-MATCHA CLUB,2026-04-13,2026-04-13,1,IND01               ,1,23,T-20     ,0.6943396226415094,INCOMPLETO
YOYO,MOP-00000011,YY0001084                                         ,21-2JUN1,06-JUNIO,YY0001084 - IND01 - 024  SHORT TIRO ALTO TP L INDIGO T-22,YOYO CEDI,Cumplido,UND ,177,177,185,0,2026-05-20,01-2026,014-MATCHA CLUB,2026-04-13,2026-04-13,1,IND01               ,1,24,T-22     ,1.0451977401129944,CERRADO
YOYO,MOP-00000025,YY0000231                                         ,25-3JUL1,07-JULIO,YY0000231 - 11-0602 - 019  CHAQUETA CUELLO SPOR CREMA T-12,YOYO CEDI,Cumplido,UND ,221,236,236,0,2026-06-17,01-2026,001-BASIC URBAN,2026-04-20,2026-04-21,1,11-0602             ,1,19,T-12     ,1.0,CERRADO
YOYO,MOP-00000025,YY0000231                                         ,25-3JUL1,07-JULIO,YY0000231 - 11-0602 - 020  CHAQUETA CUELLO SPOR CREMA T-14,YOYO CEDI,Cumplido,UND ,295,287,287,0,2026-06-17,01-2026,001-BASIC URBAN,2026-04-20,2026-04-21,1,11-0602             ,1,20,T-14     ,1.0,CERRADO
YOYO,MOP-00000025,YY0000231                                         ,25-3JUL1,07-JULIO,YY0000231 - 11-0602 - 021  CHAQUETA CUELLO SPOR CREMA T-16,YOYO CEDI,Cumplido,UND ,295,288,288,0,2026-06-17,01-2026,001-BASIC URBAN,2026-04-20,2026-04-21,1,11-0602             ,1,21,T-16     ,1.0,CERRADO
YOYO,MOP-00000025,YY0000231                                         ,25-3JUL1,07-JULIO,YY0000231 - 11-0602 - 022  CHAQUETA CUELLO SPOR CREMA T-18,YOYO CEDI,Cumplido,UND ,221,243,243,0,2026-06-17,01-2026,001-BASIC URBAN,2026-04-20,2026-04-21,1,11-0602             ,1,22,T-18     ,1.0,CERRADO
YOYO,MOP-00000025,YY0000231                                         ,25-3JUL1,07-JULIO,YY0000231 - 11-0602 - 023  CHAQUETA CUELLO SPOR CREMA T-20,YOYO CEDI,Cumplido,UND ,221,236,236,0,2026-06-17,01-2026,001-BASIC URBAN,2026-04-20,2026-04-21,1,11-0602             ,1,23,T-20     ,1.0,CERRADO
YOYO,MOP-00000025,YY0000231                                         ,25-3JUL1,07-JULIO,YY0000231 - 11-0602 - 024  CHAQUETA CUELLO SPOR CREMA T-22,YOYO CEDI,Cumplido,UND ,147,143,143,0,2026-06-17,01-2026,001-BASIC URBAN,2026-04-20,2026-04-21,1,11-0602             ,1,24,T-22     ,1.0,CERRADO
YOYO,MOP-00000024,YY0000228                                         ,25-3JUL1,07-JULIO,YY0000228 - IND03 - 019  FALDA SHORT INDIGO T-12,YOYO CEDI,Aprobado,UND ,396,385,383,2,2026-06-17,01-2026,001-BASIC URBAN,2026-04-20,2026-04-21,1,IND03               ,1,19,T-12     ,0.9948051948051948,INCOMPLETO
YOYO,MOP-00000024,YY0000228                                         ,25-3JUL1,07-JULIO,YY0000228 - IND03 - 020  FALDA SHORT INDIGO T-14,YOYO CEDI,Aprobado,UND ,396,378,376,2,2026-06-17,01-2026,001-BASIC URBAN,2026-04-20,2026-04-21,1,IND03               ,1,20,T-14     ,0.9947089947089947,INCOMPLETO
YOYO,MOP-00000024,YY0000228                                         ,25-3JUL1,07-JULIO,YY0000228 - IND03 - 021  FALDA SHORT INDIGO T-16,YOYO CEDI,Cumplido,UND ,396,380,380,0,2026-06-17,01-2026,001-BASIC URBAN,2026-04-20,2026-04-21,1,IND03               ,1,21,T-16     ,1.0,CERRADO
YOYO,MOP-00000024,YY0000228                                         ,25-3JUL1,07-JULIO,YY0000228 - IND03 - 022  FALDA SHORT INDIGO T-18,YOYO CEDI,Cumplido,UND ,317,302,302,0,2026-06-17,01-2026,001-BASIC URBAN,2026-04-20,2026-04-21,1,IND03               ,1,22,T-18     ,1.0,CERRADO
YOYO,MOP-00000024,YY0000228                                         ,25-3JUL1,07-JULIO,YY0000228 - IND03 - 023  FALDA SHORT INDIGO T-20,YOYO CEDI,Cumplido,UND ,238,224,224,0,2026-06-17,01-2026,001-BASIC URBAN,2026-04-20,2026-04-21,1,IND03               ,1,23,T-20     ,1.0,CERRADO
YOYO,MOP-00000024,YY0000228                                         ,25-3JUL1,07-JULIO,YY0000228 - IND03 - 024  FALDA SHORT INDIGO T-22,YOYO CEDI,Cumplido,UND ,158,151,151,0,2026-06-17,01-2026,001-BASIC URBAN,2026-04-20,2026-04-21,1,IND03               ,1,24,T-22     ,1.0,CERRADO
YOYO,MOP-00000026,YY0000233                                         ,25-3JUL1,07-JULIO,YY0000233 - 19-4004 - 020  CAMISETA MANGA LARGA NEGRO T-14,YOYO CEDI,Aprobado,UND ,472,459,0,459,2026-06-17,01-2026,001-BASIC URBAN,2026-04-20,2026-04-21,1,19-4004             ,1,20,T-14     ,0.0,INCOMPLETO
YOYO,MOP-00000026,YY0000233                                         ,25-3JUL1,07-JULIO,YY0000233 - 19-4004 - 021  CAMISETA MANGA LARGA NEGRO T-16,YOYO CEDI,Aprobado,UND ,472,472,0,472,2026-06-17,01-2026,001-BASIC URBAN,2026-04-20,2026-04-21,1,19-4004             ,1,21,T-16     ,0.0,INCOMPLETO
YOYO,MOP-00000026,YY0000233                                         ,25-3JUL1,07-JULIO,YY0000233 - 19-4004 - 022  CAMISETA MANGA LARGA NEGRO T-18,YOYO CEDI,Aprobado,UND ,283,281,0,281,2026-06-17,01-2026,001-BASIC URBAN,2026-04-20,2026-04-21,1,19-4004             ,1,22,T-18     ,0.0,INCOMPLETO
YOYO,MOP-00000026,YY0000233                                         ,25-3JUL1,07-JULIO,YY0000233 - 19-4004 - 023  CAMISETA MANGA LARGA NEGRO T-20,YOYO CEDI,Aprobado,UND ,283,274,0,274,2026-06-17,01-2026,001-BASIC URBAN,2026-04-20,2026-04-21,1,19-4004             ,1,23,T-20     ,0.0,INCOMPLETO
YOYO,MOP-00000026,YY0000233                                         ,25-3JUL1,07-JULIO,YY0000233 - 19-4004 - 024  CAMISETA MANGA LARGA NEGRO T-22,YOYO CEDI,Aprobado,UND ,189,185,0,185,2026-06-17,01-2026,001-BASIC URBAN,2026-04-20,2026-04-21,1,19-4004             ,1,24,T-22     ,0.0,INCOMPLETO
YOYO,MOP-00000028,YY0000242                                         ,25-3JUL1,07-JULIO,YY0000242 - 19-4004 - 020  BODY MANGA LARGA EST NEGRO T-14,YOYO CEDI,Cumplido,UND ,472,469,469,0,2026-06-07,01-2026,001-BASIC URBAN,2026-04-20,2026-04-22,1,19-4004             ,1,20,T-14     ,1.0,CERRADO
YOYO,MOP-00000028,YY0000242                                         ,25-3JUL1,07-JULIO,YY0000242 - 19-4004 - 021  BODY MANGA LARGA EST NEGRO T-16,YOYO CEDI,Cumplido,UND ,472,445,445,0,2026-06-07,01-2026,001-BASIC URBAN,2026-04-20,2026-04-22,1,19-4004             ,1,21,T-16     ,1.0,CERRADO
YOYO,MOP-00000028,YY0000242                                         ,25-3JUL1,07-JULIO,YY0000242 - 19-4004 - 022  BODY MANGA LARGA EST NEGRO T-18,YOYO CEDI,Cumplido,UND ,283,267,267,0,2026-06-07,01-2026,001-BASIC URBAN,2026-04-20,2026-04-22,1,19-4004             ,1,22,T-18     ,1.0,CERRADO
YOYO,MOP-00000028,YY0000242                                         ,25-3JUL1,07-JULIO,YY0000242 - 19-4004 - 023  BODY MANGA LARGA EST NEGRO T-20,YOYO CEDI,Cumplido,UND ,283,267,267,0,2026-06-07,01-2026,001-BASIC URBAN,2026-04-20,2026-04-22,1,19-4004             ,1,23,T-20     ,1.0,CERRADO
YOYO,MOP-00000028,YY0000242                                         ,25-3JUL1,07-JULIO,YY0000242 - 19-4004 - 024  BODY MANGA LARGA EST NEGRO T-22,YOYO CEDI,Cumplido,UND ,189,178,178,0,2026-06-07,01-2026,001-BASIC URBAN,2026-04-20,2026-04-22,1,19-4004             ,1,24,T-22     ,1.0,CERRADO
YOYO,MOP-00000029,YY0000733                                         ,26-3JUL2,07-JULIO,YY0000733 - 11-0602 - 018  CAMISETA MANGA CREMA T-10,YOYO CEDI,Cumplido,UND ,248,268,268,0,2026-06-17,01-2026,002-BLACK GARDEN,2026-04-20,2026-04-21,1,11-0602             ,1,18,T-10     ,1.0,CERRADO
YOYO,MOP-00000029,YY0000733                                         ,26-3JUL2,07-JULIO,YY0000733 - 11-0602 - 019  CAMISETA MANGA CREMA T-12,YOYO CEDI,Cumplido,UND ,371,407,407,0,2026-06-17,01-2026,002-BLACK GARDEN,2026-04-20,2026-04-21,1,11-0602             ,1,19,T-12     ,1.0,CERRADO
YOYO,MOP-00000029,YY0000733                                         ,26-3JUL2,07-JULIO,YY0000733 - 11-0602 - 020  CAMISETA MANGA CREMA T-14,YOYO CEDI,Aprobado,UND ,619,669,665,4,2026-06-17,01-2026,002-BLACK GARDEN,2026-04-20,2026-04-21,1,11-0602             ,1,20,T-14     ,0.9940209267563528,INCOMPLETO
YOYO,MOP-00000029,YY0000733                                         ,26-3JUL2,07-JULIO,YY0000733 - 11-0602 - 021  CAMISETA MANGA CREMA T-16,YOYO CEDI,Aprobado,UND ,619,652,650,2,2026-06-17,01-2026,002-BLACK GARDEN,2026-04-20,2026-04-21,1,11-0602             ,1,21,T-16     ,0.9969325153374233,INCOMPLETO
YOYO,MOP-00000029,YY0000733                                         ,26-3JUL2,07-JULIO,YY0000733 - 11-0602 - 023  CAMISETA MANGA CREMA T-20,YOYO CEDI,Cumplido,UND ,371,394,394,0,2026-06-17,01-2026,002-BLACK GARDEN,2026-04-20,2026-04-21,1,11-0602             ,1,23,T-20     ,1.0,CERRADO
YOYO,MOP-00000029,YY0000733                                         ,26-3JUL2,07-JULIO,YY0000733 - 11-0602 - 022  CAMISETA MANGA CREMA T-18,YOYO CEDI,Aprobado,UND ,371,392,391,1,2026-06-17,01-2026,002-BLACK GARDEN,2026-04-20,2026-04-21,1,11-0602             ,1,22,T-18     ,0.9974489795918368,INCOMPLETO
YOYO,MOP-00000019,YY0000239                                         ,25-3JUL1,07-JULIO,YY0000239 - 11-0602 - 019  TOP MANGA CORTA  CON CREMA T-12,YOYO CEDI,Aprobado,UND ,371,371,340,31,2026-06-17,01-2026,001-BASIC URBAN,2026-04-15,2026-04-15,1,11-0602             ,1,19,T-12     ,0.9164420485175202,INCOMPLETO
YOYO,MOP-00000019,YY0000239                                         ,25-3JUL1,07-JULIO,YY0000239 - 11-0602 - 020  TOP MANGA CORTA  CON CREMA T-14,YOYO CEDI,Aprobado,UND ,619,619,580,39,2026-06-17,01-2026,001-BASIC URBAN,2026-04-15,2026-04-15,1,11-0602             ,1,20,T-14     ,0.9369951534733441,INCOMPLETO
YOYO,MOP-00000019,YY0000239                                         ,25-3JUL1,07-JULIO,YY0000239 - 11-0602 - 021  TOP MANGA CORTA  CON CREMA T-16,YOYO CEDI,Aprobado,UND ,619,619,591,28,2026-06-17,01-2026,001-BASIC URBAN,2026-04-15,2026-04-15,1,11-0602             ,1,21,T-16     ,0.9547657512116317,INCOMPLETO
YOYO,MOP-00000019,YY0000239                                         ,25-3JUL1,07-JULIO,YY0000239 - 11-0602 - 022  TOP MANGA CORTA  CON CREMA T-18,YOYO CEDI,Aprobado,UND ,371,371,345,26,2026-06-17,01-2026,001-BASIC URBAN,2026-04-15,2026-04-15,1,11-0602             ,1,22,T-18     ,0.9299191374663073,INCOMPLETO
YOYO,MOP-00000019,YY0000239                                         ,25-3JUL1,07-JULIO,YY0000239 - 11-0602 - 023  TOP MANGA CORTA  CON CREMA T-20,YOYO CEDI,Aprobado,UND ,371,371,345,26,2026-06-17,01-2026,001-BASIC URBAN,2026-04-15,2026-04-15,1,11-0602             ,1,23,T-20     ,0.9299191374663073,INCOMPLETO
YOYO,MOP-00000019,YY0000239                                         ,25-3JUL1,07-JULIO,YY0000239 - 11-0602 - 024  TOP MANGA CORTA  CON CREMA T-22,YOYO CEDI,Aprobado,UND ,248,248,225,23,2026-06-17,01-2026,001-BASIC URBAN,2026-04-15,2026-04-15,1,11-0602             ,1,24,T-22     ,0.907258064516129,INCOMPLETO
YOYO,MOP-00000021,YY0001074                                         ,18-2MAY2,05-MAYO,YY0001074 - 11-0602 - 020  BODY PREMIUM MC TP C CREMA T-14,YOYO CEDI,Cumplido,UND ,550,616,616,0,2026-04-22,01-2026,012-FLOW VIBES,2026-04-17,2026-04-21,1,11-0602             ,1,20,T-14     ,1.0,CERRADO
YOYO,MOP-00000021,YY0001074                                         ,18-2MAY2,05-MAYO,YY0001074 - 11-0602 - 021  BODY PREMIUM MC TP C CREMA T-16,YOYO CEDI,Aprobado,UND ,550,634,633,1,2026-04-22,01-2026,012-FLOW VIBES,2026-04-17,2026-04-21,1,11-0602             ,1,21,T-16     ,0.998422712933754,INCOMPLETO
YOYO,MOP-00000021,YY0001074                                         ,18-2MAY2,05-MAYO,YY0001074 - 11-0602 - 022  BODY PREMIUM MC TP C CREMA T-18,YOYO CEDI,Cumplido,UND ,413,462,462,0,2026-04-22,01-2026,012-FLOW VIBES,2026-04-17,2026-04-21,1,11-0602             ,1,22,T-18     ,1.0,CERRADO
YOYO,MOP-00000021,YY0001074                                         ,18-2MAY2,05-MAYO,YY0001074 - 11-0602 - 023  BODY PREMIUM MC TP C CREMA T-20,YOYO CEDI,Cumplido,UND ,413,462,462,0,2026-04-22,01-2026,012-FLOW VIBES,2026-04-17,2026-04-21,1,11-0602             ,1,23,T-20     ,1.0,CERRADO
YOYO,MOP-00000021,YY0001074                                         ,18-2MAY2,05-MAYO,YY0001074 - 11-0602 - 024  BODY PREMIUM MC TP C CREMA T-22,YOYO CEDI,Cumplido,UND ,275,308,308,0,2026-04-22,01-2026,012-FLOW VIBES,2026-04-17,2026-04-21,1,11-0602             ,1,24,T-22     ,1.0,CERRADO
YOYO,MOP-00000017,YY0001075                                         ,23-2JUN3,06-JUNIO,YY0001075 - 17-1422 - 020  CAMISETA PREMIUM  MC CAFE T-14,YOYO CEDI,Aprobado,UND ,462,462,500,0,2026-04-29,01-2026,012-FLOW VIBES,2026-04-14,2026-04-14,1,17-1422             ,1,20,T-14     ,1.0822510822510822,CERRADO
YOYO,MOP-00000017,YY0001075                                         ,23-2JUN3,06-JUNIO,YY0001075 - 17-1422 - 021  CAMISETA PREMIUM  MC CAFE T-16,YOYO CEDI,Aprobado,UND ,462,462,498,0,2026-04-29,01-2026,012-FLOW VIBES,2026-04-14,2026-04-14,1,17-1422             ,1,21,T-16     ,1.077922077922078,CERRADO
YOYO,MOP-00000017,YY0001075                                         ,23-2JUN3,06-JUNIO,YY0001075 - 17-1422 - 022  CAMISETA PREMIUM  MC CAFE T-18,YOYO CEDI,Aprobado,UND ,462,462,498,0,2026-04-29,01-2026,012-FLOW VIBES,2026-04-14,2026-04-14,1,17-1422             ,1,22,T-18     ,1.077922077922078,CERRADO
YOYO,MOP-00000017,YY0001075                                         ,23-2JUN3,06-JUNIO,YY0001075 - 17-1422 - 023  CAMISETA PREMIUM  MC CAFE T-20,YOYO CEDI,Aprobado,UND ,462,462,498,0,2026-04-29,01-2026,012-FLOW VIBES,2026-04-14,2026-04-14,1,17-1422             ,1,23,T-20     ,1.077922077922078,CERRADO
YOYO,MOP-00000017,YY0001075                                         ,23-2JUN3,06-JUNIO,YY0001075 - 17-1422 - 024  CAMISETA PREMIUM  MC CAFE T-22,YOYO CEDI,Cumplido,UND ,154,154,166,0,2026-04-29,01-2026,012-FLOW VIBES,2026-04-14,2026-04-14,1,17-1422             ,1,24,T-22     ,1.077922077922078,CERRADO
YOYO,MOP-00000017,YY0001075                                         ,23-2JUN3,06-JUNIO,YY0001075 - 11-0602 - 020  CAMISETA PREMIUM  MC CREMA T-14,YOYO CEDI,Aprobado,UND ,462,462,442,20,2026-04-29,01-2026,012-FLOW VIBES,2026-04-14,2026-04-14,1,11-0602             ,1,20,T-14     ,0.9567099567099567,INCOMPLETO
YOYO,MOP-00000017,YY0001075                                         ,23-2JUN3,06-JUNIO,YY0001075 - 11-0602 - 021  CAMISETA PREMIUM  MC CREMA T-16,YOYO CEDI,Aprobado,UND ,462,462,432,30,2026-04-29,01-2026,012-FLOW VIBES,2026-04-14,2026-04-14,1,11-0602             ,1,21,T-16     ,0.935064935064935,INCOMPLETO
YOYO,MOP-00000017,YY0001075                                         ,23-2JUN3,06-JUNIO,YY0001075 - 11-0602 - 022  CAMISETA PREMIUM  MC CREMA T-18,YOYO CEDI,Aprobado,UND ,462,462,432,30,2026-04-29,01-2026,012-FLOW VIBES,2026-04-14,2026-04-14,1,11-0602             ,1,22,T-18     ,0.935064935064935,INCOMPLETO
YOYO,MOP-00000017,YY0001075                                         ,23-2JUN3,06-JUNIO,YY0001075 - 11-0602 - 023  CAMISETA PREMIUM  MC CREMA T-20,YOYO CEDI,Aprobado,UND ,462,462,432,30,2026-04-29,01-2026,012-FLOW VIBES,2026-04-14,2026-04-14,1,11-0602             ,1,23,T-20     ,0.935064935064935,INCOMPLETO
YOYO,MOP-00000017,YY0001075                                         ,23-2JUN3,06-JUNIO,YY0001075 - 11-0602 - 024  CAMISETA PREMIUM  MC CREMA T-22,YOYO CEDI,Aprobado,UND ,154,154,144,10,2026-04-29,01-2026,012-FLOW VIBES,2026-04-14,2026-04-14,1,11-0602             ,1,24,T-22     ,0.935064935064935,INCOMPLETO
YOYO,MOP-00000043,YY0000243                                         ,25-3JUL1,07-JULIO,YY0000243 - 11-0602 - 020  BODY MANGA LARGA EST CREMA T-14,YOYO CEDI,Cumplido,UND ,556,532,532,0,2026-06-17,01-2026,001-BASIC URBAN,2026-04-21,2026-04-23,1,11-0602             ,1,20,T-14     ,1.0,CERRADO
YOYO,MOP-00000043,YY0000243                                         ,25-3JUL1,07-JULIO,YY0000243 - 11-0602 - 021  BODY MANGA LARGA EST CREMA T-16,YOYO CEDI,Aprobado,UND ,556,519,518,1,2026-06-17,01-2026,001-BASIC URBAN,2026-04-21,2026-04-23,1,11-0602             ,1,21,T-16     ,0.9980732177263969,INCOMPLETO
YOYO,MOP-00000043,YY0000243                                         ,25-3JUL1,07-JULIO,YY0000243 - 11-0602 - 022  BODY MANGA LARGA EST CREMA T-18,YOYO CEDI,Aprobado,UND ,333,303,302,1,2026-06-17,01-2026,001-BASIC URBAN,2026-04-21,2026-04-23,1,11-0602             ,1,22,T-18     ,0.9966996699669967,INCOMPLETO
YOYO,MOP-00000043,YY0000243                                         ,25-3JUL1,07-JULIO,YY0000243 - 11-0602 - 023  BODY MANGA LARGA EST CREMA T-20,YOYO CEDI,Aprobado,UND ,333,303,302,1,2026-06-17,01-2026,001-BASIC URBAN,2026-04-21,2026-04-23,1,11-0602             ,1,23,T-20     ,0.9966996699669967,INCOMPLETO
YOYO,MOP-00000043,YY0000243                                         ,25-3JUL1,07-JULIO,YY0000243 - 11-0602 - 024  BODY MANGA LARGA EST CREMA T-22,YOYO CEDI,Cumplido,UND ,222,202,202,0,2026-06-17,01-2026,001-BASIC URBAN,2026-04-21,2026-04-23,1,11-0602             ,1,24,T-22     ,1.0,CERRADO
YOYO,MOP-00000008,YY0001079                                         ,21-2JUN1,06-JUNIO,YY0001079 - IND02 - 019  CARGO TIRO MEDIO TP INDIGO T-12,YOYO CEDI,Aprobado,UND ,115,115,109,6,2026-05-20,01-2026,014-MATCHA CLUB,2026-04-09,2026-04-09,1,IND02               ,1,19,T-12     ,0.9478260869565217,INCOMPLETO
YOYO,MOP-00000008,YY0001079                                         ,21-2JUN1,06-JUNIO,YY0001079 - IND02 - 020  CARGO TIRO MEDIO TP INDIGO T-14,YOYO CEDI,Aprobado,UND ,138,138,135,3,2026-05-20,01-2026,014-MATCHA CLUB,2026-04-09,2026-04-09,1,IND02               ,1,20,T-14     ,0.9782608695652174,INCOMPLETO
YOYO,MOP-00000008,YY0001079                                         ,21-2JUN1,06-JUNIO,YY0001079 - IND02 - 021  CARGO TIRO MEDIO TP INDIGO T-16,YOYO CEDI,Aprobado,UND ,138,138,135,3,2026-05-20,01-2026,014-MATCHA CLUB,2026-04-09,2026-04-09,1,IND02               ,1,21,T-16     ,0.9782608695652174,INCOMPLETO
YOYO,MOP-00000008,YY0001079                                         ,21-2JUN1,06-JUNIO,YY0001079 - IND02 - 022  CARGO TIRO MEDIO TP INDIGO T-18,YOYO CEDI,Aprobado,UND ,92,92,91,1,2026-05-20,01-2026,014-MATCHA CLUB,2026-04-09,2026-04-09,1,IND02               ,1,22,T-18     ,0.9891304347826086,INCOMPLETO
YOYO,MOP-00000008,YY0001079                                         ,21-2JUN1,06-JUNIO,YY0001079 - IND02 - 023  CARGO TIRO MEDIO TP INDIGO T-20,YOYO CEDI,Aprobado,UND ,69,69,67,2,2026-05-20,01-2026,014-MATCHA CLUB,2026-04-09,2026-04-09,1,IND02               ,1,23,T-20     ,0.9710144927536232,INCOMPLETO
YOYO,MOP-00000008,YY0001079                                         ,21-2JUN1,06-JUNIO,YY0001079 - IND02 - 024  CARGO TIRO MEDIO TP INDIGO T-22,YOYO CEDI,Aprobado,UND ,46,46,43,3,2026-05-20,01-2026,014-MATCHA CLUB,2026-04-09,2026-04-09,1,IND02               ,1,24,T-22     ,0.9347826086956522,INCOMPLETO
YOYO,MOP-00000009,YY0001085                                         ,21-2JUN1,06-JUNIO,YY0001085 - IND02 - 019  CARGO TIRO MEDIO TP INDIGO T-12,YOYO CEDI,Aprobado,UND ,365,365,374,0,2026-05-20,01-2026,014-MATCHA CLUB,2026-04-09,2026-04-09,1,IND02               ,1,19,T-12     ,1.0246575342465754,CERRADO
YOYO,MOP-00000009,YY0001085                                         ,21-2JUN1,06-JUNIO,YY0001085 - IND02 - 020  CARGO TIRO MEDIO TP INDIGO T-14,YOYO CEDI,Aprobado,UND ,438,438,421,17,2026-05-20,01-2026,014-MATCHA CLUB,2026-04-09,2026-04-09,1,IND02               ,1,20,T-14     ,0.9611872146118722,INCOMPLETO
YOYO,MOP-00000009,YY0001085                                         ,21-2JUN1,06-JUNIO,YY0001085 - IND02 - 021  CARGO TIRO MEDIO TP INDIGO T-16,YOYO CEDI,Aprobado,UND ,438,438,421,17,2026-05-20,01-2026,014-MATCHA CLUB,2026-04-09,2026-04-09,1,IND02               ,1,21,T-16     ,0.9611872146118722,INCOMPLETO
YOYO,MOP-00000009,YY0001085                                         ,21-2JUN1,06-JUNIO,YY0001085 - IND02 - 022  CARGO TIRO MEDIO TP INDIGO T-18,YOYO CEDI,Aprobado,UND ,292,292,288,4,2026-05-20,01-2026,014-MATCHA CLUB,2026-04-09,2026-04-09,1,IND02               ,1,22,T-18     ,0.9863013698630136,INCOMPLETO
YOYO,MOP-00000009,YY0001085                                         ,21-2JUN1,06-JUNIO,YY0001085 - IND02 - 023  CARGO TIRO MEDIO TP INDIGO T-20,YOYO CEDI,Aprobado,UND ,219,219,192,27,2026-05-20,01-2026,014-MATCHA CLUB,2026-04-09,2026-04-09,1,IND02               ,1,23,T-20     ,0.8767123287671232,INCOMPLETO
YOYO,MOP-00000009,YY0001085                                         ,21-2JUN1,06-JUNIO,YY0001085 - IND02 - 024  CARGO TIRO MEDIO TP INDIGO T-22,YOYO CEDI,Aprobado,UND ,146,146,144,2,2026-05-20,01-2026,014-MATCHA CLUB,2026-04-09,2026-04-09,1,IND02               ,1,24,T-22     ,0.9863013698630136,INCOMPLETO
YOYO,MOP-00000013,YY0001083                                         ,23-2JUN3,06-JUNIO,YY0001083 - IND01 - 020  FALDA TIRO ALTO TP L INDIGO T-14,YOYO CEDI,Aprobado,UND ,447,447,445,2,2026-06-03,01-2026,016-LOVE & LATTE,2026-04-13,2026-04-13,1,IND01               ,1,20,T-14     ,0.9955257270693513,INCOMPLETO
YOYO,MOP-00000013,YY0001083                                         ,23-2JUN3,06-JUNIO,YY0001083 - IND01 - 021  FALDA TIRO ALTO TP L INDIGO T-16,YOYO CEDI,Aprobado,UND ,447,447,445,2,2026-06-03,01-2026,016-LOVE & LATTE,2026-04-13,2026-04-13,1,IND01               ,1,21,T-16     ,0.9955257270693513,INCOMPLETO
YOYO,MOP-00000013,YY0001083                                         ,23-2JUN3,06-JUNIO,YY0001083 - IND01 - 022  FALDA TIRO ALTO TP L INDIGO T-18,YOYO CEDI,Aprobado,UND ,358,358,356,2,2026-06-03,01-2026,016-LOVE & LATTE,2026-04-13,2026-04-13,1,IND01               ,1,22,T-18     ,0.994413407821229,INCOMPLETO
YOYO,MOP-00000013,YY0001083                                         ,23-2JUN3,06-JUNIO,YY0001083 - IND01 - 023  FALDA TIRO ALTO TP L INDIGO T-20,YOYO CEDI,Aprobado,UND ,268,268,267,1,2026-06-03,01-2026,016-LOVE & LATTE,2026-04-13,2026-04-13,1,IND01               ,1,23,T-20     ,0.996268656716418,INCOMPLETO
YOYO,MOP-00000013,YY0001083                                         ,23-2JUN3,06-JUNIO,YY0001083 - IND01 - 024  FALDA TIRO ALTO TP L INDIGO T-22,YOYO CEDI,Cumplido,UND ,179,179,179,0,2026-06-03,01-2026,016-LOVE & LATTE,2026-04-13,2026-04-13,1,IND01               ,1,24,T-22     ,1.0,CERRADO
YOYO,MOP-00000020,YY0000222                                         ,25-3JUL1,07-JULIO,YY0000222 - IND01 - 019  MOMJEAN TIRO ALTO INDIGO T-12,YOYO CEDI,Aprobado,UND ,462,462,435,27,2026-06-17,01-2026,001-BASIC URBAN,2026-04-16,2026-04-16,1,IND01               ,1,19,T-12     ,0.9415584415584416,INCOMPLETO
YOYO,MOP-00000020,YY0000222                                         ,25-3JUL1,07-JULIO,YY0000222 - IND01 - 020  MOMJEAN TIRO ALTO INDIGO T-14,YOYO CEDI,Aprobado,UND ,554,554,556,0,2026-06-17,01-2026,001-BASIC URBAN,2026-04-16,2026-04-16,1,IND01               ,1,20,T-14     ,1.0036101083032491,CERRADO
YOYO,MOP-00000020,YY0000222                                         ,25-3JUL1,07-JULIO,YY0000222 - IND01 - 021  MOMJEAN TIRO ALTO INDIGO T-16,YOYO CEDI,Aprobado,UND ,554,554,560,0,2026-06-17,01-2026,001-BASIC URBAN,2026-04-16,2026-04-16,1,IND01               ,1,21,T-16     ,1.0108303249097472,CERRADO
YOYO,MOP-00000020,YY0000222                                         ,25-3JUL1,07-JULIO,YY0000222 - IND01 - 022  MOMJEAN TIRO ALTO INDIGO T-18,YOYO CEDI,Aprobado,UND ,369,369,350,19,2026-06-17,01-2026,001-BASIC URBAN,2026-04-16,2026-04-16,1,IND01               ,1,22,T-18     ,0.948509485094851,INCOMPLETO
YOYO,MOP-00000020,YY0000222                                         ,25-3JUL1,07-JULIO,YY0000222 - IND01 - 023  MOMJEAN TIRO ALTO INDIGO T-20,YOYO CEDI,Aprobado,UND ,277,277,265,12,2026-06-17,01-2026,001-BASIC URBAN,2026-04-16,2026-04-16,1,IND01               ,1,23,T-20     ,0.9566787003610109,INCOMPLETO
YOYO,MOP-00000020,YY0000222                                         ,25-3JUL1,07-JULIO,YY0000222 - IND01 - 024  MOMJEAN TIRO ALTO INDIGO T-22,YOYO CEDI,Aprobado,UND ,185,185,175,10,2026-06-17,01-2026,001-BASIC URBAN,2026-04-16,2026-04-16,1,IND01               ,1,24,T-22     ,0.9459459459459459,INCOMPLETO
YOYO,MOP-00000035,YY0000261                                         ,26-3JUL2,07-JULIO,YY0000261 - IND07 - 019  FALDA TIRO MEDIO INDIGO T-12,YOYO CEDI,Aprobado,UND ,396,406,0,406,2026-06-24,01-2026,002-BLACK GARDEN,2026-04-21,2026-04-27,1,IND07               ,1,19,T-12     ,0.0,INCOMPLETO
YOYO,MOP-00000035,YY0000261                                         ,26-3JUL2,07-JULIO,YY0000261 - IND07 - 020  FALDA TIRO MEDIO INDIGO T-14,YOYO CEDI,Aprobado,UND ,396,406,0,406,2026-06-24,01-2026,002-BLACK GARDEN,2026-04-21,2026-04-27,1,IND07               ,1,20,T-14     ,0.0,INCOMPLETO
YOYO,MOP-00000035,YY0000261                                         ,26-3JUL2,07-JULIO,YY0000261 - IND07 - 021  FALDA TIRO MEDIO INDIGO T-16,YOYO CEDI,Aprobado,UND ,396,408,0,408,2026-06-24,01-2026,002-BLACK GARDEN,2026-04-21,2026-04-27,1,IND07               ,1,21,T-16     ,0.0,INCOMPLETO
YOYO,MOP-00000035,YY0000261                                         ,26-3JUL2,07-JULIO,YY0000261 - IND07 - 022  FALDA TIRO MEDIO INDIGO T-18,YOYO CEDI,Aprobado,UND ,317,326,0,326,2026-06-24,01-2026,002-BLACK GARDEN,2026-04-21,2026-04-27,1,IND07               ,1,22,T-18     ,0.0,INCOMPLETO
YOYO,MOP-00000035,YY0000261                                         ,26-3JUL2,07-JULIO,YY0000261 - IND07 - 023  FALDA TIRO MEDIO INDIGO T-20,YOYO CEDI,Aprobado,UND ,238,244,0,244,2026-06-24,01-2026,002-BLACK GARDEN,2026-04-21,2026-04-27,1,IND07               ,1,23,T-20     ,0.0,INCOMPLETO
YOYO,MOP-00000035,YY0000261                                         ,26-3JUL2,07-JULIO,YY0000261 - IND07 - 024  FALDA TIRO MEDIO INDIGO T-22,YOYO CEDI,Aprobado,UND ,158,163,0,163,2026-06-24,01-2026,002-BLACK GARDEN,2026-04-21,2026-04-27,1,IND07               ,1,24,T-22     ,0.0,INCOMPLETO
YOYO,MOP-00000030,YY0000223                                         ,25-3JUL1,07-JULIO,YY0000223 - IND03 - 019  RETROMOM TIRO ALTO INDIGO T-12,YOYO CEDI,Aprobado,UND ,500,477,0,477,2026-06-17,01-2026,001-BASIC URBAN,2026-04-21,2026-04-23,1,IND03               ,1,19,T-12     ,0.0,INCOMPLETO
YOYO,MOP-00000030,YY0000223                                         ,25-3JUL1,07-JULIO,YY0000223 - IND03 - 020  RETROMOM TIRO ALTO INDIGO T-14,YOYO CEDI,Aprobado,UND ,600,580,0,580,2026-06-17,01-2026,001-BASIC URBAN,2026-04-21,2026-04-23,1,IND03               ,1,20,T-14     ,0.0,INCOMPLETO
YOYO,MOP-00000030,YY0000223                                         ,25-3JUL1,07-JULIO,YY0000223 - IND03 - 021  RETROMOM TIRO ALTO INDIGO T-16,YOYO CEDI,Aprobado,UND ,600,574,0,574,2026-06-17,01-2026,001-BASIC URBAN,2026-04-21,2026-04-23,1,IND03               ,1,21,T-16     ,0.0,INCOMPLETO
YOYO,MOP-00000030,YY0000223                                         ,25-3JUL1,07-JULIO,YY0000223 - IND03 - 022  RETROMOM TIRO ALTO INDIGO T-18,YOYO CEDI,Aprobado,UND ,400,384,0,384,2026-06-17,01-2026,001-BASIC URBAN,2026-04-21,2026-04-23,1,IND03               ,1,22,T-18     ,0.0,INCOMPLETO
YOYO,MOP-00000030,YY0000223                                         ,25-3JUL1,07-JULIO,YY0000223 - IND03 - 023  RETROMOM TIRO ALTO INDIGO T-20,YOYO CEDI,Aprobado,UND ,300,287,0,287,2026-06-17,01-2026,001-BASIC URBAN,2026-04-21,2026-04-23,1,IND03               ,1,23,T-20     ,0.0,INCOMPLETO
YOYO,MOP-00000030,YY0000223                                         ,25-3JUL1,07-JULIO,YY0000223 - IND03 - 024  RETROMOM TIRO ALTO INDIGO T-22,YOYO CEDI,Aprobado,UND ,300,287,0,287,2026-06-17,01-2026,001-BASIC URBAN,2026-04-21,2026-04-23,1,IND03               ,1,24,T-22     ,0.0,INCOMPLETO
YOYO,MOP-00000054,35010291                                          ,22-2JUN2,06-JUNIO,35010291 - 19-4004 - 021  RETROMOM TIRO BAJO B NEGRO T-16,YOYO CEDI,Aprobado,UND ,200,198,0,198,2026-07-08,01-2026, ,2026-04-22,2026-04-27,1,19-4004             ,1,21,T-16     ,0.0,INCOMPLETO
YOYO,MOP-00000054,35010291                                          ,22-2JUN2,06-JUNIO,35010291 - 19-4004 - 022  RETROMOM TIRO BAJO B NEGRO T-18,YOYO CEDI,Aprobado,UND ,100,99,0,99,2026-07-08,01-2026, ,2026-04-22,2026-04-27,1,19-4004             ,1,22,T-18     ,0.0,INCOMPLETO
YOYO,MOP-00000054,35010291                                          ,22-2JUN2,06-JUNIO,35010291 - 19-4004 - 018  RETROMOM TIRO BAJO B NEGRO T-10,YOYO CEDI,Aprobado,UND ,100,99,0,99,2026-07-08,01-2026, ,2026-04-22,2026-04-27,1,19-4004             ,1,18,T-10     ,0.0,INCOMPLETO
YOYO,MOP-00000054,35010291                                          ,22-2JUN2,06-JUNIO,35010291 - 19-4004 - 019  RETROMOM TIRO BAJO B NEGRO T-12,YOYO CEDI,Aprobado,UND ,300,305,0,305,2026-07-08,01-2026, ,2026-04-22,2026-04-27,1,19-4004             ,1,19,T-12     ,0.0,INCOMPLETO
YOYO,MOP-00000054,35010291                                          ,22-2JUN2,06-JUNIO,35010291 - 19-4004 - 020  RETROMOM TIRO BAJO B NEGRO T-14,YOYO CEDI,Aprobado,UND ,199,210,0,210,2026-07-08,01-2026, ,2026-04-22,2026-04-27,1,19-4004             ,1,20,T-14     ,0.0,INCOMPLETO
YOYO,MOP-00000054,35010291                                          ,22-2JUN2,06-JUNIO,35010291 - 19-4004 - 023  RETROMOM TIRO BAJO B NEGRO T-20,YOYO CEDI,Aprobado,UND ,100,99,0,99,2026-07-08,01-2026, ,2026-04-22,2026-04-27,1,19-4004             ,1,23,T-20     ,0.0,INCOMPLETO
YOYO,MOP-00000054,35010291                                          ,22-2JUN2,06-JUNIO,35010291 - 19-4004 - 024  RETROMOM TIRO BAJO B NEGRO T-22,YOYO CEDI,Aprobado,UND ,101,99,0,99,2026-07-08,01-2026, ,2026-04-22,2026-04-27,1,19-4004             ,1,24,T-22     ,0.0,INCOMPLETO
YOYO,MOP-00000010,YY0001078                                         ,21-2JUN1,06-JUNIO,YY0001078 - 18-0322 - 020  VESTIDO MC TP AJUSTA VERDE T-14,YOYO CEDI,Aprobado,UND ,425,425,392,33,2026-05-20,01-2026,016-LOVE & LATTE,2026-04-13,2026-04-13,1,18-0322             ,1,20,T-14     ,0.9223529411764706,INCOMPLETO
YOYO,MOP-00000010,YY0001078                                         ,21-2JUN1,06-JUNIO,YY0001078 - 18-0322 - 021  VESTIDO MC TP AJUSTA VERDE T-16,YOYO CEDI,Aprobado,UND ,425,425,295,130,2026-05-20,01-2026,016-LOVE & LATTE,2026-04-13,2026-04-13,1,18-0322             ,1,21,T-16     ,0.6941176470588235,INCOMPLETO
YOYO,MOP-00000010,YY0001078                                         ,21-2JUN1,06-JUNIO,YY0001078 - 18-0322 - 022  VESTIDO MC TP AJUSTA VERDE T-18,YOYO CEDI,Aprobado,UND ,319,319,221,98,2026-05-20,01-2026,016-LOVE & LATTE,2026-04-13,2026-04-13,1,18-0322             ,1,22,T-18     ,0.6927899686520376,INCOMPLETO
YOYO,MOP-00000010,YY0001078                                         ,21-2JUN1,06-JUNIO,YY0001078 - 18-0322 - 023  VESTIDO MC TP AJUSTA VERDE T-20,YOYO CEDI,Aprobado,UND ,319,319,221,98,2026-05-20,01-2026,016-LOVE & LATTE,2026-04-13,2026-04-13,1,18-0322             ,1,23,T-20     ,0.6927899686520376,INCOMPLETO
YOYO,MOP-00000010,YY0001078                                         ,21-2JUN1,06-JUNIO,YY0001078 - 18-0322 - 024  VESTIDO MC TP AJUSTA VERDE T-22,YOYO CEDI,Aprobado,UND ,213,213,146,67,2026-05-20,01-2026,016-LOVE & LATTE,2026-04-13,2026-04-13,1,18-0322             ,1,24,T-22     ,0.6854460093896714,INCOMPLETO
YOYO,MOP-00000042,YY0000241                                         ,25-3JUL1,07-JULIO,YY0000241 - 19-3925 - 020  TOP MANGA SISA CUELL AZUL T-14,YOYO CEDI,Aprobado,UND ,472,450,449,1,2026-06-17,01-2026,001-BASIC URBAN,2026-04-21,2026-04-27,1,19-3925             ,1,20,T-14     ,0.9977777777777778,INCOMPLETO
YOYO,MOP-00000042,YY0000241                                         ,25-3JUL1,07-JULIO,YY0000241 - 19-3925 - 021  TOP MANGA SISA CUELL AZUL T-16,YOYO CEDI,Aprobado,UND ,472,450,449,1,2026-06-17,01-2026,001-BASIC URBAN,2026-04-21,2026-04-27,1,19-3925             ,1,21,T-16     ,0.9977777777777778,INCOMPLETO
YOYO,MOP-00000042,YY0000241                                         ,25-3JUL1,07-JULIO,YY0000241 - 19-3925 - 022  TOP MANGA SISA CUELL AZUL T-18,YOYO CEDI,Aprobado,UND ,283,264,254,10,2026-06-17,01-2026,001-BASIC URBAN,2026-04-21,2026-04-27,1,19-3925             ,1,22,T-18     ,0.9621212121212122,INCOMPLETO
YOYO,MOP-00000042,YY0000241                                         ,25-3JUL1,07-JULIO,YY0000241 - 19-3925 - 023  TOP MANGA SISA CUELL AZUL T-20,YOYO CEDI,Cumplido,UND ,283,264,264,0,2026-06-17,01-2026,001-BASIC URBAN,2026-04-21,2026-04-27,1,19-3925             ,1,23,T-20     ,1.0,CERRADO
YOYO,MOP-00000042,YY0000241                                         ,25-3JUL1,07-JULIO,YY0000241 - 19-3925 - 024  TOP MANGA SISA CUELL AZUL T-22,YOYO CEDI,Aprobado,UND ,189,176,175,1,2026-06-17,01-2026,001-BASIC URBAN,2026-04-21,2026-04-27,1,19-3925             ,1,24,T-22     ,0.9943181818181818,INCOMPLETO
YOYO,MOP-00000032,YY0001073                                         ,19-2MAY3,05-MAYO,YY0001073 - 19-0510 - 020  VESTIDO MC TEEN PLUS VERDE T-14,YOYO CEDI,Aprobado,UND ,480,385,379,6,2026-04-29,01-2026,012-FLOW VIBES,2026-04-21,2026-04-24,1,19-0510             ,1,20,T-14     ,0.9844155844155844,INCOMPLETO
YOYO,MOP-00000032,YY0001073                                         ,19-2MAY3,05-MAYO,YY0001073 - 19-0510 - 021  VESTIDO MC TEEN PLUS VERDE T-16,YOYO CEDI,Cumplido,UND ,480,268,268,0,2026-04-29,01-2026,012-FLOW VIBES,2026-04-21,2026-04-24,1,19-0510             ,1,21,T-16     ,1.0,CERRADO
YOYO,MOP-00000032,YY0001073                                         ,19-2MAY3,05-MAYO,YY0001073 - 19-0510 - 022  VESTIDO MC TEEN PLUS VERDE T-18,YOYO CEDI,Cumplido,UND ,360,269,269,0,2026-04-29,01-2026,012-FLOW VIBES,2026-04-21,2026-04-24,1,19-0510             ,1,22,T-18     ,1.0,CERRADO
YOYO,MOP-00000032,YY0001073                                         ,19-2MAY3,05-MAYO,YY0001073 - 19-0510 - 023  VESTIDO MC TEEN PLUS VERDE T-20,YOYO CEDI,Cumplido,UND ,240,179,179,0,2026-04-29,01-2026,012-FLOW VIBES,2026-04-21,2026-04-24,1,19-0510             ,1,23,T-20     ,1.0,CERRADO
YOYO,MOP-00000032,YY0001073                                         ,19-2MAY3,05-MAYO,YY0001073 - 19-0510 - 024  VESTIDO MC TEEN PLUS VERDE T-22,YOYO CEDI,Aprobado,UND ,240,179,177,2,2026-04-29,01-2026,012-FLOW VIBES,2026-04-21,2026-04-24,1,19-0510             ,1,24,T-22     ,0.9888268156424581,INCOMPLETO
YOYO,MOP-00000055,YY0000246                                         ,25-3JUL1,07-JULIO,YY0000246 - 19-4024 - 020  VESTIDO MANGA SISA AZUL T-14,YOYO CEDI,Aprobado,UND ,486,430,0,430,2026-06-17,01-2026,001-BASIC URBAN,2026-04-23,2026-04-25,1,19-4024             ,1,20,T-14     ,0.0,INCOMPLETO
YOYO,MOP-00000055,YY0000246                                         ,25-3JUL1,07-JULIO,YY0000246 - 19-4024 - 021  VESTIDO MANGA SISA AZUL T-16,YOYO CEDI,Aprobado,UND ,486,432,0,432,2026-06-17,01-2026,001-BASIC URBAN,2026-04-23,2026-04-25,1,19-4024             ,1,21,T-16     ,0.0,INCOMPLETO
YOYO,MOP-00000055,YY0000246                                         ,25-3JUL1,07-JULIO,YY0000246 - 19-4024 - 022  VESTIDO MANGA SISA AZUL T-18,YOYO CEDI,Aprobado,UND ,364,325,0,325,2026-06-17,01-2026,001-BASIC URBAN,2026-04-23,2026-04-25,1,19-4024             ,1,22,T-18     ,0.0,INCOMPLETO
YOYO,MOP-00000055,YY0000246                                         ,25-3JUL1,07-JULIO,YY0000246 - 19-4024 - 023  VESTIDO MANGA SISA AZUL T-20,YOYO CEDI,Aprobado,UND ,243,214,0,214,2026-06-17,01-2026,001-BASIC URBAN,2026-04-23,2026-04-25,1,19-4024             ,1,23,T-20     ,0.0,INCOMPLETO
YOYO,MOP-00000055,YY0000246                                         ,25-3JUL1,07-JULIO,YY0000246 - 19-4024 - 024  VESTIDO MANGA SISA AZUL T-22,YOYO CEDI,Aprobado,UND ,121,107,0,107,2026-06-17,01-2026,001-BASIC URBAN,2026-04-23,2026-04-25,1,19-4024             ,1,24,T-22     ,0.0,INCOMPLETO
YOYO,MOP-00000041,YY0000238                                         ,25-3JUL1,07-JULIO,YY0000238 - 13-0107 - 019  TOP MANGA CORTA  CON VERDE T-12,YOYO CEDI,Aprobado,UND ,286,249,0,249,2026-06-17,01-2026,001-BASIC URBAN,2026-04-21,2026-04-25,1,13-0107             ,1,19,T-12     ,0.0,INCOMPLETO
YOYO,MOP-00000041,YY0000238                                         ,25-3JUL1,07-JULIO,YY0000238 - 13-0107 - 020  TOP MANGA CORTA  CON VERDE T-14,YOYO CEDI,Aprobado,UND ,476,424,0,424,2026-06-17,01-2026,001-BASIC URBAN,2026-04-21,2026-04-25,1,13-0107             ,1,20,T-14     ,0.0,INCOMPLETO
YOYO,MOP-00000041,YY0000238                                         ,25-3JUL1,07-JULIO,YY0000238 - 13-0107 - 021  TOP MANGA CORTA  CON VERDE T-16,YOYO CEDI,Aprobado,UND ,476,422,0,422,2026-06-17,01-2026,001-BASIC URBAN,2026-04-21,2026-04-25,1,13-0107             ,1,21,T-16     ,0.0,INCOMPLETO
YOYO,MOP-00000041,YY0000238                                         ,25-3JUL1,07-JULIO,YY0000238 - 13-0107 - 024  TOP MANGA CORTA  CON VERDE T-22,YOYO CEDI,Aprobado,UND ,190,164,0,164,2026-06-17,01-2026,001-BASIC URBAN,2026-04-21,2026-04-25,1,13-0107             ,1,24,T-22     ,0.0,INCOMPLETO
YOYO,MOP-00000041,YY0000238                                         ,25-3JUL1,07-JULIO,YY0000238 - 13-0107 - 022  TOP MANGA CORTA  CON VERDE T-18,YOYO CEDI,Aprobado,UND ,286,243,0,243,2026-06-17,01-2026,001-BASIC URBAN,2026-04-21,2026-04-25,1,13-0107             ,1,22,T-18     ,0.0,INCOMPLETO
YOYO,MOP-00000041,YY0000238                                         ,25-3JUL1,07-JULIO,YY0000238 - 13-0107 - 023  TOP MANGA CORTA  CON VERDE T-20,YOYO CEDI,Aprobado,UND ,286,243,0,243,2026-06-17,01-2026,001-BASIC URBAN,2026-04-21,2026-04-25,1,13-0107             ,1,23,T-20     ,0.0,INCOMPLETO
YOYO,MOP-00000027,YY0000240                                         ,25-3JUL1,07-JULIO,YY0000240 - 19-4004 - 020  TOP MANGA SISA CUELL NEGRO T-14,YOYO CEDI,Cumplido,UND ,639,619,619,0,2026-06-17,01-2026,001-BASIC URBAN,2026-04-20,2026-04-21,1,19-4004             ,1,20,T-14     ,1.0,CERRADO
YOYO,MOP-00000027,YY0000240                                         ,25-3JUL1,07-JULIO,YY0000240 - 19-4004 - 021  TOP MANGA SISA CUELL NEGRO T-16,YOYO CEDI,Aprobado,UND ,639,585,583,2,2026-06-17,01-2026,001-BASIC URBAN,2026-04-20,2026-04-21,1,19-4004             ,1,21,T-16     ,0.9965811965811966,INCOMPLETO
YOYO,MOP-00000027,YY0000240                                         ,25-3JUL1,07-JULIO,YY0000240 - 19-4004 - 022  TOP MANGA SISA CUELL NEGRO T-18,YOYO CEDI,Aprobado,UND ,383,360,359,1,2026-06-17,01-2026,001-BASIC URBAN,2026-04-20,2026-04-21,1,19-4004             ,1,22,T-18     ,0.9972222222222222,INCOMPLETO
YOYO,MOP-00000027,YY0000240                                         ,25-3JUL1,07-JULIO,YY0000240 - 19-4004 - 023  TOP MANGA SISA CUELL NEGRO T-20,YOYO CEDI,Aprobado,UND ,383,337,336,1,2026-06-17,01-2026,001-BASIC URBAN,2026-04-20,2026-04-21,1,19-4004             ,1,23,T-20     ,0.9970326409495549,INCOMPLETO
YOYO,MOP-00000027,YY0000240                                         ,25-3JUL1,07-JULIO,YY0000240 - 19-4004 - 024  TOP MANGA SISA CUELL NEGRO T-22,YOYO CEDI,Aprobado,UND ,256,226,225,1,2026-06-17,01-2026,001-BASIC URBAN,2026-04-20,2026-04-21,1,19-4004             ,1,24,T-22     ,0.995575221238938,INCOMPLETO
YOYO,MOP-00000053,35002295                                          ,22-2JUN2,06-JUNIO,35002295 - 11-0602 - 020  BODY SISA ESTAMPADO CREMA T-14,YOYO CEDI,Cumplido,UND ,569,495,495,0,2026-07-08,01-2026, ,2026-04-22,2026-04-24,1,11-0602             ,1,20,T-14     ,1.0,CERRADO
YOYO,MOP-00000053,35002295                                          ,22-2JUN2,06-JUNIO,35002295 - 11-0602 - 021  BODY SISA ESTAMPADO CREMA T-16,YOYO CEDI,Cumplido,UND ,549,416,416,0,2026-07-08,01-2026, ,2026-04-22,2026-04-24,1,11-0602             ,1,21,T-16     ,1.0,CERRADO
YOYO,MOP-00000053,35002295                                          ,22-2JUN2,06-JUNIO,35002295 - 11-0602 - 022  BODY SISA ESTAMPADO CREMA T-18,YOYO CEDI,Cumplido,UND ,335,310,310,0,2026-07-08,01-2026, ,2026-04-22,2026-04-24,1,11-0602             ,1,22,T-18     ,1.0,CERRADO
YOYO,MOP-00000053,35002295                                          ,22-2JUN2,06-JUNIO,35002295 - 11-0602 - 023  BODY SISA ESTAMPADO CREMA T-20,YOYO CEDI,Cumplido,UND ,364,310,310,0,2026-07-08,01-2026, ,2026-04-22,2026-04-24,1,11-0602             ,1,23,T-20     ,1.0,CERRADO
YOYO,MOP-00000053,35002295                                          ,22-2JUN2,06-JUNIO,35002295 - 11-0602 - 024  BODY SISA ESTAMPADO CREMA T-22,YOYO CEDI,Cumplido,UND ,155,121,121,0,2026-07-08,01-2026, ,2026-04-22,2026-04-24,1,11-0602             ,1,24,T-22     ,1.0,CERRADO
YOYO,MOP-00000018,YY0004398                                         ,17-2MAY1,05-MAYO,YY0004398 - IND03 - 019  FALDA TIRO MEDIO TP INDIGO T-12,YOYO CEDI,Aprobado,UND ,556,556,0,556,2026-04-14,01-2026,007-PRETTY WOMAN,2026-04-14,2026-04-14,1,IND03               ,1,19,T-12     ,0.0,INCOMPLETO
YOYO,MOP-00000018,YY0004398                                         ,17-2MAY1,05-MAYO,YY0004398 - IND03 - 020  FALDA TIRO MEDIO TP INDIGO T-14,YOYO CEDI,Aprobado,UND ,444,444,0,444,2026-04-14,01-2026,007-PRETTY WOMAN,2026-04-14,2026-04-14,1,IND03               ,1,20,T-14     ,0.0,INCOMPLETO
YOYO,MOP-00000018,YY0004398                                         ,17-2MAY1,05-MAYO,YY0004398 - IND03 - 021  FALDA TIRO MEDIO TP INDIGO T-16,YOYO CEDI,Aprobado,UND ,444,444,0,444,2026-04-14,01-2026,007-PRETTY WOMAN,2026-04-14,2026-04-14,1,IND03               ,1,21,T-16     ,0.0,INCOMPLETO
YOYO,MOP-00000018,YY0004398                                         ,17-2MAY1,05-MAYO,YY0004398 - IND03 - 022  FALDA TIRO MEDIO TP INDIGO T-18,YOYO CEDI,Aprobado,UND ,333,333,0,333,2026-04-14,01-2026,007-PRETTY WOMAN,2026-04-14,2026-04-14,1,IND03               ,1,22,T-18     ,0.0,INCOMPLETO
YOYO,MOP-00000018,YY0004398                                         ,17-2MAY1,05-MAYO,YY0004398 - IND03 - 023  FALDA TIRO MEDIO TP INDIGO T-20,YOYO CEDI,Aprobado,UND ,222,222,0,222,2026-04-14,01-2026,007-PRETTY WOMAN,2026-04-14,2026-04-14,1,IND03               ,1,23,T-20     ,0.0,INCOMPLETO
YOYO,MOP-00000022,YY0001087                                         ,23-2JUN3,06-JUNIO,YY0001087 - 18-1763 - 020  BLUSA TIRAS TP CON C ROJO T-14,YOYO CEDI,Aprobado,UND ,556,556,527,29,2026-06-03,01-2026,016-LOVE & LATTE,2026-04-20,2026-04-20,1,18-1763             ,1,20,T-14     ,0.947841726618705,INCOMPLETO
YOYO,MOP-00000022,YY0001087                                         ,23-2JUN3,06-JUNIO,YY0001087 - 18-1763 - 021  BLUSA TIRAS TP CON C ROJO T-16,YOYO CEDI,Aprobado,UND ,556,556,535,21,2026-06-03,01-2026,016-LOVE & LATTE,2026-04-20,2026-04-20,1,18-1763             ,1,21,T-16     ,0.9622302158273381,INCOMPLETO
YOYO,MOP-00000022,YY0001087                                         ,23-2JUN3,06-JUNIO,YY0001087 - 18-1763 - 022  BLUSA TIRAS TP CON C ROJO T-18,YOYO CEDI,Aprobado,UND ,333,333,322,11,2026-06-03,01-2026,016-LOVE & LATTE,2026-04-20,2026-04-20,1,18-1763             ,1,22,T-18     ,0.9669669669669669,INCOMPLETO
YOYO,MOP-00000022,YY0001087                                         ,23-2JUN3,06-JUNIO,YY0001087 - 18-1763 - 023  BLUSA TIRAS TP CON C ROJO T-20,YOYO CEDI,Aprobado,UND ,333,333,320,13,2026-06-03,01-2026,016-LOVE & LATTE,2026-04-20,2026-04-20,1,18-1763             ,1,23,T-20     ,0.960960960960961,INCOMPLETO
YOYO,MOP-00000022,YY0001087                                         ,23-2JUN3,06-JUNIO,YY0001087 - 18-1763 - 024  BLUSA TIRAS TP CON C ROJO T-22,YOYO CEDI,Aprobado,UND ,222,222,97,125,2026-06-03,01-2026,016-LOVE & LATTE,2026-04-20,2026-04-20,1,18-1763             ,1,24,T-22     ,0.4369369369369369,INCOMPLETO
YOYO,MOP-00000023,YY0001082                                         ,23-2JUN3,06-JUNIO,YY0001082 - 18-1655 - 020  CAMISETA MC TP ESCOT ROJO T-14,YOYO CEDI,Cumplido,UND ,556,587,587,0,2026-06-03,01-2026,016-LOVE & LATTE,2026-04-20,2026-04-21,1,18-1655             ,1,20,T-14     ,1.0,CERRADO
YOYO,MOP-00000023,YY0001082                                         ,23-2JUN3,06-JUNIO,YY0001082 - 18-1655 - 021  CAMISETA MC TP ESCOT ROJO T-16,YOYO CEDI,Cumplido,UND ,556,582,582,0,2026-06-03,01-2026,016-LOVE & LATTE,2026-04-20,2026-04-21,1,18-1655             ,1,21,T-16     ,1.0,CERRADO
YOYO,MOP-00000023,YY0001082                                         ,23-2JUN3,06-JUNIO,YY0001082 - 18-1655 - 022  CAMISETA MC TP ESCOT ROJO T-18,YOYO CEDI,Cumplido,UND ,333,342,342,0,2026-06-03,01-2026,016-LOVE & LATTE,2026-04-20,2026-04-21,1,18-1655             ,1,22,T-18     ,1.0,CERRADO
YOYO,MOP-00000023,YY0001082                                         ,23-2JUN3,06-JUNIO,YY0001082 - 18-1655 - 023  CAMISETA MC TP ESCOT ROJO T-20,YOYO CEDI,Cumplido,UND ,333,342,342,0,2026-06-03,01-2026,016-LOVE & LATTE,2026-04-20,2026-04-21,1,18-1655             ,1,23,T-20     ,1.0,CERRADO
YOYO,MOP-00000023,YY0001082                                         ,23-2JUN3,06-JUNIO,YY0001082 - 18-1655 - 024  CAMISETA MC TP ESCOT ROJO T-22,YOYO CEDI,Cumplido,UND ,222,228,228,0,2026-06-03,01-2026,016-LOVE & LATTE,2026-04-20,2026-04-21,1,18-1655             ,1,24,T-22     ,1.0,CERRADO
YOYO,MOP-00000033,YY0001077                                         ,18-2MAY2,05-MAYO,YY0001077 - 18-4027 - 019  CAMISETA MC TP TIPO AZUL T-12,YOYO CEDI,Aprobado,UND ,270,266,0,266,2026-04-22,01-2026,013-SOCCER VIBES,2026-04-21,2026-05-14,1,18-4027             ,1,19,T-12     ,0.0,INCOMPLETO
YOYO,MOP-00000033,YY0001077                                         ,18-2MAY2,05-MAYO,YY0001077 - 18-4027 - 020  CAMISETA MC TP TIPO AZUL T-14,YOYO CEDI,Aprobado,UND ,450,507,0,507,2026-04-22,01-2026,013-SOCCER VIBES,2026-04-21,2026-05-14,1,18-4027             ,1,20,T-14     ,0.0,INCOMPLETO
YOYO,MOP-00000033,YY0001077                                         ,18-2MAY2,05-MAYO,YY0001077 - 18-4027 - 021  CAMISETA MC TP TIPO AZUL T-16,YOYO CEDI,Aprobado,UND ,450,509,0,509,2026-04-22,01-2026,013-SOCCER VIBES,2026-04-21,2026-05-14,1,18-4027             ,1,21,T-16     ,0.0,INCOMPLETO
YOYO,MOP-00000033,YY0001077                                         ,18-2MAY2,05-MAYO,YY0001077 - 18-4027 - 022  CAMISETA MC TP TIPO AZUL T-18,YOYO CEDI,Aprobado,UND ,270,253,0,253,2026-04-22,01-2026,013-SOCCER VIBES,2026-04-21,2026-05-14,1,18-4027             ,1,22,T-18     ,0.0,INCOMPLETO
YOYO,MOP-00000033,YY0001077                                         ,18-2MAY2,05-MAYO,YY0001077 - 18-4027 - 023  CAMISETA MC TP TIPO AZUL T-20,YOYO CEDI,Aprobado,UND ,270,254,0,254,2026-04-22,01-2026,013-SOCCER VIBES,2026-04-21,2026-05-14,1,18-4027             ,1,23,T-20     ,0.0,INCOMPLETO
YOYO,MOP-00000033,YY0001077                                         ,18-2MAY2,05-MAYO,YY0001077 - 18-4027 - 024  CAMISETA MC TP TIPO AZUL T-22,YOYO CEDI,Aprobado,UND ,180,169,0,169,2026-04-22,01-2026,013-SOCCER VIBES,2026-04-21,2026-05-14,1,18-4027             ,1,24,T-22     ,0.0,INCOMPLETO
YOYO,MOP-00000033,YY0001077                                         ,18-2MAY2,05-MAYO,YY0001077 - 11-0601 - 019  CAMISETA MC TP TIPO BLANCO T-12,YOYO CEDI,Aprobado,UND ,330,352,0,352,2026-04-22,01-2026,013-SOCCER VIBES,2026-04-21,2026-05-14,1,11-0601             ,1,19,T-12     ,0.0,INCOMPLETO
YOYO,MOP-00000033,YY0001077                                         ,18-2MAY2,05-MAYO,YY0001077 - 11-0601 - 020  CAMISETA MC TP TIPO BLANCO T-14,YOYO CEDI,Aprobado,UND ,550,727,0,727,2026-04-22,01-2026,013-SOCCER VIBES,2026-04-21,2026-05-14,1,11-0601             ,1,20,T-14     ,0.0,INCOMPLETO
YOYO,MOP-00000033,YY0001077                                         ,18-2MAY2,05-MAYO,YY0001077 - 11-0601 - 021  CAMISETA MC TP TIPO BLANCO T-16,YOYO CEDI,Aprobado,UND ,550,727,0,727,2026-04-22,01-2026,013-SOCCER VIBES,2026-04-21,2026-05-14,1,11-0601             ,1,21,T-16     ,0.0,INCOMPLETO
YOYO,MOP-00000033,YY0001077                                         ,18-2MAY2,05-MAYO,YY0001077 - 11-0601 - 022  CAMISETA MC TP TIPO BLANCO T-18,YOYO CEDI,Aprobado,UND ,330,326,0,326,2026-04-22,01-2026,013-SOCCER VIBES,2026-04-21,2026-05-14,1,11-0601             ,1,22,T-18     ,0.0,INCOMPLETO
YOYO,MOP-00000033,YY0001077                                         ,18-2MAY2,05-MAYO,YY0001077 - 11-0601 - 023  CAMISETA MC TP TIPO BLANCO T-20,YOYO CEDI,Aprobado,UND ,330,385,0,385,2026-04-22,01-2026,013-SOCCER VIBES,2026-04-21,2026-05-14,1,11-0601             ,1,23,T-20     ,0.0,INCOMPLETO
YOYO,MOP-00000033,YY0001077                                         ,18-2MAY2,05-MAYO,YY0001077 - 11-0601 - 024  CAMISETA MC TP TIPO BLANCO T-22,YOYO CEDI,Aprobado,UND ,220,237,0,237,2026-04-22,01-2026,013-SOCCER VIBES,2026-04-21,2026-05-14,1,11-0601             ,1,24,T-22     ,0.0,INCOMPLETO
YOYO,MOP-00000034,YY0001086                                         ,21-2JUN1,06-JUNIO,YY0001086 - 19-4004 - 020  CAMISETA ML TP ESCOT NEGRO T-14,YOYO CEDI,Cumplido,UND ,417,425,425,0,2026-05-20,01-2026,014-MATCHA CLUB,2026-04-21,2026-05-08,1,19-4004             ,1,20,T-14     ,1.0,CERRADO
YOYO,MOP-00000034,YY0001086                                         ,21-2JUN1,06-JUNIO,YY0001086 - 19-4004 - 021  CAMISETA ML TP ESCOT NEGRO T-16,YOYO CEDI,Cumplido,UND ,417,439,439,0,2026-05-20,01-2026,014-MATCHA CLUB,2026-04-21,2026-05-08,1,19-4004             ,1,21,T-16     ,1.0,CERRADO
YOYO,MOP-00000034,YY0001086                                         ,21-2JUN1,06-JUNIO,YY0001086 - 19-4004 - 022  CAMISETA ML TP ESCOT NEGRO T-18,YOYO CEDI,Cumplido,UND ,250,268,268,0,2026-05-20,01-2026,014-MATCHA CLUB,2026-04-21,2026-05-08,1,19-4004             ,1,22,T-18     ,1.0,CERRADO
YOYO,MOP-00000034,YY0001086                                         ,21-2JUN1,06-JUNIO,YY0001086 - 19-4004 - 023  CAMISETA ML TP ESCOT NEGRO T-20,YOYO CEDI,Cumplido,UND ,250,245,245,0,2026-05-20,01-2026,014-MATCHA CLUB,2026-04-21,2026-05-08,1,19-4004             ,1,23,T-20     ,1.0,CERRADO
YOYO,MOP-00000034,YY0001086                                         ,21-2JUN1,06-JUNIO,YY0001086 - 19-4004 - 024  CAMISETA ML TP ESCOT NEGRO T-22,YOYO CEDI,Cumplido,UND ,167,171,171,0,2026-05-20,01-2026,014-MATCHA CLUB,2026-04-21,2026-05-08,1,19-4004             ,1,24,T-22     ,1.0,CERRADO
YOYO,MOP-00000038,YY0000232                                         ,25-3JUL1,07-JULIO,YY0000232 - 12-0704 - 020  SOBRECAMISA CREMA T-14,YOYO CEDI,Aprobado,UND ,531,538,0,538,2026-06-17,01-2026,001-BASIC URBAN,2026-04-21,2026-04-27,1,12-0704             ,1,20,T-14     ,0.0,INCOMPLETO
YOYO,MOP-00000038,YY0000232                                         ,25-3JUL1,07-JULIO,YY0000232 - 12-0704 - 021  SOBRECAMISA CREMA T-16,YOYO CEDI,Aprobado,UND ,531,534,0,534,2026-06-17,01-2026,001-BASIC URBAN,2026-04-21,2026-04-27,1,12-0704             ,1,21,T-16     ,0.0,INCOMPLETO
YOYO,MOP-00000038,YY0000232                                         ,25-3JUL1,07-JULIO,YY0000232 - 12-0704 - 022  SOBRECAMISA CREMA T-18,YOYO CEDI,Aprobado,UND ,319,322,0,322,2026-06-17,01-2026,001-BASIC URBAN,2026-04-21,2026-04-27,1,12-0704             ,1,22,T-18     ,0.0,INCOMPLETO
YOYO,MOP-00000038,YY0000232                                         ,25-3JUL1,07-JULIO,YY0000232 - 12-0704 - 023  SOBRECAMISA CREMA T-20,YOYO CEDI,Aprobado,UND ,319,322,0,322,2026-06-17,01-2026,001-BASIC URBAN,2026-04-21,2026-04-27,1,12-0704             ,1,23,T-20     ,0.0,INCOMPLETO
YOYO,MOP-00000046,YY0000227                                         ,25-3JUL1,07-JULIO,YY0000227 - IND02 - 019  SHORT TIRO ALTO INDIGO T-12,YOYO CEDI,Aprobado,UND ,458,490,0,490,2026-06-17,01-2026,001-BASIC URBAN,2026-04-21,2026-05-01,1,IND02               ,1,19,T-12     ,0.0,INCOMPLETO
YOYO,MOP-00000046,YY0000227                                         ,25-3JUL1,07-JULIO,YY0000227 - IND02 - 020  SHORT TIRO ALTO INDIGO T-14,YOYO CEDI,Aprobado,UND ,458,436,0,436,2026-06-17,01-2026,001-BASIC URBAN,2026-04-21,2026-05-01,1,IND02               ,1,20,T-14     ,0.0,INCOMPLETO
YOYO,MOP-00000046,YY0000227                                         ,25-3JUL1,07-JULIO,YY0000227 - IND02 - 021  SHORT TIRO ALTO INDIGO T-16,YOYO CEDI,Aprobado,UND ,458,435,0,435,2026-06-17,01-2026,001-BASIC URBAN,2026-04-21,2026-05-01,1,IND02               ,1,21,T-16     ,0.0,INCOMPLETO
YOYO,MOP-00000046,YY0000227                                         ,25-3JUL1,07-JULIO,YY0000227 - IND02 - 022  SHORT TIRO ALTO INDIGO T-18,YOYO CEDI,Aprobado,UND ,367,380,0,380,2026-06-17,01-2026,001-BASIC URBAN,2026-04-21,2026-05-01,1,IND02               ,1,22,T-18     ,0.0,INCOMPLETO
YOYO,MOP-00000046,YY0000227                                         ,25-3JUL1,07-JULIO,YY0000227 - IND02 - 023  SHORT TIRO ALTO INDIGO T-20,YOYO CEDI,Aprobado,UND ,275,268,0,268,2026-06-17,01-2026,001-BASIC URBAN,2026-04-21,2026-05-01,1,IND02               ,1,23,T-20     ,0.0,INCOMPLETO
YOYO,MOP-00000046,YY0000227                                         ,25-3JUL1,07-JULIO,YY0000227 - IND02 - 024  SHORT TIRO ALTO INDIGO T-22,YOYO CEDI,Aprobado,UND ,183,160,0,160,2026-06-17,01-2026,001-BASIC URBAN,2026-04-21,2026-05-01,1,IND02               ,1,24,T-22     ,0.0,INCOMPLETO
YOYO,MOP-00000049,YY0001076                                         ,17-2MAY1,05-MAYO,YY0001076 - 18-1222 - 020  VESTIDO MC TP TIPO P CAFE T-14,YOYO CEDI,Cumplido,UND ,425,338,338,0,2026-06-17,01-2026,013-SOCCER VIBES,2026-04-21,2026-05-01,1,18-1222             ,1,20,T-14     ,1.0,CERRADO
YOYO,MOP-00000049,YY0001076                                         ,17-2MAY1,05-MAYO,YY0001076 - 18-1222 - 021  VESTIDO MC TP TIPO P CAFE T-16,YOYO CEDI,Cumplido,UND ,425,305,305,0,2026-06-17,01-2026,013-SOCCER VIBES,2026-04-21,2026-05-01,1,18-1222             ,1,21,T-16     ,1.0,CERRADO
YOYO,MOP-00000049,YY0001076                                         ,17-2MAY1,05-MAYO,YY0001076 - 18-1222 - 022  VESTIDO MC TP TIPO P CAFE T-18,YOYO CEDI,Aprobado,UND ,340,239,234,5,2026-06-17,01-2026,013-SOCCER VIBES,2026-04-21,2026-05-01,1,18-1222             ,1,22,T-18     ,0.9790794979079498,INCOMPLETO
YOYO,MOP-00000049,YY0001076                                         ,17-2MAY1,05-MAYO,YY0001076 - 18-1222 - 023  VESTIDO MC TP TIPO P CAFE T-20,YOYO CEDI,Cumplido,UND ,255,180,180,0,2026-06-17,01-2026,013-SOCCER VIBES,2026-04-21,2026-05-01,1,18-1222             ,1,23,T-20     ,1.0,CERRADO
YOYO,MOP-00000049,YY0001076                                         ,17-2MAY1,05-MAYO,YY0001076 - 18-1222 - 024  VESTIDO MC TP TIPO P CAFE T-22,YOYO CEDI,Cumplido,UND ,255,159,159,0,2026-06-17,01-2026,013-SOCCER VIBES,2026-04-21,2026-05-01,1,18-1222             ,1,24,T-22     ,1.0,CERRADO
YOYO,MOP-00000056,YY0000258                                         ,26-3JUL2,07-JULIO,YY0000258 - IND07 - 019  RETROMOM TIRO ALTO INDIGO T-12,YOYO CEDI,Aprobado,UND ,192,190,0,190,2026-06-24,01-2026,002-BLACK GARDEN,2026-04-23,2026-04-29,1,IND07               ,1,19,T-12     ,0.0,INCOMPLETO
YOYO,MOP-00000056,YY0000258                                         ,26-3JUL2,07-JULIO,YY0000258 - IND07 - 020  RETROMOM TIRO ALTO INDIGO T-14,YOYO CEDI,Aprobado,UND ,231,261,0,261,2026-06-24,01-2026,002-BLACK GARDEN,2026-04-23,2026-04-29,1,IND07               ,1,20,T-14     ,0.0,INCOMPLETO
YOYO,MOP-00000056,YY0000258                                         ,26-3JUL2,07-JULIO,YY0000258 - IND07 - 021  RETROMOM TIRO ALTO INDIGO T-16,YOYO CEDI,Aprobado,UND ,231,240,0,240,2026-06-24,01-2026,002-BLACK GARDEN,2026-04-23,2026-04-29,1,IND07               ,1,21,T-16     ,0.0,INCOMPLETO
YOYO,MOP-00000056,YY0000258                                         ,26-3JUL2,07-JULIO,YY0000258 - IND07 - 022  RETROMOM TIRO ALTO INDIGO T-18,YOYO CEDI,Aprobado,UND ,154,144,0,144,2026-06-24,01-2026,002-BLACK GARDEN,2026-04-23,2026-04-29,1,IND07               ,1,22,T-18     ,0.0,INCOMPLETO
YOYO,MOP-00000056,YY0000258                                         ,26-3JUL2,07-JULIO,YY0000258 - IND07 - 023  RETROMOM TIRO ALTO INDIGO T-20,YOYO CEDI,Aprobado,UND ,115,111,0,111,2026-06-24,01-2026,002-BLACK GARDEN,2026-04-23,2026-04-29,1,IND07               ,1,23,T-20     ,0.0,INCOMPLETO
YOYO,MOP-00000056,YY0000258                                         ,26-3JUL2,07-JULIO,YY0000258 - IND07 - 024  RETROMOM TIRO ALTO INDIGO T-22,YOYO CEDI,Aprobado,UND ,77,74,0,74,2026-06-24,01-2026,002-BLACK GARDEN,2026-04-23,2026-04-29,1,IND07               ,1,24,T-22     ,0.0,INCOMPLETO
YOYO,MOP-00000058,YY0000250                                         ,26-3JUL2,07-JULIO,YY0000250 - 14-4110 - 020  BLUSA MANGA SISAS  C AZUL T-14,YOYO CEDI,Aprobado,UND ,528,550,547,3,2026-06-24,01-2026,002-BLACK GARDEN,2026-04-23,2026-04-27,1,14-4110             ,1,20,T-14     ,0.9945454545454545,INCOMPLETO
YOYO,MOP-00000058,YY0000250                                         ,26-3JUL2,07-JULIO,YY0000250 - 14-4110 - 021  BLUSA MANGA SISAS  C AZUL T-16,YOYO CEDI,Cumplido,UND ,528,553,553,0,2026-06-24,01-2026,002-BLACK GARDEN,2026-04-23,2026-04-27,1,14-4110             ,1,21,T-16     ,1.0,CERRADO
YOYO,MOP-00000058,YY0000250                                         ,26-3JUL2,07-JULIO,YY0000250 - 14-4110 - 022  BLUSA MANGA SISAS  C AZUL T-18,YOYO CEDI,Cumplido,UND ,317,332,332,0,2026-06-24,01-2026,002-BLACK GARDEN,2026-04-23,2026-04-27,1,14-4110             ,1,22,T-18     ,1.0,CERRADO
YOYO,MOP-00000058,YY0000250                                         ,26-3JUL2,07-JULIO,YY0000250 - 14-4110 - 023  BLUSA MANGA SISAS  C AZUL T-20,YOYO CEDI,Aprobado,UND ,317,330,329,1,2026-06-24,01-2026,002-BLACK GARDEN,2026-04-23,2026-04-27,1,14-4110             ,1,23,T-20     ,0.996969696969697,INCOMPLETO
YOYO,MOP-00000058,YY0000250                                         ,26-3JUL2,07-JULIO,YY0000250 - 14-4110 - 024  BLUSA MANGA SISAS  C AZUL T-22,YOYO CEDI,Cumplido,UND ,211,220,220,0,2026-06-24,01-2026,002-BLACK GARDEN,2026-04-23,2026-04-27,1,14-4110             ,1,24,T-22     ,1.0,CERRADO
YOYO,MOP-00000060,YY0000256                                         ,26-3JUL2,07-JULIO,YY0000256 - 18-1020 - 020  TOP MANGA SISA CUELL CAFE T-14,YOYO CEDI,Aprobado,UND ,556,577,0,577,2026-06-24,01-2026,002-BLACK GARDEN,2026-04-24,2026-04-27,1,18-1020             ,1,20,T-14     ,0.0,INCOMPLETO
YOYO,MOP-00000060,YY0000256                                         ,26-3JUL2,07-JULIO,YY0000256 - 18-1020 - 021  TOP MANGA SISA CUELL CAFE T-16,YOYO CEDI,Aprobado,UND ,556,571,0,571,2026-06-24,01-2026,002-BLACK GARDEN,2026-04-24,2026-04-27,1,18-1020             ,1,21,T-16     ,0.0,INCOMPLETO
YOYO,MOP-00000060,YY0000256                                         ,26-3JUL2,07-JULIO,YY0000256 - 18-1020 - 022  TOP MANGA SISA CUELL CAFE T-18,YOYO CEDI,Aprobado,UND ,333,339,0,339,2026-06-24,01-2026,002-BLACK GARDEN,2026-04-24,2026-04-27,1,18-1020             ,1,22,T-18     ,0.0,INCOMPLETO
YOYO,MOP-00000060,YY0000256                                         ,26-3JUL2,07-JULIO,YY0000256 - 18-1020 - 023  TOP MANGA SISA CUELL CAFE T-20,YOYO CEDI,Aprobado,UND ,333,339,0,339,2026-06-24,01-2026,002-BLACK GARDEN,2026-04-24,2026-04-27,1,18-1020             ,1,23,T-20     ,0.0,INCOMPLETO
YOYO,MOP-00000060,YY0000256                                         ,26-3JUL2,07-JULIO,YY0000256 - 18-1020 - 024  TOP MANGA SISA CUELL CAFE T-22,YOYO CEDI,Aprobado,UND ,222,230,0,230,2026-06-24,01-2026,002-BLACK GARDEN,2026-04-24,2026-04-27,1,18-1020             ,1,24,T-22     ,0.0,INCOMPLETO
YOYO,MOP-00000064,YY0000257                                         ,25-3JUL1,07-JULIO,YY0000257 - 19-4004 - 018  TSHIRT  MANGA CORTA NEGRO T-10,YOYO CEDI,Aprobado,UND ,210,198,0,198,2026-06-24,01-2026,002-BLACK GARDEN,2026-04-27,2026-04-29,1,19-4004             ,1,18,T-10     ,0.0,INCOMPLETO
YOYO,MOP-00000064,YY0000257                                         ,25-3JUL1,07-JULIO,YY0000257 - 19-4004 - 019  TSHIRT  MANGA CORTA NEGRO T-12,YOYO CEDI,Aprobado,UND ,316,314,0,314,2026-06-24,01-2026,002-BLACK GARDEN,2026-04-27,2026-04-29,1,19-4004             ,1,19,T-12     ,0.0,INCOMPLETO
YOYO,MOP-00000064,YY0000257                                         ,25-3JUL1,07-JULIO,YY0000257 - 19-4004 - 020  TSHIRT  MANGA CORTA NEGRO T-14,YOYO CEDI,Aprobado,UND ,526,511,0,511,2026-06-24,01-2026,002-BLACK GARDEN,2026-04-27,2026-04-29,1,19-4004             ,1,20,T-14     ,0.0,INCOMPLETO
YOYO,MOP-00000064,YY0000257                                         ,25-3JUL1,07-JULIO,YY0000257 - 19-4004 - 021  TSHIRT  MANGA CORTA NEGRO T-16,YOYO CEDI,Aprobado,UND ,526,521,0,521,2026-06-24,01-2026,002-BLACK GARDEN,2026-04-27,2026-04-29,1,19-4004             ,1,21,T-16     ,0.0,INCOMPLETO
YOYO,MOP-00000064,YY0000257                                         ,25-3JUL1,07-JULIO,YY0000257 - 19-4004 - 022  TSHIRT  MANGA CORTA NEGRO T-18,YOYO CEDI,Aprobado,UND ,316,323,0,323,2026-06-24,01-2026,002-BLACK GARDEN,2026-04-27,2026-04-29,1,19-4004             ,1,22,T-18     ,0.0,INCOMPLETO
YOYO,MOP-00000064,YY0000257                                         ,25-3JUL1,07-JULIO,YY0000257 - 19-4004 - 023  TSHIRT  MANGA CORTA NEGRO T-20,YOYO CEDI,Aprobado,UND ,316,323,0,323,2026-06-24,01-2026,002-BLACK GARDEN,2026-04-27,2026-04-29,1,19-4004             ,1,23,T-20     ,0.0,INCOMPLETO
YOYO,MOP-00000064,YY0000257                                         ,25-3JUL1,07-JULIO,YY0000257 - 17-6009 - 018  TSHIRT  MANGA CORTA VERDE T-10,YOYO CEDI,Aprobado,UND ,237,170,0,170,2026-06-24,01-2026,002-BLACK GARDEN,2026-04-27,2026-04-29,1,17-6009             ,1,18,T-10     ,0.0,INCOMPLETO
YOYO,MOP-00000064,YY0000257                                         ,25-3JUL1,07-JULIO,YY0000257 - 17-6009 - 019  TSHIRT  MANGA CORTA VERDE T-12,YOYO CEDI,Aprobado,UND ,356,269,0,269,2026-06-24,01-2026,002-BLACK GARDEN,2026-04-27,2026-04-29,1,17-6009             ,1,19,T-12     ,0.0,INCOMPLETO
YOYO,MOP-00000064,YY0000257                                         ,25-3JUL1,07-JULIO,YY0000257 - 17-6009 - 020  TSHIRT  MANGA CORTA VERDE T-14,YOYO CEDI,Aprobado,UND ,593,443,0,443,2026-06-24,01-2026,002-BLACK GARDEN,2026-04-27,2026-04-29,1,17-6009             ,1,20,T-14     ,0.0,INCOMPLETO
YOYO,MOP-00000064,YY0000257                                         ,25-3JUL1,07-JULIO,YY0000257 - 17-6009 - 021  TSHIRT  MANGA CORTA VERDE T-16,YOYO CEDI,Aprobado,UND ,593,439,0,439,2026-06-24,01-2026,002-BLACK GARDEN,2026-04-27,2026-04-29,1,17-6009             ,1,21,T-16     ,0.0,INCOMPLETO
YOYO,MOP-00000064,YY0000257                                         ,25-3JUL1,07-JULIO,YY0000257 - 17-6009 - 022  TSHIRT  MANGA CORTA VERDE T-18,YOYO CEDI,Aprobado,UND ,356,269,0,269,2026-06-24,01-2026,002-BLACK GARDEN,2026-04-27,2026-04-29,1,17-6009             ,1,22,T-18     ,0.0,INCOMPLETO
YOYO,MOP-00000064,YY0000257                                         ,25-3JUL1,07-JULIO,YY0000257 - 17-6009 - 023  TSHIRT  MANGA CORTA VERDE T-20,YOYO CEDI,Aprobado,UND ,356,269,0,269,2026-06-24,01-2026,002-BLACK GARDEN,2026-04-27,2026-04-29,1,17-6009             ,1,23,T-20     ,0.0,INCOMPLETO
YOYO,MOP-00000065,YY0000260                                         ,26-3JUL2,07-JULIO,YY0000260 - 19-4004 - 020  PANTALON BOTA AMPLIA NEGRO T-14,YOYO CEDI,Cumplido,UND ,686,802,802,0,2026-06-24,01-2026,002-BLACK GARDEN,2026-04-28,2026-04-30,1,19-4004             ,1,20,T-14     ,1.0,CERRADO
YOYO,MOP-00000065,YY0000260                                         ,26-3JUL2,07-JULIO,YY0000260 - 19-4004 - 021  PANTALON BOTA AMPLIA NEGRO T-16,YOYO CEDI,Cumplido,UND ,686,554,554,0,2026-06-24,01-2026,002-BLACK GARDEN,2026-04-28,2026-04-30,1,19-4004             ,1,21,T-16     ,1.0,CERRADO
YOYO,MOP-00000065,YY0000260                                         ,26-3JUL2,07-JULIO,YY0000260 - 19-4004 - 022  PANTALON BOTA AMPLIA NEGRO T-18,YOYO CEDI,Aprobado,UND ,457,432,431,1,2026-06-24,01-2026,002-BLACK GARDEN,2026-04-28,2026-04-30,1,19-4004             ,1,22,T-18     ,0.9976851851851852,INCOMPLETO
YOYO,MOP-00000065,YY0000260                                         ,26-3JUL2,07-JULIO,YY0000260 - 19-4004 - 023  PANTALON BOTA AMPLIA NEGRO T-20,YOYO CEDI,Cumplido,UND ,343,385,385,0,2026-06-24,01-2026,002-BLACK GARDEN,2026-04-28,2026-04-30,1,19-4004             ,1,23,T-20     ,1.0,CERRADO
YOYO,MOP-00000065,YY0000260                                         ,26-3JUL2,07-JULIO,YY0000260 - 19-4004 - 024  PANTALON BOTA AMPLIA NEGRO T-22,YOYO CEDI,Cumplido,UND ,229,258,258,0,2026-06-24,01-2026,002-BLACK GARDEN,2026-04-28,2026-04-30,1,19-4004             ,1,24,T-22     ,1.0,CERRADO
YOYO,MOP-00000068,YY0000259                                         ,26-3JUL2,07-JULIO,YY0000259 - IND02 - 019  CARGO TIRO ALTO INDIGO T-12,YOYO CEDI,Aprobado,UND ,500,517,0,517,2026-06-24,01-2026,002-BLACK GARDEN,2026-04-28,2026-05-04,1,IND02               ,1,19,T-12     ,0.0,INCOMPLETO
YOYO,MOP-00000068,YY0000259                                         ,26-3JUL2,07-JULIO,YY0000259 - IND02 - 020  CARGO TIRO ALTO INDIGO T-14,YOYO CEDI,Aprobado,UND ,600,584,0,584,2026-06-24,01-2026,002-BLACK GARDEN,2026-04-28,2026-05-04,1,IND02               ,1,20,T-14     ,0.0,INCOMPLETO
YOYO,MOP-00000068,YY0000259                                         ,26-3JUL2,07-JULIO,YY0000259 - IND02 - 021  CARGO TIRO ALTO INDIGO T-16,YOYO CEDI,Aprobado,UND ,600,622,0,622,2026-06-24,01-2026,002-BLACK GARDEN,2026-04-28,2026-05-04,1,IND02               ,1,21,T-16     ,0.0,INCOMPLETO
YOYO,MOP-00000068,YY0000259                                         ,26-3JUL2,07-JULIO,YY0000259 - IND02 - 022  CARGO TIRO ALTO INDIGO T-18,YOYO CEDI,Aprobado,UND ,400,394,0,394,2026-06-24,01-2026,002-BLACK GARDEN,2026-04-28,2026-05-04,1,IND02               ,1,22,T-18     ,0.0,INCOMPLETO
YOYO,MOP-00000068,YY0000259                                         ,26-3JUL2,07-JULIO,YY0000259 - IND02 - 023  CARGO TIRO ALTO INDIGO T-20,YOYO CEDI,Aprobado,UND ,300,311,0,311,2026-06-24,01-2026,002-BLACK GARDEN,2026-04-28,2026-05-04,1,IND02               ,1,23,T-20     ,0.0,INCOMPLETO
YOYO,MOP-00000068,YY0000259                                         ,26-3JUL2,07-JULIO,YY0000259 - IND02 - 024  CARGO TIRO ALTO INDIGO T-22,YOYO CEDI,Aprobado,UND ,200,197,0,197,2026-06-24,01-2026,002-BLACK GARDEN,2026-04-28,2026-05-04,1,IND02               ,1,24,T-22     ,0.0,INCOMPLETO
YOYO,MOP-00000070,YY0004342                                         ,24-2JUN4,06-JUNIO,YY0004342 - IND04 - 020  CHALECO MANGA SISA C INDIGO T-14,YOYO CEDI,Aprobado,UND ,294,294,147,147,2026-06-10,01-2026,015-CONSCIENTE,2026-04-29,2026-04-29,1,IND04               ,1,20,T-14     ,0.5,INCOMPLETO
YOYO,MOP-00000070,YY0004342                                         ,24-2JUN4,06-JUNIO,YY0004342 - IND04 - 021  CHALECO MANGA SISA C INDIGO T-16,YOYO CEDI,Aprobado,UND ,235,235,127,108,2026-06-10,01-2026,015-CONSCIENTE,2026-04-29,2026-04-29,1,IND04               ,1,21,T-16     ,0.5404255319148936,INCOMPLETO
YOYO,MOP-00000070,YY0004342                                         ,24-2JUN4,06-JUNIO,YY0004342 - IND04 - 022  CHALECO MANGA SISA C INDIGO T-18,YOYO CEDI,Aprobado,UND ,176,176,84,92,2026-06-10,01-2026,015-CONSCIENTE,2026-04-29,2026-04-29,1,IND04               ,1,22,T-18     ,0.4772727272727273,INCOMPLETO
YOYO,MOP-00000070,YY0004342                                         ,24-2JUN4,06-JUNIO,YY0004342 - IND04 - 023  CHALECO MANGA SISA C INDIGO T-20,YOYO CEDI,Aprobado,UND ,176,176,20,156,2026-06-10,01-2026,015-CONSCIENTE,2026-04-29,2026-04-29,1,IND04               ,1,23,T-20     ,0.11363636363636363,INCOMPLETO
YOYO,MOP-00000070,YY0004342                                         ,24-2JUN4,06-JUNIO,YY0004342 - IND04 - 024  CHALECO MANGA SISA C INDIGO T-22,YOYO CEDI,Aprobado,UND ,118,118,22,96,2026-06-10,01-2026,015-CONSCIENTE,2026-04-29,2026-04-29,1,IND04               ,1,24,T-22     ,0.1864406779661017,INCOMPLETO
YOYO,MOP-00000071,YY0004343                                         ,20-2MAY4,05-MAYO,YY0004343 - IND04 - 020  FALDA TIRO ALTO CON INDIGO T-14,YOYO CEDI,Cumplido,UND ,140,140,140,0,2026-06-10,01-2026,015-CONSCIENTE,2026-04-29,2026-04-29,1,IND04               ,1,20,T-14     ,1.0,CERRADO
YOYO,MOP-00000071,YY0004343                                         ,20-2MAY4,05-MAYO,YY0004343 - IND04 - 021  FALDA TIRO ALTO CON INDIGO T-16,YOYO CEDI,Cumplido,UND ,146,146,146,0,2026-06-10,01-2026,015-CONSCIENTE,2026-04-29,2026-04-29,1,IND04               ,1,21,T-16     ,1.0,CERRADO
YOYO,MOP-00000071,YY0004343                                         ,20-2MAY4,05-MAYO,YY0004343 - IND04 - 022  FALDA TIRO ALTO CON INDIGO T-18,YOYO CEDI,Cumplido,UND ,72,72,72,0,2026-06-10,01-2026,015-CONSCIENTE,2026-04-29,2026-04-29,1,IND04               ,1,22,T-18     ,1.0,CERRADO
YOYO,MOP-00000071,YY0004343                                         ,20-2MAY4,05-MAYO,YY0004343 - IND04 - 023  FALDA TIRO ALTO CON INDIGO T-20,YOYO CEDI,Cumplido,UND ,18,18,18,0,2026-06-10,01-2026,015-CONSCIENTE,2026-04-29,2026-04-29,1,IND04               ,1,23,T-20     ,1.0,CERRADO
YOYO,MOP-00000071,YY0004343                                         ,20-2MAY4,05-MAYO,YY0004343 - IND04 - 024  FALDA TIRO ALTO CON INDIGO T-22,YOYO CEDI,Cumplido,UND ,22,22,22,0,2026-06-10,01-2026,015-CONSCIENTE,2026-04-29,2026-04-29,1,IND04               ,1,24,T-22     ,1.0,CERRADO
YOYO,MOP-00000072,YY0004344                                         ,24-2JUN4,06-JUNIO,YY0004344 - 11-0602 - 019  PANTALON TIRO ALTO C CREMA T-12,YOYO CEDI,Aprobado,UND ,40,40,0,40,2026-06-10,01-2026,015-CONSCIENTE,2026-04-29,2026-04-29,1,11-0602             ,1,19,T-12     ,0.0,INCOMPLETO
YOYO,MOP-00000072,YY0004344                                         ,24-2JUN4,06-JUNIO,YY0004344 - 11-0602 - 020  PANTALON TIRO ALTO C CREMA T-14,YOYO CEDI,Aprobado,UND ,34,34,0,34,2026-06-10,01-2026,015-CONSCIENTE,2026-04-29,2026-04-29,1,11-0602             ,1,20,T-14     ,0.0,INCOMPLETO
YOYO,MOP-00000073,YY0004345                                         ,24-2JUN4,06-JUNIO,YY0004345 - 11-0602 - 020  CAMISA MANGA CORTA C CREMA T-14,YOYO CEDI,Aprobado,UND ,52,52,0,52,2026-06-10,01-2026,015-CONSCIENTE,2026-04-29,2026-04-29,1,11-0602             ,1,20,T-14     ,0.0,INCOMPLETO
YOYO,MOP-00000073,YY0004345                                         ,24-2JUN4,06-JUNIO,YY0004345 - 11-0602 - 021  CAMISA MANGA CORTA C CREMA T-16,YOYO CEDI,Aprobado,UND ,53,53,0,53,2026-06-10,01-2026,015-CONSCIENTE,2026-04-29,2026-04-29,1,11-0602             ,1,21,T-16     ,0.0,INCOMPLETO
YOYO,MOP-00000073,YY0004345                                         ,24-2JUN4,06-JUNIO,YY0004345 - 11-0602 - 022  CAMISA MANGA CORTA C CREMA T-18,YOYO CEDI,Aprobado,UND ,28,28,0,28,2026-06-10,01-2026,015-CONSCIENTE,2026-04-29,2026-04-29,1,11-0602             ,1,22,T-18     ,0.0,INCOMPLETO
YOYO,MOP-00000073,YY0004345                                         ,24-2JUN4,06-JUNIO,YY0004345 - 11-0602 - 023  CAMISA MANGA CORTA C CREMA T-20,YOYO CEDI,Aprobado,UND ,39,39,0,39,2026-06-10,01-2026,015-CONSCIENTE,2026-04-29,2026-04-29,1,11-0602             ,1,23,T-20     ,0.0,INCOMPLETO
YOYO,MOP-00000073,YY0004345                                         ,24-2JUN4,06-JUNIO,YY0004345 - 11-0602 - 024  CAMISA MANGA CORTA C CREMA T-22,YOYO CEDI,Aprobado,UND ,39,39,0,39,2026-06-10,01-2026,015-CONSCIENTE,2026-04-29,2026-04-29,1,11-0602             ,1,24,T-22     ,0.0,INCOMPLETO
YOYO,MOP-00000075,YY0004347                                         ,24-2JUN4,06-JUNIO,YY0004347 - SURTIDO - 020  BERMUDA TIRO ALTO SURTIDO T-14,YOYO CEDI,Aprobado,UND ,119,119,0,119,2026-06-10,01-2026,015-CONSCIENTE,2026-04-29,2026-04-29,1,SURTIDO             ,1,20,T-14     ,0.0,INCOMPLETO
YOYO,MOP-00000075,YY0004347                                         ,24-2JUN4,06-JUNIO,YY0004347 - SURTIDO - 021  BERMUDA TIRO ALTO SURTIDO T-16,YOYO CEDI,Aprobado,UND ,90,90,0,90,2026-06-10,01-2026,015-CONSCIENTE,2026-04-29,2026-04-29,1,SURTIDO             ,1,21,T-16     ,0.0,INCOMPLETO
YOYO,MOP-00000075,YY0004347                                         ,24-2JUN4,06-JUNIO,YY0004347 - SURTIDO - 022  BERMUDA TIRO ALTO SURTIDO T-18,YOYO CEDI,Aprobado,UND ,90,90,0,90,2026-06-10,01-2026,015-CONSCIENTE,2026-04-29,2026-04-29,1,SURTIDO             ,1,22,T-18     ,0.0,INCOMPLETO
YOYO,MOP-00000075,YY0004347                                         ,24-2JUN4,06-JUNIO,YY0004347 - SURTIDO - 023  BERMUDA TIRO ALTO SURTIDO T-20,YOYO CEDI,Aprobado,UND ,109,109,0,109,2026-06-10,01-2026,015-CONSCIENTE,2026-04-29,2026-04-29,1,SURTIDO             ,1,23,T-20     ,0.0,INCOMPLETO
YOYO,MOP-00000075,YY0004347                                         ,24-2JUN4,06-JUNIO,YY0004347 - SURTIDO - 024  BERMUDA TIRO ALTO SURTIDO T-22,YOYO CEDI,Aprobado,UND ,39,39,0,39,2026-06-10,01-2026,015-CONSCIENTE,2026-04-29,2026-04-29,1,SURTIDO             ,1,24,T-22     ,0.0,INCOMPLETO
YOYO,MOP-00000076,YY0004363                                         ,24-2JUN4,06-JUNIO,YY0004363 - SURTIDO - 020  BUZO MANGA LARGA SURTIDO T-14,YOYO CEDI,Aprobado,UND ,35,35,0,35,2026-06-10,01-2026,015-CONSCIENTE,2026-04-29,2026-04-29,1,SURTIDO             ,1,20,T-14     ,0.0,INCOMPLETO
YOYO,MOP-00000076,YY0004363                                         ,24-2JUN4,06-JUNIO,YY0004363 - SURTIDO - 021  BUZO MANGA LARGA SURTIDO T-16,YOYO CEDI,Aprobado,UND ,35,35,0,35,2026-06-10,01-2026,015-CONSCIENTE,2026-04-29,2026-04-29,1,SURTIDO             ,1,21,T-16     ,0.0,INCOMPLETO
YOYO,MOP-00000076,YY0004363                                         ,24-2JUN4,06-JUNIO,YY0004363 - SURTIDO - 022  BUZO MANGA LARGA SURTIDO T-18,YOYO CEDI,Aprobado,UND ,26,26,0,26,2026-06-10,01-2026,015-CONSCIENTE,2026-04-29,2026-04-29,1,SURTIDO             ,1,22,T-18     ,0.0,INCOMPLETO
YOYO,MOP-00000061,35002295                                          ,28-3JUL4,07-JULIO,35002295 - 19-4004 - 020  BODY SISA ESTAMPADO NEGRO T-14,YOYO CEDI,Aprobado,UND ,450,367,0,367,2026-07-08,01-2026, ,2026-04-24,2026-04-27,1,19-4004             ,1,20,T-14     ,0.0,INCOMPLETO
YOYO,MOP-00000061,35002295                                          ,28-3JUL4,07-JULIO,35002295 - 19-4004 - 021  BODY SISA ESTAMPADO NEGRO T-16,YOYO CEDI,Aprobado,UND ,451,405,0,405,2026-07-08,01-2026, ,2026-04-24,2026-04-27,1,19-4004             ,1,21,T-16     ,0.0,INCOMPLETO
YOYO,MOP-00000061,35002295                                          ,28-3JUL4,07-JULIO,35002295 - 19-4004 - 022  BODY SISA ESTAMPADO NEGRO T-18,YOYO CEDI,Aprobado,UND ,300,242,0,242,2026-07-08,01-2026, ,2026-04-24,2026-04-27,1,19-4004             ,1,22,T-18     ,0.0,INCOMPLETO
YOYO,MOP-00000061,35002295                                          ,28-3JUL4,07-JULIO,35002295 - 19-4004 - 023  BODY SISA ESTAMPADO NEGRO T-20,YOYO CEDI,Aprobado,UND ,300,242,0,242,2026-07-08,01-2026, ,2026-04-24,2026-04-27,1,19-4004             ,1,23,T-20     ,0.0,INCOMPLETO
YOYO,MOP-00000061,35002295                                          ,28-3JUL4,07-JULIO,35002295 - 19-4004 - 024  BODY SISA ESTAMPADO NEGRO T-22,YOYO CEDI,Aprobado,UND ,150,121,0,121,2026-07-08,01-2026, ,2026-04-24,2026-04-27,1,19-4004             ,1,24,T-22     ,0.0,INCOMPLETO
YOYO,MOP-00000031,YY0001081                                         ,21-2JUN1,06-JUNIO,YY0001081 - 14-4104 - 020  PANTALON TIRO ALTO T GRIS T-14,YOYO CEDI,Aprobado,UND ,657,518,0,518,2026-05-20,01-2026,014-MATCHA CLUB,2026-04-21,2026-05-06,1,14-4104             ,1,20,T-14     ,0.0,INCOMPLETO
YOYO,MOP-00000031,YY0001081                                         ,21-2JUN1,06-JUNIO,YY0001081 - 14-4104 - 021  PANTALON TIRO ALTO T GRIS T-16,YOYO CEDI,Aprobado,UND ,657,522,0,522,2026-05-20,01-2026,014-MATCHA CLUB,2026-04-21,2026-05-06,1,14-4104             ,1,21,T-16     ,0.0,INCOMPLETO
YOYO,MOP-00000031,YY0001081                                         ,21-2JUN1,06-JUNIO,YY0001081 - 14-4104 - 022  PANTALON TIRO ALTO T GRIS T-18,YOYO CEDI,Aprobado,UND ,438,363,0,363,2026-05-20,01-2026,014-MATCHA CLUB,2026-04-21,2026-05-06,1,14-4104             ,1,22,T-18     ,0.0,INCOMPLETO
YOYO,MOP-00000031,YY0001081                                         ,21-2JUN1,06-JUNIO,YY0001081 - 14-4104 - 023  PANTALON TIRO ALTO T GRIS T-20,YOYO CEDI,Aprobado,UND ,329,263,0,263,2026-05-20,01-2026,014-MATCHA CLUB,2026-04-21,2026-05-06,1,14-4104             ,1,23,T-20     ,0.0,INCOMPLETO
YOYO,MOP-00000031,YY0001081                                         ,21-2JUN1,06-JUNIO,YY0001081 - 14-4104 - 024  PANTALON TIRO ALTO T GRIS T-22,YOYO CEDI,Aprobado,UND ,219,182,0,182,2026-05-20,01-2026,014-MATCHA CLUB,2026-04-21,2026-05-06,1,14-4104             ,1,24,T-22     ,0.0,INCOMPLETO
YOYO,MOP-00000048,YY0000230                                         ,26-3JUL2,07-JULIO,YY0000230 - IND03 - 019  FALDA CON SHORT INT INDIGO T-12,YOYO CEDI,Aprobado,UND ,417,392,0,392,2026-06-17,01-2026,002-BLACK GARDEN,2026-04-21,2026-05-06,1,IND03               ,1,19,T-12     ,0.0,INCOMPLETO
YOYO,MOP-00000048,YY0000230                                         ,26-3JUL2,07-JULIO,YY0000230 - IND03 - 020  FALDA CON SHORT INT INDIGO T-14,YOYO CEDI,Aprobado,UND ,417,392,0,392,2026-06-17,01-2026,002-BLACK GARDEN,2026-04-21,2026-05-06,1,IND03               ,1,20,T-14     ,0.0,INCOMPLETO
YOYO,MOP-00000048,YY0000230                                         ,26-3JUL2,07-JULIO,YY0000230 - IND03 - 021  FALDA CON SHORT INT INDIGO T-16,YOYO CEDI,Aprobado,UND ,417,386,0,386,2026-06-17,01-2026,002-BLACK GARDEN,2026-04-21,2026-05-06,1,IND03               ,1,21,T-16     ,0.0,INCOMPLETO
YOYO,MOP-00000048,YY0000230                                         ,26-3JUL2,07-JULIO,YY0000230 - IND03 - 022  FALDA CON SHORT INT INDIGO T-18,YOYO CEDI,Aprobado,UND ,333,294,0,294,2026-06-17,01-2026,002-BLACK GARDEN,2026-04-21,2026-05-06,1,IND03               ,1,22,T-18     ,0.0,INCOMPLETO
YOYO,MOP-00000048,YY0000230                                         ,26-3JUL2,07-JULIO,YY0000230 - IND03 - 023  FALDA CON SHORT INT INDIGO T-20,YOYO CEDI,Aprobado,UND ,250,245,0,245,2026-06-17,01-2026,002-BLACK GARDEN,2026-04-21,2026-05-06,1,IND03               ,1,23,T-20     ,0.0,INCOMPLETO
YOYO,MOP-00000048,YY0000230                                         ,26-3JUL2,07-JULIO,YY0000230 - IND03 - 024  FALDA CON SHORT INT INDIGO T-22,YOYO CEDI,Aprobado,UND ,167,147,0,147,2026-06-17,01-2026,002-BLACK GARDEN,2026-04-21,2026-05-06,1,IND03               ,1,24,T-22     ,0.0,INCOMPLETO
YOYO,MOP-00000057,YY0000224                                         ,26-3JUL2,07-JULIO,YY0000224 - IND01 - 019  RETROMOM TIRO BAJO INDIGO T-12,YOYO CEDI,Aprobado,UND ,500,529,0,529,2026-06-24,01-2026,002-BLACK GARDEN,2026-04-23,2026-05-09,1,IND01               ,1,19,T-12     ,0.0,INCOMPLETO
YOYO,MOP-00000057,YY0000224                                         ,26-3JUL2,07-JULIO,YY0000224 - IND01 - 020  RETROMOM TIRO BAJO INDIGO T-14,YOYO CEDI,Aprobado,UND ,600,548,0,548,2026-06-24,01-2026,002-BLACK GARDEN,2026-04-23,2026-05-09,1,IND01               ,1,20,T-14     ,0.0,INCOMPLETO
YOYO,MOP-00000057,YY0000224                                         ,26-3JUL2,07-JULIO,YY0000224 - IND01 - 021  RETROMOM TIRO BAJO INDIGO T-16,YOYO CEDI,Aprobado,UND ,600,600,0,600,2026-06-24,01-2026,002-BLACK GARDEN,2026-04-23,2026-05-09,1,IND01               ,1,21,T-16     ,0.0,INCOMPLETO
YOYO,MOP-00000057,YY0000224                                         ,26-3JUL2,07-JULIO,YY0000224 - IND01 - 022  RETROMOM TIRO BAJO INDIGO T-18,YOYO CEDI,Aprobado,UND ,400,375,0,375,2026-06-24,01-2026,002-BLACK GARDEN,2026-04-23,2026-05-09,1,IND01               ,1,22,T-18     ,0.0,INCOMPLETO
YOYO,MOP-00000057,YY0000224                                         ,26-3JUL2,07-JULIO,YY0000224 - IND01 - 023  RETROMOM TIRO BAJO INDIGO T-20,YOYO CEDI,Aprobado,UND ,300,300,0,300,2026-06-24,01-2026,002-BLACK GARDEN,2026-04-23,2026-05-09,1,IND01               ,1,23,T-20     ,0.0,INCOMPLETO
YOYO,MOP-00000057,YY0000224                                         ,26-3JUL2,07-JULIO,YY0000224 - IND01 - 024  RETROMOM TIRO BAJO INDIGO T-22,YOYO CEDI,Aprobado,UND ,300,300,0,300,2026-06-24,01-2026,002-BLACK GARDEN,2026-04-23,2026-05-09,1,IND01               ,1,24,T-22     ,0.0,INCOMPLETO
YOYO,MOP-00000062,YY0000225                                         ,26-3JUL2,07-JULIO,YY0000225 - IND03 - 019  MAXIRETRO TIRO MEDIO INDIGO T-12,YOYO CEDI,Aprobado,UND ,500,465,0,465,2026-06-24,01-2026,002-BLACK GARDEN,2026-04-27,2026-05-06,1,IND03               ,1,19,T-12     ,0.0,INCOMPLETO
YOYO,MOP-00000062,YY0000225                                         ,26-3JUL2,07-JULIO,YY0000225 - IND03 - 020  MAXIRETRO TIRO MEDIO INDIGO T-14,YOYO CEDI,Aprobado,UND ,600,566,0,566,2026-06-24,01-2026,002-BLACK GARDEN,2026-04-27,2026-05-06,1,IND03               ,1,20,T-14     ,0.0,INCOMPLETO
YOYO,MOP-00000062,YY0000225                                         ,26-3JUL2,07-JULIO,YY0000225 - IND03 - 021  MAXIRETRO TIRO MEDIO INDIGO T-16,YOYO CEDI,Aprobado,UND ,600,566,0,566,2026-06-24,01-2026,002-BLACK GARDEN,2026-04-27,2026-05-06,1,IND03               ,1,21,T-16     ,0.0,INCOMPLETO
YOYO,MOP-00000062,YY0000225                                         ,26-3JUL2,07-JULIO,YY0000225 - IND03 - 022  MAXIRETRO TIRO MEDIO INDIGO T-18,YOYO CEDI,Aprobado,UND ,400,386,0,386,2026-06-24,01-2026,002-BLACK GARDEN,2026-04-27,2026-05-06,1,IND03               ,1,22,T-18     ,0.0,INCOMPLETO
YOYO,MOP-00000062,YY0000225                                         ,26-3JUL2,07-JULIO,YY0000225 - IND03 - 023  MAXIRETRO TIRO MEDIO INDIGO T-20,YOYO CEDI,Aprobado,UND ,300,283,0,283,2026-06-24,01-2026,002-BLACK GARDEN,2026-04-27,2026-05-06,1,IND03               ,1,23,T-20     ,0.0,INCOMPLETO
YOYO,MOP-00000062,YY0000225                                         ,26-3JUL2,07-JULIO,YY0000225 - IND03 - 024  MAXIRETRO TIRO MEDIO INDIGO T-22,YOYO CEDI,Aprobado,UND ,300,283,0,283,2026-06-24,01-2026,002-BLACK GARDEN,2026-04-27,2026-05-06,1,IND03               ,1,24,T-22     ,0.0,INCOMPLETO
YOYO,MOP-00000077,YY0000252                                         ,26-3JUL2,07-JULIO,YY0000252 - 17-6009 - 019  TOP MANGA CORTA CON VERDE T-12,YOYO CEDI,Aprobado,UND ,357,321,0,321,2026-06-24,01-2026,002-BLACK GARDEN,2026-05-05,2026-05-06,1,17-6009             ,1,19,T-12     ,0.0,INCOMPLETO
YOYO,MOP-00000077,YY0000252                                         ,26-3JUL2,07-JULIO,YY0000252 - 17-6009 - 020  TOP MANGA CORTA CON VERDE T-14,YOYO CEDI,Aprobado,UND ,595,610,0,610,2026-06-24,01-2026,002-BLACK GARDEN,2026-05-05,2026-05-06,1,17-6009             ,1,20,T-14     ,0.0,INCOMPLETO
YOYO,MOP-00000077,YY0000252                                         ,26-3JUL2,07-JULIO,YY0000252 - 17-6009 - 021  TOP MANGA CORTA CON VERDE T-16,YOYO CEDI,Aprobado,UND ,595,550,0,550,2026-06-24,01-2026,002-BLACK GARDEN,2026-05-05,2026-05-06,1,17-6009             ,1,21,T-16     ,0.0,INCOMPLETO
YOYO,MOP-00000077,YY0000252                                         ,26-3JUL2,07-JULIO,YY0000252 - 17-6009 - 022  TOP MANGA CORTA CON VERDE T-18,YOYO CEDI,Aprobado,UND ,357,321,0,321,2026-06-24,01-2026,002-BLACK GARDEN,2026-05-05,2026-05-06,1,17-6009             ,1,22,T-18     ,0.0,INCOMPLETO
YOYO,MOP-00000077,YY0000252                                         ,26-3JUL2,07-JULIO,YY0000252 - 17-6009 - 023  TOP MANGA CORTA CON VERDE T-20,YOYO CEDI,Aprobado,UND ,357,321,0,321,2026-06-24,01-2026,002-BLACK GARDEN,2026-05-05,2026-05-06,1,17-6009             ,1,23,T-20     ,0.0,INCOMPLETO
YOYO,MOP-00000077,YY0000252                                         ,26-3JUL2,07-JULIO,YY0000252 - 17-6009 - 024  TOP MANGA CORTA CON VERDE T-22,YOYO CEDI,Aprobado,UND ,238,214,0,214,2026-06-24,01-2026,002-BLACK GARDEN,2026-05-05,2026-05-06,1,17-6009             ,1,24,T-22     ,0.0,INCOMPLETO
YOYO,MOP-00000052,YY0000237                                         ,25-3JUL1,07-JULIO,YY0000237 - 11-0602 - 018  ETA CREMA T-10,YOYO CEDI,Aprobado,UND ,235,292,0,292,2026-06-17,01-2026,001-BASIC URBAN,2026-04-21,2026-05-09,1,11-0602             ,1,18,T-10     ,0.0,INCOMPLETO
YOYO,MOP-00000052,YY0000237                                         ,25-3JUL1,07-JULIO,YY0000237 - 11-0602 - 019  ETA CREMA T-12,YOYO CEDI,Aprobado,UND ,352,448,0,448,2026-06-17,01-2026,001-BASIC URBAN,2026-04-21,2026-05-09,1,11-0602             ,1,19,T-12     ,0.0,INCOMPLETO
YOYO,MOP-00000052,YY0000237                                         ,25-3JUL1,07-JULIO,YY0000237 - 11-0602 - 020  ETA CREMA T-14,YOYO CEDI,Aprobado,UND ,587,738,0,738,2026-06-17,01-2026,001-BASIC URBAN,2026-04-21,2026-05-09,1,11-0602             ,1,20,T-14     ,0.0,INCOMPLETO
YOYO,MOP-00000052,YY0000237                                         ,25-3JUL1,07-JULIO,YY0000237 - 11-0602 - 021  ETA CREMA T-16,YOYO CEDI,Aprobado,UND ,587,727,0,727,2026-06-17,01-2026,001-BASIC URBAN,2026-04-21,2026-05-09,1,11-0602             ,1,21,T-16     ,0.0,INCOMPLETO
YOYO,MOP-00000052,YY0000237                                         ,25-3JUL1,07-JULIO,YY0000237 - 11-0602 - 022  ETA CREMA T-18,YOYO CEDI,Aprobado,UND ,352,437,0,437,2026-06-17,01-2026,001-BASIC URBAN,2026-04-21,2026-05-09,1,11-0602             ,1,22,T-18     ,0.0,INCOMPLETO
YOYO,MOP-00000052,YY0000237                                         ,25-3JUL1,07-JULIO,YY0000237 - 11-0602 - 023  ETA CREMA T-20,YOYO CEDI,Aprobado,UND ,352,437,0,437,2026-06-17,01-2026,001-BASIC URBAN,2026-04-21,2026-05-09,1,11-0602             ,1,23,T-20     ,0.0,INCOMPLETO
YOYO,MOP-00000052,YY0000237                                         ,25-3JUL1,07-JULIO,YY0000237 - 11-0602 - 024  ETA CREMA T-22,YOYO CEDI,Aprobado,UND ,235,291,0,291,2026-06-17,01-2026,001-BASIC URBAN,2026-04-21,2026-05-09,1,11-0602             ,1,24,T-22     ,0.0,INCOMPLETO
YOYO,MOP-00000037,YY0004399                                         ,23-2JUN3,06-JUNIO,YY0004399 - 11-0615 - 020  BODY MS TP FONDO ENT AMARILLO T-14,YOYO CEDI,Aprobado,UND ,611,570,563,7,2026-06-03,01-2026,016-LOVE & LATTE,2026-04-21,2026-05-05,1,11-0615             ,1,20,T-14     ,0.987719298245614,INCOMPLETO
YOYO,MOP-00000037,YY0004399                                         ,23-2JUN3,06-JUNIO,YY0004399 - 11-0615 - 021  BODY MS TP FONDO ENT AMARILLO T-16,YOYO CEDI,Aprobado,UND ,611,586,570,16,2026-06-03,01-2026,016-LOVE & LATTE,2026-04-21,2026-05-05,1,11-0615             ,1,21,T-16     ,0.9726962457337884,INCOMPLETO
YOYO,MOP-00000037,YY0004399                                         ,23-2JUN3,06-JUNIO,YY0004399 - 11-0615 - 022  BODY MS TP FONDO ENT AMARILLO T-18,YOYO CEDI,Aprobado,UND ,367,346,331,15,2026-06-03,01-2026,016-LOVE & LATTE,2026-04-21,2026-05-05,1,11-0615             ,1,22,T-18     ,0.9566473988439307,INCOMPLETO
YOYO,MOP-00000037,YY0004399                                         ,23-2JUN3,06-JUNIO,YY0004399 - 11-0615 - 023  BODY MS TP FONDO ENT AMARILLO T-20,YOYO CEDI,Aprobado,UND ,367,342,226,116,2026-06-03,01-2026,016-LOVE & LATTE,2026-04-21,2026-05-05,1,11-0615             ,1,23,T-20     ,0.6608187134502924,INCOMPLETO
YOYO,MOP-00000037,YY0004399                                         ,23-2JUN3,06-JUNIO,YY0004399 - 11-0615 - 024  BODY MS TP FONDO ENT AMARILLO T-22,YOYO CEDI,Aprobado,UND ,244,228,160,68,2026-06-03,01-2026,016-LOVE & LATTE,2026-04-21,2026-05-05,1,11-0615             ,1,24,T-22     ,0.7017543859649122,INCOMPLETO
YOYO,MOP-00000080,YY0000247                                         ,26-3JUL2,07-JULIO,YY0000247 - 14-4121 - 020  BUZO  CUELLO TORTUGA AZUL T-14,YOYO CEDI,Aprobado,UND ,350,292,0,292,2026-06-24,01-2026,002-BLACK GARDEN,2026-05-06,2026-05-07,1,14-4121             ,1,20,T-14     ,0.0,INCOMPLETO
YOYO,MOP-00000080,YY0000247                                         ,26-3JUL2,07-JULIO,YY0000247 - 14-4121 - 021  BUZO  CUELLO TORTUGA AZUL T-16,YOYO CEDI,Aprobado,UND ,350,288,0,288,2026-06-24,01-2026,002-BLACK GARDEN,2026-05-06,2026-05-07,1,14-4121             ,1,21,T-16     ,0.0,INCOMPLETO
YOYO,MOP-00000080,YY0000247                                         ,26-3JUL2,07-JULIO,YY0000247 - 14-4121 - 022  BUZO  CUELLO TORTUGA AZUL T-18,YOYO CEDI,Aprobado,UND ,263,210,0,210,2026-06-24,01-2026,002-BLACK GARDEN,2026-05-06,2026-05-07,1,14-4121             ,1,22,T-18     ,0.0,INCOMPLETO
YOYO,MOP-00000080,YY0000247                                         ,26-3JUL2,07-JULIO,YY0000247 - 14-4121 - 023  BUZO  CUELLO TORTUGA AZUL T-20,YOYO CEDI,Aprobado,UND ,263,210,0,210,2026-06-24,01-2026,002-BLACK GARDEN,2026-05-06,2026-05-07,1,14-4121             ,1,23,T-20     ,0.0,INCOMPLETO
YOYO,MOP-00000080,YY0000247                                         ,26-3JUL2,07-JULIO,YY0000247 - 14-4121 - 024  BUZO  CUELLO TORTUGA AZUL T-22,YOYO CEDI,Aprobado,UND ,175,140,0,140,2026-06-24,01-2026,002-BLACK GARDEN,2026-05-06,2026-05-07,1,14-4121             ,1,24,T-22     ,0.0,INCOMPLETO
YOYO,MOP-00000081,YY0000269                                         ,29-3AGO1,08-AGOSTO,YY0000269 - IND03 - 018  SHORT TIRO ALTO INDIGO T-10,YOYO CEDI,Aprobado,UND ,185,180,0,180,2026-06-24,01-2026,003-LONDRES,2026-05-06,2026-05-08,1,IND03               ,1,18,T-10     ,0.0,INCOMPLETO
YOYO,MOP-00000081,YY0000269                                         ,29-3AGO1,08-AGOSTO,YY0000269 - IND03 - 019  SHORT TIRO ALTO INDIGO T-12,YOYO CEDI,Aprobado,UND ,462,460,0,460,2026-06-24,01-2026,003-LONDRES,2026-05-06,2026-05-08,1,IND03               ,1,19,T-12     ,0.0,INCOMPLETO
YOYO,MOP-00000081,YY0000269                                         ,29-3AGO1,08-AGOSTO,YY0000269 - IND03 - 020  SHORT TIRO ALTO INDIGO T-14,YOYO CEDI,Aprobado,UND ,462,440,0,440,2026-06-24,01-2026,003-LONDRES,2026-05-06,2026-05-08,1,IND03               ,1,20,T-14     ,0.0,INCOMPLETO
YOYO,MOP-00000081,YY0000269                                         ,29-3AGO1,08-AGOSTO,YY0000269 - IND03 - 021  SHORT TIRO ALTO INDIGO T-16,YOYO CEDI,Aprobado,UND ,462,440,0,440,2026-06-24,01-2026,003-LONDRES,2026-05-06,2026-05-08,1,IND03               ,1,21,T-16     ,0.0,INCOMPLETO
YOYO,MOP-00000081,YY0000269                                         ,29-3AGO1,08-AGOSTO,YY0000269 - IND03 - 022  SHORT TIRO ALTO INDIGO T-18,YOYO CEDI,Aprobado,UND ,369,360,0,360,2026-06-24,01-2026,003-LONDRES,2026-05-06,2026-05-08,1,IND03               ,1,22,T-18     ,0.0,INCOMPLETO
YOYO,MOP-00000081,YY0000269                                         ,29-3AGO1,08-AGOSTO,YY0000269 - IND03 - 023  SHORT TIRO ALTO INDIGO T-20,YOYO CEDI,Aprobado,UND ,277,280,0,280,2026-06-24,01-2026,003-LONDRES,2026-05-06,2026-05-08,1,IND03               ,1,23,T-20     ,0.0,INCOMPLETO
YOYO,MOP-00000081,YY0000269                                         ,29-3AGO1,08-AGOSTO,YY0000269 - IND03 - 024  SHORT TIRO ALTO INDIGO T-22,YOYO CEDI,Aprobado,UND ,185,180,0,180,2026-06-24,01-2026,003-LONDRES,2026-05-06,2026-05-08,1,IND03               ,1,24,T-22     ,0.0,INCOMPLETO
YOYO,MOP-00000069,35052249                                          ,28-3JUL4,07-JULIO,35052249 - 19-4004 - 021  CAMISETA T-SHIRT OVE NEGRO T-16,YOYO CEDI,Cumplido,UND ,100,108,108,0,2026-06-15,01-2026, ,2026-04-29,2026-04-30,1,19-4004             ,1,21,T-16     ,1.0,CERRADO
YOYO,MOP-00000069,35052249                                          ,28-3JUL4,07-JULIO,35052249 - 19-4004 - 022  CAMISETA T-SHIRT OVE NEGRO T-18,YOYO CEDI,Cumplido,UND ,100,108,108,0,2026-06-15,01-2026, ,2026-04-29,2026-04-30,1,19-4004             ,1,22,T-18     ,1.0,CERRADO
YOYO,MOP-00000069,35052249                                          ,28-3JUL4,07-JULIO,35052249 - 19-4004 - 023  CAMISETA T-SHIRT OVE NEGRO T-20,YOYO CEDI,Cumplido,UND ,50,54,54,0,2026-06-15,01-2026, ,2026-04-29,2026-04-30,1,19-4004             ,1,23,T-20     ,1.0,CERRADO
YOYO,MOP-00000069,35052249                                          ,28-3JUL4,07-JULIO,35052249 - 19-4004 - 019  CAMISETA T-SHIRT OVE NEGRO T-12,YOYO CEDI,Cumplido,UND ,150,172,172,0,2026-06-15,01-2026, ,2026-04-29,2026-04-30,1,19-4004             ,1,19,T-12     ,1.0,CERRADO
YOYO,MOP-00000069,35052249                                          ,28-3JUL4,07-JULIO,35052249 - 19-4004 - 020  CAMISETA T-SHIRT OVE NEGRO T-14,YOYO CEDI,Cumplido,UND ,150,165,165,0,2026-06-15,01-2026, ,2026-04-29,2026-04-30,1,19-4004             ,1,20,T-14     ,1.0,CERRADO
YOYO,MOP-00000083,YY0000270                                         ,29-3AGO1,08-AGOSTO,YY0000270 - 14-0002 - 019  FALDA SHORT TIRO MED BEIGE T-12,YOYO CEDI,Aprobado,UND ,396,396,0,396,2026-06-24,01-2026,003-LONDRES,2026-05-07,2026-05-07,1,14-0002             ,1,19,T-12     ,0.0,INCOMPLETO
YOYO,MOP-00000083,YY0000270                                         ,29-3AGO1,08-AGOSTO,YY0000270 - 14-0002 - 020  FALDA SHORT TIRO MED BEIGE T-14,YOYO CEDI,Aprobado,UND ,396,396,0,396,2026-06-24,01-2026,003-LONDRES,2026-05-07,2026-05-07,1,14-0002             ,1,20,T-14     ,0.0,INCOMPLETO
YOYO,MOP-00000083,YY0000270                                         ,29-3AGO1,08-AGOSTO,YY0000270 - 14-0002 - 021  FALDA SHORT TIRO MED BEIGE T-16,YOYO CEDI,Aprobado,UND ,396,396,0,396,2026-06-24,01-2026,003-LONDRES,2026-05-07,2026-05-07,1,14-0002             ,1,21,T-16     ,0.0,INCOMPLETO
YOYO,MOP-00000083,YY0000270                                         ,29-3AGO1,08-AGOSTO,YY0000270 - 14-0002 - 022  FALDA SHORT TIRO MED BEIGE T-18,YOYO CEDI,Aprobado,UND ,317,317,0,317,2026-06-24,01-2026,003-LONDRES,2026-05-07,2026-05-07,1,14-0002             ,1,22,T-18     ,0.0,INCOMPLETO
YOYO,MOP-00000083,YY0000270                                         ,29-3AGO1,08-AGOSTO,YY0000270 - 14-0002 - 023  FALDA SHORT TIRO MED BEIGE T-20,YOYO CEDI,Aprobado,UND ,238,238,0,238,2026-06-24,01-2026,003-LONDRES,2026-05-07,2026-05-07,1,14-0002             ,1,23,T-20     ,0.0,INCOMPLETO
YOYO,MOP-00000083,YY0000270                                         ,29-3AGO1,08-AGOSTO,YY0000270 - 14-0002 - 024  FALDA SHORT TIRO MED BEIGE T-22,YOYO CEDI,Aprobado,UND ,158,158,0,158,2026-06-24,01-2026,003-LONDRES,2026-05-07,2026-05-07,1,14-0002             ,1,24,T-22     ,0.0,INCOMPLETO
YOYO,MOP-00000078,YY0000255                                         ,26-3JUL2,07-JULIO,YY0000255 - 11-0602 - 020  TOP MANGA SISA ESCOT CREMA T-14,YOYO CEDI,Aprobado,UND ,417,318,0,318,2026-06-24,01-2026,002-BLACK GARDEN,2026-05-05,2026-05-07,1,11-0602             ,1,20,T-14     ,0.0,INCOMPLETO
YOYO,MOP-00000078,YY0000255                                         ,26-3JUL2,07-JULIO,YY0000255 - 11-0602 - 021  TOP MANGA SISA ESCOT CREMA T-16,YOYO CEDI,Aprobado,UND ,417,349,0,349,2026-06-24,01-2026,002-BLACK GARDEN,2026-05-05,2026-05-07,1,11-0602             ,1,21,T-16     ,0.0,INCOMPLETO
YOYO,MOP-00000078,YY0000255                                         ,26-3JUL2,07-JULIO,YY0000255 - 11-0602 - 022  TOP MANGA SISA ESCOT CREMA T-18,YOYO CEDI,Aprobado,UND ,250,190,0,190,2026-06-24,01-2026,002-BLACK GARDEN,2026-05-05,2026-05-07,1,11-0602             ,1,22,T-18     ,0.0,INCOMPLETO
YOYO,MOP-00000078,YY0000255                                         ,26-3JUL2,07-JULIO,YY0000255 - 11-0602 - 023  TOP MANGA SISA ESCOT CREMA T-20,YOYO CEDI,Aprobado,UND ,250,190,0,190,2026-06-24,01-2026,002-BLACK GARDEN,2026-05-05,2026-05-07,1,11-0602             ,1,23,T-20     ,0.0,INCOMPLETO
YOYO,MOP-00000078,YY0000255                                         ,26-3JUL2,07-JULIO,YY0000255 - 11-0602 - 024  TOP MANGA SISA ESCOT CREMA T-22,YOYO CEDI,Aprobado,UND ,167,190,0,190,2026-06-24,01-2026,002-BLACK GARDEN,2026-05-05,2026-05-07,1,11-0602             ,1,24,T-22     ,0.0,INCOMPLETO
YOYO,MOP-00000067,YY0000221                                         ,26-3JUL2,07-JULIO,YY0000221 - IND01 - 019  TEJANO TIRO ALTO INDIGO T-12,YOYO CEDI,Aprobado,UND ,444,451,0,451,2026-06-24,01-2026,002-BLACK GARDEN,2026-04-28,2026-05-08,1,IND01               ,1,19,T-12     ,0.0,INCOMPLETO
YOYO,MOP-00000067,YY0000221                                         ,26-3JUL2,07-JULIO,YY0000221 - IND01 - 020  TEJANO TIRO ALTO INDIGO T-14,YOYO CEDI,Aprobado,UND ,533,539,0,539,2026-06-24,01-2026,002-BLACK GARDEN,2026-04-28,2026-05-08,1,IND01               ,1,20,T-14     ,0.0,INCOMPLETO
YOYO,MOP-00000067,YY0000221                                         ,26-3JUL2,07-JULIO,YY0000221 - IND01 - 021  TEJANO TIRO ALTO INDIGO T-16,YOYO CEDI,Aprobado,UND ,533,512,0,512,2026-06-24,01-2026,002-BLACK GARDEN,2026-04-28,2026-05-08,1,IND01               ,1,21,T-16     ,0.0,INCOMPLETO
YOYO,MOP-00000067,YY0000221                                         ,26-3JUL2,07-JULIO,YY0000221 - IND01 - 022  TEJANO TIRO ALTO INDIGO T-18,YOYO CEDI,Aprobado,UND ,356,344,0,344,2026-06-24,01-2026,002-BLACK GARDEN,2026-04-28,2026-05-08,1,IND01               ,1,22,T-18     ,0.0,INCOMPLETO
YOYO,MOP-00000067,YY0000221                                         ,26-3JUL2,07-JULIO,YY0000221 - IND01 - 023  TEJANO TIRO ALTO INDIGO T-20,YOYO CEDI,Aprobado,UND ,267,256,0,256,2026-06-24,01-2026,002-BLACK GARDEN,2026-04-28,2026-05-08,1,IND01               ,1,23,T-20     ,0.0,INCOMPLETO
YOYO,MOP-00000067,YY0000221                                         ,26-3JUL2,07-JULIO,YY0000221 - IND01 - 024  TEJANO TIRO ALTO INDIGO T-22,YOYO CEDI,Aprobado,UND ,267,256,0,256,2026-06-24,01-2026,002-BLACK GARDEN,2026-04-28,2026-05-08,1,IND01               ,1,24,T-22     ,0.0,INCOMPLETO
YOYO,MOP-00000074,YY0004346                                         ,24-2JUN4,06-JUNIO,YY0004346 - IND01 - 020  FALDA SHORT TIRO ALT INDIGO T-14,YOYO CEDI,Aprobado,UND ,213,213,0,213,2026-06-10,01-2026,015-CONSCIENTE,2026-04-29,2026-04-29,1,IND01               ,1,20,T-14     ,0.0,INCOMPLETO
YOYO,MOP-00000074,YY0004346                                         ,24-2JUN4,06-JUNIO,YY0004346 - IND01 - 021  FALDA SHORT TIRO ALT INDIGO T-16,YOYO CEDI,Aprobado,UND ,213,213,0,213,2026-06-10,01-2026,015-CONSCIENTE,2026-04-29,2026-04-29,1,IND01               ,1,21,T-16     ,0.0,INCOMPLETO
YOYO,MOP-00000074,YY0004346                                         ,24-2JUN4,06-JUNIO,YY0004346 - IND01 - 022  FALDA SHORT TIRO ALT INDIGO T-18,YOYO CEDI,Aprobado,UND ,160,160,0,160,2026-06-10,01-2026,015-CONSCIENTE,2026-04-29,2026-04-29,1,IND01               ,1,22,T-18     ,0.0,INCOMPLETO
YOYO,MOP-00000050,YY0000254                                         ,26-3JUL2,07-JULIO,YY0000254 - 11-0602 - 020  TOP MANGA CORTA  CON CREMA T-14,YOYO CEDI,Aprobado,UND ,639,463,0,463,2026-06-24,01-2026,002-BLACK GARDEN,2026-04-21,2026-06-03,1,11-0602             ,1,20,T-14     ,0.0,INCOMPLETO
YOYO,MOP-00000050,YY0000254                                         ,26-3JUL2,07-JULIO,YY0000254 - 11-0602 - 021  TOP MANGA CORTA  CON CREMA T-16,YOYO CEDI,Aprobado,UND ,639,463,0,463,2026-06-24,01-2026,002-BLACK GARDEN,2026-04-21,2026-06-03,1,11-0602             ,1,21,T-16     ,0.0,INCOMPLETO
YOYO,MOP-00000050,YY0000254                                         ,26-3JUL2,07-JULIO,YY0000254 - 11-0602 - 022  TOP MANGA CORTA  CON CREMA T-18,YOYO CEDI,Aprobado,UND ,383,252,0,252,2026-06-24,01-2026,002-BLACK GARDEN,2026-04-21,2026-06-03,1,11-0602             ,1,22,T-18     ,0.0,INCOMPLETO
YOYO,MOP-00000050,YY0000254                                         ,26-3JUL2,07-JULIO,YY0000254 - 11-0602 - 023  TOP MANGA CORTA  CON CREMA T-20,YOYO CEDI,Aprobado,UND ,383,252,0,252,2026-06-24,01-2026,002-BLACK GARDEN,2026-04-21,2026-06-03,1,11-0602             ,1,23,T-20     ,0.0,INCOMPLETO
YOYO,MOP-00000050,YY0000254                                         ,26-3JUL2,07-JULIO,YY0000254 - 11-0602 - 024  TOP MANGA CORTA  CON CREMA T-22,YOYO CEDI,Aprobado,UND ,256,168,0,168,2026-06-24,01-2026,002-BLACK GARDEN,2026-04-21,2026-06-03,1,11-0602             ,1,24,T-22     ,0.0,INCOMPLETO
YOYO,MOP-00000047,YY0000229                                         ,25-3JUL1,07-JULIO,YY0000229 - IND02 - 019  FALDA CON SHORT INT INDIGO T-12,YOYO CEDI,Aprobado,UND ,417,430,0,430,2026-06-17,01-2026,001-BASIC URBAN,2026-04-21,2026-05-06,1,IND02               ,1,19,T-12     ,0.0,INCOMPLETO
YOYO,MOP-00000047,YY0000229                                         ,25-3JUL1,07-JULIO,YY0000229 - IND02 - 020  FALDA CON SHORT INT INDIGO T-14,YOYO CEDI,Aprobado,UND ,417,432,0,432,2026-06-17,01-2026,001-BASIC URBAN,2026-04-21,2026-05-06,1,IND02               ,1,20,T-14     ,0.0,INCOMPLETO
YOYO,MOP-00000047,YY0000229                                         ,25-3JUL1,07-JULIO,YY0000229 - IND02 - 021  FALDA CON SHORT INT INDIGO T-16,YOYO CEDI,Aprobado,UND ,417,432,0,432,2026-06-17,01-2026,001-BASIC URBAN,2026-04-21,2026-05-06,1,IND02               ,1,21,T-16     ,0.0,INCOMPLETO
YOYO,MOP-00000047,YY0000229                                         ,25-3JUL1,07-JULIO,YY0000229 - IND02 - 022  FALDA CON SHORT INT INDIGO T-18,YOYO CEDI,Aprobado,UND ,333,324,0,324,2026-06-17,01-2026,001-BASIC URBAN,2026-04-21,2026-05-06,1,IND02               ,1,22,T-18     ,0.0,INCOMPLETO
YOYO,MOP-00000047,YY0000229                                         ,25-3JUL1,07-JULIO,YY0000229 - IND02 - 023  FALDA CON SHORT INT INDIGO T-20,YOYO CEDI,Aprobado,UND ,250,216,0,216,2026-06-17,01-2026,001-BASIC URBAN,2026-04-21,2026-05-06,1,IND02               ,1,23,T-20     ,0.0,INCOMPLETO
YOYO,MOP-00000047,YY0000229                                         ,25-3JUL1,07-JULIO,YY0000229 - IND02 - 024  FALDA CON SHORT INT INDIGO T-22,YOYO CEDI,Aprobado,UND ,167,152,0,152,2026-06-17,01-2026,001-BASIC URBAN,2026-04-21,2026-05-06,1,IND02               ,1,24,T-22     ,0.0,INCOMPLETO
YOYO,MOP-00000045,YY0000245                                         ,25-3JUL1,07-JULIO,YY0000245 - IND02 - 019  BERMUDA TIRO MEDIO INDIGO T-12,YOYO CEDI,Aprobado,UND ,521,518,0,518,2026-06-17,01-2026,001-BASIC URBAN,2026-04-21,2026-05-06,1,IND02               ,1,19,T-12     ,0.0,INCOMPLETO
YOYO,MOP-00000045,YY0000245                                         ,25-3JUL1,07-JULIO,YY0000245 - IND02 - 020  BERMUDA TIRO MEDIO INDIGO T-14,YOYO CEDI,Aprobado,UND ,521,519,0,519,2026-06-17,01-2026,001-BASIC URBAN,2026-04-21,2026-05-06,1,IND02               ,1,20,T-14     ,0.0,INCOMPLETO
YOYO,MOP-00000045,YY0000245                                         ,25-3JUL1,07-JULIO,YY0000245 - IND02 - 021  BERMUDA TIRO MEDIO INDIGO T-16,YOYO CEDI,Aprobado,UND ,521,519,0,519,2026-06-17,01-2026,001-BASIC URBAN,2026-04-21,2026-05-06,1,IND02               ,1,21,T-16     ,0.0,INCOMPLETO
YOYO,MOP-00000045,YY0000245                                         ,25-3JUL1,07-JULIO,YY0000245 - IND02 - 022  BERMUDA TIRO MEDIO INDIGO T-18,YOYO CEDI,Aprobado,UND ,417,414,0,414,2026-06-17,01-2026,001-BASIC URBAN,2026-04-21,2026-05-06,1,IND02               ,1,22,T-18     ,0.0,INCOMPLETO
YOYO,MOP-00000045,YY0000245                                         ,25-3JUL1,07-JULIO,YY0000245 - IND02 - 023  BERMUDA TIRO MEDIO INDIGO T-20,YOYO CEDI,Aprobado,UND ,313,311,0,311,2026-06-17,01-2026,001-BASIC URBAN,2026-04-21,2026-05-06,1,IND02               ,1,23,T-20     ,0.0,INCOMPLETO
YOYO,MOP-00000045,YY0000245                                         ,25-3JUL1,07-JULIO,YY0000245 - IND02 - 024  BERMUDA TIRO MEDIO INDIGO T-22,YOYO CEDI,Aprobado,UND ,208,207,0,207,2026-06-17,01-2026,001-BASIC URBAN,2026-04-21,2026-05-06,1,IND02               ,1,24,T-22     ,0.0,INCOMPLETO
YOYO,MOP-00000087,YY0000268                                         ,31-3AGO3,08-AGOSTO,YY0000268 - 11-0602 - 019  CARGO TIRO ALTO CREMA T-12,YOYO CEDI,Aprobado,UND ,500,490,0,490,2026-07-08,01-2026,004-NEW YORK,2026-05-08,2026-05-12,1,11-0602             ,1,19,T-12     ,0.0,INCOMPLETO
YOYO,MOP-00000087,YY0000268                                         ,31-3AGO3,08-AGOSTO,YY0000268 - 11-0602 - 020  CARGO TIRO ALTO CREMA T-14,YOYO CEDI,Aprobado,UND ,600,583,0,583,2026-07-08,01-2026,004-NEW YORK,2026-05-08,2026-05-12,1,11-0602             ,1,20,T-14     ,0.0,INCOMPLETO
YOYO,MOP-00000087,YY0000268                                         ,31-3AGO3,08-AGOSTO,YY0000268 - 11-0602 - 021  CARGO TIRO ALTO CREMA T-16,YOYO CEDI,Aprobado,UND ,600,615,0,615,2026-07-08,01-2026,004-NEW YORK,2026-05-08,2026-05-12,1,11-0602             ,1,21,T-16     ,0.0,INCOMPLETO
YOYO,MOP-00000087,YY0000268                                         ,31-3AGO3,08-AGOSTO,YY0000268 - 11-0602 - 022  CARGO TIRO ALTO CREMA T-18,YOYO CEDI,Aprobado,UND ,400,398,0,398,2026-07-08,01-2026,004-NEW YORK,2026-05-08,2026-05-12,1,11-0602             ,1,22,T-18     ,0.0,INCOMPLETO
YOYO,MOP-00000087,YY0000268                                         ,31-3AGO3,08-AGOSTO,YY0000268 - 11-0602 - 023  CARGO TIRO ALTO CREMA T-20,YOYO CEDI,Aprobado,UND ,300,310,0,310,2026-07-08,01-2026,004-NEW YORK,2026-05-08,2026-05-12,1,11-0602             ,1,23,T-20     ,0.0,INCOMPLETO
YOYO,MOP-00000087,YY0000268                                         ,31-3AGO3,08-AGOSTO,YY0000268 - 11-0602 - 024  CARGO TIRO ALTO CREMA T-22,YOYO CEDI,Aprobado,UND ,300,310,0,310,2026-07-08,01-2026,004-NEW YORK,2026-05-08,2026-05-12,1,11-0602             ,1,24,T-22     ,0.0,INCOMPLETO
YOYO,MOP-00000085,YY0004348                                         ,24-2JUN4,06-JUNIO,YY0004348 - SURTIDO - 020  CHALECO MS SURTIDO T-14,YOYO CEDI,Aprobado,UND ,152,152,0,152,2026-06-10,01-2026,015-CONSCIENTE,2026-05-08,2026-05-08,1,SURTIDO             ,1,20,T-14     ,0.0,INCOMPLETO
YOYO,MOP-00000085,YY0004348                                         ,24-2JUN4,06-JUNIO,YY0004348 - SURTIDO - 021  CHALECO MS SURTIDO T-16,YOYO CEDI,Aprobado,UND ,141,141,0,141,2026-06-10,01-2026,015-CONSCIENTE,2026-05-08,2026-05-08,1,SURTIDO             ,1,21,T-16     ,0.0,INCOMPLETO
YOYO,MOP-00000085,YY0004348                                         ,24-2JUN4,06-JUNIO,YY0004348 - SURTIDO - 022  CHALECO MS SURTIDO T-18,YOYO CEDI,Aprobado,UND ,130,130,0,130,2026-06-10,01-2026,015-CONSCIENTE,2026-05-08,2026-05-08,1,SURTIDO             ,1,22,T-18     ,0.0,INCOMPLETO
YOYO,MOP-00000085,YY0004348                                         ,24-2JUN4,06-JUNIO,YY0004348 - SURTIDO - 023  CHALECO MS SURTIDO T-20,YOYO CEDI,Aprobado,UND ,118,118,0,118,2026-06-10,01-2026,015-CONSCIENTE,2026-05-08,2026-05-08,1,SURTIDO             ,1,23,T-20     ,0.0,INCOMPLETO
YOYO,MOP-00000085,YY0004348                                         ,24-2JUN4,06-JUNIO,YY0004348 - SURTIDO - 024  CHALECO MS SURTIDO T-22,YOYO CEDI,Aprobado,UND ,115,115,0,115,2026-06-10,01-2026,015-CONSCIENTE,2026-05-08,2026-05-08,1,SURTIDO             ,1,24,T-22     ,0.0,INCOMPLETO
YOYO,MOP-00000066,YY0000262                                         ,26-3JUL2,07-JULIO,YY0000262 - 19-4004 - 020  VESTIDO MANGA CORTA NEGRO T-14,YOYO CEDI,Aprobado,UND ,543,372,0,372,2026-06-24,01-2026,002-BLACK GARDEN,2026-04-28,2026-05-12,1,19-4004             ,1,20,T-14     ,0.0,INCOMPLETO
YOYO,MOP-00000066,YY0000262                                         ,26-3JUL2,07-JULIO,YY0000262 - 19-4004 - 021  VESTIDO MANGA CORTA NEGRO T-16,YOYO CEDI,Aprobado,UND ,543,372,0,372,2026-06-24,01-2026,002-BLACK GARDEN,2026-04-28,2026-05-12,1,19-4004             ,1,21,T-16     ,0.0,INCOMPLETO
YOYO,MOP-00000066,YY0000262                                         ,26-3JUL2,07-JULIO,YY0000262 - 19-4004 - 022  VESTIDO MANGA CORTA NEGRO T-18,YOYO CEDI,Aprobado,UND ,407,267,0,267,2026-06-24,01-2026,002-BLACK GARDEN,2026-04-28,2026-05-12,1,19-4004             ,1,22,T-18     ,0.0,INCOMPLETO
YOYO,MOP-00000066,YY0000262                                         ,26-3JUL2,07-JULIO,YY0000262 - 19-4004 - 023  VESTIDO MANGA CORTA NEGRO T-20,YOYO CEDI,Aprobado,UND ,271,179,0,179,2026-06-24,01-2026,002-BLACK GARDEN,2026-04-28,2026-05-12,1,19-4004             ,1,23,T-20     ,0.0,INCOMPLETO
YOYO,MOP-00000066,YY0000262                                         ,26-3JUL2,07-JULIO,YY0000262 - 19-4004 - 024  VESTIDO MANGA CORTA NEGRO T-22,YOYO CEDI,Aprobado,UND ,136,91,0,91,2026-06-24,01-2026,002-BLACK GARDEN,2026-04-28,2026-05-12,1,19-4004             ,1,24,T-22     ,0.0,INCOMPLETO
YOYO,MOP-00000051,YY0000494                                         ,26-3JUL2,07-JULIO,YY0000494 - IND02 - 018  RETROMOM TIRO ALTO L INDIGO T-10,YOYO CEDI,Aprobado,UND ,214,203,0,203,2026-06-24,01-2026,002-BLACK GARDEN,2026-04-21,2026-05-13,1,IND02               ,1,18,T-10     ,0.0,INCOMPLETO
YOYO,MOP-00000051,YY0000494                                         ,26-3JUL2,07-JULIO,YY0000494 - IND02 - 019  RETROMOM TIRO ALTO L INDIGO T-12,YOYO CEDI,Aprobado,UND ,536,559,0,559,2026-06-24,01-2026,002-BLACK GARDEN,2026-04-21,2026-05-13,1,IND02               ,1,19,T-12     ,0.0,INCOMPLETO
YOYO,MOP-00000051,YY0000494                                         ,26-3JUL2,07-JULIO,YY0000494 - IND02 - 020  RETROMOM TIRO ALTO L INDIGO T-14,YOYO CEDI,Aprobado,UND ,643,671,0,671,2026-06-24,01-2026,002-BLACK GARDEN,2026-04-21,2026-05-13,1,IND02               ,1,20,T-14     ,0.0,INCOMPLETO
YOYO,MOP-00000051,YY0000494                                         ,26-3JUL2,07-JULIO,YY0000494 - IND02 - 021  RETROMOM TIRO ALTO L INDIGO T-16,YOYO CEDI,Aprobado,UND ,643,626,0,626,2026-06-24,01-2026,002-BLACK GARDEN,2026-04-21,2026-05-13,1,IND02               ,1,21,T-16     ,0.0,INCOMPLETO
YOYO,MOP-00000051,YY0000494                                         ,26-3JUL2,07-JULIO,YY0000494 - IND02 - 022  RETROMOM TIRO ALTO L INDIGO T-18,YOYO CEDI,Aprobado,UND ,429,423,0,423,2026-06-24,01-2026,002-BLACK GARDEN,2026-04-21,2026-05-13,1,IND02               ,1,22,T-18     ,0.0,INCOMPLETO
YOYO,MOP-00000051,YY0000494                                         ,26-3JUL2,07-JULIO,YY0000494 - IND02 - 023  RETROMOM TIRO ALTO L INDIGO T-20,YOYO CEDI,Aprobado,UND ,321,313,0,313,2026-06-24,01-2026,002-BLACK GARDEN,2026-04-21,2026-05-13,1,IND02               ,1,23,T-20     ,0.0,INCOMPLETO
YOYO,MOP-00000051,YY0000494                                         ,26-3JUL2,07-JULIO,YY0000494 - IND02 - 024  RETROMOM TIRO ALTO L INDIGO T-22,YOYO CEDI,Aprobado,UND ,214,203,0,203,2026-06-24,01-2026,002-BLACK GARDEN,2026-04-21,2026-05-13,1,IND02               ,1,24,T-22     ,0.0,INCOMPLETO
YOYO,MOP-00000059,YY0000251                                         ,25-3JUL1,07-JULIO,YY0000251 - 11-0602 - 019  CAMISETA ML DOBLE PR CREMA T-12,YOYO CEDI,Aprobado,UND ,329,142,0,142,2026-06-24,01-2026,001-BASIC URBAN,2026-04-23,2026-05-14,1,11-0602             ,1,19,T-12     ,0.0,INCOMPLETO
YOYO,MOP-00000059,YY0000251                                         ,25-3JUL1,07-JULIO,YY0000251 - 11-0602 - 020  CAMISETA ML DOBLE PR CREMA T-14,YOYO CEDI,Aprobado,UND ,548,242,0,242,2026-06-24,01-2026,001-BASIC URBAN,2026-04-23,2026-05-14,1,11-0602             ,1,20,T-14     ,0.0,INCOMPLETO
YOYO,MOP-00000059,YY0000251                                         ,25-3JUL1,07-JULIO,YY0000251 - 11-0602 - 021  CAMISETA ML DOBLE PR CREMA T-16,YOYO CEDI,Aprobado,UND ,548,242,0,242,2026-06-24,01-2026,001-BASIC URBAN,2026-04-23,2026-05-14,1,11-0602             ,1,21,T-16     ,0.0,INCOMPLETO
YOYO,MOP-00000059,YY0000251                                         ,25-3JUL1,07-JULIO,YY0000251 - 11-0602 - 022  CAMISETA ML DOBLE PR CREMA T-18,YOYO CEDI,Aprobado,UND ,329,146,0,146,2026-06-24,01-2026,001-BASIC URBAN,2026-04-23,2026-05-14,1,11-0602             ,1,22,T-18     ,0.0,INCOMPLETO
YOYO,MOP-00000059,YY0000251                                         ,25-3JUL1,07-JULIO,YY0000251 - 11-0602 - 023  CAMISETA ML DOBLE PR CREMA T-20,YOYO CEDI,Aprobado,UND ,329,142,0,142,2026-06-24,01-2026,001-BASIC URBAN,2026-04-23,2026-05-14,1,11-0602             ,1,23,T-20     ,0.0,INCOMPLETO
YOYO,MOP-00000059,YY0000251                                         ,25-3JUL1,07-JULIO,YY0000251 - 11-0602 - 024  CAMISETA ML DOBLE PR CREMA T-22,YOYO CEDI,Aprobado,UND ,219,96,0,96,2026-06-24,01-2026,001-BASIC URBAN,2026-04-23,2026-05-14,1,11-0602             ,1,24,T-22     ,0.0,INCOMPLETO
YOYO,MOP-00000089,YY0000292                                         ,29-3AGO1,08-AGOSTO,YY0000292 - 12-1706 - 018  TSHIRT  MANGA CORTA ROSADO T-10,YOYO CEDI,Comprometido,UND ,188,188,0,188,2026-06-24,01-2026,003-LONDRES,2026-05-12,2026-06-04,1,12-1706             ,1,18,T-10     ,0.0,INCOMPLETO
YOYO,MOP-00000089,YY0000292                                         ,29-3AGO1,08-AGOSTO,YY0000292 - 12-1706 - 019  TSHIRT  MANGA CORTA ROSADO T-12,YOYO CEDI,Comprometido,UND ,282,282,0,282,2026-06-24,01-2026,003-LONDRES,2026-05-12,2026-06-04,1,12-1706             ,1,19,T-12     ,0.0,INCOMPLETO
YOYO,MOP-00000089,YY0000292                                         ,29-3AGO1,08-AGOSTO,YY0000292 - 12-1706 - 020  TSHIRT  MANGA CORTA ROSADO T-14,YOYO CEDI,Comprometido,UND ,470,470,0,470,2026-06-24,01-2026,003-LONDRES,2026-05-12,2026-06-04,1,12-1706             ,1,20,T-14     ,0.0,INCOMPLETO
YOYO,MOP-00000089,YY0000292                                         ,29-3AGO1,08-AGOSTO,YY0000292 - 12-1706 - 021  TSHIRT  MANGA CORTA ROSADO T-16,YOYO CEDI,Comprometido,UND ,470,470,0,470,2026-06-24,01-2026,003-LONDRES,2026-05-12,2026-06-04,1,12-1706             ,1,21,T-16     ,0.0,INCOMPLETO
YOYO,MOP-00000089,YY0000292                                         ,29-3AGO1,08-AGOSTO,YY0000292 - 12-1706 - 022  TSHIRT  MANGA CORTA ROSADO T-18,YOYO CEDI,Comprometido,UND ,282,282,0,282,2026-06-24,01-2026,003-LONDRES,2026-05-12,2026-06-04,1,12-1706             ,1,22,T-18     ,0.0,INCOMPLETO
YOYO,MOP-00000089,YY0000292                                         ,29-3AGO1,08-AGOSTO,YY0000292 - 12-1706 - 023  TSHIRT  MANGA CORTA ROSADO T-20,YOYO CEDI,Comprometido,UND ,282,282,0,282,2026-06-24,01-2026,003-LONDRES,2026-05-12,2026-06-04,1,12-1706             ,1,23,T-20     ,0.0,INCOMPLETO
YOYO,MOP-00000089,YY0000292                                         ,29-3AGO1,08-AGOSTO,YY0000292 - 12-1706 - 024  TSHIRT  MANGA CORTA ROSADO T-22,YOYO CEDI,Comprometido,UND ,188,188,0,188,2026-06-24,01-2026,003-LONDRES,2026-05-12,2026-06-04,1,12-1706             ,1,24,T-22     ,0.0,INCOMPLETO
YOYO,MOP-00000090,YY0000293                                         ,29-3AGO1,08-AGOSTO,YY0000293 - 12-1706 - 020  TOP MANGA CORTA ROSADO T-14,YOYO CEDI,Aprobado,UND ,614,561,0,561,2026-06-24,01-2026,003-LONDRES,2026-05-12,2026-05-15,1,12-1706             ,1,20,T-14     ,0.0,INCOMPLETO
YOYO,MOP-00000090,YY0000293                                         ,29-3AGO1,08-AGOSTO,YY0000293 - 12-1706 - 021  TOP MANGA CORTA ROSADO T-16,YOYO CEDI,Aprobado,UND ,614,566,0,566,2026-06-24,01-2026,003-LONDRES,2026-05-12,2026-05-15,1,12-1706             ,1,21,T-16     ,0.0,INCOMPLETO
YOYO,MOP-00000090,YY0000293                                         ,29-3AGO1,08-AGOSTO,YY0000293 - 12-1706 - 022  TOP MANGA CORTA ROSADO T-18,YOYO CEDI,Aprobado,UND ,368,328,0,328,2026-06-24,01-2026,003-LONDRES,2026-05-12,2026-05-15,1,12-1706             ,1,22,T-18     ,0.0,INCOMPLETO
YOYO,MOP-00000090,YY0000293                                         ,29-3AGO1,08-AGOSTO,YY0000293 - 12-1706 - 023  TOP MANGA CORTA ROSADO T-20,YOYO CEDI,Aprobado,UND ,368,330,0,330,2026-06-24,01-2026,003-LONDRES,2026-05-12,2026-05-15,1,12-1706             ,1,23,T-20     ,0.0,INCOMPLETO
YOYO,MOP-00000090,YY0000293                                         ,29-3AGO1,08-AGOSTO,YY0000293 - 12-1706 - 024  TOP MANGA CORTA ROSADO T-22,YOYO CEDI,Aprobado,UND ,245,220,0,220,2026-06-24,01-2026,003-LONDRES,2026-05-12,2026-05-15,1,12-1706             ,1,24,T-22     ,0.0,INCOMPLETO
YOYO,MOP-00000090,YY0000293                                         ,29-3AGO1,08-AGOSTO,YY0000293 - 11-0602 - 020  TOP MANGA CORTA CREMA T-14,YOYO CEDI,Aprobado,UND ,692,560,0,560,2026-06-24,01-2026,003-LONDRES,2026-05-12,2026-05-15,1,11-0602             ,1,20,T-14     ,0.0,INCOMPLETO
YOYO,MOP-00000090,YY0000293                                         ,29-3AGO1,08-AGOSTO,YY0000293 - 11-0602 - 021  TOP MANGA CORTA CREMA T-16,YOYO CEDI,Aprobado,UND ,692,552,0,552,2026-06-24,01-2026,003-LONDRES,2026-05-12,2026-05-15,1,11-0602             ,1,21,T-16     ,0.0,INCOMPLETO
YOYO,MOP-00000090,YY0000293                                         ,29-3AGO1,08-AGOSTO,YY0000293 - 11-0602 - 022  TOP MANGA CORTA CREMA T-18,YOYO CEDI,Aprobado,UND ,415,311,0,311,2026-06-24,01-2026,003-LONDRES,2026-05-12,2026-05-15,1,11-0602             ,1,22,T-18     ,0.0,INCOMPLETO
YOYO,MOP-00000090,YY0000293                                         ,29-3AGO1,08-AGOSTO,YY0000293 - 11-0602 - 023  TOP MANGA CORTA CREMA T-20,YOYO CEDI,Aprobado,UND ,415,309,0,309,2026-06-24,01-2026,003-LONDRES,2026-05-12,2026-05-15,1,11-0602             ,1,23,T-20     ,0.0,INCOMPLETO
YOYO,MOP-00000090,YY0000293                                         ,29-3AGO1,08-AGOSTO,YY0000293 - 11-0602 - 024  TOP MANGA CORTA CREMA T-22,YOYO CEDI,Aprobado,UND ,277,206,0,206,2026-06-24,01-2026,003-LONDRES,2026-05-12,2026-05-15,1,11-0602             ,1,24,T-22     ,0.0,INCOMPLETO
YOYO,MOP-00000091,35001230                                          ,28-3JUL4,07-JULIO,35001230 - 11-0602 - 020  BODY PREMIUM MANGA C CREMA T-14,YOYO CEDI,Aprobado,UND ,400,394,0,394,2026-07-08,01-2026, ,2026-05-12,2026-05-14,1,11-0602             ,1,20,T-14     ,0.0,INCOMPLETO
YOYO,MOP-00000091,35001230                                          ,28-3JUL4,07-JULIO,35001230 - 11-0602 - 021  BODY PREMIUM MANGA C CREMA T-16,YOYO CEDI,Aprobado,UND ,400,398,0,398,2026-07-08,01-2026, ,2026-05-12,2026-05-14,1,11-0602             ,1,21,T-16     ,0.0,INCOMPLETO
YOYO,MOP-00000091,35001230                                          ,28-3JUL4,07-JULIO,35001230 - 11-0602 - 022  BODY PREMIUM MANGA C CREMA T-18,YOYO CEDI,Aprobado,UND ,200,196,0,196,2026-07-08,01-2026, ,2026-05-12,2026-05-14,1,11-0602             ,1,22,T-18     ,0.0,INCOMPLETO
YOYO,MOP-00000091,35001230                                          ,28-3JUL4,07-JULIO,35001230 - 11-0602 - 023  BODY PREMIUM MANGA C CREMA T-20,YOYO CEDI,Aprobado,UND ,300,294,0,294,2026-07-08,01-2026, ,2026-05-12,2026-05-14,1,11-0602             ,1,23,T-20     ,0.0,INCOMPLETO
YOYO,MOP-00000091,35001230                                          ,28-3JUL4,07-JULIO,35001230 - 11-0602 - 024  BODY PREMIUM MANGA C CREMA T-22,YOYO CEDI,Aprobado,UND ,100,98,0,98,2026-07-08,01-2026, ,2026-05-12,2026-05-14,1,11-0602             ,1,24,T-22     ,0.0,INCOMPLETO
YOYO,MOP-00000092,35001230                                          ,28-3JUL4,07-JULIO,35001230 - 19-4004 - 020  BODY PREMIUM MANGA C NEGRO T-14,YOYO CEDI,Aprobado,UND ,401,384,0,384,2026-07-08,01-2026, ,2026-05-12,2026-05-28,1,19-4004             ,1,20,T-14     ,0.0,INCOMPLETO
YOYO,MOP-00000092,35001230                                          ,28-3JUL4,07-JULIO,35001230 - 19-4004 - 021  BODY PREMIUM MANGA C NEGRO T-16,YOYO CEDI,Aprobado,UND ,801,795,0,795,2026-07-08,01-2026, ,2026-05-12,2026-05-28,1,19-4004             ,1,21,T-16     ,0.0,INCOMPLETO
YOYO,MOP-00000092,35001230                                          ,28-3JUL4,07-JULIO,35001230 - 19-4004 - 022  BODY PREMIUM MANGA C NEGRO T-18,YOYO CEDI,Aprobado,UND ,400,384,0,384,2026-07-08,01-2026, ,2026-05-12,2026-05-28,1,19-4004             ,1,22,T-18     ,0.0,INCOMPLETO
YOYO,MOP-00000092,35001230                                          ,28-3JUL4,07-JULIO,35001230 - 19-4004 - 023  BODY PREMIUM MANGA C NEGRO T-20,YOYO CEDI,Aprobado,UND ,400,384,0,384,2026-07-08,01-2026, ,2026-05-12,2026-05-28,1,19-4004             ,1,23,T-20     ,0.0,INCOMPLETO
YOYO,MOP-00000092,35001230                                          ,28-3JUL4,07-JULIO,35001230 - 19-4004 - 024  BODY PREMIUM MANGA C NEGRO T-22,YOYO CEDI,Aprobado,UND ,200,192,0,192,2026-07-08,01-2026, ,2026-05-12,2026-05-28,1,19-4004             ,1,24,T-22     ,0.0,INCOMPLETO
YOYO,MOP-00000093,35010291                                          ,28-3JUL4,07-JULIO,35010291 - IND02 - 018  RETROMOM TIRO BAJO B INDIGO T-10,YOYO CEDI,Aprobado,UND ,150,183,0,183,2026-07-08,01-2026, ,2026-05-13,2026-05-15,1,IND02               ,1,18,T-10     ,0.0,INCOMPLETO
YOYO,MOP-00000093,35010291                                          ,28-3JUL4,07-JULIO,35010291 - IND02 - 019  RETROMOM TIRO BAJO B INDIGO T-12,YOYO CEDI,Aprobado,UND ,504,531,0,531,2026-07-08,01-2026, ,2026-05-13,2026-05-15,1,IND02               ,1,19,T-12     ,0.0,INCOMPLETO
YOYO,MOP-00000093,35010291                                          ,28-3JUL4,07-JULIO,35010291 - IND02 - 020  RETROMOM TIRO BAJO B INDIGO T-14,YOYO CEDI,Aprobado,UND ,451,477,0,477,2026-07-08,01-2026, ,2026-05-13,2026-05-15,1,IND02               ,1,20,T-14     ,0.0,INCOMPLETO
YOYO,MOP-00000093,35010291                                          ,28-3JUL4,07-JULIO,35010291 - IND02 - 021  RETROMOM TIRO BAJO B INDIGO T-16,YOYO CEDI,Aprobado,UND ,250,265,0,265,2026-07-08,01-2026, ,2026-05-13,2026-05-15,1,IND02               ,1,21,T-16     ,0.0,INCOMPLETO
YOYO,MOP-00000093,35010291                                          ,28-3JUL4,07-JULIO,35010291 - IND02 - 022  RETROMOM TIRO BAJO B INDIGO T-18,YOYO CEDI,Aprobado,UND ,300,314,0,314,2026-07-08,01-2026, ,2026-05-13,2026-05-15,1,IND02               ,1,22,T-18     ,0.0,INCOMPLETO
YOYO,MOP-00000093,35010291                                          ,28-3JUL4,07-JULIO,35010291 - IND02 - 023  RETROMOM TIRO BAJO B INDIGO T-20,YOYO CEDI,Aprobado,UND ,151,156,0,156,2026-07-08,01-2026, ,2026-05-13,2026-05-15,1,IND02               ,1,23,T-20     ,0.0,INCOMPLETO
YOYO,MOP-00000093,35010291                                          ,28-3JUL4,07-JULIO,35010291 - IND02 - 024  RETROMOM TIRO BAJO B INDIGO T-22,YOYO CEDI,Aprobado,UND ,250,264,0,264,2026-07-08,01-2026, ,2026-05-13,2026-05-15,1,IND02               ,1,24,T-22     ,0.0,INCOMPLETO
YOYO,MOP-00000094,35010291                                          ,28-3JUL4,07-JULIO,35010291 - IND03 - 018  RETROMOM TIRO BAJO B INDIGO T-10,YOYO CEDI,Aprobado,UND ,150,152,0,152,2026-07-08,01-2026, ,2026-05-13,2026-05-29,1,IND03               ,1,18,T-10     ,0.0,INCOMPLETO
YOYO,MOP-00000094,35010291                                          ,28-3JUL4,07-JULIO,35010291 - IND03 - 019  RETROMOM TIRO BAJO B INDIGO T-12,YOYO CEDI,Aprobado,UND ,350,394,0,394,2026-07-08,01-2026, ,2026-05-13,2026-05-29,1,IND03               ,1,19,T-12     ,0.0,INCOMPLETO
YOYO,MOP-00000094,35010291                                          ,28-3JUL4,07-JULIO,35010291 - IND03 - 020  RETROMOM TIRO BAJO B INDIGO T-14,YOYO CEDI,Aprobado,UND ,350,393,0,393,2026-07-08,01-2026, ,2026-05-13,2026-05-29,1,IND03               ,1,20,T-14     ,0.0,INCOMPLETO
YOYO,MOP-00000094,35010291                                          ,28-3JUL4,07-JULIO,35010291 - IND03 - 021  RETROMOM TIRO BAJO B INDIGO T-16,YOYO CEDI,Aprobado,UND ,148,152,0,152,2026-07-08,01-2026, ,2026-05-13,2026-05-29,1,IND03               ,1,21,T-16     ,0.0,INCOMPLETO
YOYO,MOP-00000094,35010291                                          ,28-3JUL4,07-JULIO,35010291 - IND03 - 022  RETROMOM TIRO BAJO B INDIGO T-18,YOYO CEDI,Aprobado,UND ,200,202,0,202,2026-07-08,01-2026, ,2026-05-13,2026-05-29,1,IND03               ,1,22,T-18     ,0.0,INCOMPLETO
YOYO,MOP-00000094,35010291                                          ,28-3JUL4,07-JULIO,35010291 - IND03 - 023  RETROMOM TIRO BAJO B INDIGO T-20,YOYO CEDI,Aprobado,UND ,150,152,0,152,2026-07-08,01-2026, ,2026-05-13,2026-05-29,1,IND03               ,1,23,T-20     ,0.0,INCOMPLETO
YOYO,MOP-00000094,35010291                                          ,28-3JUL4,07-JULIO,35010291 - IND03 - 024  RETROMOM TIRO BAJO B INDIGO T-22,YOYO CEDI,Aprobado,UND ,250,252,0,252,2026-07-08,01-2026, ,2026-05-13,2026-05-29,1,IND03               ,1,24,T-22     ,0.0,INCOMPLETO
YOYO,MOP-00000095,35001295                                          ,28-3JUL4,07-JULIO,35001295 - 11-0601 - 020  BODY PREMIUM SISA ES BLANCO T-14,YOYO CEDI,Aprobado,UND ,179,166,0,166,2026-07-08,01-2026, ,2026-05-13,2026-05-15,1,11-0601             ,1,20,T-14     ,0.0,INCOMPLETO
YOYO,MOP-00000095,35001295                                          ,28-3JUL4,07-JULIO,35001295 - 11-0601 - 021  BODY PREMIUM SISA ES BLANCO T-16,YOYO CEDI,Aprobado,UND ,392,329,0,329,2026-07-08,01-2026, ,2026-05-13,2026-05-15,1,11-0601             ,1,21,T-16     ,0.0,INCOMPLETO
YOYO,MOP-00000095,35001295                                          ,28-3JUL4,07-JULIO,35001295 - 11-0601 - 022  BODY PREMIUM SISA ES BLANCO T-18,YOYO CEDI,Aprobado,UND ,423,364,0,364,2026-07-08,01-2026, ,2026-05-13,2026-05-15,1,11-0601             ,1,22,T-18     ,0.0,INCOMPLETO
YOYO,MOP-00000095,35001295                                          ,28-3JUL4,07-JULIO,35001295 - 11-0601 - 023  BODY PREMIUM SISA ES BLANCO T-20,YOYO CEDI,Aprobado,UND ,234,204,0,204,2026-07-08,01-2026, ,2026-05-13,2026-05-15,1,11-0601             ,1,23,T-20     ,0.0,INCOMPLETO
YOYO,MOP-00000095,35001295                                          ,28-3JUL4,07-JULIO,35001295 - 11-0601 - 024  BODY PREMIUM SISA ES BLANCO T-22,YOYO CEDI,Aprobado,UND ,106,82,0,82,2026-07-08,01-2026, ,2026-05-13,2026-05-15,1,11-0601             ,1,24,T-22     ,0.0,INCOMPLETO
YOYO,MOP-00000095,35001295                                          ,28-3JUL4,07-JULIO,35001295 - 19-4004 - 020  BODY PREMIUM SISA ES NEGRO T-14,YOYO CEDI,Aprobado,UND ,200,222,0,222,2026-07-08,01-2026, ,2026-05-13,2026-05-15,1,19-4004             ,1,20,T-14     ,0.0,INCOMPLETO
YOYO,MOP-00000095,35001295                                          ,28-3JUL4,07-JULIO,35001295 - 19-4004 - 021  BODY PREMIUM SISA ES NEGRO T-16,YOYO CEDI,Aprobado,UND ,201,221,0,221,2026-07-08,01-2026, ,2026-05-13,2026-05-15,1,19-4004             ,1,21,T-16     ,0.0,INCOMPLETO
YOYO,MOP-00000095,35001295                                          ,28-3JUL4,07-JULIO,35001295 - 19-4004 - 022  BODY PREMIUM SISA ES NEGRO T-18,YOYO CEDI,Aprobado,UND ,202,222,0,222,2026-07-08,01-2026, ,2026-05-13,2026-05-15,1,19-4004             ,1,22,T-18     ,0.0,INCOMPLETO
YOYO,MOP-00000095,35001295                                          ,28-3JUL4,07-JULIO,35001295 - 19-4004 - 023  BODY PREMIUM SISA ES NEGRO T-20,YOYO CEDI,Aprobado,UND ,104,110,0,110,2026-07-08,01-2026, ,2026-05-13,2026-05-15,1,19-4004             ,1,23,T-20     ,0.0,INCOMPLETO
YOYO,MOP-00000095,35001295                                          ,28-3JUL4,07-JULIO,35001295 - 19-4004 - 024  BODY PREMIUM SISA ES NEGRO T-22,YOYO CEDI,Aprobado,UND ,52,55,0,55,2026-07-08,01-2026, ,2026-05-13,2026-05-15,1,19-4004             ,1,24,T-22     ,0.0,INCOMPLETO
YOYO,MOP-00000096,35011291                                          ,28-3JUL4,07-JULIO,35011291 - IND02 - 018  RETROMOM TIRO ALTO E INDIGO T-10,YOYO CEDI,Aprobado,UND ,50,49,0,49,2026-07-08,01-2026, ,2026-05-13,2026-05-19,1,IND02               ,1,18,T-10     ,0.0,INCOMPLETO
YOYO,MOP-00000096,35011291                                          ,28-3JUL4,07-JULIO,35011291 - IND02 - 019  RETROMOM TIRO ALTO E INDIGO T-12,YOYO CEDI,Aprobado,UND ,300,299,0,299,2026-07-08,01-2026, ,2026-05-13,2026-05-19,1,IND02               ,1,19,T-12     ,0.0,INCOMPLETO
YOYO,MOP-00000096,35011291                                          ,28-3JUL4,07-JULIO,35011291 - IND02 - 020  RETROMOM TIRO ALTO E INDIGO T-14,YOYO CEDI,Aprobado,UND ,300,300,0,300,2026-07-08,01-2026, ,2026-05-13,2026-05-19,1,IND02               ,1,20,T-14     ,0.0,INCOMPLETO
YOYO,MOP-00000096,35011291                                          ,28-3JUL4,07-JULIO,35011291 - IND02 - 021  RETROMOM TIRO ALTO E INDIGO T-16,YOYO CEDI,Aprobado,UND ,300,302,0,302,2026-07-08,01-2026, ,2026-05-13,2026-05-19,1,IND02               ,1,21,T-16     ,0.0,INCOMPLETO
YOYO,MOP-00000096,35011291                                          ,28-3JUL4,07-JULIO,35011291 - IND02 - 022  RETROMOM TIRO ALTO E INDIGO T-18,YOYO CEDI,Aprobado,UND ,200,200,0,200,2026-07-08,01-2026, ,2026-05-13,2026-05-19,1,IND02               ,1,22,T-18     ,0.0,INCOMPLETO
YOYO,MOP-00000096,35011291                                          ,28-3JUL4,07-JULIO,35011291 - IND02 - 023  RETROMOM TIRO ALTO E INDIGO T-20,YOYO CEDI,Aprobado,UND ,148,151,0,151,2026-07-08,01-2026, ,2026-05-13,2026-05-19,1,IND02               ,1,23,T-20     ,0.0,INCOMPLETO
YOYO,MOP-00000096,35011291                                          ,28-3JUL4,07-JULIO,35011291 - IND02 - 024  RETROMOM TIRO ALTO E INDIGO T-22,YOYO CEDI,Aprobado,UND ,42,49,0,49,2026-07-08,01-2026, ,2026-05-13,2026-05-19,1,IND02               ,1,24,T-22     ,0.0,INCOMPLETO
YOYO,MOP-00000097,35011291                                          ,28-3JUL4,07-JULIO,35011291 - IND03 - 018  RETROMOM TIRO ALTO E INDIGO T-10,YOYO CEDI,Aprobado,UND ,140,150,0,150,2026-07-08,01-2026, ,2026-05-14,2026-05-21,1,IND03               ,1,18,T-10     ,0.0,INCOMPLETO
YOYO,MOP-00000097,35011291                                          ,28-3JUL4,07-JULIO,35011291 - IND03 - 019  RETROMOM TIRO ALTO E INDIGO T-12,YOYO CEDI,Aprobado,UND ,394,398,0,398,2026-07-08,01-2026, ,2026-05-14,2026-05-21,1,IND03               ,1,19,T-12     ,0.0,INCOMPLETO
YOYO,MOP-00000097,35011291                                          ,28-3JUL4,07-JULIO,35011291 - IND03 - 020  RETROMOM TIRO ALTO E INDIGO T-14,YOYO CEDI,Aprobado,UND ,300,298,0,298,2026-07-08,01-2026, ,2026-05-14,2026-05-21,1,IND03               ,1,20,T-14     ,0.0,INCOMPLETO
YOYO,MOP-00000097,35011291                                          ,28-3JUL4,07-JULIO,35011291 - IND03 - 021  RETROMOM TIRO ALTO E INDIGO T-16,YOYO CEDI,Aprobado,UND ,300,301,0,301,2026-07-08,01-2026, ,2026-05-14,2026-05-21,1,IND03               ,1,21,T-16     ,0.0,INCOMPLETO
YOYO,MOP-00000097,35011291                                          ,28-3JUL4,07-JULIO,35011291 - IND03 - 022  RETROMOM TIRO ALTO E INDIGO T-18,YOYO CEDI,Aprobado,UND ,247,248,0,248,2026-07-08,01-2026, ,2026-05-14,2026-05-21,1,IND03               ,1,22,T-18     ,0.0,INCOMPLETO
YOYO,MOP-00000097,35011291                                          ,28-3JUL4,07-JULIO,35011291 - IND03 - 023  RETROMOM TIRO ALTO E INDIGO T-20,YOYO CEDI,Aprobado,UND ,200,197,0,197,2026-07-08,01-2026, ,2026-05-14,2026-05-21,1,IND03               ,1,23,T-20     ,0.0,INCOMPLETO
YOYO,MOP-00000097,35011291                                          ,28-3JUL4,07-JULIO,35011291 - IND03 - 024  RETROMOM TIRO ALTO E INDIGO T-22,YOYO CEDI,Aprobado,UND ,144,150,0,150,2026-07-08,01-2026, ,2026-05-14,2026-05-21,1,IND03               ,1,24,T-22     ,0.0,INCOMPLETO
YOYO,MOP-00000098,YY0004394                                         ,26-3JUL2,07-JULIO,YY0004394 - IND07 - 019  DENIM INDIGO T-12,YOYO CEDI,Aprobado,UND ,308,275,0,275,2026-06-24,01-2026,002-BLACK GARDEN,2026-05-14,2026-05-19,1,IND07               ,1,19,T-12     ,0.0,INCOMPLETO
YOYO,MOP-00000098,YY0004394                                         ,26-3JUL2,07-JULIO,YY0004394 - IND07 - 020  DENIM INDIGO T-14,YOYO CEDI,Aprobado,UND ,369,370,0,370,2026-06-24,01-2026,002-BLACK GARDEN,2026-05-14,2026-05-19,1,IND07               ,1,20,T-14     ,0.0,INCOMPLETO
YOYO,MOP-00000098,YY0004394                                         ,26-3JUL2,07-JULIO,YY0004394 - IND07 - 021  DENIM INDIGO T-16,YOYO CEDI,Aprobado,UND ,369,356,0,356,2026-06-24,01-2026,002-BLACK GARDEN,2026-05-14,2026-05-19,1,IND07               ,1,21,T-16     ,0.0,INCOMPLETO
YOYO,MOP-00000098,YY0004394                                         ,26-3JUL2,07-JULIO,YY0004394 - IND07 - 022  DENIM INDIGO T-18,YOYO CEDI,Aprobado,UND ,246,278,0,278,2026-06-24,01-2026,002-BLACK GARDEN,2026-05-14,2026-05-19,1,IND07               ,1,22,T-18     ,0.0,INCOMPLETO
YOYO,MOP-00000098,YY0004394                                         ,26-3JUL2,07-JULIO,YY0004394 - IND07 - 023  DENIM INDIGO T-20,YOYO CEDI,Aprobado,UND ,185,179,0,179,2026-06-24,01-2026,002-BLACK GARDEN,2026-05-14,2026-05-19,1,IND07               ,1,23,T-20     ,0.0,INCOMPLETO
YOYO,MOP-00000098,YY0004394                                         ,26-3JUL2,07-JULIO,YY0004394 - IND07 - 024  DENIM INDIGO T-22,YOYO CEDI,Aprobado,UND ,123,149,0,149,2026-06-24,01-2026,002-BLACK GARDEN,2026-05-14,2026-05-19,1,IND07               ,1,24,T-22     ,0.0,INCOMPLETO
YOYO,MOP-00000099,35052249                                          ,28-3JUL4,07-JULIO,35052249 - 11-0602 - 019  CAMISETA T-SHIRT OVE CREMA T-12,YOYO CEDI,Aprobado,UND ,150,151,0,151,2026-07-08,01-2026, ,2026-05-14,2026-05-20,1,11-0602             ,1,19,T-12     ,0.0,INCOMPLETO
YOYO,MOP-00000099,35052249                                          ,28-3JUL4,07-JULIO,35052249 - 11-0602 - 020  CAMISETA T-SHIRT OVE CREMA T-14,YOYO CEDI,Aprobado,UND ,450,463,0,463,2026-07-08,01-2026, ,2026-05-14,2026-05-20,1,11-0602             ,1,20,T-14     ,0.0,INCOMPLETO
YOYO,MOP-00000099,35052249                                          ,28-3JUL4,07-JULIO,35052249 - 11-0602 - 021  CAMISETA T-SHIRT OVE CREMA T-16,YOYO CEDI,Aprobado,UND ,301,302,0,302,2026-07-08,01-2026, ,2026-05-14,2026-05-20,1,11-0602             ,1,21,T-16     ,0.0,INCOMPLETO
YOYO,MOP-00000099,35052249                                          ,28-3JUL4,07-JULIO,35052249 - 11-0602 - 022  CAMISETA T-SHIRT OVE CREMA T-18,YOYO CEDI,Aprobado,UND ,150,151,0,151,2026-07-08,01-2026, ,2026-05-14,2026-05-20,1,11-0602             ,1,22,T-18     ,0.0,INCOMPLETO
YOYO,MOP-00000099,35052249                                          ,28-3JUL4,07-JULIO,35052249 - 11-0602 - 023  CAMISETA T-SHIRT OVE CREMA T-20,YOYO CEDI,Aprobado,UND ,151,151,0,151,2026-07-08,01-2026, ,2026-05-14,2026-05-20,1,11-0602             ,1,23,T-20     ,0.0,INCOMPLETO
YOYO,MOP-00000099,35052249                                          ,28-3JUL4,07-JULIO,35052249 - 19-4004 - 019  CAMISETA T-SHIRT OVE NEGRO T-12,YOYO CEDI,Aprobado,UND ,100,108,0,108,2026-07-08,01-2026, ,2026-05-14,2026-05-20,1,19-4004             ,1,19,T-12     ,0.0,INCOMPLETO
YOYO,MOP-00000099,35052249                                          ,28-3JUL4,07-JULIO,35052249 - 19-4004 - 020  CAMISETA T-SHIRT OVE NEGRO T-14,YOYO CEDI,Aprobado,UND ,101,116,0,116,2026-07-08,01-2026, ,2026-05-14,2026-05-20,1,19-4004             ,1,20,T-14     ,0.0,INCOMPLETO
YOYO,MOP-00000099,35052249                                          ,28-3JUL4,07-JULIO,35052249 - 19-4004 - 021  CAMISETA T-SHIRT OVE NEGRO T-16,YOYO CEDI,Aprobado,UND ,100,108,0,108,2026-07-08,01-2026, ,2026-05-14,2026-05-20,1,19-4004             ,1,21,T-16     ,0.0,INCOMPLETO
YOYO,MOP-00000099,35052249                                          ,28-3JUL4,07-JULIO,35052249 - 19-4004 - 022  CAMISETA T-SHIRT OVE NEGRO T-18,YOYO CEDI,Aprobado,UND ,100,108,0,108,2026-07-08,01-2026, ,2026-05-14,2026-05-20,1,19-4004             ,1,22,T-18     ,0.0,INCOMPLETO
YOYO,MOP-00000099,35052249                                          ,28-3JUL4,07-JULIO,35052249 - 19-4004 - 023  CAMISETA T-SHIRT OVE NEGRO T-20,YOYO CEDI,Aprobado,UND ,100,108,0,108,2026-07-08,01-2026, ,2026-05-14,2026-05-20,1,19-4004             ,1,23,T-20     ,0.0,INCOMPLETO
YOYO,MOP-00000100,35054249                                          ,28-3JUL4,07-JULIO,35054249 - 11-0602 - 020  CAMISETA  POLO MANGA CREMA T-14,YOYO CEDI,Aprobado,UND ,300,255,0,255,2026-07-08,01-2026, ,2026-05-14,2026-05-15,1,11-0602             ,1,20,T-14     ,0.0,INCOMPLETO
YOYO,MOP-00000100,35054249                                          ,28-3JUL4,07-JULIO,35054249 - 11-0602 - 021  CAMISETA  POLO MANGA CREMA T-16,YOYO CEDI,Aprobado,UND ,300,252,0,252,2026-07-08,01-2026, ,2026-05-14,2026-05-15,1,11-0602             ,1,21,T-16     ,0.0,INCOMPLETO
YOYO,MOP-00000100,35054249                                          ,28-3JUL4,07-JULIO,35054249 - 11-0602 - 022  CAMISETA  POLO MANGA CREMA T-18,YOYO CEDI,Aprobado,UND ,201,164,0,164,2026-07-08,01-2026, ,2026-05-14,2026-05-15,1,11-0602             ,1,22,T-18     ,0.0,INCOMPLETO
YOYO,MOP-00000100,35054249                                          ,28-3JUL4,07-JULIO,35054249 - 11-0602 - 023  CAMISETA  POLO MANGA CREMA T-20,YOYO CEDI,Aprobado,UND ,100,82,0,82,2026-07-08,01-2026, ,2026-05-14,2026-05-15,1,11-0602             ,1,23,T-20     ,0.0,INCOMPLETO
YOYO,MOP-00000100,35054249                                          ,28-3JUL4,07-JULIO,35054249 - 11-0602 - 024  CAMISETA  POLO MANGA CREMA T-22,YOYO CEDI,Aprobado,UND ,100,82,0,82,2026-07-08,01-2026, ,2026-05-14,2026-05-15,1,11-0602             ,1,24,T-22     ,0.0,INCOMPLETO
YOYO,MOP-00000100,35054249                                          ,28-3JUL4,07-JULIO,35054249 - 19-4004 - 020  CAMISETA  POLO MANGA NEGRO T-14,YOYO CEDI,Aprobado,UND ,300,276,0,276,2026-07-08,01-2026, ,2026-05-14,2026-05-15,1,19-4004             ,1,20,T-14     ,0.0,INCOMPLETO
YOYO,MOP-00000100,35054249                                          ,28-3JUL4,07-JULIO,35054249 - 19-4004 - 021  CAMISETA  POLO MANGA NEGRO T-16,YOYO CEDI,Aprobado,UND ,300,279,0,279,2026-07-08,01-2026, ,2026-05-14,2026-05-15,1,19-4004             ,1,21,T-16     ,0.0,INCOMPLETO
YOYO,MOP-00000100,35054249                                          ,28-3JUL4,07-JULIO,35054249 - 19-4004 - 022  CAMISETA  POLO MANGA NEGRO T-18,YOYO CEDI,Aprobado,UND ,200,184,0,184,2026-07-08,01-2026, ,2026-05-14,2026-05-15,1,19-4004             ,1,22,T-18     ,0.0,INCOMPLETO
YOYO,MOP-00000100,35054249                                          ,28-3JUL4,07-JULIO,35054249 - 19-4004 - 023  CAMISETA  POLO MANGA NEGRO T-20,YOYO CEDI,Aprobado,UND ,100,92,0,92,2026-07-08,01-2026, ,2026-05-14,2026-05-15,1,19-4004             ,1,23,T-20     ,0.0,INCOMPLETO
YOYO,MOP-00000100,35054249                                          ,28-3JUL4,07-JULIO,35054249 - 19-4004 - 024  CAMISETA  POLO MANGA NEGRO T-22,YOYO CEDI,Aprobado,UND ,100,92,0,92,2026-07-08,01-2026, ,2026-05-14,2026-05-15,1,19-4004             ,1,24,T-22     ,0.0,INCOMPLETO
YOYO,MOP-00000101,35016209                                          ,28-3JUL4,07-JULIO,35016209 - 19-4004 - 019  CHOMPA ML TP CON CI NEGRO T-12,YOYO CEDI,En elaboración,UND ,300,0,0,0,2026-07-08,01-2026, ,2026-05-14,2026-05-15,1,19-4004             ,1,19,T-12     ,0.0,CERRADO
YOYO,MOP-00000101,35016209                                          ,28-3JUL4,07-JULIO,35016209 - 19-4004 - 023  CHOMPA ML TP CON CI NEGRO T-20,YOYO CEDI,En elaboración,UND ,300,0,0,0,2026-07-08,01-2026, ,2026-05-14,2026-05-15,1,19-4004             ,1,23,T-20     ,0.0,CERRADO
YOYO,MOP-00000101,35016209                                          ,28-3JUL4,07-JULIO,35016209 - 19-4004 - 021  CHOMPA ML TP CON CI NEGRO T-16,YOYO CEDI,En elaboración,UND ,300,0,0,0,2026-07-08,01-2026, ,2026-05-14,2026-05-15,1,19-4004             ,1,21,T-16     ,0.0,CERRADO
YOYO,MOP-00000101,35016209                                          ,28-3JUL4,07-JULIO,35016209 - 19-4004 - 022  CHOMPA ML TP CON CI NEGRO T-18,YOYO CEDI,En elaboración,UND ,300,0,0,0,2026-07-08,01-2026, ,2026-05-14,2026-05-15,1,19-4004             ,1,22,T-18     ,0.0,CERRADO
YOYO,MOP-00000101,35016209                                          ,28-3JUL4,07-JULIO,35016209 - 19-4004 - 024  CHOMPA ML TP CON CI NEGRO T-22,YOYO CEDI,En elaboración,UND ,150,0,0,0,2026-07-08,01-2026, ,2026-05-14,2026-05-15,1,19-4004             ,1,24,T-22     ,0.0,CERRADO
YOYO,MOP-00000101,35016209                                          ,28-3JUL4,07-JULIO,35016209 - 19-4004 - 020  CHOMPA ML TP CON CI NEGRO T-14,YOYO CEDI,En elaboración,UND ,300,0,0,0,2026-07-08,01-2026, ,2026-05-14,2026-05-15,1,19-4004             ,1,20,T-14     ,0.0,CERRADO
YOYO,MOP-00000101,35016209                                          ,28-3JUL4,07-JULIO,35016209 - GRIS JASPE CLARO - 019  CHOMPA ML TP CON CI GRIS T-12,YOYO CEDI,En elaboración,UND ,300,0,0,0,2026-07-08,01-2026, ,2026-05-14,2026-05-15,1,GRIS JASPE CLARO    ,1,19,T-12     ,0.0,CERRADO
YOYO,MOP-00000101,35016209                                          ,28-3JUL4,07-JULIO,35016209 - GRIS JASPE CLARO - 020  CHOMPA ML TP CON CI GRIS T-14,YOYO CEDI,En elaboración,UND ,300,0,0,0,2026-07-08,01-2026, ,2026-05-14,2026-05-15,1,GRIS JASPE CLARO    ,1,20,T-14     ,0.0,CERRADO
YOYO,MOP-00000101,35016209                                          ,28-3JUL4,07-JULIO,35016209 - GRIS JASPE CLARO - 021  CHOMPA ML TP CON CI GRIS T-16,YOYO CEDI,En elaboración,UND ,300,0,0,0,2026-07-08,01-2026, ,2026-05-14,2026-05-15,1,GRIS JASPE CLARO    ,1,21,T-16     ,0.0,CERRADO
YOYO,MOP-00000101,35016209                                          ,28-3JUL4,07-JULIO,35016209 - GRIS JASPE CLARO - 022  CHOMPA ML TP CON CI GRIS T-18,YOYO CEDI,En elaboración,UND ,300,0,0,0,2026-07-08,01-2026, ,2026-05-14,2026-05-15,1,GRIS JASPE CLARO    ,1,22,T-18     ,0.0,CERRADO
YOYO,MOP-00000101,35016209                                          ,28-3JUL4,07-JULIO,35016209 - GRIS JASPE CLARO - 023  CHOMPA ML TP CON CI GRIS T-20,YOYO CEDI,En elaboración,UND ,300,0,0,0,2026-07-08,01-2026, ,2026-05-14,2026-05-15,1,GRIS JASPE CLARO    ,1,23,T-20     ,0.0,CERRADO
YOYO,MOP-00000101,35016209                                          ,28-3JUL4,07-JULIO,35016209 - GRIS JASPE CLARO - 024  CHOMPA ML TP CON CI GRIS T-22,YOYO CEDI,En elaboración,UND ,150,0,0,0,2026-07-08,01-2026, ,2026-05-14,2026-05-15,1,GRIS JASPE CLARO    ,1,24,T-22     ,0.0,CERRADO
YOYO,MOP-00000105,YY0000303                                         ,29-3AGO1,08-AGOSTO,YY0000303 - 14-0708 - 020  FALDA TIRO MEDIO BEIGE T-14,YOYO CEDI,Aprobado,UND ,475,447,0,447,2026-07-22,01-2026,003-LONDRES,2026-05-15,2026-05-19,1,14-0708             ,1,20,T-14     ,0.0,INCOMPLETO
YOYO,MOP-00000105,YY0000303                                         ,29-3AGO1,08-AGOSTO,YY0000303 - 14-0708 - 021  FALDA TIRO MEDIO BEIGE T-16,YOYO CEDI,Aprobado,UND ,475,418,0,418,2026-07-22,01-2026,003-LONDRES,2026-05-15,2026-05-19,1,14-0708             ,1,21,T-16     ,0.0,INCOMPLETO
YOYO,MOP-00000105,YY0000303                                         ,29-3AGO1,08-AGOSTO,YY0000303 - 14-0708 - 022  FALDA TIRO MEDIO BEIGE T-18,YOYO CEDI,Aprobado,UND ,356,318,0,318,2026-07-22,01-2026,003-LONDRES,2026-05-15,2026-05-19,1,14-0708             ,1,22,T-18     ,0.0,INCOMPLETO
YOYO,MOP-00000105,YY0000303                                         ,29-3AGO1,08-AGOSTO,YY0000303 - 14-0708 - 023  FALDA TIRO MEDIO BEIGE T-20,YOYO CEDI,Aprobado,UND ,356,318,0,318,2026-07-22,01-2026,003-LONDRES,2026-05-15,2026-05-19,1,14-0708             ,1,23,T-20     ,0.0,INCOMPLETO
YOYO,MOP-00000105,YY0000303                                         ,29-3AGO1,08-AGOSTO,YY0000303 - 14-0708 - 024  FALDA TIRO MEDIO BEIGE T-22,YOYO CEDI,Aprobado,UND ,238,209,0,209,2026-07-22,01-2026,003-LONDRES,2026-05-15,2026-05-19,1,14-0708             ,1,24,T-22     ,0.0,INCOMPLETO
YOYO,MOP-00000106,YY0000315                                         ,29-3AGO1,08-AGOSTO,YY0000315 - 11-0602 - 020  BODY MANGA CORTA CON CREMA T-14,YOYO CEDI,Aprobado,UND ,633,706,0,706,2026-07-22,01-2026,003-LONDRES,2026-05-15,2026-05-20,1,11-0602             ,1,20,T-14     ,0.0,INCOMPLETO
YOYO,MOP-00000106,YY0000315                                         ,29-3AGO1,08-AGOSTO,YY0000315 - 11-0602 - 021  BODY MANGA CORTA CON CREMA T-16,YOYO CEDI,Aprobado,UND ,633,707,0,707,2026-07-22,01-2026,003-LONDRES,2026-05-15,2026-05-20,1,11-0602             ,1,21,T-16     ,0.0,INCOMPLETO
YOYO,MOP-00000106,YY0000315                                         ,29-3AGO1,08-AGOSTO,YY0000315 - 11-0602 - 022  BODY MANGA CORTA CON CREMA T-18,YOYO CEDI,Aprobado,UND ,380,401,0,401,2026-07-22,01-2026,003-LONDRES,2026-05-15,2026-05-20,1,11-0602             ,1,22,T-18     ,0.0,INCOMPLETO
YOYO,MOP-00000106,YY0000315                                         ,29-3AGO1,08-AGOSTO,YY0000315 - 11-0602 - 023  BODY MANGA CORTA CON CREMA T-20,YOYO CEDI,Aprobado,UND ,380,401,0,401,2026-07-22,01-2026,003-LONDRES,2026-05-15,2026-05-20,1,11-0602             ,1,23,T-20     ,0.0,INCOMPLETO
YOYO,MOP-00000106,YY0000315                                         ,29-3AGO1,08-AGOSTO,YY0000315 - 11-0602 - 024  BODY MANGA CORTA CON CREMA T-22,YOYO CEDI,Aprobado,UND ,253,272,0,272,2026-07-22,01-2026,003-LONDRES,2026-05-15,2026-05-20,1,11-0602             ,1,24,T-22     ,0.0,INCOMPLETO
YOYO,MOP-00000106,YY0000315                                         ,29-3AGO1,08-AGOSTO,YY0000315 - 18-1222 - 020  BODY MANGA CORTA CON CAFE T-14,YOYO CEDI,Aprobado,UND ,561,615,0,615,2026-07-22,01-2026,003-LONDRES,2026-05-15,2026-05-20,1,18-1222             ,1,20,T-14     ,0.0,INCOMPLETO
YOYO,MOP-00000106,YY0000315                                         ,29-3AGO1,08-AGOSTO,YY0000315 - 18-1222 - 021  BODY MANGA CORTA CON CAFE T-16,YOYO CEDI,Aprobado,UND ,561,614,0,614,2026-07-22,01-2026,003-LONDRES,2026-05-15,2026-05-20,1,18-1222             ,1,21,T-16     ,0.0,INCOMPLETO
YOYO,MOP-00000106,YY0000315                                         ,29-3AGO1,08-AGOSTO,YY0000315 - 18-1222 - 022  BODY MANGA CORTA CON CAFE T-18,YOYO CEDI,Aprobado,UND ,337,362,0,362,2026-07-22,01-2026,003-LONDRES,2026-05-15,2026-05-20,1,18-1222             ,1,22,T-18     ,0.0,INCOMPLETO
YOYO,MOP-00000106,YY0000315                                         ,29-3AGO1,08-AGOSTO,YY0000315 - 18-1222 - 023  BODY MANGA CORTA CON CAFE T-20,YOYO CEDI,Aprobado,UND ,337,362,0,362,2026-07-22,01-2026,003-LONDRES,2026-05-15,2026-05-20,1,18-1222             ,1,23,T-20     ,0.0,INCOMPLETO
YOYO,MOP-00000106,YY0000315                                         ,29-3AGO1,08-AGOSTO,YY0000315 - 18-1222 - 024  BODY MANGA CORTA CON CAFE T-22,YOYO CEDI,Aprobado,UND ,225,242,0,242,2026-07-22,01-2026,003-LONDRES,2026-05-15,2026-05-20,1,18-1222             ,1,24,T-22     ,0.0,INCOMPLETO
YOYO,MOP-00000107,YY0000271                                         ,31-3AGO3,08-AGOSTO,YY0000271 - IND01 - 020  FALDA TIRO ALTO LAV INDIGO T-14,YOYO CEDI,Aprobado,UND ,500,528,0,528,2026-07-08,01-2026,004-NEW YORK,2026-05-15,2026-05-21,1,IND01               ,1,20,T-14     ,0.0,INCOMPLETO
YOYO,MOP-00000107,YY0000271                                         ,31-3AGO3,08-AGOSTO,YY0000271 - IND01 - 021  FALDA TIRO ALTO LAV INDIGO T-16,YOYO CEDI,Aprobado,UND ,500,516,0,516,2026-07-08,01-2026,004-NEW YORK,2026-05-15,2026-05-21,1,IND01               ,1,21,T-16     ,0.0,INCOMPLETO
YOYO,MOP-00000107,YY0000271                                         ,31-3AGO3,08-AGOSTO,YY0000271 - IND01 - 022  FALDA TIRO ALTO LAV INDIGO T-18,YOYO CEDI,Aprobado,UND ,400,416,0,416,2026-07-08,01-2026,004-NEW YORK,2026-05-15,2026-05-21,1,IND01               ,1,22,T-18     ,0.0,INCOMPLETO
YOYO,MOP-00000107,YY0000271                                         ,31-3AGO3,08-AGOSTO,YY0000271 - IND01 - 023  FALDA TIRO ALTO LAV INDIGO T-20,YOYO CEDI,Aprobado,UND ,300,312,0,312,2026-07-08,01-2026,004-NEW YORK,2026-05-15,2026-05-21,1,IND01               ,1,23,T-20     ,0.0,INCOMPLETO
YOYO,MOP-00000107,YY0000271                                         ,31-3AGO3,08-AGOSTO,YY0000271 - IND01 - 024  FALDA TIRO ALTO LAV INDIGO T-22,YOYO CEDI,Aprobado,UND ,200,208,0,208,2026-07-08,01-2026,004-NEW YORK,2026-05-15,2026-05-21,1,IND01               ,1,24,T-22     ,0.0,INCOMPLETO
YOYO,MOP-00000084,YY0000295                                         ,29-3AGO1,08-AGOSTO,YY0000295 - 12-1706 - 019  POLO MANGA CORTA EN ROSADO T-12,YOYO CEDI,Aprobado,UND ,300,246,0,246,2026-06-24,01-2026,003-LONDRES,2026-05-07,2026-05-23,1,12-1706             ,1,19,T-12     ,0.0,INCOMPLETO
YOYO,MOP-00000084,YY0000295                                         ,29-3AGO1,08-AGOSTO,YY0000295 - 12-1706 - 020  POLO MANGA CORTA EN ROSADO T-14,YOYO CEDI,Aprobado,UND ,500,410,0,410,2026-06-24,01-2026,003-LONDRES,2026-05-07,2026-05-23,1,12-1706             ,1,20,T-14     ,0.0,INCOMPLETO
YOYO,MOP-00000084,YY0000295                                         ,29-3AGO1,08-AGOSTO,YY0000295 - 12-1706 - 021  POLO MANGA CORTA EN ROSADO T-16,YOYO CEDI,Aprobado,UND ,500,410,0,410,2026-06-24,01-2026,003-LONDRES,2026-05-07,2026-05-23,1,12-1706             ,1,21,T-16     ,0.0,INCOMPLETO
YOYO,MOP-00000084,YY0000295                                         ,29-3AGO1,08-AGOSTO,YY0000295 - 12-1706 - 022  POLO MANGA CORTA EN ROSADO T-18,YOYO CEDI,Aprobado,UND ,300,240,0,240,2026-06-24,01-2026,003-LONDRES,2026-05-07,2026-05-23,1,12-1706             ,1,22,T-18     ,0.0,INCOMPLETO
YOYO,MOP-00000084,YY0000295                                         ,29-3AGO1,08-AGOSTO,YY0000295 - 12-1706 - 023  POLO MANGA CORTA EN ROSADO T-20,YOYO CEDI,Aprobado,UND ,300,240,0,240,2026-06-24,01-2026,003-LONDRES,2026-05-07,2026-05-23,1,12-1706             ,1,23,T-20     ,0.0,INCOMPLETO
YOYO,MOP-00000109,YY0000312                                         ,31-3AGO3,08-AGOSTO,YY0000312 - 19-4024 - 020  TOP MANGA SISA ESENC AZUL T-14,YOYO CEDI,Aprobado,UND ,611,641,0,641,2026-07-08,01-2026,004-NEW YORK,2026-05-20,2026-05-22,1,19-4024             ,1,20,T-14     ,0.0,INCOMPLETO
YOYO,MOP-00000109,YY0000312                                         ,31-3AGO3,08-AGOSTO,YY0000312 - 19-4024 - 021  TOP MANGA SISA ESENC AZUL T-16,YOYO CEDI,Aprobado,UND ,611,621,0,621,2026-07-08,01-2026,004-NEW YORK,2026-05-20,2026-05-22,1,19-4024             ,1,21,T-16     ,0.0,INCOMPLETO
YOYO,MOP-00000109,YY0000312                                         ,31-3AGO3,08-AGOSTO,YY0000312 - 19-4024 - 022  TOP MANGA SISA ESENC AZUL T-18,YOYO CEDI,Aprobado,UND ,367,378,0,378,2026-07-08,01-2026,004-NEW YORK,2026-05-20,2026-05-22,1,19-4024             ,1,22,T-18     ,0.0,INCOMPLETO
YOYO,MOP-00000109,YY0000312                                         ,31-3AGO3,08-AGOSTO,YY0000312 - 19-4024 - 023  TOP MANGA SISA ESENC AZUL T-20,YOYO CEDI,Aprobado,UND ,367,369,0,369,2026-07-08,01-2026,004-NEW YORK,2026-05-20,2026-05-22,1,19-4024             ,1,23,T-20     ,0.0,INCOMPLETO
YOYO,MOP-00000109,YY0000312                                         ,31-3AGO3,08-AGOSTO,YY0000312 - 19-4024 - 024  TOP MANGA SISA ESENC AZUL T-22,YOYO CEDI,Aprobado,UND ,244,126,0,126,2026-07-08,01-2026,004-NEW YORK,2026-05-20,2026-05-22,1,19-4024             ,1,24,T-22     ,0.0,INCOMPLETO
YOYO,MOP-00000110,YY0000313                                         ,31-3AGO3,08-AGOSTO,YY0000313 - 11-0602 - 020  CAMISETA MANGA LARGA CREMA T-14,YOYO CEDI,En elaboración,UND ,583,0,0,0,2026-07-08,01-2026,004-NEW YORK,2026-05-20,2026-05-22,1,11-0602             ,1,20,T-14     ,0.0,CERRADO
YOYO,MOP-00000110,YY0000313                                         ,31-3AGO3,08-AGOSTO,YY0000313 - 11-0602 - 021  CAMISETA MANGA LARGA CREMA T-16,YOYO CEDI,En elaboración,UND ,583,0,0,0,2026-07-08,01-2026,004-NEW YORK,2026-05-20,2026-05-22,1,11-0602             ,1,21,T-16     ,0.0,CERRADO
YOYO,MOP-00000110,YY0000313                                         ,31-3AGO3,08-AGOSTO,YY0000313 - 11-0602 - 022  CAMISETA MANGA LARGA CREMA T-18,YOYO CEDI,En elaboración,UND ,350,0,0,0,2026-07-08,01-2026,004-NEW YORK,2026-05-20,2026-05-22,1,11-0602             ,1,22,T-18     ,0.0,CERRADO
YOYO,MOP-00000110,YY0000313                                         ,31-3AGO3,08-AGOSTO,YY0000313 - 11-0602 - 023  CAMISETA MANGA LARGA CREMA T-20,YOYO CEDI,En elaboración,UND ,350,0,0,0,2026-07-08,01-2026,004-NEW YORK,2026-05-20,2026-05-22,1,11-0602             ,1,23,T-20     ,0.0,CERRADO
YOYO,MOP-00000110,YY0000313                                         ,31-3AGO3,08-AGOSTO,YY0000313 - 11-0602 - 024  CAMISETA MANGA LARGA CREMA T-22,YOYO CEDI,En elaboración,UND ,233,0,0,0,2026-07-08,01-2026,004-NEW YORK,2026-05-20,2026-05-22,1,11-0602             ,1,24,T-22     ,0.0,CERRADO
YOYO,MOP-00000111,YY0000490                                         ,31-3AGO3,08-AGOSTO,YY0000490 - 11-0602 - 020  BODY MANGA SISA COST CREMA T-14,YOYO CEDI,Aprobado,UND ,556,519,0,519,2026-07-08,01-2026,004-NEW YORK,2026-05-20,2026-05-21,1,11-0602             ,1,20,T-14     ,0.0,INCOMPLETO
YOYO,MOP-00000111,YY0000490                                         ,31-3AGO3,08-AGOSTO,YY0000490 - 11-0602 - 021  BODY MANGA SISA COST CREMA T-16,YOYO CEDI,Aprobado,UND ,556,511,0,511,2026-07-08,01-2026,004-NEW YORK,2026-05-20,2026-05-21,1,11-0602             ,1,21,T-16     ,0.0,INCOMPLETO
YOYO,MOP-00000111,YY0000490                                         ,31-3AGO3,08-AGOSTO,YY0000490 - 11-0602 - 022  BODY MANGA SISA COST CREMA T-18,YOYO CEDI,Aprobado,UND ,333,308,0,308,2026-07-08,01-2026,004-NEW YORK,2026-05-20,2026-05-21,1,11-0602             ,1,22,T-18     ,0.0,INCOMPLETO
YOYO,MOP-00000111,YY0000490                                         ,31-3AGO3,08-AGOSTO,YY0000490 - 11-0602 - 023  BODY MANGA SISA COST CREMA T-20,YOYO CEDI,Aprobado,UND ,333,308,0,308,2026-07-08,01-2026,004-NEW YORK,2026-05-20,2026-05-21,1,11-0602             ,1,23,T-20     ,0.0,INCOMPLETO
YOYO,MOP-00000111,YY0000490                                         ,31-3AGO3,08-AGOSTO,YY0000490 - 11-0602 - 024  BODY MANGA SISA COST CREMA T-22,YOYO CEDI,Aprobado,UND ,222,205,0,205,2026-07-08,01-2026,004-NEW YORK,2026-05-20,2026-05-21,1,11-0602             ,1,24,T-22     ,0.0,INCOMPLETO
YOYO,MOP-00000112,YY0000654                                         ,31-3AGO3,08-AGOSTO,YY0000654 - 19-4004 - 020  BODY MANGA CORTA CON NEGRO T-14,YOYO CEDI,Aprobado,UND ,639,556,0,556,2026-07-08,01-2026,004-NEW YORK,2026-05-20,2026-05-25,1,19-4004             ,1,20,T-14     ,0.0,INCOMPLETO
YOYO,MOP-00000112,YY0000654                                         ,31-3AGO3,08-AGOSTO,YY0000654 - 19-4004 - 021  BODY MANGA CORTA CON NEGRO T-16,YOYO CEDI,Aprobado,UND ,639,553,0,553,2026-07-08,01-2026,004-NEW YORK,2026-05-20,2026-05-25,1,19-4004             ,1,21,T-16     ,0.0,INCOMPLETO
YOYO,MOP-00000112,YY0000654                                         ,31-3AGO3,08-AGOSTO,YY0000654 - 19-4004 - 022  BODY MANGA CORTA CON NEGRO T-18,YOYO CEDI,Aprobado,UND ,383,332,0,332,2026-07-08,01-2026,004-NEW YORK,2026-05-20,2026-05-25,1,19-4004             ,1,22,T-18     ,0.0,INCOMPLETO
YOYO,MOP-00000112,YY0000654                                         ,31-3AGO3,08-AGOSTO,YY0000654 - 19-4004 - 023  BODY MANGA CORTA CON NEGRO T-20,YOYO CEDI,Aprobado,UND ,383,330,0,330,2026-07-08,01-2026,004-NEW YORK,2026-05-20,2026-05-25,1,19-4004             ,1,23,T-20     ,0.0,INCOMPLETO
YOYO,MOP-00000112,YY0000654                                         ,31-3AGO3,08-AGOSTO,YY0000654 - 19-4004 - 024  BODY MANGA CORTA CON NEGRO T-22,YOYO CEDI,Aprobado,UND ,256,220,0,220,2026-07-08,01-2026,004-NEW YORK,2026-05-20,2026-05-25,1,19-4004             ,1,24,T-22     ,0.0,INCOMPLETO
YOYO,MOP-00000113,YY0000304                                         ,31-3AGO3,08-AGOSTO,YY0000304 - 19-4004 - 018  TSHIRT  MANGA CORTA NEGRO T-10,YOYO CEDI,En elaboración,UND ,219,0,0,0,2026-08-05,01-2026,004-NEW YORK,2026-05-20,2026-05-25,1,19-4004             ,1,18,T-10     ,0.0,CERRADO
YOYO,MOP-00000113,YY0000304                                         ,31-3AGO3,08-AGOSTO,YY0000304 - 19-4004 - 019  TSHIRT  MANGA CORTA NEGRO T-12,YOYO CEDI,En elaboración,UND ,329,0,0,0,2026-08-05,01-2026,004-NEW YORK,2026-05-20,2026-05-25,1,19-4004             ,1,19,T-12     ,0.0,CERRADO
YOYO,MOP-00000113,YY0000304                                         ,31-3AGO3,08-AGOSTO,YY0000304 - 19-4004 - 020  TSHIRT  MANGA CORTA NEGRO T-14,YOYO CEDI,En elaboración,UND ,548,0,0,0,2026-08-05,01-2026,004-NEW YORK,2026-05-20,2026-05-25,1,19-4004             ,1,20,T-14     ,0.0,CERRADO
YOYO,MOP-00000113,YY0000304                                         ,31-3AGO3,08-AGOSTO,YY0000304 - 19-4004 - 021  TSHIRT  MANGA CORTA NEGRO T-16,YOYO CEDI,En elaboración,UND ,548,0,0,0,2026-08-05,01-2026,004-NEW YORK,2026-05-20,2026-05-25,1,19-4004             ,1,21,T-16     ,0.0,CERRADO
YOYO,MOP-00000113,YY0000304                                         ,31-3AGO3,08-AGOSTO,YY0000304 - 19-4004 - 022  TSHIRT  MANGA CORTA NEGRO T-18,YOYO CEDI,En elaboración,UND ,329,0,0,0,2026-08-05,01-2026,004-NEW YORK,2026-05-20,2026-05-25,1,19-4004             ,1,22,T-18     ,0.0,CERRADO
YOYO,MOP-00000113,YY0000304                                         ,31-3AGO3,08-AGOSTO,YY0000304 - 19-4004 - 023  TSHIRT  MANGA CORTA NEGRO T-20,YOYO CEDI,En elaboración,UND ,329,0,0,0,2026-08-05,01-2026,004-NEW YORK,2026-05-20,2026-05-25,1,19-4004             ,1,23,T-20     ,0.0,CERRADO
YOYO,MOP-00000115,YY0000289                                         ,29-3AGO1,08-AGOSTO,YY0000289 - 19-1940 - 018  BUZO ROJO T-10,YOYO CEDI,Aprobado,UND ,137,110,0,110,2026-07-22,01-2026,003-LONDRES,2026-05-20,2026-05-25,1,19-1940             ,1,18,T-10     ,0.0,INCOMPLETO
YOYO,MOP-00000115,YY0000289                                         ,29-3AGO1,08-AGOSTO,YY0000289 - 19-1940 - 019  BUZO ROJO T-12,YOYO CEDI,Aprobado,UND ,205,195,0,195,2026-07-22,01-2026,003-LONDRES,2026-05-20,2026-05-25,1,19-1940             ,1,19,T-12     ,0.0,INCOMPLETO
YOYO,MOP-00000115,YY0000289                                         ,29-3AGO1,08-AGOSTO,YY0000289 - 19-1940 - 020  BUZO ROJO T-14,YOYO CEDI,Aprobado,UND ,274,220,0,220,2026-07-22,01-2026,003-LONDRES,2026-05-20,2026-05-25,1,19-1940             ,1,20,T-14     ,0.0,INCOMPLETO
YOYO,MOP-00000115,YY0000289                                         ,29-3AGO1,08-AGOSTO,YY0000289 - 19-1940 - 021  BUZO ROJO T-16,YOYO CEDI,Aprobado,UND ,274,220,0,220,2026-07-22,01-2026,003-LONDRES,2026-05-20,2026-05-25,1,19-1940             ,1,21,T-16     ,0.0,INCOMPLETO
YOYO,MOP-00000115,YY0000289                                         ,29-3AGO1,08-AGOSTO,YY0000289 - 19-1940 - 022  BUZO ROJO T-18,YOYO CEDI,Aprobado,UND ,205,165,0,165,2026-07-22,01-2026,003-LONDRES,2026-05-20,2026-05-25,1,19-1940             ,1,22,T-18     ,0.0,INCOMPLETO
YOYO,MOP-00000115,YY0000289                                         ,29-3AGO1,08-AGOSTO,YY0000289 - 19-1940 - 023  BUZO ROJO T-20,YOYO CEDI,Aprobado,UND ,205,165,0,165,2026-07-22,01-2026,003-LONDRES,2026-05-20,2026-05-25,1,19-1940             ,1,23,T-20     ,0.0,INCOMPLETO
YOYO,MOP-00000116,YY0000309                                         ,31-3AGO3,08-AGOSTO,YY0000309 - 19-1102 - 020  TSHIRT MANGA CORTA E NEGRO T-14,YOYO CEDI,Aprobado,UND ,619,619,0,619,2026-08-05,01-2026,004-NEW YORK,2026-05-21,2026-06-05,1,19-1102             ,1,20,T-14     ,0.0,INCOMPLETO
YOYO,MOP-00000116,YY0000309                                         ,31-3AGO3,08-AGOSTO,YY0000309 - 19-1102 - 021  TSHIRT MANGA CORTA E NEGRO T-16,YOYO CEDI,Aprobado,UND ,619,619,0,619,2026-08-05,01-2026,004-NEW YORK,2026-05-21,2026-06-05,1,19-1102             ,1,21,T-16     ,0.0,INCOMPLETO
YOYO,MOP-00000116,YY0000309                                         ,31-3AGO3,08-AGOSTO,YY0000309 - 19-1102 - 022  TSHIRT MANGA CORTA E NEGRO T-18,YOYO CEDI,Aprobado,UND ,371,371,0,371,2026-08-05,01-2026,004-NEW YORK,2026-05-21,2026-06-05,1,19-1102             ,1,22,T-18     ,0.0,INCOMPLETO
YOYO,MOP-00000116,YY0000309                                         ,31-3AGO3,08-AGOSTO,YY0000309 - 19-1102 - 023  TSHIRT MANGA CORTA E NEGRO T-20,YOYO CEDI,Aprobado,UND ,371,371,0,371,2026-08-05,01-2026,004-NEW YORK,2026-05-21,2026-06-05,1,19-1102             ,1,23,T-20     ,0.0,INCOMPLETO
YOYO,MOP-00000116,YY0000309                                         ,31-3AGO3,08-AGOSTO,YY0000309 - 19-1102 - 018  TSHIRT MANGA CORTA E NEGRO T-10,YOYO CEDI,Aprobado,UND ,248,248,0,248,2026-08-05,01-2026,004-NEW YORK,2026-05-21,2026-06-05,1,19-1102             ,1,18,T-10     ,0.0,INCOMPLETO
YOYO,MOP-00000116,YY0000309                                         ,31-3AGO3,08-AGOSTO,YY0000309 - 19-1102 - 019  TSHIRT MANGA CORTA E NEGRO T-12,YOYO CEDI,Aprobado,UND ,371,371,0,371,2026-08-05,01-2026,004-NEW YORK,2026-05-21,2026-06-05,1,19-1102             ,1,19,T-12     ,0.0,INCOMPLETO
YOYO,MOP-00000039,YY0000235                                         ,25-3JUL1,07-JULIO,YY0000235 - 13-0107 - 018  CAMISETA MANGA CORTA VERDE T-10,YOYO CEDI,Aprobado,UND ,125,222,0,222,2026-06-07,01-2026,001-BASIC URBAN,2026-04-21,2026-05-26,1,13-0107             ,1,18,T-10     ,0.0,INCOMPLETO
YOYO,MOP-00000039,YY0000235                                         ,25-3JUL1,07-JULIO,YY0000235 - 13-0107 - 019  CAMISETA MANGA CORTA VERDE T-12,YOYO CEDI,Aprobado,UND ,188,340,0,340,2026-06-07,01-2026,001-BASIC URBAN,2026-04-21,2026-05-26,1,13-0107             ,1,19,T-12     ,0.0,INCOMPLETO
YOYO,MOP-00000039,YY0000235                                         ,25-3JUL1,07-JULIO,YY0000235 - 13-0107 - 020  CAMISETA MANGA CORTA VERDE T-14,YOYO CEDI,Aprobado,UND ,314,563,0,563,2026-06-07,01-2026,001-BASIC URBAN,2026-04-21,2026-05-26,1,13-0107             ,1,20,T-14     ,0.0,INCOMPLETO
YOYO,MOP-00000039,YY0000235                                         ,25-3JUL1,07-JULIO,YY0000235 - 13-0107 - 021  CAMISETA MANGA CORTA VERDE T-16,YOYO CEDI,Aprobado,UND ,314,570,0,570,2026-06-07,01-2026,001-BASIC URBAN,2026-04-21,2026-05-26,1,13-0107             ,1,21,T-16     ,0.0,INCOMPLETO
YOYO,MOP-00000039,YY0000235                                         ,25-3JUL1,07-JULIO,YY0000235 - 13-0107 - 022  CAMISETA MANGA CORTA VERDE T-18,YOYO CEDI,Aprobado,UND ,188,333,0,333,2026-06-07,01-2026,001-BASIC URBAN,2026-04-21,2026-05-26,1,13-0107             ,1,22,T-18     ,0.0,INCOMPLETO
YOYO,MOP-00000039,YY0000235                                         ,25-3JUL1,07-JULIO,YY0000235 - 13-0107 - 023  CAMISETA MANGA CORTA VERDE T-20,YOYO CEDI,Aprobado,UND ,188,333,0,333,2026-06-07,01-2026,001-BASIC URBAN,2026-04-21,2026-05-26,1,13-0107             ,1,23,T-20     ,0.0,INCOMPLETO
YOYO,MOP-00000039,YY0000235                                         ,25-3JUL1,07-JULIO,YY0000235 - 11-0602 - 021  CAMISETA MANGA CORTA CREMA T-16,YOYO CEDI,Aprobado,UND ,368,375,0,375,2026-06-07,01-2026,001-BASIC URBAN,2026-04-21,2026-05-26,1,11-0602             ,1,21,T-16     ,0.0,INCOMPLETO
YOYO,MOP-00000039,YY0000235                                         ,25-3JUL1,07-JULIO,YY0000235 - 11-0602 - 022  CAMISETA MANGA CORTA CREMA T-18,YOYO CEDI,Aprobado,UND ,221,222,0,222,2026-06-07,01-2026,001-BASIC URBAN,2026-04-21,2026-05-26,1,11-0602             ,1,22,T-18     ,0.0,INCOMPLETO
YOYO,MOP-00000039,YY0000235                                         ,25-3JUL1,07-JULIO,YY0000235 - 11-0602 - 023  CAMISETA MANGA CORTA CREMA T-20,YOYO CEDI,Aprobado,UND ,221,222,0,222,2026-06-07,01-2026,001-BASIC URBAN,2026-04-21,2026-05-26,1,11-0602             ,1,23,T-20     ,0.0,INCOMPLETO
YOYO,MOP-00000039,YY0000235                                         ,25-3JUL1,07-JULIO,YY0000235 - 11-0602 - 024  CAMISETA MANGA CORTA CREMA T-22,YOYO CEDI,Aprobado,UND ,74,74,0,74,2026-06-07,01-2026,001-BASIC URBAN,2026-04-21,2026-05-26,1,11-0602             ,1,24,T-22     ,0.0,INCOMPLETO
YOYO,MOP-00000039,YY0000235                                         ,25-3JUL1,07-JULIO,YY0000235 - 13-0107 - 024  CAMISETA MANGA CORTA VERDE T-22,YOYO CEDI,Aprobado,UND ,63,111,0,111,2026-06-07,01-2026,001-BASIC URBAN,2026-04-21,2026-05-26,1,13-0107             ,1,24,T-22     ,0.0,INCOMPLETO
YOYO,MOP-00000039,YY0000235                                         ,25-3JUL1,07-JULIO,YY0000235 - 11-0602 - 018  CAMISETA MANGA CORTA CREMA T-10,YOYO CEDI,Aprobado,UND ,147,148,0,148,2026-06-07,01-2026,001-BASIC URBAN,2026-04-21,2026-05-26,1,11-0602             ,1,18,T-10     ,0.0,INCOMPLETO
YOYO,MOP-00000039,YY0000235                                         ,25-3JUL1,07-JULIO,YY0000235 - 11-0602 - 019  CAMISETA MANGA CORTA CREMA T-12,YOYO CEDI,Aprobado,UND ,221,222,0,222,2026-06-07,01-2026,001-BASIC URBAN,2026-04-21,2026-05-26,1,11-0602             ,1,19,T-12     ,0.0,INCOMPLETO
YOYO,MOP-00000039,YY0000235                                         ,25-3JUL1,07-JULIO,YY0000235 - 11-0602 - 020  CAMISETA MANGA CORTA CREMA T-14,YOYO CEDI,Aprobado,UND ,368,369,0,369,2026-06-07,01-2026,001-BASIC URBAN,2026-04-21,2026-05-26,1,11-0602             ,1,20,T-14     ,0.0,INCOMPLETO
YOYO,MOP-00000040,YY0000236                                         ,25-3JUL1,07-JULIO,YY0000236 - 19-4031 - 019  POLO MANGA CORTA CON AZUL T-12,YOYO CEDI,Aprobado,UND ,371,411,0,411,2026-06-17,01-2026,001-BASIC URBAN,2026-04-21,2026-06-05,1,19-4031             ,1,19,T-12     ,0.0,INCOMPLETO
YOYO,MOP-00000040,YY0000236                                         ,25-3JUL1,07-JULIO,YY0000236 - 19-4031 - 020  POLO MANGA CORTA CON AZUL T-14,YOYO CEDI,Aprobado,UND ,619,690,0,690,2026-06-17,01-2026,001-BASIC URBAN,2026-04-21,2026-06-05,1,19-4031             ,1,20,T-14     ,0.0,INCOMPLETO
YOYO,MOP-00000040,YY0000236                                         ,25-3JUL1,07-JULIO,YY0000236 - 19-4031 - 021  POLO MANGA CORTA CON AZUL T-16,YOYO CEDI,Aprobado,UND ,619,684,0,684,2026-06-17,01-2026,001-BASIC URBAN,2026-04-21,2026-06-05,1,19-4031             ,1,21,T-16     ,0.0,INCOMPLETO
YOYO,MOP-00000040,YY0000236                                         ,25-3JUL1,07-JULIO,YY0000236 - 19-4031 - 022  POLO MANGA CORTA CON AZUL T-18,YOYO CEDI,Aprobado,UND ,371,444,0,444,2026-06-17,01-2026,001-BASIC URBAN,2026-04-21,2026-06-05,1,19-4031             ,1,22,T-18     ,0.0,INCOMPLETO
YOYO,MOP-00000040,YY0000236                                         ,25-3JUL1,07-JULIO,YY0000236 - 19-4031 - 023  POLO MANGA CORTA CON AZUL T-20,YOYO CEDI,Aprobado,UND ,371,378,0,378,2026-06-17,01-2026,001-BASIC URBAN,2026-04-21,2026-06-05,1,19-4031             ,1,23,T-20     ,0.0,INCOMPLETO
YOYO,MOP-00000040,YY0000236                                         ,25-3JUL1,07-JULIO,YY0000236 - 19-4031 - 024  POLO MANGA CORTA CON AZUL T-22,YOYO CEDI,Aprobado,UND ,248,238,0,238,2026-06-17,01-2026,001-BASIC URBAN,2026-04-21,2026-06-05,1,19-4031             ,1,24,T-22     ,0.0,INCOMPLETO
YOYO,MOP-00000063,YY0000226                                         ,26-3JUL2,07-JULIO,YY0000226 - IND02 - 019  CARGO TIRO MEDIO INDIGO T-12,YOYO CEDI,Aprobado,UND ,558,488,0,488,2026-06-24,01-2026,002-BLACK GARDEN,2026-04-27,2026-05-26,1,IND02               ,1,19,T-12     ,0.0,INCOMPLETO
YOYO,MOP-00000063,YY0000226                                         ,26-3JUL2,07-JULIO,YY0000226 - IND02 - 020  CARGO TIRO MEDIO INDIGO T-14,YOYO CEDI,Aprobado,UND ,669,636,0,636,2026-06-24,01-2026,002-BLACK GARDEN,2026-04-27,2026-05-26,1,IND02               ,1,20,T-14     ,0.0,INCOMPLETO
YOYO,MOP-00000063,YY0000226                                         ,26-3JUL2,07-JULIO,YY0000226 - IND02 - 021  CARGO TIRO MEDIO INDIGO T-16,YOYO CEDI,Aprobado,UND ,669,632,0,632,2026-06-24,01-2026,002-BLACK GARDEN,2026-04-27,2026-05-26,1,IND02               ,1,21,T-16     ,0.0,INCOMPLETO
YOYO,MOP-00000063,YY0000226                                         ,26-3JUL2,07-JULIO,YY0000226 - IND02 - 022  CARGO TIRO MEDIO INDIGO T-18,YOYO CEDI,Aprobado,UND ,446,474,0,474,2026-06-24,01-2026,002-BLACK GARDEN,2026-04-27,2026-05-26,1,IND02               ,1,22,T-18     ,0.0,INCOMPLETO
YOYO,MOP-00000063,YY0000226                                         ,26-3JUL2,07-JULIO,YY0000226 - IND02 - 023  CARGO TIRO MEDIO INDIGO T-20,YOYO CEDI,Aprobado,UND ,335,316,0,316,2026-06-24,01-2026,002-BLACK GARDEN,2026-04-27,2026-05-26,1,IND02               ,1,23,T-20     ,0.0,INCOMPLETO
YOYO,MOP-00000063,YY0000226                                         ,26-3JUL2,07-JULIO,YY0000226 - IND02 - 024  CARGO TIRO MEDIO INDIGO T-22,YOYO CEDI,Aprobado,UND ,223,237,0,237,2026-06-24,01-2026,002-BLACK GARDEN,2026-04-27,2026-05-26,1,IND02               ,1,24,T-22     ,0.0,INCOMPLETO
YOYO,MOP-00000082,YY0000265                                         ,29-3AGO1,08-AGOSTO,YY0000265 - IND01 - 018  RETROMOM TIRO BAJO INDIGO T-10,YOYO CEDI,Aprobado,UND ,200,182,0,182,2026-06-24,01-2026,003-LONDRES,2026-05-07,2026-05-26,1,IND01               ,1,18,T-10     ,0.0,INCOMPLETO
YOYO,MOP-00000082,YY0000265                                         ,29-3AGO1,08-AGOSTO,YY0000265 - IND01 - 019  RETROMOM TIRO BAJO INDIGO T-12,YOYO CEDI,Aprobado,UND ,500,474,0,474,2026-06-24,01-2026,003-LONDRES,2026-05-07,2026-05-26,1,IND01               ,1,19,T-12     ,0.0,INCOMPLETO
YOYO,MOP-00000082,YY0000265                                         ,29-3AGO1,08-AGOSTO,YY0000265 - IND01 - 020  RETROMOM TIRO BAJO INDIGO T-14,YOYO CEDI,Aprobado,UND ,600,581,0,581,2026-06-24,01-2026,003-LONDRES,2026-05-07,2026-05-26,1,IND01               ,1,20,T-14     ,0.0,INCOMPLETO
YOYO,MOP-00000082,YY0000265                                         ,29-3AGO1,08-AGOSTO,YY0000265 - IND01 - 021  RETROMOM TIRO BAJO INDIGO T-16,YOYO CEDI,Aprobado,UND ,600,581,0,581,2026-06-24,01-2026,003-LONDRES,2026-05-07,2026-05-26,1,IND01               ,1,21,T-16     ,0.0,INCOMPLETO
YOYO,MOP-00000082,YY0000265                                         ,29-3AGO1,08-AGOSTO,YY0000265 - IND01 - 022  RETROMOM TIRO BAJO INDIGO T-18,YOYO CEDI,Aprobado,UND ,400,388,0,388,2026-06-24,01-2026,003-LONDRES,2026-05-07,2026-05-26,1,IND01               ,1,22,T-18     ,0.0,INCOMPLETO
YOYO,MOP-00000082,YY0000265                                         ,29-3AGO1,08-AGOSTO,YY0000265 - IND01 - 023  RETROMOM TIRO BAJO INDIGO T-20,YOYO CEDI,Aprobado,UND ,300,285,0,285,2026-06-24,01-2026,003-LONDRES,2026-05-07,2026-05-26,1,IND01               ,1,23,T-20     ,0.0,INCOMPLETO
YOYO,MOP-00000082,YY0000265                                         ,29-3AGO1,08-AGOSTO,YY0000265 - IND01 - 024  RETROMOM TIRO BAJO INDIGO T-22,YOYO CEDI,Aprobado,UND ,300,285,0,285,2026-06-24,01-2026,003-LONDRES,2026-05-07,2026-05-26,1,IND01               ,1,24,T-22     ,0.0,INCOMPLETO
YOYO,MOP-00000086,YY0000266                                         ,31-3AGO3,08-AGOSTO,YY0000266 - IND02 - 019  RETROMOM TIRO ALTO INDIGO T-12,YOYO CEDI,Aprobado,UND ,500,512,0,512,2026-07-08,01-2026,004-NEW YORK,2026-05-08,2026-05-26,1,IND02               ,1,19,T-12     ,0.0,INCOMPLETO
YOYO,MOP-00000086,YY0000266                                         ,31-3AGO3,08-AGOSTO,YY0000266 - IND02 - 020  RETROMOM TIRO ALTO INDIGO T-14,YOYO CEDI,Aprobado,UND ,600,592,0,592,2026-07-08,01-2026,004-NEW YORK,2026-05-08,2026-05-26,1,IND02               ,1,20,T-14     ,0.0,INCOMPLETO
YOYO,MOP-00000086,YY0000266                                         ,31-3AGO3,08-AGOSTO,YY0000266 - IND02 - 021  RETROMOM TIRO ALTO INDIGO T-16,YOYO CEDI,Aprobado,UND ,600,592,0,592,2026-07-08,01-2026,004-NEW YORK,2026-05-08,2026-05-26,1,IND02               ,1,21,T-16     ,0.0,INCOMPLETO
YOYO,MOP-00000086,YY0000266                                         ,31-3AGO3,08-AGOSTO,YY0000266 - IND02 - 022  RETROMOM TIRO ALTO INDIGO T-18,YOYO CEDI,Aprobado,UND ,400,396,0,396,2026-07-08,01-2026,004-NEW YORK,2026-05-08,2026-05-26,1,IND02               ,1,22,T-18     ,0.0,INCOMPLETO
YOYO,MOP-00000086,YY0000266                                         ,31-3AGO3,08-AGOSTO,YY0000266 - IND02 - 023  RETROMOM TIRO ALTO INDIGO T-20,YOYO CEDI,Aprobado,UND ,300,296,0,296,2026-07-08,01-2026,004-NEW YORK,2026-05-08,2026-05-26,1,IND02               ,1,23,T-20     ,0.0,INCOMPLETO
YOYO,MOP-00000086,YY0000266                                         ,31-3AGO3,08-AGOSTO,YY0000266 - IND02 - 024  RETROMOM TIRO ALTO INDIGO T-22,YOYO CEDI,Aprobado,UND ,300,296,0,296,2026-07-08,01-2026,004-NEW YORK,2026-05-08,2026-05-26,1,IND02               ,1,24,T-22     ,0.0,INCOMPLETO
YOYO,MOP-00000102,35033201                                          ,28-3JUL4,07-JULIO,35033201 - 19-4004 - 021  PANTALON TIRO ALTO NEGRO T-16,YOYO CEDI,En elaboración,UND ,300,0,0,0,2026-07-08,01-2026, ,2026-05-14,2026-05-26,1,19-4004             ,1,21,T-16     ,0.0,CERRADO
YOYO,MOP-00000102,35033201                                          ,28-3JUL4,07-JULIO,35033201 - GRIS JASPE CLARO - 020  PANTALON TIRO ALTO GRIS T-14,YOYO CEDI,En elaboración,UND ,300,0,0,0,2026-07-08,01-2026, ,2026-05-14,2026-05-26,1,GRIS JASPE CLARO    ,1,20,T-14     ,0.0,CERRADO
YOYO,MOP-00000102,35033201                                          ,28-3JUL4,07-JULIO,35033201 - GRIS JASPE CLARO - 021  PANTALON TIRO ALTO GRIS T-16,YOYO CEDI,En elaboración,UND ,300,0,0,0,2026-07-08,01-2026, ,2026-05-14,2026-05-26,1,GRIS JASPE CLARO    ,1,21,T-16     ,0.0,CERRADO
YOYO,MOP-00000102,35033201                                          ,28-3JUL4,07-JULIO,35033201 - GRIS JASPE CLARO - 022  PANTALON TIRO ALTO GRIS T-18,YOYO CEDI,En elaboración,UND ,200,0,0,0,2026-07-08,01-2026, ,2026-05-14,2026-05-26,1,GRIS JASPE CLARO    ,1,22,T-18     ,0.0,CERRADO
YOYO,MOP-00000102,35033201                                          ,28-3JUL4,07-JULIO,35033201 - GRIS JASPE CLARO - 023  PANTALON TIRO ALTO GRIS T-20,YOYO CEDI,En elaboración,UND ,200,0,0,0,2026-07-08,01-2026, ,2026-05-14,2026-05-26,1,GRIS JASPE CLARO    ,1,23,T-20     ,0.0,CERRADO
YOYO,MOP-00000102,35033201                                          ,28-3JUL4,07-JULIO,35033201 - GRIS JASPE CLARO - 024  PANTALON TIRO ALTO GRIS T-22,YOYO CEDI,En elaboración,UND ,100,0,0,0,2026-07-08,01-2026, ,2026-05-14,2026-05-26,1,GRIS JASPE CLARO    ,1,24,T-22     ,0.0,CERRADO
YOYO,MOP-00000102,35033201                                          ,28-3JUL4,07-JULIO,35033201 - 19-4004 - 019  PANTALON TIRO ALTO NEGRO T-12,YOYO CEDI,En elaboración,UND ,300,0,0,0,2026-07-08,01-2026, ,2026-05-14,2026-05-26,1,19-4004             ,1,19,T-12     ,0.0,CERRADO
YOYO,MOP-00000102,35033201                                          ,28-3JUL4,07-JULIO,35033201 - 19-4004 - 024  PANTALON TIRO ALTO NEGRO T-22,YOYO CEDI,En elaboración,UND ,150,0,0,0,2026-07-08,01-2026, ,2026-05-14,2026-05-26,1,19-4004             ,1,24,T-22     ,0.0,CERRADO
YOYO,MOP-00000102,35033201                                          ,28-3JUL4,07-JULIO,35033201 - 19-4004 - 020  PANTALON TIRO ALTO NEGRO T-14,YOYO CEDI,En elaboración,UND ,300,0,0,0,2026-07-08,01-2026, ,2026-05-14,2026-05-26,1,19-4004             ,1,20,T-14     ,0.0,CERRADO
YOYO,MOP-00000102,35033201                                          ,28-3JUL4,07-JULIO,35033201 - 19-4004 - 023  PANTALON TIRO ALTO NEGRO T-20,YOYO CEDI,En elaboración,UND ,300,0,0,0,2026-07-08,01-2026, ,2026-05-14,2026-05-26,1,19-4004             ,1,23,T-20     ,0.0,CERRADO
YOYO,MOP-00000102,35033201                                          ,28-3JUL4,07-JULIO,35033201 - 19-4004 - 022  PANTALON TIRO ALTO NEGRO T-18,YOYO CEDI,En elaboración,UND ,300,0,0,0,2026-07-08,01-2026, ,2026-05-14,2026-05-26,1,19-4004             ,1,22,T-18     ,0.0,CERRADO
YOYO,MOP-00000102,35033201                                          ,28-3JUL4,07-JULIO,35033201 - GRIS JASPE CLARO - 019  PANTALON TIRO ALTO GRIS T-12,YOYO CEDI,En elaboración,UND ,300,0,0,0,2026-07-08,01-2026, ,2026-05-14,2026-05-26,1,GRIS JASPE CLARO    ,1,19,T-12     ,0.0,CERRADO
YOYO,MOP-00000103,35050249                                          ,28-3JUL4,07-JULIO,35050249 - 11-0602 - 021  CAMISETA MC TP ESEN CREMA T-16,YOYO CEDI,Comprometido,UND ,200,200,0,200,2026-07-08,01-2026, ,2026-05-14,2026-06-04,1,11-0602             ,1,21,T-16     ,0.0,INCOMPLETO
YOYO,MOP-00000103,35050249                                          ,28-3JUL4,07-JULIO,35050249 - 11-0602 - 023  CAMISETA MC TP ESEN CREMA T-20,YOYO CEDI,Comprometido,UND ,200,200,0,200,2026-07-08,01-2026, ,2026-05-14,2026-06-04,1,11-0602             ,1,23,T-20     ,0.0,INCOMPLETO
YOYO,MOP-00000103,35050249                                          ,28-3JUL4,07-JULIO,35050249 - 19-4004 - 021  CAMISETA MC TP ESEN NEGRO T-16,YOYO CEDI,Comprometido,UND ,254,254,0,254,2026-07-08,01-2026, ,2026-05-14,2026-06-04,1,19-4004             ,1,21,T-16     ,0.0,INCOMPLETO
YOYO,MOP-00000103,35050249                                          ,28-3JUL4,07-JULIO,35050249 - 11-0602 - 019  CAMISETA MC TP ESEN CREMA T-12,YOYO CEDI,Comprometido,UND ,202,202,0,202,2026-07-08,01-2026, ,2026-05-14,2026-06-04,1,11-0602             ,1,19,T-12     ,0.0,INCOMPLETO
YOYO,MOP-00000103,35050249                                          ,28-3JUL4,07-JULIO,35050249 - 11-0602 - 024  CAMISETA MC TP ESEN CREMA T-22,YOYO CEDI,Comprometido,UND ,100,100,0,100,2026-07-08,01-2026, ,2026-05-14,2026-06-04,1,11-0602             ,1,24,T-22     ,0.0,INCOMPLETO
YOYO,MOP-00000103,35050249                                          ,28-3JUL4,07-JULIO,35050249 - 11-0602 - 022  CAMISETA MC TP ESEN CREMA T-18,YOYO CEDI,Comprometido,UND ,200,200,0,200,2026-07-08,01-2026, ,2026-05-14,2026-06-04,1,11-0602             ,1,22,T-18     ,0.0,INCOMPLETO
YOYO,MOP-00000103,35050249                                          ,28-3JUL4,07-JULIO,35050249 - 11-0602 - 020  CAMISETA MC TP ESEN CREMA T-14,YOYO CEDI,Comprometido,UND ,200,200,0,200,2026-07-08,01-2026, ,2026-05-14,2026-06-04,1,11-0602             ,1,20,T-14     ,0.0,INCOMPLETO
YOYO,MOP-00000103,35050249                                          ,28-3JUL4,07-JULIO,35050249 - 19-4004 - 024  CAMISETA MC TP ESEN NEGRO T-22,YOYO CEDI,Comprometido,UND ,50,50,0,50,2026-07-08,01-2026, ,2026-05-14,2026-06-04,1,19-4004             ,1,24,T-22     ,0.0,INCOMPLETO
YOYO,MOP-00000103,35050249                                          ,28-3JUL4,07-JULIO,35050249 - 19-4004 - 019  CAMISETA MC TP ESEN NEGRO T-12,YOYO CEDI,Aprobado,UND ,50,50,0,50,2026-07-08,01-2026, ,2026-05-14,2026-06-04,1,19-4004             ,1,19,T-12     ,0.0,INCOMPLETO
YOYO,MOP-00000103,35050249                                          ,28-3JUL4,07-JULIO,35050249 - 19-4004 - 023  CAMISETA MC TP ESEN NEGRO T-20,YOYO CEDI,Aprobado,UND ,200,200,0,200,2026-07-08,01-2026, ,2026-05-14,2026-06-04,1,19-4004             ,1,23,T-20     ,0.0,INCOMPLETO
YOYO,MOP-00000103,35050249                                          ,28-3JUL4,07-JULIO,35050249 - 19-4004 - 020  CAMISETA MC TP ESEN NEGRO T-14,YOYO CEDI,Comprometido,UND ,200,200,0,200,2026-07-08,01-2026, ,2026-05-14,2026-06-04,1,19-4004             ,1,20,T-14     ,0.0,INCOMPLETO
YOYO,MOP-00000103,35050249                                          ,28-3JUL4,07-JULIO,35050249 - 19-4004 - 022  CAMISETA MC TP ESEN NEGRO T-18,YOYO CEDI,Comprometido,UND ,200,200,0,200,2026-07-08,01-2026, ,2026-05-14,2026-06-04,1,19-4004             ,1,22,T-18     ,0.0,INCOMPLETO
YOYO,MOP-00000104,YY0000715                                         ,29-3AGO1,08-AGOSTO,YY0000715 - 18-1222 - 019  T-SHIRT MANGA CORTA CAFE T-12,YOYO CEDI,Aprobado,UND ,379,299,0,299,2026-07-22,01-2026,003-LONDRES,2026-05-14,2026-05-26,1,18-1222             ,1,19,T-12     ,0.0,INCOMPLETO
YOYO,MOP-00000104,YY0000715                                         ,29-3AGO1,08-AGOSTO,YY0000715 - 18-1222 - 020  T-SHIRT MANGA CORTA CAFE T-14,YOYO CEDI,Aprobado,UND ,632,494,0,494,2026-07-22,01-2026,003-LONDRES,2026-05-14,2026-05-26,1,18-1222             ,1,20,T-14     ,0.0,INCOMPLETO
YOYO,MOP-00000104,YY0000715                                         ,29-3AGO1,08-AGOSTO,YY0000715 - 18-1222 - 021  T-SHIRT MANGA CORTA CAFE T-16,YOYO CEDI,Aprobado,UND ,632,465,0,465,2026-07-22,01-2026,003-LONDRES,2026-05-14,2026-05-26,1,18-1222             ,1,21,T-16     ,0.0,INCOMPLETO
YOYO,MOP-00000104,YY0000715                                         ,29-3AGO1,08-AGOSTO,YY0000715 - 18-1222 - 022  T-SHIRT MANGA CORTA CAFE T-18,YOYO CEDI,Aprobado,UND ,379,283,0,283,2026-07-22,01-2026,003-LONDRES,2026-05-14,2026-05-26,1,18-1222             ,1,22,T-18     ,0.0,INCOMPLETO
YOYO,MOP-00000104,YY0000715                                         ,29-3AGO1,08-AGOSTO,YY0000715 - 18-1222 - 023  T-SHIRT MANGA CORTA CAFE T-20,YOYO CEDI,Aprobado,UND ,379,283,0,283,2026-07-22,01-2026,003-LONDRES,2026-05-14,2026-05-26,1,18-1222             ,1,23,T-20     ,0.0,INCOMPLETO
YOYO,MOP-00000108,YY0000301                                         ,31-3AGO3,08-AGOSTO,YY0000301 - IND02 - 018  MOM JEAN TIRO ALTO INDIGO T-10,YOYO CEDI,Aprobado,UND ,179,213,0,213,2026-07-08,01-2026,004-NEW YORK,2026-05-19,2026-05-26,1,IND02               ,1,18,T-10     ,0.0,INCOMPLETO
YOYO,MOP-00000108,YY0000301                                         ,31-3AGO3,08-AGOSTO,YY0000301 - IND02 - 019  MOM JEAN TIRO ALTO INDIGO T-12,YOYO CEDI,Aprobado,UND ,446,450,0,450,2026-07-08,01-2026,004-NEW YORK,2026-05-19,2026-05-26,1,IND02               ,1,19,T-12     ,0.0,INCOMPLETO
YOYO,MOP-00000108,YY0000301                                         ,31-3AGO3,08-AGOSTO,YY0000301 - IND02 - 020  MOM JEAN TIRO ALTO INDIGO T-14,YOYO CEDI,Aprobado,UND ,536,540,0,540,2026-07-08,01-2026,004-NEW YORK,2026-05-19,2026-05-26,1,IND02               ,1,20,T-14     ,0.0,INCOMPLETO
YOYO,MOP-00000108,YY0000301                                         ,31-3AGO3,08-AGOSTO,YY0000301 - IND02 - 021  MOM JEAN TIRO ALTO INDIGO T-16,YOYO CEDI,Aprobado,UND ,536,540,0,540,2026-07-08,01-2026,004-NEW YORK,2026-05-19,2026-05-26,1,IND02               ,1,21,T-16     ,0.0,INCOMPLETO
YOYO,MOP-00000108,YY0000301                                         ,31-3AGO3,08-AGOSTO,YY0000301 - IND02 - 022  MOM JEAN TIRO ALTO INDIGO T-18,YOYO CEDI,Aprobado,UND ,357,360,0,360,2026-07-08,01-2026,004-NEW YORK,2026-05-19,2026-05-26,1,IND02               ,1,22,T-18     ,0.0,INCOMPLETO
YOYO,MOP-00000108,YY0000301                                         ,31-3AGO3,08-AGOSTO,YY0000301 - IND02 - 023  MOM JEAN TIRO ALTO INDIGO T-20,YOYO CEDI,Aprobado,UND ,268,270,0,270,2026-07-08,01-2026,004-NEW YORK,2026-05-19,2026-05-26,1,IND02               ,1,23,T-20     ,0.0,INCOMPLETO
YOYO,MOP-00000108,YY0000301                                         ,31-3AGO3,08-AGOSTO,YY0000301 - IND02 - 024  MOM JEAN TIRO ALTO INDIGO T-22,YOYO CEDI,Aprobado,UND ,179,180,0,180,2026-07-08,01-2026,004-NEW YORK,2026-05-19,2026-05-26,1,IND02               ,1,24,T-22     ,0.0,INCOMPLETO
YOYO,MOP-00000114,YY0000308                                         ,31-3AGO3,08-AGOSTO,YY0000308 - 19-4024 - 019  T-SHIRT MANGA CORTA AZUL T-12,YOYO CEDI,Comprometido,UND ,283,283,0,283,2026-08-05,01-2026,004-NEW YORK,2026-05-20,2026-06-04,1,19-4024             ,1,19,T-12     ,0.0,INCOMPLETO
YOYO,MOP-00000114,YY0000308                                         ,31-3AGO3,08-AGOSTO,YY0000308 - 19-4024 - 020  T-SHIRT MANGA CORTA AZUL T-14,YOYO CEDI,Comprometido,UND ,471,471,0,471,2026-08-05,01-2026,004-NEW YORK,2026-05-20,2026-06-04,1,19-4024             ,1,20,T-14     ,0.0,INCOMPLETO
YOYO,MOP-00000114,YY0000308                                         ,31-3AGO3,08-AGOSTO,YY0000308 - 19-4024 - 021  T-SHIRT MANGA CORTA AZUL T-16,YOYO CEDI,Comprometido,UND ,471,471,0,471,2026-08-05,01-2026,004-NEW YORK,2026-05-20,2026-06-04,1,19-4024             ,1,21,T-16     ,0.0,INCOMPLETO
YOYO,MOP-00000114,YY0000308                                         ,31-3AGO3,08-AGOSTO,YY0000308 - 19-4024 - 022  T-SHIRT MANGA CORTA AZUL T-18,YOYO CEDI,Comprometido,UND ,283,283,0,283,2026-08-05,01-2026,004-NEW YORK,2026-05-20,2026-06-04,1,19-4024             ,1,22,T-18     ,0.0,INCOMPLETO
YOYO,MOP-00000114,YY0000308                                         ,31-3AGO3,08-AGOSTO,YY0000308 - 19-4024 - 023  T-SHIRT MANGA CORTA AZUL T-20,YOYO CEDI,Comprometido,UND ,283,283,0,283,2026-08-05,01-2026,004-NEW YORK,2026-05-20,2026-06-04,1,19-4024             ,1,23,T-20     ,0.0,INCOMPLETO
YOYO,MOP-00000114,YY0000308                                         ,31-3AGO3,08-AGOSTO,YY0000308 - 19-4024 - 024  T-SHIRT MANGA CORTA AZUL T-22,YOYO CEDI,Comprometido,UND ,189,189,0,189,2026-08-05,01-2026,004-NEW YORK,2026-05-20,2026-06-04,1,19-4024             ,1,24,T-22     ,0.0,INCOMPLETO
YOYO,MOP-00000114,YY0000308                                         ,31-3AGO3,08-AGOSTO,YY0000308 - 11-0602 - 019  T-SHIRT MANGA CORTA CREMA T-12,YOYO CEDI,Comprometido,UND ,360,360,0,360,2026-08-05,01-2026,004-NEW YORK,2026-05-20,2026-06-04,1,11-0602             ,1,19,T-12     ,0.0,INCOMPLETO
YOYO,MOP-00000114,YY0000308                                         ,31-3AGO3,08-AGOSTO,YY0000308 - 11-0602 - 020  T-SHIRT MANGA CORTA CREMA T-14,YOYO CEDI,Comprometido,UND ,600,600,0,600,2026-08-05,01-2026,004-NEW YORK,2026-05-20,2026-06-04,1,11-0602             ,1,20,T-14     ,0.0,INCOMPLETO
YOYO,MOP-00000114,YY0000308                                         ,31-3AGO3,08-AGOSTO,YY0000308 - 11-0602 - 021  T-SHIRT MANGA CORTA CREMA T-16,YOYO CEDI,Comprometido,UND ,600,600,0,600,2026-08-05,01-2026,004-NEW YORK,2026-05-20,2026-06-04,1,11-0602             ,1,21,T-16     ,0.0,INCOMPLETO
YOYO,MOP-00000114,YY0000308                                         ,31-3AGO3,08-AGOSTO,YY0000308 - 11-0602 - 022  T-SHIRT MANGA CORTA CREMA T-18,YOYO CEDI,Comprometido,UND ,360,360,0,360,2026-08-05,01-2026,004-NEW YORK,2026-05-20,2026-06-04,1,11-0602             ,1,22,T-18     ,0.0,INCOMPLETO
YOYO,MOP-00000114,YY0000308                                         ,31-3AGO3,08-AGOSTO,YY0000308 - 11-0602 - 023  T-SHIRT MANGA CORTA CREMA T-20,YOYO CEDI,Comprometido,UND ,360,360,0,360,2026-08-05,01-2026,004-NEW YORK,2026-05-20,2026-06-04,1,11-0602             ,1,23,T-20     ,0.0,INCOMPLETO
YOYO,MOP-00000114,YY0000308                                         ,31-3AGO3,08-AGOSTO,YY0000308 - 11-0602 - 024  T-SHIRT MANGA CORTA CREMA T-22,YOYO CEDI,Comprometido,UND ,240,240,0,240,2026-08-05,01-2026,004-NEW YORK,2026-05-20,2026-06-04,1,11-0602             ,1,24,T-22     ,0.0,INCOMPLETO
YOYO,MOP-00000117,YY0000267                                         ,29-3AGO1,08-AGOSTO,YY0000267 - IND07 - 019  CARGO TIRO MEDIO INDIGO T-12,YOYO CEDI,Aprobado,UND ,500,292,0,292,2026-07-22,01-2026,003-LONDRES,2026-05-21,2026-05-27,1,IND07               ,1,19,T-12     ,0.0,INCOMPLETO
YOYO,MOP-00000117,YY0000267                                         ,29-3AGO1,08-AGOSTO,YY0000267 - IND07 - 020  CARGO TIRO MEDIO INDIGO T-14,YOYO CEDI,Aprobado,UND ,600,570,0,570,2026-07-22,01-2026,003-LONDRES,2026-05-21,2026-05-27,1,IND07               ,1,20,T-14     ,0.0,INCOMPLETO
YOYO,MOP-00000117,YY0000267                                         ,29-3AGO1,08-AGOSTO,YY0000267 - IND07 - 021  CARGO TIRO MEDIO INDIGO T-16,YOYO CEDI,Aprobado,UND ,600,570,0,570,2026-07-22,01-2026,003-LONDRES,2026-05-21,2026-05-27,1,IND07               ,1,21,T-16     ,0.0,INCOMPLETO
YOYO,MOP-00000117,YY0000267                                         ,29-3AGO1,08-AGOSTO,YY0000267 - IND07 - 022  CARGO TIRO MEDIO INDIGO T-18,YOYO CEDI,Aprobado,UND ,400,380,0,380,2026-07-22,01-2026,003-LONDRES,2026-05-21,2026-05-27,1,IND07               ,1,22,T-18     ,0.0,INCOMPLETO
YOYO,MOP-00000117,YY0000267                                         ,29-3AGO1,08-AGOSTO,YY0000267 - IND07 - 023  CARGO TIRO MEDIO INDIGO T-20,YOYO CEDI,Aprobado,UND ,300,285,0,285,2026-07-22,01-2026,003-LONDRES,2026-05-21,2026-05-27,1,IND07               ,1,23,T-20     ,0.0,INCOMPLETO
YOYO,MOP-00000117,YY0000267                                         ,29-3AGO1,08-AGOSTO,YY0000267 - IND07 - 024  CARGO TIRO MEDIO INDIGO T-22,YOYO CEDI,Aprobado,UND ,300,285,0,285,2026-07-22,01-2026,003-LONDRES,2026-05-21,2026-05-27,1,IND07               ,1,24,T-22     ,0.0,INCOMPLETO
YOYO,MOP-00000117,YY0000267                                         ,29-3AGO1,08-AGOSTO,YY0000267 - IND07 - 018  CARGO TIRO MEDIO INDIGO T-10,YOYO CEDI,Aprobado,UND ,200,190,0,190,2026-07-22,01-2026,003-LONDRES,2026-05-21,2026-05-27,1,IND07               ,1,18,T-10     ,0.0,INCOMPLETO
YOYO,MOP-00000118,YY0000290                                         ,29-3AGO1,08-AGOSTO,YY0000290 - 13-1008 - 020  BLUSA MANGA CORTA CU CAFE T-14,YOYO CEDI,Aprobado,UND ,325,340,0,340,2026-07-22,01-2026,003-LONDRES,2026-05-21,2026-06-04,1,13-1008             ,1,20,T-14     ,0.0,INCOMPLETO
YOYO,MOP-00000118,YY0000290                                         ,29-3AGO1,08-AGOSTO,YY0000290 - 13-1008 - 023  BLUSA MANGA CORTA CU CAFE T-20,YOYO CEDI,Aprobado,UND ,195,195,0,195,2026-07-22,01-2026,003-LONDRES,2026-05-21,2026-06-04,1,13-1008             ,1,23,T-20     ,0.0,INCOMPLETO
YOYO,MOP-00000118,YY0000290                                         ,29-3AGO1,08-AGOSTO,YY0000290 - 13-1008 - 024  BLUSA MANGA CORTA CU CAFE T-22,YOYO CEDI,Aprobado,UND ,130,127,0,127,2026-07-22,01-2026,003-LONDRES,2026-05-21,2026-06-04,1,13-1008             ,1,24,T-22     ,0.0,INCOMPLETO
YOYO,MOP-00000118,YY0000290                                         ,29-3AGO1,08-AGOSTO,YY0000290 - 13-1008 - 022  BLUSA MANGA CORTA CU CAFE T-18,YOYO CEDI,Aprobado,UND ,195,195,0,195,2026-07-22,01-2026,003-LONDRES,2026-05-21,2026-06-04,1,13-1008             ,1,22,T-18     ,0.0,INCOMPLETO
YOYO,MOP-00000118,YY0000290                                         ,29-3AGO1,08-AGOSTO,YY0000290 - 13-1008 - 021  BLUSA MANGA CORTA CU CAFE T-16,YOYO CEDI,Aprobado,UND ,325,325,0,325,2026-07-22,01-2026,003-LONDRES,2026-05-21,2026-06-04,1,13-1008             ,1,21,T-16     ,0.0,INCOMPLETO
YOYO,MOP-00000119,YY0000294                                         ,29-3AGO1,08-AGOSTO,YY0000294 - 12-1706 - 018  TOP MANGA CORTA ESTA ROSADO T-10,YOYO CEDI,Comprometido,UND ,248,248,0,248,2026-07-22,01-2026,003-LONDRES,2026-05-21,2026-06-05,1,12-1706             ,1,18,T-10     ,0.0,INCOMPLETO
YOYO,MOP-00000119,YY0000294                                         ,29-3AGO1,08-AGOSTO,YY0000294 - 12-1706 - 019  TOP MANGA CORTA ESTA ROSADO T-12,YOYO CEDI,Comprometido,UND ,371,371,0,371,2026-07-22,01-2026,003-LONDRES,2026-05-21,2026-06-05,1,12-1706             ,1,19,T-12     ,0.0,INCOMPLETO
YOYO,MOP-00000119,YY0000294                                         ,29-3AGO1,08-AGOSTO,YY0000294 - 12-1706 - 020  TOP MANGA CORTA ESTA ROSADO T-14,YOYO CEDI,Comprometido,UND ,619,619,0,619,2026-07-22,01-2026,003-LONDRES,2026-05-21,2026-06-05,1,12-1706             ,1,20,T-14     ,0.0,INCOMPLETO
YOYO,MOP-00000119,YY0000294                                         ,29-3AGO1,08-AGOSTO,YY0000294 - 12-1706 - 021  TOP MANGA CORTA ESTA ROSADO T-16,YOYO CEDI,Comprometido,UND ,619,619,0,619,2026-07-22,01-2026,003-LONDRES,2026-05-21,2026-06-05,1,12-1706             ,1,21,T-16     ,0.0,INCOMPLETO
YOYO,MOP-00000119,YY0000294                                         ,29-3AGO1,08-AGOSTO,YY0000294 - 12-1706 - 022  TOP MANGA CORTA ESTA ROSADO T-18,YOYO CEDI,Comprometido,UND ,371,371,0,371,2026-07-22,01-2026,003-LONDRES,2026-05-21,2026-06-05,1,12-1706             ,1,22,T-18     ,0.0,INCOMPLETO
YOYO,MOP-00000119,YY0000294                                         ,29-3AGO1,08-AGOSTO,YY0000294 - 12-1706 - 023  TOP MANGA CORTA ESTA ROSADO T-20,YOYO CEDI,Comprometido,UND ,371,371,0,371,2026-07-22,01-2026,003-LONDRES,2026-05-21,2026-06-05,1,12-1706             ,1,23,T-20     ,0.0,INCOMPLETO
YOYO,MOP-00000120,YY0004404                                         ,29-3AGO1,08-AGOSTO,YY0004404 - IND01 - 019  BERMUDA TIRO BAJO LA INDIGO T-12,YOYO CEDI,Aprobado,UND ,420,405,0,405,2026-07-22,01-2026,003-LONDRES,2026-05-21,2026-05-25,1,IND01               ,1,19,T-12     ,0.0,INCOMPLETO
YOYO,MOP-00000120,YY0004404                                         ,29-3AGO1,08-AGOSTO,YY0004404 - IND01 - 020  BERMUDA TIRO BAJO LA INDIGO T-14,YOYO CEDI,Aprobado,UND ,420,405,0,405,2026-07-22,01-2026,003-LONDRES,2026-05-21,2026-05-25,1,IND01               ,1,20,T-14     ,0.0,INCOMPLETO
YOYO,MOP-00000120,YY0004404                                         ,29-3AGO1,08-AGOSTO,YY0004404 - IND01 - 021  BERMUDA TIRO BAJO LA INDIGO T-16,YOYO CEDI,Aprobado,UND ,420,402,0,402,2026-07-22,01-2026,003-LONDRES,2026-05-21,2026-05-25,1,IND01               ,1,21,T-16     ,0.0,INCOMPLETO
YOYO,MOP-00000120,YY0004404                                         ,29-3AGO1,08-AGOSTO,YY0004404 - IND01 - 022  BERMUDA TIRO BAJO LA INDIGO T-18,YOYO CEDI,Aprobado,UND ,315,302,0,302,2026-07-22,01-2026,003-LONDRES,2026-05-21,2026-05-25,1,IND01               ,1,22,T-18     ,0.0,INCOMPLETO
YOYO,MOP-00000120,YY0004404                                         ,29-3AGO1,08-AGOSTO,YY0004404 - IND01 - 023  BERMUDA TIRO BAJO LA INDIGO T-20,YOYO CEDI,Aprobado,UND ,315,302,0,302,2026-07-22,01-2026,003-LONDRES,2026-05-21,2026-05-25,1,IND01               ,1,23,T-20     ,0.0,INCOMPLETO
YOYO,MOP-00000120,YY0004404                                         ,29-3AGO1,08-AGOSTO,YY0004404 - IND01 - 024  BERMUDA TIRO BAJO LA INDIGO T-22,YOYO CEDI,Aprobado,UND ,210,200,0,200,2026-07-22,01-2026,003-LONDRES,2026-05-21,2026-05-25,1,IND01               ,1,24,T-22     ,0.0,INCOMPLETO
YOYO,MOP-00000121,YY0000297                                         ,29-3AGO1,08-AGOSTO,YY0000297 - 11-0602 - 023  CAMISETA MANGA SISA CREMA T-20,YOYO CEDI,En elaboración,UND ,352,0,0,0,2026-07-22,01-2026,003-LONDRES,2026-05-21,2026-05-25,1,11-0602             ,1,23,T-20     ,0.0,CERRADO
YOYO,MOP-00000121,YY0000297                                         ,29-3AGO1,08-AGOSTO,YY0000297 - 11-0602 - 024  CAMISETA MANGA SISA CREMA T-22,YOYO CEDI,En elaboración,UND ,234,0,0,0,2026-07-22,01-2026,003-LONDRES,2026-05-21,2026-05-25,1,11-0602             ,1,24,T-22     ,0.0,CERRADO
YOYO,MOP-00000121,YY0000297                                         ,29-3AGO1,08-AGOSTO,YY0000297 - 19-1940 - 022  CAMISETA MANGA SISA ROJO T-18,YOYO CEDI,En elaboración,UND ,265,0,0,0,2026-07-22,01-2026,003-LONDRES,2026-05-21,2026-05-25,1,19-1940             ,1,22,T-18     ,0.0,CERRADO
YOYO,MOP-00000121,YY0000297                                         ,29-3AGO1,08-AGOSTO,YY0000297 - 19-1940 - 023  CAMISETA MANGA SISA ROJO T-20,YOYO CEDI,En elaboración,UND ,265,0,0,0,2026-07-22,01-2026,003-LONDRES,2026-05-21,2026-05-25,1,19-1940             ,1,23,T-20     ,0.0,CERRADO
YOYO,MOP-00000121,YY0000297                                         ,29-3AGO1,08-AGOSTO,YY0000297 - 19-1940 - 024  CAMISETA MANGA SISA ROJO T-22,YOYO CEDI,En elaboración,UND ,177,0,0,0,2026-07-22,01-2026,003-LONDRES,2026-05-21,2026-05-25,1,19-1940             ,1,24,T-22     ,0.0,CERRADO
YOYO,MOP-00000121,YY0000297                                         ,29-3AGO1,08-AGOSTO,YY0000297 - 11-0602 - 020  CAMISETA MANGA SISA CREMA T-14,YOYO CEDI,En elaboración,UND ,586,0,0,0,2026-07-22,01-2026,003-LONDRES,2026-05-21,2026-05-25,1,11-0602             ,1,20,T-14     ,0.0,CERRADO
YOYO,MOP-00000121,YY0000297                                         ,29-3AGO1,08-AGOSTO,YY0000297 - 11-0602 - 021  CAMISETA MANGA SISA CREMA T-16,YOYO CEDI,En elaboración,UND ,586,0,0,0,2026-07-22,01-2026,003-LONDRES,2026-05-21,2026-05-25,1,11-0602             ,1,21,T-16     ,0.0,CERRADO
YOYO,MOP-00000121,YY0000297                                         ,29-3AGO1,08-AGOSTO,YY0000297 - 11-0602 - 022  CAMISETA MANGA SISA CREMA T-18,YOYO CEDI,En elaboración,UND ,352,0,0,0,2026-07-22,01-2026,003-LONDRES,2026-05-21,2026-05-25,1,11-0602             ,1,22,T-18     ,0.0,CERRADO
YOYO,MOP-00000121,YY0000297                                         ,29-3AGO1,08-AGOSTO,YY0000297 - 19-1940 - 020  CAMISETA MANGA SISA ROJO T-14,YOYO CEDI,En elaboración,UND ,442,0,0,0,2026-07-22,01-2026,003-LONDRES,2026-05-21,2026-05-25,1,19-1940             ,1,20,T-14     ,0.0,CERRADO
YOYO,MOP-00000121,YY0000297                                         ,29-3AGO1,08-AGOSTO,YY0000297 - 19-1940 - 021  CAMISETA MANGA SISA ROJO T-16,YOYO CEDI,En elaboración,UND ,442,0,0,0,2026-07-22,01-2026,003-LONDRES,2026-05-21,2026-05-25,1,19-1940             ,1,21,T-16     ,0.0,CERRADO
YOYO,MOP-00000123,YY0000302                                         ,29-3AGO1,08-AGOSTO,YY0000302 - 19-1940 - 018  PANTALON CON SESGOS ROJO T-10,YOYO CEDI,Aprobado,UND ,177,178,0,178,2026-07-22,01-2026,003-LONDRES,2026-05-21,2026-05-25,1,19-1940             ,1,18,T-10     ,0.0,INCOMPLETO
YOYO,MOP-00000123,YY0000302                                         ,29-3AGO1,08-AGOSTO,YY0000302 - 19-1940 - 019  PANTALON CON SESGOS ROJO T-12,YOYO CEDI,Aprobado,UND ,442,496,0,496,2026-07-22,01-2026,003-LONDRES,2026-05-21,2026-05-25,1,19-1940             ,1,19,T-12     ,0.0,INCOMPLETO
YOYO,MOP-00000123,YY0000302                                         ,29-3AGO1,08-AGOSTO,YY0000302 - 19-1940 - 020  PANTALON CON SESGOS ROJO T-14,YOYO CEDI,Aprobado,UND ,531,574,0,574,2026-07-22,01-2026,003-LONDRES,2026-05-21,2026-05-25,1,19-1940             ,1,20,T-14     ,0.0,INCOMPLETO
YOYO,MOP-00000123,YY0000302                                         ,29-3AGO1,08-AGOSTO,YY0000302 - 19-1940 - 021  PANTALON CON SESGOS ROJO T-16,YOYO CEDI,Aprobado,UND ,531,574,0,574,2026-07-22,01-2026,003-LONDRES,2026-05-21,2026-05-25,1,19-1940             ,1,21,T-16     ,0.0,INCOMPLETO
YOYO,MOP-00000123,YY0000302                                         ,29-3AGO1,08-AGOSTO,YY0000302 - 19-1940 - 022  PANTALON CON SESGOS ROJO T-18,YOYO CEDI,Aprobado,UND ,354,350,0,350,2026-07-22,01-2026,003-LONDRES,2026-05-21,2026-05-25,1,19-1940             ,1,22,T-18     ,0.0,INCOMPLETO
YOYO,MOP-00000123,YY0000302                                         ,29-3AGO1,08-AGOSTO,YY0000302 - 19-1940 - 023  PANTALON CON SESGOS ROJO T-20,YOYO CEDI,Aprobado,UND ,265,264,0,264,2026-07-22,01-2026,003-LONDRES,2026-05-21,2026-05-25,1,19-1940             ,1,23,T-20     ,0.0,INCOMPLETO
YOYO,MOP-00000124,YY0000305                                         ,29-3AGO1,08-AGOSTO,YY0000305 - 18-1222 - 019  VESTIDO MANGA CORTA CAFE T-12,YOYO CEDI,Aprobado,UND ,211,195,0,195,2026-07-22,01-2026,003-LONDRES,2026-05-22,2026-06-02,1,18-1222             ,1,19,T-12     ,0.0,INCOMPLETO
YOYO,MOP-00000124,YY0000305                                         ,29-3AGO1,08-AGOSTO,YY0000305 - 18-1222 - 020  VESTIDO MANGA CORTA CAFE T-14,YOYO CEDI,Aprobado,UND ,422,400,0,400,2026-07-22,01-2026,003-LONDRES,2026-05-22,2026-06-02,1,18-1222             ,1,20,T-14     ,0.0,INCOMPLETO
YOYO,MOP-00000124,YY0000305                                         ,29-3AGO1,08-AGOSTO,YY0000305 - 18-1222 - 021  VESTIDO MANGA CORTA CAFE T-16,YOYO CEDI,Aprobado,UND ,422,407,0,407,2026-07-22,01-2026,003-LONDRES,2026-05-22,2026-06-02,1,18-1222             ,1,21,T-16     ,0.0,INCOMPLETO
YOYO,MOP-00000124,YY0000305                                         ,29-3AGO1,08-AGOSTO,YY0000305 - 18-1222 - 022  VESTIDO MANGA CORTA CAFE T-18,YOYO CEDI,Aprobado,UND ,317,286,0,286,2026-07-22,01-2026,003-LONDRES,2026-05-22,2026-06-02,1,18-1222             ,1,22,T-18     ,0.0,INCOMPLETO
YOYO,MOP-00000124,YY0000305                                         ,29-3AGO1,08-AGOSTO,YY0000305 - 18-1222 - 023  VESTIDO MANGA CORTA CAFE T-20,YOYO CEDI,Aprobado,UND ,317,297,0,297,2026-07-22,01-2026,003-LONDRES,2026-05-22,2026-06-02,1,18-1222             ,1,23,T-20     ,0.0,INCOMPLETO
YOYO,MOP-00000124,YY0000305                                         ,29-3AGO1,08-AGOSTO,YY0000305 - 18-1222 - 024  VESTIDO MANGA CORTA CAFE T-22,YOYO CEDI,Aprobado,UND ,211,195,0,195,2026-07-22,01-2026,003-LONDRES,2026-05-22,2026-06-02,1,18-1222             ,1,24,T-22     ,0.0,INCOMPLETO
YOYO,MOP-00000125,YY0000319                                         ,29-3AGO1,08-AGOSTO,YY0000319 - 12-0304 - 018  PANTALON TIRO ALTO CREMA T-10,YOYO CEDI,Aprobado,UND ,192,173,0,173,2026-07-22,01-2026,003-LONDRES,2026-05-22,2026-06-05,1,12-0304             ,1,18,T-10     ,0.0,INCOMPLETO
YOYO,MOP-00000125,YY0000319                                         ,29-3AGO1,08-AGOSTO,YY0000319 - 12-0304 - 019  PANTALON TIRO ALTO CREMA T-12,YOYO CEDI,Aprobado,UND ,481,392,0,392,2026-07-22,01-2026,003-LONDRES,2026-05-22,2026-06-05,1,12-0304             ,1,19,T-12     ,0.0,INCOMPLETO
YOYO,MOP-00000125,YY0000319                                         ,29-3AGO1,08-AGOSTO,YY0000319 - 12-0304 - 020  PANTALON TIRO ALTO CREMA T-14,YOYO CEDI,Aprobado,UND ,577,469,0,469,2026-07-22,01-2026,003-LONDRES,2026-05-22,2026-06-05,1,12-0304             ,1,20,T-14     ,0.0,INCOMPLETO
YOYO,MOP-00000125,YY0000319                                         ,29-3AGO1,08-AGOSTO,YY0000319 - 12-0304 - 021  PANTALON TIRO ALTO CREMA T-16,YOYO CEDI,Aprobado,UND ,577,470,0,470,2026-07-22,01-2026,003-LONDRES,2026-05-22,2026-06-05,1,12-0304             ,1,21,T-16     ,0.0,INCOMPLETO
YOYO,MOP-00000125,YY0000319                                         ,29-3AGO1,08-AGOSTO,YY0000319 - 12-0304 - 022  PANTALON TIRO ALTO CREMA T-18,YOYO CEDI,Aprobado,UND ,385,316,0,316,2026-07-22,01-2026,003-LONDRES,2026-05-22,2026-06-05,1,12-0304             ,1,22,T-18     ,0.0,INCOMPLETO
YOYO,MOP-00000125,YY0000319                                         ,29-3AGO1,08-AGOSTO,YY0000319 - 12-0304 - 023  PANTALON TIRO ALTO CREMA T-20,YOYO CEDI,Aprobado,UND ,288,229,0,229,2026-07-22,01-2026,003-LONDRES,2026-05-22,2026-06-05,1,12-0304             ,1,23,T-20     ,0.0,INCOMPLETO
YOYO,MOP-00000126,YY0000306                                         ,31-3AGO3,08-AGOSTO,YY0000306 - 11-0602 - 019  BUZO CON CHOMPA CREMA T-12,YOYO CEDI,Aprobado,UND ,237,162,0,162,2026-08-05,01-2026,004-NEW YORK,2026-05-22,2026-05-26,1,11-0602             ,1,19,T-12     ,0.0,INCOMPLETO
YOYO,MOP-00000126,YY0000306                                         ,31-3AGO3,08-AGOSTO,YY0000306 - 11-0602 - 020  BUZO CON CHOMPA CREMA T-14,YOYO CEDI,Aprobado,UND ,316,207,0,207,2026-08-05,01-2026,004-NEW YORK,2026-05-22,2026-05-26,1,11-0602             ,1,20,T-14     ,0.0,INCOMPLETO
YOYO,MOP-00000126,YY0000306                                         ,31-3AGO3,08-AGOSTO,YY0000306 - 11-0602 - 021  BUZO CON CHOMPA CREMA T-16,YOYO CEDI,Aprobado,UND ,316,207,0,207,2026-08-05,01-2026,004-NEW YORK,2026-05-22,2026-05-26,1,11-0602             ,1,21,T-16     ,0.0,INCOMPLETO
YOYO,MOP-00000126,YY0000306                                         ,31-3AGO3,08-AGOSTO,YY0000306 - 11-0602 - 022  BUZO CON CHOMPA CREMA T-18,YOYO CEDI,Aprobado,UND ,237,154,0,154,2026-08-05,01-2026,004-NEW YORK,2026-05-22,2026-05-26,1,11-0602             ,1,22,T-18     ,0.0,INCOMPLETO
YOYO,MOP-00000126,YY0000306                                         ,31-3AGO3,08-AGOSTO,YY0000306 - 11-0602 - 023  BUZO CON CHOMPA CREMA T-20,YOYO CEDI,Aprobado,UND ,237,154,0,154,2026-08-05,01-2026,004-NEW YORK,2026-05-22,2026-05-26,1,11-0602             ,1,23,T-20     ,0.0,INCOMPLETO
YOYO,MOP-00000126,YY0000306                                         ,31-3AGO3,08-AGOSTO,YY0000306 - 11-0602 - 024  BUZO CON CHOMPA CREMA T-22,YOYO CEDI,Aprobado,UND ,158,103,0,103,2026-08-05,01-2026,004-NEW YORK,2026-05-22,2026-05-26,1,11-0602             ,1,24,T-22     ,0.0,INCOMPLETO
YOYO,MOP-00000127,YY0004441                                         ,31-3AGO3,08-AGOSTO,YY0004441 - 19-4004 - 020  BLUSA MC TP CIERRE D NEGRO T-14,YOYO CEDI,Aprobado,UND ,556,635,0,635,2026-08-05,01-2026,004-NEW YORK,2026-05-22,2026-05-25,1,19-4004             ,1,20,T-14     ,0.0,INCOMPLETO
YOYO,MOP-00000127,YY0004441                                         ,31-3AGO3,08-AGOSTO,YY0004441 - 19-4004 - 021  BLUSA MC TP CIERRE D NEGRO T-16,YOYO CEDI,Aprobado,UND ,556,673,0,673,2026-08-05,01-2026,004-NEW YORK,2026-05-22,2026-05-25,1,19-4004             ,1,21,T-16     ,0.0,INCOMPLETO
YOYO,MOP-00000127,YY0004441                                         ,31-3AGO3,08-AGOSTO,YY0004441 - 19-4004 - 022  BLUSA MC TP CIERRE D NEGRO T-18,YOYO CEDI,Aprobado,UND ,333,371,0,371,2026-08-05,01-2026,004-NEW YORK,2026-05-22,2026-05-25,1,19-4004             ,1,22,T-18     ,0.0,INCOMPLETO
YOYO,MOP-00000127,YY0004441                                         ,31-3AGO3,08-AGOSTO,YY0004441 - 19-4004 - 023  BLUSA MC TP CIERRE D NEGRO T-20,YOYO CEDI,Aprobado,UND ,333,371,0,371,2026-08-05,01-2026,004-NEW YORK,2026-05-22,2026-05-25,1,19-4004             ,1,23,T-20     ,0.0,INCOMPLETO
YOYO,MOP-00000127,YY0004441                                         ,31-3AGO3,08-AGOSTO,YY0004441 - 19-4004 - 024  BLUSA MC TP CIERRE D NEGRO T-22,YOYO CEDI,Aprobado,UND ,222,259,0,259,2026-08-05,01-2026,004-NEW YORK,2026-05-22,2026-05-25,1,19-4004             ,1,24,T-22     ,0.0,INCOMPLETO
YOYO,MOP-00000128,YY0000320                                         ,31-3AGO3,08-AGOSTO,YY0000320 - 19-4024 - 019  OVERSIVOVERSIZEDVER AZUL T-12,YOYO CEDI,Aprobado,UND ,286,302,0,302,2026-08-05,01-2026,004-NEW YORK,2026-05-22,2026-05-26,1,19-4024             ,1,19,T-12     ,0.0,INCOMPLETO
YOYO,MOP-00000128,YY0000320                                         ,31-3AGO3,08-AGOSTO,YY0000320 - 19-4024 - 020  OVERSIVOVERSIZEDVER AZUL T-14,YOYO CEDI,Aprobado,UND ,476,453,0,453,2026-08-05,01-2026,004-NEW YORK,2026-05-22,2026-05-26,1,19-4024             ,1,20,T-14     ,0.0,INCOMPLETO
YOYO,MOP-00000128,YY0000320                                         ,31-3AGO3,08-AGOSTO,YY0000320 - 19-4024 - 021  OVERSIVOVERSIZEDVER AZUL T-16,YOYO CEDI,Aprobado,UND ,476,453,0,453,2026-08-05,01-2026,004-NEW YORK,2026-05-22,2026-05-26,1,19-4024             ,1,21,T-16     ,0.0,INCOMPLETO
YOYO,MOP-00000128,YY0000320                                         ,31-3AGO3,08-AGOSTO,YY0000320 - 19-4024 - 022  OVERSIVOVERSIZEDVER AZUL T-18,YOYO CEDI,Aprobado,UND ,286,302,0,302,2026-08-05,01-2026,004-NEW YORK,2026-05-22,2026-05-26,1,19-4024             ,1,22,T-18     ,0.0,INCOMPLETO
YOYO,MOP-00000128,YY0000320                                         ,31-3AGO3,08-AGOSTO,YY0000320 - 19-4024 - 023  OVERSIVOVERSIZEDVER AZUL T-20,YOYO CEDI,Aprobado,UND ,286,305,0,305,2026-08-05,01-2026,004-NEW YORK,2026-05-22,2026-05-26,1,19-4024             ,1,23,T-20     ,0.0,INCOMPLETO
YOYO,MOP-00000128,YY0000320                                         ,31-3AGO3,08-AGOSTO,YY0000320 - 19-4024 - 024  OVERSIVOVERSIZEDVER AZUL T-22,YOYO CEDI,Aprobado,UND ,190,213,0,213,2026-08-05,01-2026,004-NEW YORK,2026-05-22,2026-05-26,1,19-4024             ,1,24,T-22     ,0.0,INCOMPLETO
YOYO,MOP-00000133,YY0000489                                         ,31-3AGO3,08-AGOSTO,YY0000489 - 11-0602 - 019  TOP MANGA SISA CREMA T-12,YOYO CEDI,Aprobado,UND ,286,299,0,299,2026-08-05,01-2026,004-NEW YORK,2026-05-26,2026-05-28,1,11-0602             ,1,19,T-12     ,0.0,INCOMPLETO
YOYO,MOP-00000133,YY0000489                                         ,31-3AGO3,08-AGOSTO,YY0000489 - 11-0602 - 020  TOP MANGA SISA CREMA T-14,YOYO CEDI,Aprobado,UND ,476,482,0,482,2026-08-05,01-2026,004-NEW YORK,2026-05-26,2026-05-28,1,11-0602             ,1,20,T-14     ,0.0,INCOMPLETO
YOYO,MOP-00000133,YY0000489                                         ,31-3AGO3,08-AGOSTO,YY0000489 - 11-0602 - 021  TOP MANGA SISA CREMA T-16,YOYO CEDI,Aprobado,UND ,476,456,0,456,2026-08-05,01-2026,004-NEW YORK,2026-05-26,2026-05-28,1,11-0602             ,1,21,T-16     ,0.0,INCOMPLETO
YOYO,MOP-00000133,YY0000489                                         ,31-3AGO3,08-AGOSTO,YY0000489 - 11-0602 - 022  TOP MANGA SISA CREMA T-18,YOYO CEDI,Aprobado,UND ,286,278,0,278,2026-08-05,01-2026,004-NEW YORK,2026-05-26,2026-05-28,1,11-0602             ,1,22,T-18     ,0.0,INCOMPLETO
YOYO,MOP-00000133,YY0000489                                         ,31-3AGO3,08-AGOSTO,YY0000489 - 11-0602 - 023  TOP MANGA SISA CREMA T-20,YOYO CEDI,Aprobado,UND ,286,278,0,278,2026-08-05,01-2026,004-NEW YORK,2026-05-26,2026-05-28,1,11-0602             ,1,23,T-20     ,0.0,INCOMPLETO
YOYO,MOP-00000133,YY0000489                                         ,31-3AGO3,08-AGOSTO,YY0000489 - 11-0602 - 024  TOP MANGA SISA CREMA T-22,YOYO CEDI,Aprobado,UND ,190,189,0,189,2026-08-05,01-2026,004-NEW YORK,2026-05-26,2026-05-28,1,11-0602             ,1,24,T-22     ,0.0,INCOMPLETO
YOYO,MOP-00000132,YY0000318                                         ,31-3AGO3,08-AGOSTO,YY0000318 - 11-0602 - 019  PANTALON CON SESGOS CREMA T-12,YOYO CEDI,Aprobado,UND ,288,345,0,345,2026-08-05,01-2026,004-NEW YORK,2026-05-26,2026-06-01,1,11-0602             ,1,19,T-12     ,0.0,INCOMPLETO
YOYO,MOP-00000132,YY0000318                                         ,31-3AGO3,08-AGOSTO,YY0000318 - 11-0602 - 020  PANTALON CON SESGOS CREMA T-14,YOYO CEDI,Aprobado,UND ,346,454,0,454,2026-08-05,01-2026,004-NEW YORK,2026-05-26,2026-06-01,1,11-0602             ,1,20,T-14     ,0.0,INCOMPLETO
YOYO,MOP-00000132,YY0000318                                         ,31-3AGO3,08-AGOSTO,YY0000318 - 11-0602 - 021  PANTALON CON SESGOS CREMA T-16,YOYO CEDI,Aprobado,UND ,346,409,0,409,2026-08-05,01-2026,004-NEW YORK,2026-05-26,2026-06-01,1,11-0602             ,1,21,T-16     ,0.0,INCOMPLETO
YOYO,MOP-00000132,YY0000318                                         ,31-3AGO3,08-AGOSTO,YY0000318 - 11-0602 - 022  PANTALON CON SESGOS CREMA T-18,YOYO CEDI,Aprobado,UND ,231,271,0,271,2026-08-05,01-2026,004-NEW YORK,2026-05-26,2026-06-01,1,11-0602             ,1,22,T-18     ,0.0,INCOMPLETO
YOYO,MOP-00000132,YY0000318                                         ,31-3AGO3,08-AGOSTO,YY0000318 - 11-0602 - 023  PANTALON CON SESGOS CREMA T-20,YOYO CEDI,Aprobado,UND ,173,201,0,201,2026-08-05,01-2026,004-NEW YORK,2026-05-26,2026-06-01,1,11-0602             ,1,23,T-20     ,0.0,INCOMPLETO
YOYO,MOP-00000132,YY0000318                                         ,31-3AGO3,08-AGOSTO,YY0000318 - 11-0602 - 024  PANTALON CON SESGOS CREMA T-22,YOYO CEDI,Aprobado,UND ,115,138,0,138,2026-08-05,01-2026,004-NEW YORK,2026-05-26,2026-06-01,1,11-0602             ,1,24,T-22     ,0.0,INCOMPLETO
YOYO,MOP-00000131,YY0000317                                         ,31-3AGO3,08-AGOSTO,YY0000317 - IND01 - 019  SHORT TIRO ALTO INDIGO T-12,YOYO CEDI,Aprobado,UND ,458,444,0,444,2026-08-05,01-2026,004-NEW YORK,2026-05-26,2026-06-05,1,IND01               ,1,19,T-12     ,0.0,INCOMPLETO
YOYO,MOP-00000131,YY0000317                                         ,31-3AGO3,08-AGOSTO,YY0000317 - IND01 - 020  SHORT TIRO ALTO INDIGO T-14,YOYO CEDI,Aprobado,UND ,458,487,0,487,2026-08-05,01-2026,004-NEW YORK,2026-05-26,2026-06-05,1,IND01               ,1,20,T-14     ,0.0,INCOMPLETO
YOYO,MOP-00000131,YY0000317                                         ,31-3AGO3,08-AGOSTO,YY0000317 - IND01 - 021  SHORT TIRO ALTO INDIGO T-16,YOYO CEDI,Aprobado,UND ,458,492,0,492,2026-08-05,01-2026,004-NEW YORK,2026-05-26,2026-06-05,1,IND01               ,1,21,T-16     ,0.0,INCOMPLETO
YOYO,MOP-00000131,YY0000317                                         ,31-3AGO3,08-AGOSTO,YY0000317 - IND01 - 022  SHORT TIRO ALTO INDIGO T-18,YOYO CEDI,Aprobado,UND ,367,390,0,390,2026-08-05,01-2026,004-NEW YORK,2026-05-26,2026-06-05,1,IND01               ,1,22,T-18     ,0.0,INCOMPLETO
YOYO,MOP-00000131,YY0000317                                         ,31-3AGO3,08-AGOSTO,YY0000317 - IND01 - 023  SHORT TIRO ALTO INDIGO T-20,YOYO CEDI,Aprobado,UND ,275,195,0,195,2026-08-05,01-2026,004-NEW YORK,2026-05-26,2026-06-05,1,IND01               ,1,23,T-20     ,0.0,INCOMPLETO
YOYO,MOP-00000131,YY0000317                                         ,31-3AGO3,08-AGOSTO,YY0000317 - IND01 - 024  SHORT TIRO ALTO INDIGO T-22,YOYO CEDI,Aprobado,UND ,183,195,0,195,2026-08-05,01-2026,004-NEW YORK,2026-05-26,2026-06-05,1,IND01               ,1,24,T-22     ,0.0,INCOMPLETO
YOYO,MOP-00000130,YY0000316                                         ,31-3AGO3,08-AGOSTO,YY0000316 - IND02 - 019  RETROMOM TIRO ALTO INDIGO T-12,YOYO CEDI,Aprobado,UND ,500,506,0,506,2026-08-05,01-2026,004-NEW YORK,2026-05-26,2026-05-29,1,IND02               ,1,19,T-12     ,0.0,INCOMPLETO
YOYO,MOP-00000130,YY0000316                                         ,31-3AGO3,08-AGOSTO,YY0000316 - IND02 - 020  RETROMOM TIRO ALTO INDIGO T-14,YOYO CEDI,Aprobado,UND ,600,594,0,594,2026-08-05,01-2026,004-NEW YORK,2026-05-26,2026-05-29,1,IND02               ,1,20,T-14     ,0.0,INCOMPLETO
YOYO,MOP-00000130,YY0000316                                         ,31-3AGO3,08-AGOSTO,YY0000316 - IND02 - 021  RETROMOM TIRO ALTO INDIGO T-16,YOYO CEDI,Aprobado,UND ,600,573,0,573,2026-08-05,01-2026,004-NEW YORK,2026-05-26,2026-05-29,1,IND02               ,1,21,T-16     ,0.0,INCOMPLETO
YOYO,MOP-00000130,YY0000316                                         ,31-3AGO3,08-AGOSTO,YY0000316 - IND02 - 022  RETROMOM TIRO ALTO INDIGO T-18,YOYO CEDI,Aprobado,UND ,400,385,0,385,2026-08-05,01-2026,004-NEW YORK,2026-05-26,2026-05-29,1,IND02               ,1,22,T-18     ,0.0,INCOMPLETO
YOYO,MOP-00000130,YY0000316                                         ,31-3AGO3,08-AGOSTO,YY0000316 - IND02 - 023  RETROMOM TIRO ALTO INDIGO T-20,YOYO CEDI,Aprobado,UND ,300,287,0,287,2026-08-05,01-2026,004-NEW YORK,2026-05-26,2026-05-29,1,IND02               ,1,23,T-20     ,0.0,INCOMPLETO
YOYO,MOP-00000130,YY0000316                                         ,31-3AGO3,08-AGOSTO,YY0000316 - IND02 - 024  RETROMOM TIRO ALTO INDIGO T-22,YOYO CEDI,Aprobado,UND ,200,189,0,189,2026-08-05,01-2026,004-NEW YORK,2026-05-26,2026-05-29,1,IND02               ,1,24,T-22     ,0.0,INCOMPLETO
YOYO,MOP-00000129,YY0000307                                         ,31-3AGO3,08-AGOSTO,YY0000307 - 11-0602 - 020  BLUSA MANGA SISA CREMA T-14,YOYO CEDI,Aprobado,UND ,528,496,0,496,2026-08-05,01-2026,004-NEW YORK,2026-05-26,2026-05-28,1,11-0602             ,1,20,T-14     ,0.0,INCOMPLETO
YOYO,MOP-00000129,YY0000307                                         ,31-3AGO3,08-AGOSTO,YY0000307 - 11-0602 - 021  BLUSA MANGA SISA CREMA T-16,YOYO CEDI,Aprobado,UND ,528,511,0,511,2026-08-05,01-2026,004-NEW YORK,2026-05-26,2026-05-28,1,11-0602             ,1,21,T-16     ,0.0,INCOMPLETO
YOYO,MOP-00000129,YY0000307                                         ,31-3AGO3,08-AGOSTO,YY0000307 - 11-0602 - 022  BLUSA MANGA SISA CREMA T-18,YOYO CEDI,Aprobado,UND ,317,303,0,303,2026-08-05,01-2026,004-NEW YORK,2026-05-26,2026-05-28,1,11-0602             ,1,22,T-18     ,0.0,INCOMPLETO
YOYO,MOP-00000129,YY0000307                                         ,31-3AGO3,08-AGOSTO,YY0000307 - 11-0602 - 023  BLUSA MANGA SISA CREMA T-20,YOYO CEDI,Aprobado,UND ,317,303,0,303,2026-08-05,01-2026,004-NEW YORK,2026-05-26,2026-05-28,1,11-0602             ,1,23,T-20     ,0.0,INCOMPLETO
YOYO,MOP-00000129,YY0000307                                         ,31-3AGO3,08-AGOSTO,YY0000307 - 11-0602 - 024  BLUSA MANGA SISA CREMA T-22,YOYO CEDI,Aprobado,UND ,211,202,0,202,2026-08-05,01-2026,004-NEW YORK,2026-05-26,2026-05-28,1,11-0602             ,1,24,T-22     ,0.0,INCOMPLETO
YOYO,MOP-00000134,YY0000300                                         ,29-3AGO1,08-AGOSTO,YY0000300 - IND01 - 018  RETROMOM TIRO MEDIO INDIGO T-10,YOYO CEDI,Aprobado,UND ,185,168,0,168,2026-07-22,01-2026,003-LONDRES,2026-05-26,2026-05-28,1,IND01               ,1,18,T-10     ,0.0,INCOMPLETO
YOYO,MOP-00000134,YY0000300                                         ,29-3AGO1,08-AGOSTO,YY0000300 - IND01 - 019  RETROMOM TIRO MEDIO INDIGO T-12,YOYO CEDI,Aprobado,UND ,462,416,0,416,2026-07-22,01-2026,003-LONDRES,2026-05-26,2026-05-28,1,IND01               ,1,19,T-12     ,0.0,INCOMPLETO
YOYO,MOP-00000134,YY0000300                                         ,29-3AGO1,08-AGOSTO,YY0000300 - IND01 - 020  RETROMOM TIRO MEDIO INDIGO T-14,YOYO CEDI,Aprobado,UND ,554,534,0,534,2026-07-22,01-2026,003-LONDRES,2026-05-26,2026-05-28,1,IND01               ,1,20,T-14     ,0.0,INCOMPLETO
YOYO,MOP-00000134,YY0000300                                         ,29-3AGO1,08-AGOSTO,YY0000300 - IND01 - 021  RETROMOM TIRO MEDIO INDIGO T-16,YOYO CEDI,Aprobado,UND ,554,530,0,530,2026-07-22,01-2026,003-LONDRES,2026-05-26,2026-05-28,1,IND01               ,1,21,T-16     ,0.0,INCOMPLETO
YOYO,MOP-00000134,YY0000300                                         ,29-3AGO1,08-AGOSTO,YY0000300 - IND01 - 022  RETROMOM TIRO MEDIO INDIGO T-18,YOYO CEDI,Aprobado,UND ,369,328,0,328,2026-07-22,01-2026,003-LONDRES,2026-05-26,2026-05-28,1,IND01               ,1,22,T-18     ,0.0,INCOMPLETO
YOYO,MOP-00000134,YY0000300                                         ,29-3AGO1,08-AGOSTO,YY0000300 - IND01 - 023  RETROMOM TIRO MEDIO INDIGO T-20,YOYO CEDI,Aprobado,UND ,277,248,0,248,2026-07-22,01-2026,003-LONDRES,2026-05-26,2026-05-28,1,IND01               ,1,23,T-20     ,0.0,INCOMPLETO
YOYO,MOP-00000135,YY0000310                                         ,31-3AGO3,08-AGOSTO,YY0000310 - 11-0602 - 019  CAMISETA MANGA CORTA CREMA T-12,YOYO CEDI,Aprobado,UND ,330,327,0,327,2026-08-05,01-2026,004-NEW YORK,2026-05-26,2026-05-28,1,11-0602             ,1,19,T-12     ,0.0,INCOMPLETO
YOYO,MOP-00000135,YY0000310                                         ,31-3AGO3,08-AGOSTO,YY0000310 - 11-0602 - 020  CAMISETA MANGA CORTA CREMA T-14,YOYO CEDI,Aprobado,UND ,550,545,0,545,2026-08-05,01-2026,004-NEW YORK,2026-05-26,2026-05-28,1,11-0602             ,1,20,T-14     ,0.0,INCOMPLETO
YOYO,MOP-00000135,YY0000310                                         ,31-3AGO3,08-AGOSTO,YY0000310 - 11-0602 - 021  CAMISETA MANGA CORTA CREMA T-16,YOYO CEDI,Aprobado,UND ,550,561,0,561,2026-08-05,01-2026,004-NEW YORK,2026-05-26,2026-05-28,1,11-0602             ,1,21,T-16     ,0.0,INCOMPLETO
YOYO,MOP-00000135,YY0000310                                         ,31-3AGO3,08-AGOSTO,YY0000310 - 11-0602 - 022  CAMISETA MANGA CORTA CREMA T-18,YOYO CEDI,Aprobado,UND ,330,335,0,335,2026-08-05,01-2026,004-NEW YORK,2026-05-26,2026-05-28,1,11-0602             ,1,22,T-18     ,0.0,INCOMPLETO
YOYO,MOP-00000135,YY0000310                                         ,31-3AGO3,08-AGOSTO,YY0000310 - 11-0602 - 023  CAMISETA MANGA CORTA CREMA T-20,YOYO CEDI,Aprobado,UND ,330,327,0,327,2026-08-05,01-2026,004-NEW YORK,2026-05-26,2026-05-28,1,11-0602             ,1,23,T-20     ,0.0,INCOMPLETO
YOYO,MOP-00000135,YY0000310                                         ,31-3AGO3,08-AGOSTO,YY0000310 - 11-0602 - 024  CAMISETA MANGA CORTA CREMA T-22,YOYO CEDI,Aprobado,UND ,220,218,0,218,2026-08-05,01-2026,004-NEW YORK,2026-05-26,2026-05-28,1,11-0602             ,1,24,T-22     ,0.0,INCOMPLETO
YOYO,MOP-00000136,YY0000310                                         ,31-3AGO3,08-AGOSTO,YY0000310 - 19-1761 - 019  CAMISETA MANGA CORTA ROJO T-12,YOYO CEDI,Aprobado,UND ,270,348,0,348,2026-08-05,01-2026,004-NEW YORK,2026-05-26,2026-06-06,1,19-1761             ,1,19,T-12     ,0.0,INCOMPLETO
YOYO,MOP-00000136,YY0000310                                         ,31-3AGO3,08-AGOSTO,YY0000310 - 19-1761 - 020  CAMISETA MANGA CORTA ROJO T-14,YOYO CEDI,Aprobado,UND ,450,580,0,580,2026-08-05,01-2026,004-NEW YORK,2026-05-26,2026-06-06,1,19-1761             ,1,20,T-14     ,0.0,INCOMPLETO
YOYO,MOP-00000136,YY0000310                                         ,31-3AGO3,08-AGOSTO,YY0000310 - 19-1761 - 021  CAMISETA MANGA CORTA ROJO T-16,YOYO CEDI,Aprobado,UND ,450,580,0,580,2026-08-05,01-2026,004-NEW YORK,2026-05-26,2026-06-06,1,19-1761             ,1,21,T-16     ,0.0,INCOMPLETO
YOYO,MOP-00000136,YY0000310                                         ,31-3AGO3,08-AGOSTO,YY0000310 - 19-1761 - 022  CAMISETA MANGA CORTA ROJO T-18,YOYO CEDI,Aprobado,UND ,270,348,0,348,2026-08-05,01-2026,004-NEW YORK,2026-05-26,2026-06-06,1,19-1761             ,1,22,T-18     ,0.0,INCOMPLETO
YOYO,MOP-00000136,YY0000310                                         ,31-3AGO3,08-AGOSTO,YY0000310 - 19-1761 - 023  CAMISETA MANGA CORTA ROJO T-20,YOYO CEDI,Aprobado,UND ,270,348,0,348,2026-08-05,01-2026,004-NEW YORK,2026-05-26,2026-06-06,1,19-1761             ,1,23,T-20     ,0.0,INCOMPLETO
YOYO,MOP-00000136,YY0000310                                         ,31-3AGO3,08-AGOSTO,YY0000310 - 19-1761 - 024  CAMISETA MANGA CORTA ROJO T-22,YOYO CEDI,Aprobado,UND ,180,232,0,232,2026-08-05,01-2026,004-NEW YORK,2026-05-26,2026-06-06,1,19-1761             ,1,24,T-22     ,0.0,INCOMPLETO
YOYO,MOP-00000137,35001230                                          ,32-3AGO4,08-AGOSTO,35001230 - 11-0602 - 020  BODY PREMIUM MANGA C CREMA T-14,YOYO CEDI,Aprobado,UND ,200,186,0,186,2026-08-12,01-2026, ,2026-05-26,2026-05-29,1,11-0602             ,1,20,T-14     ,0.0,INCOMPLETO
YOYO,MOP-00000137,35001230                                          ,32-3AGO4,08-AGOSTO,35001230 - 11-0602 - 021  BODY PREMIUM MANGA C CREMA T-16,YOYO CEDI,Aprobado,UND ,200,186,0,186,2026-08-12,01-2026, ,2026-05-26,2026-05-29,1,11-0602             ,1,21,T-16     ,0.0,INCOMPLETO
YOYO,MOP-00000137,35001230                                          ,32-3AGO4,08-AGOSTO,35001230 - 11-0602 - 022  BODY PREMIUM MANGA C CREMA T-18,YOYO CEDI,Aprobado,UND ,100,93,0,93,2026-08-12,01-2026, ,2026-05-26,2026-05-29,1,11-0602             ,1,22,T-18     ,0.0,INCOMPLETO
YOYO,MOP-00000137,35001230                                          ,32-3AGO4,08-AGOSTO,35001230 - 11-0602 - 023  BODY PREMIUM MANGA C CREMA T-20,YOYO CEDI,Aprobado,UND ,100,93,0,93,2026-08-12,01-2026, ,2026-05-26,2026-05-29,1,11-0602             ,1,23,T-20     ,0.0,INCOMPLETO
YOYO,MOP-00000137,35001230                                          ,32-3AGO4,08-AGOSTO,35001230 - 11-0602 - 024  BODY PREMIUM MANGA C CREMA T-22,YOYO CEDI,Aprobado,UND ,100,93,0,93,2026-08-12,01-2026, ,2026-05-26,2026-05-29,1,11-0602             ,1,24,T-22     ,0.0,INCOMPLETO
YOYO,MOP-00000137,35001230                                          ,32-3AGO4,08-AGOSTO,35001230 - 19-4004 - 020  BODY PREMIUM MANGA C NEGRO T-14,YOYO CEDI,Aprobado,UND ,150,146,0,146,2026-08-12,01-2026, ,2026-05-26,2026-05-29,1,19-4004             ,1,20,T-14     ,0.0,INCOMPLETO
YOYO,MOP-00000137,35001230                                          ,32-3AGO4,08-AGOSTO,35001230 - 19-4004 - 021  BODY PREMIUM MANGA C NEGRO T-16,YOYO CEDI,Aprobado,UND ,100,97,0,97,2026-08-12,01-2026, ,2026-05-26,2026-05-29,1,19-4004             ,1,21,T-16     ,0.0,INCOMPLETO
YOYO,MOP-00000137,35001230                                          ,32-3AGO4,08-AGOSTO,35001230 - 19-4004 - 022  BODY PREMIUM MANGA C NEGRO T-18,YOYO CEDI,Aprobado,UND ,100,96,0,96,2026-08-12,01-2026, ,2026-05-26,2026-05-29,1,19-4004             ,1,22,T-18     ,0.0,INCOMPLETO
YOYO,MOP-00000137,35001230                                          ,32-3AGO4,08-AGOSTO,35001230 - 19-4004 - 023  BODY PREMIUM MANGA C NEGRO T-20,YOYO CEDI,Aprobado,UND ,50,48,0,48,2026-08-12,01-2026, ,2026-05-26,2026-05-29,1,19-4004             ,1,23,T-20     ,0.0,INCOMPLETO
YOYO,MOP-00000137,35001230                                          ,32-3AGO4,08-AGOSTO,35001230 - 19-4004 - 024  BODY PREMIUM MANGA C NEGRO T-22,YOYO CEDI,Aprobado,UND ,100,96,0,96,2026-08-12,01-2026, ,2026-05-26,2026-05-29,1,19-4004             ,1,24,T-22     ,0.0,INCOMPLETO
YOYO,MOP-00000138,35001295                                          ,32-3AGO4,08-AGOSTO,35001295 - 11-0601 - 024  BODY PREMIUM SISA ES BLANCO T-22,YOYO CEDI,Aprobado,UND ,36,36,0,36,2026-07-08,01-2026, ,2026-05-27,2026-06-05,1,11-0601             ,1,24,T-22     ,0.0,INCOMPLETO
YOYO,MOP-00000138,35001295                                          ,32-3AGO4,08-AGOSTO,35001295 - 19-4004 - 020  BODY PREMIUM SISA ES NEGRO T-14,YOYO CEDI,Aprobado,UND ,137,134,0,134,2026-07-08,01-2026, ,2026-05-27,2026-06-05,1,19-4004             ,1,20,T-14     ,0.0,INCOMPLETO
YOYO,MOP-00000138,35001295                                          ,32-3AGO4,08-AGOSTO,35001295 - 19-4004 - 021  BODY PREMIUM SISA ES NEGRO T-16,YOYO CEDI,Aprobado,UND ,134,132,0,132,2026-07-08,01-2026, ,2026-05-27,2026-06-05,1,19-4004             ,1,21,T-16     ,0.0,INCOMPLETO
YOYO,MOP-00000138,35001295                                          ,32-3AGO4,08-AGOSTO,35001295 - 19-4004 - 022  BODY PREMIUM SISA ES NEGRO T-18,YOYO CEDI,Aprobado,UND ,133,132,0,132,2026-07-08,01-2026, ,2026-05-27,2026-06-05,1,19-4004             ,1,22,T-18     ,0.0,INCOMPLETO
YOYO,MOP-00000138,35001295                                          ,32-3AGO4,08-AGOSTO,35001295 - 19-4004 - 023  BODY PREMIUM SISA ES NEGRO T-20,YOYO CEDI,Aprobado,UND ,89,91,0,91,2026-07-08,01-2026, ,2026-05-27,2026-06-05,1,19-4004             ,1,23,T-20     ,0.0,INCOMPLETO
YOYO,MOP-00000138,35001295                                          ,32-3AGO4,08-AGOSTO,35001295 - 19-4004 - 024  BODY PREMIUM SISA ES NEGRO T-22,YOYO CEDI,Aprobado,UND ,61,62,0,62,2026-07-08,01-2026, ,2026-05-27,2026-06-05,1,19-4004             ,1,24,T-22     ,0.0,INCOMPLETO
YOYO,MOP-00000138,35001295                                          ,32-3AGO4,08-AGOSTO,35001295 - 11-0601 - 020  BODY PREMIUM SISA ES BLANCO T-14,YOYO CEDI,Aprobado,UND ,111,107,0,107,2026-07-08,01-2026, ,2026-05-27,2026-06-05,1,11-0601             ,1,20,T-14     ,0.0,INCOMPLETO
YOYO,MOP-00000138,35001295                                          ,32-3AGO4,08-AGOSTO,35001295 - 11-0601 - 021  BODY PREMIUM SISA ES BLANCO T-16,YOYO CEDI,Aprobado,UND ,149,139,0,139,2026-07-08,01-2026, ,2026-05-27,2026-06-05,1,11-0601             ,1,21,T-16     ,0.0,INCOMPLETO
YOYO,MOP-00000138,35001295                                          ,32-3AGO4,08-AGOSTO,35001295 - 11-0601 - 022  BODY PREMIUM SISA ES BLANCO T-18,YOYO CEDI,Aprobado,UND ,200,210,0,210,2026-07-08,01-2026, ,2026-05-27,2026-06-05,1,11-0601             ,1,22,T-18     ,0.0,INCOMPLETO
YOYO,MOP-00000138,35001295                                          ,32-3AGO4,08-AGOSTO,35001295 - 11-0601 - 023  BODY PREMIUM SISA ES BLANCO T-20,YOYO CEDI,Aprobado,UND ,106,106,0,106,2026-07-08,01-2026, ,2026-05-27,2026-06-05,1,11-0601             ,1,23,T-20     ,0.0,INCOMPLETO
YOYO,MOP-00000139,35001295                                          ,32-3AGO4,08-AGOSTO,35001295 - 11-0601 - 020  BODY PREMIUM SISA ES BLANCO T-14,YOYO CEDI,Comprometido,UND ,150,150,0,150,2026-08-12,01-2026, ,2026-05-27,2026-06-02,1,11-0601             ,1,20,T-14     ,0.0,INCOMPLETO
YOYO,MOP-00000139,35001295                                          ,32-3AGO4,08-AGOSTO,35001295 - 19-4004 - 023  BODY PREMIUM SISA ES NEGRO T-20,YOYO CEDI,Comprometido,UND ,50,50,0,50,2026-08-12,01-2026, ,2026-05-27,2026-06-02,1,19-4004             ,1,23,T-20     ,0.0,INCOMPLETO
YOYO,MOP-00000139,35001295                                          ,32-3AGO4,08-AGOSTO,35001295 - 11-0601 - 021  BODY PREMIUM SISA ES BLANCO T-16,YOYO CEDI,Comprometido,UND ,100,100,0,100,2026-08-12,01-2026, ,2026-05-27,2026-06-02,1,11-0601             ,1,21,T-16     ,0.0,INCOMPLETO
YOYO,MOP-00000139,35001295                                          ,32-3AGO4,08-AGOSTO,35001295 - 11-0601 - 023  BODY PREMIUM SISA ES BLANCO T-20,YOYO CEDI,Comprometido,UND ,50,50,0,50,2026-08-12,01-2026, ,2026-05-27,2026-06-02,1,11-0601             ,1,23,T-20     ,0.0,INCOMPLETO
YOYO,MOP-00000139,35001295                                          ,32-3AGO4,08-AGOSTO,35001295 - 11-0601 - 024  BODY PREMIUM SISA ES BLANCO T-22,YOYO CEDI,Comprometido,UND ,50,50,0,50,2026-08-12,01-2026, ,2026-05-27,2026-06-02,1,11-0601             ,1,24,T-22     ,0.0,INCOMPLETO
YOYO,MOP-00000139,35001295                                          ,32-3AGO4,08-AGOSTO,35001295 - 19-4004 - 020  BODY PREMIUM SISA ES NEGRO T-14,YOYO CEDI,Comprometido,UND ,50,50,0,50,2026-08-12,01-2026, ,2026-05-27,2026-06-02,1,19-4004             ,1,20,T-14     ,0.0,INCOMPLETO
YOYO,MOP-00000139,35001295                                          ,32-3AGO4,08-AGOSTO,35001295 - 19-4004 - 021  BODY PREMIUM SISA ES NEGRO T-16,YOYO CEDI,Comprometido,UND ,100,100,0,100,2026-08-12,01-2026, ,2026-05-27,2026-06-02,1,19-4004             ,1,21,T-16     ,0.0,INCOMPLETO
YOYO,MOP-00000139,35001295                                          ,32-3AGO4,08-AGOSTO,35001295 - 19-4004 - 022  BODY PREMIUM SISA ES NEGRO T-18,YOYO CEDI,Comprometido,UND ,150,150,0,150,2026-08-12,01-2026, ,2026-05-27,2026-06-02,1,19-4004             ,1,22,T-18     ,0.0,INCOMPLETO
YOYO,MOP-00000140,35002221                                          ,32-3AGO4,08-AGOSTO,35002221 - IND03 - 020  TEJANO TIRO ALTO ESE INDIGO T-14,YOYO CEDI,Comprometido,UND ,150,150,0,150,2026-08-12,01-2026, ,2026-05-27,2026-06-02,1,IND03               ,1,20,T-14     ,0.0,INCOMPLETO
YOYO,MOP-00000140,35002221                                          ,32-3AGO4,08-AGOSTO,35002221 - IND03 - 021  TEJANO TIRO ALTO ESE INDIGO T-16,YOYO CEDI,Comprometido,UND ,100,100,0,100,2026-08-12,01-2026, ,2026-05-27,2026-06-02,1,IND03               ,1,21,T-16     ,0.0,INCOMPLETO
YOYO,MOP-00000140,35002221                                          ,32-3AGO4,08-AGOSTO,35002221 - IND03 - 022  TEJANO TIRO ALTO ESE INDIGO T-18,YOYO CEDI,Comprometido,UND ,50,50,0,50,2026-08-12,01-2026, ,2026-05-27,2026-06-02,1,IND03               ,1,22,T-18     ,0.0,INCOMPLETO
YOYO,MOP-00000141,35002295                                          ,32-3AGO4,08-AGOSTO,35002295 - 19-4004 - 020  BODY SISA ESTAMPADO NEGRO T-14,YOYO CEDI,Aprobado,UND ,100,97,0,97,2026-08-12,01-2026, ,2026-05-27,2026-06-04,1,19-4004             ,1,20,T-14     ,0.0,INCOMPLETO
YOYO,MOP-00000141,35002295                                          ,32-3AGO4,08-AGOSTO,35002295 - 19-4004 - 021  BODY SISA ESTAMPADO NEGRO T-16,YOYO CEDI,Aprobado,UND ,100,92,0,92,2026-08-12,01-2026, ,2026-05-27,2026-06-04,1,19-4004             ,1,21,T-16     ,0.0,INCOMPLETO
YOYO,MOP-00000141,35002295                                          ,32-3AGO4,08-AGOSTO,35002295 - 19-4004 - 022  BODY SISA ESTAMPADO NEGRO T-18,YOYO CEDI,Aprobado,UND ,50,46,0,46,2026-08-12,01-2026, ,2026-05-27,2026-06-04,1,19-4004             ,1,22,T-18     ,0.0,INCOMPLETO
YOYO,MOP-00000141,35002295                                          ,32-3AGO4,08-AGOSTO,35002295 - 19-4004 - 023  BODY SISA ESTAMPADO NEGRO T-20,YOYO CEDI,Aprobado,UND ,50,46,0,46,2026-08-12,01-2026, ,2026-05-27,2026-06-04,1,19-4004             ,1,23,T-20     ,0.0,INCOMPLETO
YOYO,MOP-00000141,35002295                                          ,32-3AGO4,08-AGOSTO,35002295 - 19-4004 - 024  BODY SISA ESTAMPADO NEGRO T-22,YOYO CEDI,Aprobado,UND ,50,46,0,46,2026-08-12,01-2026, ,2026-05-27,2026-06-04,1,19-4004             ,1,24,T-22     ,0.0,INCOMPLETO
YOYO,MOP-00000141,35002295                                          ,32-3AGO4,08-AGOSTO,35002295 - 11-0602 - 020  BODY SISA ESTAMPADO CREMA T-14,YOYO CEDI,Aprobado,UND ,100,103,0,103,2026-08-12,01-2026, ,2026-05-27,2026-06-04,1,11-0602             ,1,20,T-14     ,0.0,INCOMPLETO
YOYO,MOP-00000141,35002295                                          ,32-3AGO4,08-AGOSTO,35002295 - 11-0602 - 021  BODY SISA ESTAMPADO CREMA T-16,YOYO CEDI,Aprobado,UND ,100,98,0,98,2026-08-12,01-2026, ,2026-05-27,2026-06-04,1,11-0602             ,1,21,T-16     ,0.0,INCOMPLETO
YOYO,MOP-00000141,35002295                                          ,32-3AGO4,08-AGOSTO,35002295 - 11-0602 - 022  BODY SISA ESTAMPADO CREMA T-18,YOYO CEDI,Aprobado,UND ,50,49,0,49,2026-08-12,01-2026, ,2026-05-27,2026-06-04,1,11-0602             ,1,22,T-18     ,0.0,INCOMPLETO
YOYO,MOP-00000141,35002295                                          ,32-3AGO4,08-AGOSTO,35002295 - 11-0602 - 024  BODY SISA ESTAMPADO CREMA T-22,YOYO CEDI,Aprobado,UND ,50,49,0,49,2026-08-12,01-2026, ,2026-05-27,2026-06-04,1,11-0602             ,1,24,T-22     ,0.0,INCOMPLETO
YOYO,MOP-00000142,35010291                                          ,32-3AGO4,08-AGOSTO,35010291 - IND02 - 018  RETROMOM TIRO BAJO B INDIGO T-10,YOYO CEDI,Aprobado,UND ,50,52,0,52,2026-08-12,01-2026, ,2026-05-27,2026-06-03,1,IND02               ,1,18,T-10     ,0.0,INCOMPLETO
YOYO,MOP-00000142,35010291                                          ,32-3AGO4,08-AGOSTO,35010291 - IND02 - 019  RETROMOM TIRO BAJO B INDIGO T-12,YOYO CEDI,Aprobado,UND ,200,220,0,220,2026-08-12,01-2026, ,2026-05-27,2026-06-03,1,IND02               ,1,19,T-12     ,0.0,INCOMPLETO
YOYO,MOP-00000142,35010291                                          ,32-3AGO4,08-AGOSTO,35010291 - IND02 - 020  RETROMOM TIRO BAJO B INDIGO T-14,YOYO CEDI,Aprobado,UND ,100,107,0,107,2026-08-12,01-2026, ,2026-05-27,2026-06-03,1,IND02               ,1,20,T-14     ,0.0,INCOMPLETO
YOYO,MOP-00000142,35010291                                          ,32-3AGO4,08-AGOSTO,35010291 - IND02 - 021  RETROMOM TIRO BAJO B INDIGO T-16,YOYO CEDI,Aprobado,UND ,50,52,0,52,2026-08-12,01-2026, ,2026-05-27,2026-06-03,1,IND02               ,1,21,T-16     ,0.0,INCOMPLETO
YOYO,MOP-00000142,35010291                                          ,32-3AGO4,08-AGOSTO,35010291 - IND02 - 024  RETROMOM TIRO BAJO B INDIGO T-22,YOYO CEDI,Aprobado,UND ,100,104,0,104,2026-08-12,01-2026, ,2026-05-27,2026-06-03,1,IND02               ,1,24,T-22     ,0.0,INCOMPLETO
YOYO,MOP-00000143,35011291                                          ,32-3AGO4,08-AGOSTO,35011291 - IND02 - 020  RETROMOM TIRO ALTO E INDIGO T-14,YOYO CEDI,Comprometido,UND ,199,199,0,199,2026-08-12,01-2026, ,2026-05-27,2026-06-04,1,IND02               ,1,20,T-14     ,0.0,INCOMPLETO
YOYO,MOP-00000143,35011291                                          ,32-3AGO4,08-AGOSTO,35011291 - IND02 - 021  RETROMOM TIRO ALTO E INDIGO T-16,YOYO CEDI,Comprometido,UND ,100,100,0,100,2026-08-12,01-2026, ,2026-05-27,2026-06-04,1,IND02               ,1,21,T-16     ,0.0,INCOMPLETO
YOYO,MOP-00000143,35011291                                          ,32-3AGO4,08-AGOSTO,35011291 - IND02 - 022  RETROMOM TIRO ALTO E INDIGO T-18,YOYO CEDI,Comprometido,UND ,250,250,0,250,2026-08-12,01-2026, ,2026-05-27,2026-06-04,1,IND02               ,1,22,T-18     ,0.0,INCOMPLETO
YOYO,MOP-00000143,35011291                                          ,32-3AGO4,08-AGOSTO,35011291 - IND02 - 023  RETROMOM TIRO ALTO E INDIGO T-20,YOYO CEDI,Comprometido,UND ,50,50,0,50,2026-08-12,01-2026, ,2026-05-27,2026-06-04,1,IND02               ,1,23,T-20     ,0.0,INCOMPLETO
YOYO,MOP-00000143,35011291                                          ,32-3AGO4,08-AGOSTO,35011291 - IND02 - 024  RETROMOM TIRO ALTO E INDIGO T-22,YOYO CEDI,Comprometido,UND ,50,50,0,50,2026-08-12,01-2026, ,2026-05-27,2026-06-04,1,IND02               ,1,24,T-22     ,0.0,INCOMPLETO
YOYO,MOP-00000143,35011291                                          ,32-3AGO4,08-AGOSTO,35011291 - IND02 - 018  RETROMOM TIRO ALTO E INDIGO T-10,YOYO CEDI,Comprometido,UND ,50,50,0,50,2026-08-12,01-2026, ,2026-05-27,2026-06-04,1,IND02               ,1,18,T-10     ,0.0,INCOMPLETO
YOYO,MOP-00000143,35011291                                          ,32-3AGO4,08-AGOSTO,35011291 - IND02 - 019  RETROMOM TIRO ALTO E INDIGO T-12,YOYO CEDI,Comprometido,UND ,150,150,0,150,2026-08-12,01-2026, ,2026-05-27,2026-06-04,1,IND02               ,1,19,T-12     ,0.0,INCOMPLETO
YOYO,MOP-00000144,35011291                                          ,32-3AGO4,08-AGOSTO,35011291 - IND03 - 018  RETROMOM TIRO ALTO E INDIGO T-10,YOYO CEDI,Comprometido,UND ,50,50,0,50,2026-08-12,01-2026, ,2026-05-27,2026-06-04,1,IND03               ,1,18,T-10     ,0.0,INCOMPLETO
YOYO,MOP-00000144,35011291                                          ,32-3AGO4,08-AGOSTO,35011291 - IND03 - 019  RETROMOM TIRO ALTO E INDIGO T-12,YOYO CEDI,Comprometido,UND ,150,150,0,150,2026-08-12,01-2026, ,2026-05-27,2026-06-04,1,IND03               ,1,19,T-12     ,0.0,INCOMPLETO
YOYO,MOP-00000144,35011291                                          ,32-3AGO4,08-AGOSTO,35011291 - IND03 - 020  RETROMOM TIRO ALTO E INDIGO T-14,YOYO CEDI,Comprometido,UND ,200,200,0,200,2026-08-12,01-2026, ,2026-05-27,2026-06-04,1,IND03               ,1,20,T-14     ,0.0,INCOMPLETO
YOYO,MOP-00000144,35011291                                          ,32-3AGO4,08-AGOSTO,35011291 - IND03 - 021  RETROMOM TIRO ALTO E INDIGO T-16,YOYO CEDI,Comprometido,UND ,150,150,0,150,2026-08-12,01-2026, ,2026-05-27,2026-06-04,1,IND03               ,1,21,T-16     ,0.0,INCOMPLETO
YOYO,MOP-00000144,35011291                                          ,32-3AGO4,08-AGOSTO,35011291 - IND03 - 022  RETROMOM TIRO ALTO E INDIGO T-18,YOYO CEDI,Comprometido,UND ,150,150,0,150,2026-08-12,01-2026, ,2026-05-27,2026-06-04,1,IND03               ,1,22,T-18     ,0.0,INCOMPLETO
YOYO,MOP-00000144,35011291                                          ,32-3AGO4,08-AGOSTO,35011291 - IND03 - 023  RETROMOM TIRO ALTO E INDIGO T-20,YOYO CEDI,Comprometido,UND ,50,50,0,50,2026-08-12,01-2026, ,2026-05-27,2026-06-04,1,IND03               ,1,23,T-20     ,0.0,INCOMPLETO
YOYO,MOP-00000144,35011291                                          ,32-3AGO4,08-AGOSTO,35011291 - IND03 - 024  RETROMOM TIRO ALTO E INDIGO T-22,YOYO CEDI,Comprometido,UND ,50,50,0,50,2026-08-12,01-2026, ,2026-05-27,2026-06-04,1,IND03               ,1,24,T-22     ,0.0,INCOMPLETO
YOYO,MOP-00000145,35052249                                          ,32-3AGO4,08-AGOSTO,35052249 - 11-0602 - 019  CAMISETA T-SHIRT OVE CREMA T-12,YOYO CEDI,Comprometido,UND ,150,150,0,150,2026-08-12,01-2026, ,2026-05-27,2026-06-01,1,11-0602             ,1,19,T-12     ,0.0,INCOMPLETO
YOYO,MOP-00000145,35052249                                          ,32-3AGO4,08-AGOSTO,35052249 - 11-0602 - 020  CAMISETA T-SHIRT OVE CREMA T-14,YOYO CEDI,Comprometido,UND ,200,200,0,200,2026-08-12,01-2026, ,2026-05-27,2026-06-01,1,11-0602             ,1,20,T-14     ,0.0,INCOMPLETO
YOYO,MOP-00000145,35052249                                          ,32-3AGO4,08-AGOSTO,35052249 - 11-0602 - 021  CAMISETA T-SHIRT OVE CREMA T-16,YOYO CEDI,Comprometido,UND ,200,200,0,200,2026-08-12,01-2026, ,2026-05-27,2026-06-01,1,11-0602             ,1,21,T-16     ,0.0,INCOMPLETO
YOYO,MOP-00000145,35052249                                          ,32-3AGO4,08-AGOSTO,35052249 - 11-0602 - 022  CAMISETA T-SHIRT OVE CREMA T-18,YOYO CEDI,Comprometido,UND ,150,150,0,150,2026-08-12,01-2026, ,2026-05-27,2026-06-01,1,11-0602             ,1,22,T-18     ,0.0,INCOMPLETO
YOYO,MOP-00000145,35052249                                          ,32-3AGO4,08-AGOSTO,35052249 - 11-0602 - 023  CAMISETA T-SHIRT OVE CREMA T-20,YOYO CEDI,Comprometido,UND ,150,150,0,150,2026-08-12,01-2026, ,2026-05-27,2026-06-01,1,11-0602             ,1,23,T-20     ,0.0,INCOMPLETO
YOYO,MOP-00000145,35052249                                          ,32-3AGO4,08-AGOSTO,35052249 - 19-4004 - 019  CAMISETA T-SHIRT OVE NEGRO T-12,YOYO CEDI,Comprometido,UND ,100,100,0,100,2026-08-12,01-2026, ,2026-05-27,2026-06-01,1,19-4004             ,1,19,T-12     ,0.0,INCOMPLETO
YOYO,MOP-00000145,35052249                                          ,32-3AGO4,08-AGOSTO,35052249 - 19-4004 - 020  CAMISETA T-SHIRT OVE NEGRO T-14,YOYO CEDI,Comprometido,UND ,100,100,0,100,2026-08-12,01-2026, ,2026-05-27,2026-06-01,1,19-4004             ,1,20,T-14     ,0.0,INCOMPLETO
YOYO,MOP-00000145,35052249                                          ,32-3AGO4,08-AGOSTO,35052249 - 19-4004 - 021  CAMISETA T-SHIRT OVE NEGRO T-16,YOYO CEDI,Comprometido,UND ,100,100,0,100,2026-08-12,01-2026, ,2026-05-27,2026-06-01,1,19-4004             ,1,21,T-16     ,0.0,INCOMPLETO
YOYO,MOP-00000145,35052249                                          ,32-3AGO4,08-AGOSTO,35052249 - 19-4004 - 022  CAMISETA T-SHIRT OVE NEGRO T-18,YOYO CEDI,Comprometido,UND ,100,100,0,100,2026-08-12,01-2026, ,2026-05-27,2026-06-01,1,19-4004             ,1,22,T-18     ,0.0,INCOMPLETO
YOYO,MOP-00000145,35052249                                          ,32-3AGO4,08-AGOSTO,35052249 - 19-4004 - 023  CAMISETA T-SHIRT OVE NEGRO T-20,YOYO CEDI,Comprometido,UND ,50,50,0,50,2026-08-12,01-2026, ,2026-05-27,2026-06-01,1,19-4004             ,1,23,T-20     ,0.0,INCOMPLETO
YOYO,MOP-00000146,35054249                                          ,32-3AGO4,08-AGOSTO,35054249 - 11-0602 - 020  CAMISETA  POLO MANGA CREMA T-14,YOYO CEDI,Comprometido,UND ,150,150,0,150,2026-08-12,01-2026, ,2026-05-27,2026-06-02,1,11-0602             ,1,20,T-14     ,0.0,INCOMPLETO
YOYO,MOP-00000146,35054249                                          ,32-3AGO4,08-AGOSTO,35054249 - 11-0602 - 021  CAMISETA  POLO MANGA CREMA T-16,YOYO CEDI,Comprometido,UND ,200,200,0,200,2026-08-12,01-2026, ,2026-05-27,2026-06-02,1,11-0602             ,1,21,T-16     ,0.0,INCOMPLETO
YOYO,MOP-00000146,35054249                                          ,32-3AGO4,08-AGOSTO,35054249 - 11-0602 - 022  CAMISETA  POLO MANGA CREMA T-18,YOYO CEDI,Comprometido,UND ,150,150,0,150,2026-08-12,01-2026, ,2026-05-27,2026-06-02,1,11-0602             ,1,22,T-18     ,0.0,INCOMPLETO
YOYO,MOP-00000146,35054249                                          ,32-3AGO4,08-AGOSTO,35054249 - 11-0602 - 023  CAMISETA  POLO MANGA CREMA T-20,YOYO CEDI,Comprometido,UND ,50,50,0,50,2026-08-12,01-2026, ,2026-05-27,2026-06-02,1,11-0602             ,1,23,T-20     ,0.0,INCOMPLETO
YOYO,MOP-00000146,35054249                                          ,32-3AGO4,08-AGOSTO,35054249 - 19-4004 - 022  CAMISETA  POLO MANGA NEGRO T-18,YOYO CEDI,Comprometido,UND ,50,50,0,50,2026-08-12,01-2026, ,2026-05-27,2026-06-02,1,19-4004             ,1,22,T-18     ,0.0,INCOMPLETO
YOYO,MOP-00000146,35054249                                          ,32-3AGO4,08-AGOSTO,35054249 - 19-4004 - 023  CAMISETA  POLO MANGA NEGRO T-20,YOYO CEDI,Comprometido,UND ,150,150,0,150,2026-08-12,01-2026, ,2026-05-27,2026-06-02,1,19-4004             ,1,23,T-20     ,0.0,INCOMPLETO
YOYO,MOP-00000146,35054249                                          ,32-3AGO4,08-AGOSTO,35054249 - 19-4004 - 024  CAMISETA  POLO MANGA NEGRO T-22,YOYO CEDI,Comprometido,UND ,100,100,0,100,2026-08-12,01-2026, ,2026-05-27,2026-06-02,1,19-4004             ,1,24,T-22     ,0.0,INCOMPLETO
YOYO,MOP-00000147,35016209                                          ,32-3AGO4,08-AGOSTO,35016209 - 19-4004 - 019  CHOMPA ML TP CON CI NEGRO T-12,YOYO CEDI,En elaboración,UND ,150,0,0,0,2026-08-12,01-2026, ,2026-05-27,2026-06-02,1,19-4004             ,1,19,T-12     ,0.0,CERRADO
YOYO,MOP-00000147,35016209                                          ,32-3AGO4,08-AGOSTO,35016209 - 19-4004 - 023  CHOMPA ML TP CON CI NEGRO T-20,YOYO CEDI,En elaboración,UND ,150,0,0,0,2026-08-12,01-2026, ,2026-05-27,2026-06-02,1,19-4004             ,1,23,T-20     ,0.0,CERRADO
YOYO,MOP-00000147,35016209                                          ,32-3AGO4,08-AGOSTO,35016209 - 19-4004 - 021  CHOMPA ML TP CON CI NEGRO T-16,YOYO CEDI,En elaboración,UND ,250,0,0,0,2026-08-12,01-2026, ,2026-05-27,2026-06-02,1,19-4004             ,1,21,T-16     ,0.0,CERRADO
YOYO,MOP-00000147,35016209                                          ,32-3AGO4,08-AGOSTO,35016209 - 19-4004 - 022  CHOMPA ML TP CON CI NEGRO T-18,YOYO CEDI,En elaboración,UND ,200,0,0,0,2026-08-12,01-2026, ,2026-05-27,2026-06-02,1,19-4004             ,1,22,T-18     ,0.0,CERRADO
YOYO,MOP-00000147,35016209                                          ,32-3AGO4,08-AGOSTO,35016209 - 19-4004 - 024  CHOMPA ML TP CON CI NEGRO T-22,YOYO CEDI,En elaboración,UND ,100,0,0,0,2026-08-12,01-2026, ,2026-05-27,2026-06-02,1,19-4004             ,1,24,T-22     ,0.0,CERRADO
YOYO,MOP-00000147,35016209                                          ,32-3AGO4,08-AGOSTO,35016209 - 19-4004 - 020  CHOMPA ML TP CON CI NEGRO T-14,YOYO CEDI,En elaboración,UND ,250,0,0,0,2026-08-12,01-2026, ,2026-05-27,2026-06-02,1,19-4004             ,1,20,T-14     ,0.0,CERRADO
YOYO,MOP-00000147,35016209                                          ,32-3AGO4,08-AGOSTO,35016209 - GRIS JASPE CLARO - 019  CHOMPA ML TP CON CI GRIS T-12,YOYO CEDI,En elaboración,UND ,150,0,0,0,2026-08-12,01-2026, ,2026-05-27,2026-06-02,1,GRIS JASPE CLARO    ,1,19,T-12     ,0.0,CERRADO
YOYO,MOP-00000147,35016209                                          ,32-3AGO4,08-AGOSTO,35016209 - GRIS JASPE CLARO - 020  CHOMPA ML TP CON CI GRIS T-14,YOYO CEDI,En elaboración,UND ,200,0,0,0,2026-08-12,01-2026, ,2026-05-27,2026-06-02,1,GRIS JASPE CLARO    ,1,20,T-14     ,0.0,CERRADO
YOYO,MOP-00000147,35016209                                          ,32-3AGO4,08-AGOSTO,35016209 - GRIS JASPE CLARO - 021  CHOMPA ML TP CON CI GRIS T-16,YOYO CEDI,En elaboración,UND ,200,0,0,0,2026-08-12,01-2026, ,2026-05-27,2026-06-02,1,GRIS JASPE CLARO    ,1,21,T-16     ,0.0,CERRADO
YOYO,MOP-00000147,35016209                                          ,32-3AGO4,08-AGOSTO,35016209 - GRIS JASPE CLARO - 022  CHOMPA ML TP CON CI GRIS T-18,YOYO CEDI,En elaboración,UND ,100,0,0,0,2026-08-12,01-2026, ,2026-05-27,2026-06-02,1,GRIS JASPE CLARO    ,1,22,T-18     ,0.0,CERRADO
YOYO,MOP-00000147,35016209                                          ,32-3AGO4,08-AGOSTO,35016209 - GRIS JASPE CLARO - 023  CHOMPA ML TP CON CI GRIS T-20,YOYO CEDI,En elaboración,UND ,50,0,0,0,2026-08-12,01-2026, ,2026-05-27,2026-06-02,1,GRIS JASPE CLARO    ,1,23,T-20     ,0.0,CERRADO
YOYO,MOP-00000147,35016209                                          ,32-3AGO4,08-AGOSTO,35016209 - GRIS JASPE CLARO - 024  CHOMPA ML TP CON CI GRIS T-22,YOYO CEDI,En elaboración,UND ,50,0,0,0,2026-08-12,01-2026, ,2026-05-27,2026-06-02,1,GRIS JASPE CLARO    ,1,24,T-22     ,0.0,CERRADO
YOYO,MOP-00000148,35033201                                          ,32-3AGO4,08-AGOSTO,35033201 - 19-4004 - 021  PANTALON TIRO ALTO NEGRO T-16,YOYO CEDI,En elaboración,UND ,300,0,0,0,2026-08-12,01-2026, ,2026-05-27,2026-06-02,1,19-4004             ,1,21,T-16     ,0.0,CERRADO
YOYO,MOP-00000148,35033201                                          ,32-3AGO4,08-AGOSTO,35033201 - 19-4004 - 019  PANTALON TIRO ALTO NEGRO T-12,YOYO CEDI,En elaboración,UND ,300,0,0,0,2026-08-12,01-2026, ,2026-05-27,2026-06-02,1,19-4004             ,1,19,T-12     ,0.0,CERRADO
YOYO,MOP-00000148,35033201                                          ,32-3AGO4,08-AGOSTO,35033201 - 19-4004 - 024  PANTALON TIRO ALTO NEGRO T-22,YOYO CEDI,En elaboración,UND ,100,0,0,0,2026-08-12,01-2026, ,2026-05-27,2026-06-02,1,19-4004             ,1,24,T-22     ,0.0,CERRADO
YOYO,MOP-00000148,35033201                                          ,32-3AGO4,08-AGOSTO,35033201 - 19-4004 - 020  PANTALON TIRO ALTO NEGRO T-14,YOYO CEDI,En elaboración,UND ,300,0,0,0,2026-08-12,01-2026, ,2026-05-27,2026-06-02,1,19-4004             ,1,20,T-14     ,0.0,CERRADO
YOYO,MOP-00000148,35033201                                          ,32-3AGO4,08-AGOSTO,35033201 - 19-4004 - 023  PANTALON TIRO ALTO NEGRO T-20,YOYO CEDI,En elaboración,UND ,250,0,0,0,2026-08-12,01-2026, ,2026-05-27,2026-06-02,1,19-4004             ,1,23,T-20     ,0.0,CERRADO
YOYO,MOP-00000148,35033201                                          ,32-3AGO4,08-AGOSTO,35033201 - 19-4004 - 022  PANTALON TIRO ALTO NEGRO T-18,YOYO CEDI,En elaboración,UND ,250,0,0,0,2026-08-12,01-2026, ,2026-05-27,2026-06-02,1,19-4004             ,1,22,T-18     ,0.0,CERRADO
YOYO,MOP-00000148,35033201                                          ,32-3AGO4,08-AGOSTO,35033201 - GRIS JASPE CLARO - 019  PANTALON TIRO ALTO GRIS T-12,YOYO CEDI,En elaboración,UND ,300,0,0,0,2026-08-12,01-2026, ,2026-05-27,2026-06-02,1,GRIS JASPE CLARO    ,1,19,T-12     ,0.0,CERRADO
YOYO,MOP-00000148,35033201                                          ,32-3AGO4,08-AGOSTO,35033201 - GRIS JASPE CLARO - 020  PANTALON TIRO ALTO GRIS T-14,YOYO CEDI,En elaboración,UND ,300,0,0,0,2026-08-12,01-2026, ,2026-05-27,2026-06-02,1,GRIS JASPE CLARO    ,1,20,T-14     ,0.0,CERRADO
YOYO,MOP-00000148,35033201                                          ,32-3AGO4,08-AGOSTO,35033201 - GRIS JASPE CLARO - 021  PANTALON TIRO ALTO GRIS T-16,YOYO CEDI,En elaboración,UND ,300,0,0,0,2026-08-12,01-2026, ,2026-05-27,2026-06-02,1,GRIS JASPE CLARO    ,1,21,T-16     ,0.0,CERRADO
YOYO,MOP-00000148,35033201                                          ,32-3AGO4,08-AGOSTO,35033201 - GRIS JASPE CLARO - 022  PANTALON TIRO ALTO GRIS T-18,YOYO CEDI,En elaboración,UND ,200,0,0,0,2026-08-12,01-2026, ,2026-05-27,2026-06-02,1,GRIS JASPE CLARO    ,1,22,T-18     ,0.0,CERRADO
YOYO,MOP-00000148,35033201                                          ,32-3AGO4,08-AGOSTO,35033201 - GRIS JASPE CLARO - 023  PANTALON TIRO ALTO GRIS T-20,YOYO CEDI,En elaboración,UND ,200,0,0,0,2026-08-12,01-2026, ,2026-05-27,2026-06-02,1,GRIS JASPE CLARO    ,1,23,T-20     ,0.0,CERRADO
YOYO,MOP-00000148,35033201                                          ,32-3AGO4,08-AGOSTO,35033201 - GRIS JASPE CLARO - 024  PANTALON TIRO ALTO GRIS T-22,YOYO CEDI,En elaboración,UND ,150,0,0,0,2026-08-12,01-2026, ,2026-05-27,2026-06-02,1,GRIS JASPE CLARO    ,1,24,T-22     ,0.0,CERRADO
YOYO,MOP-00000149,35050249                                          ,32-3AGO4,08-AGOSTO,35050249 - 11-0602 - 021  CAMISETA MC TP ESEN CREMA T-16,YOYO CEDI,En elaboración,UND ,250,0,0,0,2026-08-12,01-2026, ,2026-05-27,2026-06-02,1,11-0602             ,1,21,T-16     ,0.0,CERRADO
YOYO,MOP-00000149,35050249                                          ,32-3AGO4,08-AGOSTO,35050249 - 11-0602 - 023  CAMISETA MC TP ESEN CREMA T-20,YOYO CEDI,En elaboración,UND ,150,0,0,0,2026-08-12,01-2026, ,2026-05-27,2026-06-02,1,11-0602             ,1,23,T-20     ,0.0,CERRADO
YOYO,MOP-00000149,35050249                                          ,32-3AGO4,08-AGOSTO,35050249 - 19-4004 - 021  CAMISETA MC TP ESEN NEGRO T-16,YOYO CEDI,En elaboración,UND ,200,0,0,0,2026-08-12,01-2026, ,2026-05-27,2026-06-02,1,19-4004             ,1,21,T-16     ,0.0,CERRADO
YOYO,MOP-00000149,35050249                                          ,32-3AGO4,08-AGOSTO,35050249 - 11-0602 - 019  CAMISETA MC TP ESEN CREMA T-12,YOYO CEDI,En elaboración,UND ,150,0,0,0,2026-08-12,01-2026, ,2026-05-27,2026-06-02,1,11-0602             ,1,19,T-12     ,0.0,CERRADO
YOYO,MOP-00000149,35050249                                          ,32-3AGO4,08-AGOSTO,35050249 - 11-0602 - 024  CAMISETA MC TP ESEN CREMA T-22,YOYO CEDI,En elaboración,UND ,100,0,0,0,2026-08-12,01-2026, ,2026-05-27,2026-06-02,1,11-0602             ,1,24,T-22     ,0.0,CERRADO
YOYO,MOP-00000149,35050249                                          ,32-3AGO4,08-AGOSTO,35050249 - 11-0602 - 022  CAMISETA MC TP ESEN CREMA T-18,YOYO CEDI,En elaboración,UND ,200,0,0,0,2026-08-12,01-2026, ,2026-05-27,2026-06-02,1,11-0602             ,1,22,T-18     ,0.0,CERRADO
YOYO,MOP-00000149,35050249                                          ,32-3AGO4,08-AGOSTO,35050249 - 11-0602 - 020  CAMISETA MC TP ESEN CREMA T-14,YOYO CEDI,En elaboración,UND ,250,0,0,0,2026-08-12,01-2026, ,2026-05-27,2026-06-02,1,11-0602             ,1,20,T-14     ,0.0,CERRADO
YOYO,MOP-00000149,35050249                                          ,32-3AGO4,08-AGOSTO,35050249 - 19-4004 - 024  CAMISETA MC TP ESEN NEGRO T-22,YOYO CEDI,En elaboración,UND ,50,0,0,0,2026-08-12,01-2026, ,2026-05-27,2026-06-02,1,19-4004             ,1,24,T-22     ,0.0,CERRADO
YOYO,MOP-00000149,35050249                                          ,32-3AGO4,08-AGOSTO,35050249 - 19-4004 - 019  CAMISETA MC TP ESEN NEGRO T-12,YOYO CEDI,En elaboración,UND ,100,0,0,0,2026-08-12,01-2026, ,2026-05-27,2026-06-02,1,19-4004             ,1,19,T-12     ,0.0,CERRADO
YOYO,MOP-00000149,35050249                                          ,32-3AGO4,08-AGOSTO,35050249 - 19-4004 - 023  CAMISETA MC TP ESEN NEGRO T-20,YOYO CEDI,En elaboración,UND ,100,0,0,0,2026-08-12,01-2026, ,2026-05-27,2026-06-02,1,19-4004             ,1,23,T-20     ,0.0,CERRADO
YOYO,MOP-00000149,35050249                                          ,32-3AGO4,08-AGOSTO,35050249 - 19-4004 - 020  CAMISETA MC TP ESEN NEGRO T-14,YOYO CEDI,En elaboración,UND ,200,0,0,0,2026-08-12,01-2026, ,2026-05-27,2026-06-02,1,19-4004             ,1,20,T-14     ,0.0,CERRADO
YOYO,MOP-00000149,35050249                                          ,32-3AGO4,08-AGOSTO,35050249 - 19-4004 - 022  CAMISETA MC TP ESEN NEGRO T-18,YOYO CEDI,En elaboración,UND ,150,0,0,0,2026-08-12,01-2026, ,2026-05-27,2026-06-02,1,19-4004             ,1,22,T-18     ,0.0,CERRADO
YOYO,MOP-00000151,YY0000281                                         ,33-3SEP1,09-SEPTIEMBRE,YY0000281 - IND07 - 019  SHORT TIRO ALTO INDIGO T-12,YOYO CEDI,En elaboración,UND ,458,0,0,0,2026-07-29,01-2026,009-LOVE IN RED,2026-06-02,2026-06-02,1,IND07               ,1,19,T-12     ,0.0,CERRADO
YOYO,MOP-00000151,YY0000281                                         ,33-3SEP1,09-SEPTIEMBRE,YY0000281 - IND07 - 020  SHORT TIRO ALTO INDIGO T-14,YOYO CEDI,En elaboración,UND ,458,0,0,0,2026-07-29,01-2026,009-LOVE IN RED,2026-06-02,2026-06-02,1,IND07               ,1,20,T-14     ,0.0,CERRADO
YOYO,MOP-00000151,YY0000281                                         ,33-3SEP1,09-SEPTIEMBRE,YY0000281 - IND07 - 021  SHORT TIRO ALTO INDIGO T-16,YOYO CEDI,En elaboración,UND ,458,0,0,0,2026-07-29,01-2026,009-LOVE IN RED,2026-06-02,2026-06-02,1,IND07               ,1,21,T-16     ,0.0,CERRADO
YOYO,MOP-00000151,YY0000281                                         ,33-3SEP1,09-SEPTIEMBRE,YY0000281 - IND07 - 022  SHORT TIRO ALTO INDIGO T-18,YOYO CEDI,En elaboración,UND ,367,0,0,0,2026-07-29,01-2026,009-LOVE IN RED,2026-06-02,2026-06-02,1,IND07               ,1,22,T-18     ,0.0,CERRADO
YOYO,MOP-00000151,YY0000281                                         ,33-3SEP1,09-SEPTIEMBRE,YY0000281 - IND07 - 023  SHORT TIRO ALTO INDIGO T-20,YOYO CEDI,En elaboración,UND ,275,0,0,0,2026-07-29,01-2026,009-LOVE IN RED,2026-06-02,2026-06-02,1,IND07               ,1,23,T-20     ,0.0,CERRADO
YOYO,MOP-00000151,YY0000281                                         ,33-3SEP1,09-SEPTIEMBRE,YY0000281 - IND07 - 024  SHORT TIRO ALTO INDIGO T-22,YOYO CEDI,En elaboración,UND ,183,0,0,0,2026-07-29,01-2026,009-LOVE IN RED,2026-06-02,2026-06-02,1,IND07               ,1,24,T-22     ,0.0,CERRADO
YOYO,MOP-00000152,YY0000272                                         ,34-3SEP2,09-SEPTIEMBRE,YY0000272 - IND07 - 019  TEJANO TIRO MEDIO TP INDIGO T-12,YOYO CEDI,Comprometido,UND ,444,444,0,444,2026-08-05,01-2026,010-POSTALES DE AMOR,2026-06-02,2026-06-02,1,IND07               ,1,19,T-12     ,0.0,INCOMPLETO
YOYO,MOP-00000152,YY0000272                                         ,34-3SEP2,09-SEPTIEMBRE,YY0000272 - IND07 - 020  TEJANO TIRO MEDIO TP INDIGO T-14,YOYO CEDI,Comprometido,UND ,533,533,0,533,2026-08-05,01-2026,010-POSTALES DE AMOR,2026-06-02,2026-06-02,1,IND07               ,1,20,T-14     ,0.0,INCOMPLETO
YOYO,MOP-00000152,YY0000272                                         ,34-3SEP2,09-SEPTIEMBRE,YY0000272 - IND07 - 021  TEJANO TIRO MEDIO TP INDIGO T-16,YOYO CEDI,Comprometido,UND ,533,533,0,533,2026-08-05,01-2026,010-POSTALES DE AMOR,2026-06-02,2026-06-02,1,IND07               ,1,21,T-16     ,0.0,INCOMPLETO
YOYO,MOP-00000152,YY0000272                                         ,34-3SEP2,09-SEPTIEMBRE,YY0000272 - IND07 - 022  TEJANO TIRO MEDIO TP INDIGO T-18,YOYO CEDI,Comprometido,UND ,356,356,0,356,2026-08-05,01-2026,010-POSTALES DE AMOR,2026-06-02,2026-06-02,1,IND07               ,1,22,T-18     ,0.0,INCOMPLETO
YOYO,MOP-00000152,YY0000272                                         ,34-3SEP2,09-SEPTIEMBRE,YY0000272 - IND07 - 023  TEJANO TIRO MEDIO TP INDIGO T-20,YOYO CEDI,Comprometido,UND ,267,267,0,267,2026-08-05,01-2026,010-POSTALES DE AMOR,2026-06-02,2026-06-02,1,IND07               ,1,23,T-20     ,0.0,INCOMPLETO
YOYO,MOP-00000152,YY0000272                                         ,34-3SEP2,09-SEPTIEMBRE,YY0000272 - IND07 - 024  TEJANO TIRO MEDIO TP INDIGO T-22,YOYO CEDI,Comprometido,UND ,267,267,0,267,2026-08-05,01-2026,010-POSTALES DE AMOR,2026-06-02,2026-06-02,1,IND07               ,1,24,T-22     ,0.0,INCOMPLETO
YOYO,MOP-00000153,YY0000276                                         ,34-3SEP2,09-SEPTIEMBRE,YY0000276 - IND02 - 018  RETROMOM TIRO BAJO L INDIGO T-10,YOYO CEDI,Aprobado,UND ,200,242,0,242,2026-08-05,01-2026,010-POSTALES DE AMOR,2026-06-02,2026-06-05,1,IND02               ,1,18,T-10     ,0.0,INCOMPLETO
YOYO,MOP-00000153,YY0000276                                         ,34-3SEP2,09-SEPTIEMBRE,YY0000276 - IND02 - 019  RETROMOM TIRO BAJO L INDIGO T-12,YOYO CEDI,Aprobado,UND ,500,489,0,489,2026-08-05,01-2026,010-POSTALES DE AMOR,2026-06-02,2026-06-05,1,IND02               ,1,19,T-12     ,0.0,INCOMPLETO
YOYO,MOP-00000153,YY0000276                                         ,34-3SEP2,09-SEPTIEMBRE,YY0000276 - IND02 - 020  RETROMOM TIRO BAJO L INDIGO T-14,YOYO CEDI,Aprobado,UND ,600,578,0,578,2026-08-05,01-2026,010-POSTALES DE AMOR,2026-06-02,2026-06-05,1,IND02               ,1,20,T-14     ,0.0,INCOMPLETO
YOYO,MOP-00000153,YY0000276                                         ,34-3SEP2,09-SEPTIEMBRE,YY0000276 - IND02 - 021  RETROMOM TIRO BAJO L INDIGO T-16,YOYO CEDI,Aprobado,UND ,600,578,0,578,2026-08-05,01-2026,010-POSTALES DE AMOR,2026-06-02,2026-06-05,1,IND02               ,1,21,T-16     ,0.0,INCOMPLETO
YOYO,MOP-00000153,YY0000276                                         ,34-3SEP2,09-SEPTIEMBRE,YY0000276 - IND02 - 022  RETROMOM TIRO BAJO L INDIGO T-18,YOYO CEDI,Aprobado,UND ,400,389,0,389,2026-08-05,01-2026,010-POSTALES DE AMOR,2026-06-02,2026-06-05,1,IND02               ,1,22,T-18     ,0.0,INCOMPLETO
YOYO,MOP-00000153,YY0000276                                         ,34-3SEP2,09-SEPTIEMBRE,YY0000276 - IND02 - 023  RETROMOM TIRO BAJO L INDIGO T-20,YOYO CEDI,Aprobado,UND ,300,291,0,291,2026-08-05,01-2026,010-POSTALES DE AMOR,2026-06-02,2026-06-05,1,IND02               ,1,23,T-20     ,0.0,INCOMPLETO
YOYO,MOP-00000153,YY0000276                                         ,34-3SEP2,09-SEPTIEMBRE,YY0000276 - IND02 - 024  RETROMOM TIRO BAJO L INDIGO T-22,YOYO CEDI,Aprobado,UND ,300,291,0,291,2026-08-05,01-2026,010-POSTALES DE AMOR,2026-06-02,2026-06-05,1,IND02               ,1,24,T-22     ,0.0,INCOMPLETO
YOYO,MOP-00000154,YY0000277                                         ,34-3SEP2,09-SEPTIEMBRE,YY0000277 - 11-0602 - 019  MAXIRETRO TIRO ALTO CREMA T-12,YOYO CEDI,Comprometido,UND ,500,500,0,500,2026-08-05,01-2026,010-POSTALES DE AMOR,2026-06-02,2026-06-02,1,11-0602             ,1,19,T-12     ,0.0,INCOMPLETO
YOYO,MOP-00000154,YY0000277                                         ,34-3SEP2,09-SEPTIEMBRE,YY0000277 - 11-0602 - 020  MAXIRETRO TIRO ALTO CREMA T-14,YOYO CEDI,Comprometido,UND ,600,600,0,600,2026-08-05,01-2026,010-POSTALES DE AMOR,2026-06-02,2026-06-02,1,11-0602             ,1,20,T-14     ,0.0,INCOMPLETO
YOYO,MOP-00000154,YY0000277                                         ,34-3SEP2,09-SEPTIEMBRE,YY0000277 - 11-0602 - 021  MAXIRETRO TIRO ALTO CREMA T-16,YOYO CEDI,Comprometido,UND ,600,600,0,600,2026-08-05,01-2026,010-POSTALES DE AMOR,2026-06-02,2026-06-02,1,11-0602             ,1,21,T-16     ,0.0,INCOMPLETO
YOYO,MOP-00000154,YY0000277                                         ,34-3SEP2,09-SEPTIEMBRE,YY0000277 - 11-0602 - 022  MAXIRETRO TIRO ALTO CREMA T-18,YOYO CEDI,Comprometido,UND ,400,400,0,400,2026-08-05,01-2026,010-POSTALES DE AMOR,2026-06-02,2026-06-02,1,11-0602             ,1,22,T-18     ,0.0,INCOMPLETO
YOYO,MOP-00000154,YY0000277                                         ,34-3SEP2,09-SEPTIEMBRE,YY0000277 - 11-0602 - 023  MAXIRETRO TIRO ALTO CREMA T-20,YOYO CEDI,Comprometido,UND ,300,300,0,300,2026-08-05,01-2026,010-POSTALES DE AMOR,2026-06-02,2026-06-02,1,11-0602             ,1,23,T-20     ,0.0,INCOMPLETO
YOYO,MOP-00000154,YY0000277                                         ,34-3SEP2,09-SEPTIEMBRE,YY0000277 - 11-0602 - 024  MAXIRETRO TIRO ALTO CREMA T-22,YOYO CEDI,Comprometido,UND ,300,300,0,300,2026-08-05,01-2026,010-POSTALES DE AMOR,2026-06-02,2026-06-02,1,11-0602             ,1,24,T-22     ,0.0,INCOMPLETO
YOYO,MOP-00000155,YY0000280                                         ,34-3SEP2,09-SEPTIEMBRE,YY0000280 - IND03 - 019  BERMUDA TIRO MEDIO INDIGO T-12,YOYO CEDI,En elaboración,UND ,458,0,0,0,2026-08-05,01-2026,010-POSTALES DE AMOR,2026-06-02,2026-06-02,1,IND03               ,1,19,T-12     ,0.0,CERRADO
YOYO,MOP-00000155,YY0000280                                         ,34-3SEP2,09-SEPTIEMBRE,YY0000280 - IND03 - 020  BERMUDA TIRO MEDIO INDIGO T-14,YOYO CEDI,En elaboración,UND ,458,0,0,0,2026-08-05,01-2026,010-POSTALES DE AMOR,2026-06-02,2026-06-02,1,IND03               ,1,20,T-14     ,0.0,CERRADO
YOYO,MOP-00000155,YY0000280                                         ,34-3SEP2,09-SEPTIEMBRE,YY0000280 - IND03 - 021  BERMUDA TIRO MEDIO INDIGO T-16,YOYO CEDI,En elaboración,UND ,458,0,0,0,2026-08-05,01-2026,010-POSTALES DE AMOR,2026-06-02,2026-06-02,1,IND03               ,1,21,T-16     ,0.0,CERRADO
YOYO,MOP-00000155,YY0000280                                         ,34-3SEP2,09-SEPTIEMBRE,YY0000280 - IND03 - 022  BERMUDA TIRO MEDIO INDIGO T-18,YOYO CEDI,En elaboración,UND ,367,0,0,0,2026-08-05,01-2026,010-POSTALES DE AMOR,2026-06-02,2026-06-02,1,IND03               ,1,22,T-18     ,0.0,CERRADO
YOYO,MOP-00000155,YY0000280                                         ,34-3SEP2,09-SEPTIEMBRE,YY0000280 - IND03 - 023  BERMUDA TIRO MEDIO INDIGO T-20,YOYO CEDI,En elaboración,UND ,275,0,0,0,2026-08-05,01-2026,010-POSTALES DE AMOR,2026-06-02,2026-06-02,1,IND03               ,1,23,T-20     ,0.0,CERRADO
YOYO,MOP-00000155,YY0000280                                         ,34-3SEP2,09-SEPTIEMBRE,YY0000280 - IND03 - 024  BERMUDA TIRO MEDIO INDIGO T-22,YOYO CEDI,En elaboración,UND ,183,0,0,0,2026-08-05,01-2026,010-POSTALES DE AMOR,2026-06-02,2026-06-02,1,IND03               ,1,24,T-22     ,0.0,CERRADO
YOYO,MOP-00000156,YY0000284                                         ,34-3SEP2,09-SEPTIEMBRE,YY0000284 - 12-0304 - 019  FALDA TIRO MEDIO CREMA T-12,YOYO CEDI,Aprobado,UND ,417,399,0,399,2026-08-05,01-2026,010-POSTALES DE AMOR,2026-06-02,2026-06-06,1,12-0304             ,1,19,T-12     ,0.0,INCOMPLETO
YOYO,MOP-00000156,YY0000284                                         ,34-3SEP2,09-SEPTIEMBRE,YY0000284 - 12-0304 - 020  FALDA TIRO MEDIO CREMA T-14,YOYO CEDI,Aprobado,UND ,417,397,0,397,2026-08-05,01-2026,010-POSTALES DE AMOR,2026-06-02,2026-06-06,1,12-0304             ,1,20,T-14     ,0.0,INCOMPLETO
YOYO,MOP-00000156,YY0000284                                         ,34-3SEP2,09-SEPTIEMBRE,YY0000284 - 12-0304 - 021  FALDA TIRO MEDIO CREMA T-16,YOYO CEDI,Aprobado,UND ,417,393,0,393,2026-08-05,01-2026,010-POSTALES DE AMOR,2026-06-02,2026-06-06,1,12-0304             ,1,21,T-16     ,0.0,INCOMPLETO
YOYO,MOP-00000156,YY0000284                                         ,34-3SEP2,09-SEPTIEMBRE,YY0000284 - 12-0304 - 022  FALDA TIRO MEDIO CREMA T-18,YOYO CEDI,Aprobado,UND ,333,316,0,316,2026-08-05,01-2026,010-POSTALES DE AMOR,2026-06-02,2026-06-06,1,12-0304             ,1,22,T-18     ,0.0,INCOMPLETO
YOYO,MOP-00000156,YY0000284                                         ,34-3SEP2,09-SEPTIEMBRE,YY0000284 - 12-0304 - 023  FALDA TIRO MEDIO CREMA T-20,YOYO CEDI,Aprobado,UND ,250,235,0,235,2026-08-05,01-2026,010-POSTALES DE AMOR,2026-06-02,2026-06-06,1,12-0304             ,1,23,T-20     ,0.0,INCOMPLETO
YOYO,MOP-00000156,YY0000284                                         ,34-3SEP2,09-SEPTIEMBRE,YY0000284 - 12-0304 - 024  FALDA TIRO MEDIO CREMA T-22,YOYO CEDI,Aprobado,UND ,167,158,0,158,2026-08-05,01-2026,010-POSTALES DE AMOR,2026-06-02,2026-06-06,1,12-0304             ,1,24,T-22     ,0.0,INCOMPLETO
YOYO,MOP-00000157,YY0000274                                         ,35-3SEP3,09-SEPTIEMBRE,YY0000274 - 11-0602 - 019  MOMJEAN TIRO MEDIO CREMA T-12,YOYO CEDI,Comprometido,UND ,444,444,0,444,2026-08-12,01-2026,010-POSTALES DE AMOR,2026-06-02,2026-06-02,1,11-0602             ,1,19,T-12     ,0.0,INCOMPLETO
YOYO,MOP-00000157,YY0000274                                         ,35-3SEP3,09-SEPTIEMBRE,YY0000274 - 11-0602 - 020  MOMJEAN TIRO MEDIO CREMA T-14,YOYO CEDI,Comprometido,UND ,533,533,0,533,2026-08-12,01-2026,010-POSTALES DE AMOR,2026-06-02,2026-06-02,1,11-0602             ,1,20,T-14     ,0.0,INCOMPLETO
YOYO,MOP-00000157,YY0000274                                         ,35-3SEP3,09-SEPTIEMBRE,YY0000274 - 11-0602 - 021  MOMJEAN TIRO MEDIO CREMA T-16,YOYO CEDI,Comprometido,UND ,533,533,0,533,2026-08-12,01-2026,010-POSTALES DE AMOR,2026-06-02,2026-06-02,1,11-0602             ,1,21,T-16     ,0.0,INCOMPLETO
YOYO,MOP-00000157,YY0000274                                         ,35-3SEP3,09-SEPTIEMBRE,YY0000274 - 11-0602 - 022  MOMJEAN TIRO MEDIO CREMA T-18,YOYO CEDI,Comprometido,UND ,356,356,0,356,2026-08-12,01-2026,010-POSTALES DE AMOR,2026-06-02,2026-06-02,1,11-0602             ,1,22,T-18     ,0.0,INCOMPLETO
YOYO,MOP-00000157,YY0000274                                         ,35-3SEP3,09-SEPTIEMBRE,YY0000274 - 11-0602 - 023  MOMJEAN TIRO MEDIO CREMA T-20,YOYO CEDI,Comprometido,UND ,267,267,0,267,2026-08-12,01-2026,010-POSTALES DE AMOR,2026-06-02,2026-06-02,1,11-0602             ,1,23,T-20     ,0.0,INCOMPLETO
YOYO,MOP-00000157,YY0000274                                         ,35-3SEP3,09-SEPTIEMBRE,YY0000274 - 11-0602 - 024  MOMJEAN TIRO MEDIO CREMA T-22,YOYO CEDI,Comprometido,UND ,267,267,0,267,2026-08-12,01-2026,010-POSTALES DE AMOR,2026-06-02,2026-06-02,1,11-0602             ,1,24,T-22     ,0.0,INCOMPLETO
YOYO,MOP-00000158,YY0000275                                         ,35-3SEP3,09-SEPTIEMBRE,YY0000275 - IND07 - 019  RETROMOM TIRO BAJO INDIGO T-12,YOYO CEDI,En elaboración,UND ,500,0,0,0,2026-08-12,01-2026,010-POSTALES DE AMOR,2026-06-02,2026-06-02,1,IND07               ,1,19,T-12     ,0.0,CERRADO
YOYO,MOP-00000158,YY0000275                                         ,35-3SEP3,09-SEPTIEMBRE,YY0000275 - IND07 - 020  RETROMOM TIRO BAJO INDIGO T-14,YOYO CEDI,En elaboración,UND ,600,0,0,0,2026-08-12,01-2026,010-POSTALES DE AMOR,2026-06-02,2026-06-02,1,IND07               ,1,20,T-14     ,0.0,CERRADO
YOYO,MOP-00000158,YY0000275                                         ,35-3SEP3,09-SEPTIEMBRE,YY0000275 - IND07 - 021  RETROMOM TIRO BAJO INDIGO T-16,YOYO CEDI,En elaboración,UND ,600,0,0,0,2026-08-12,01-2026,010-POSTALES DE AMOR,2026-06-02,2026-06-02,1,IND07               ,1,21,T-16     ,0.0,CERRADO
YOYO,MOP-00000158,YY0000275                                         ,35-3SEP3,09-SEPTIEMBRE,YY0000275 - IND07 - 022  RETROMOM TIRO BAJO INDIGO T-18,YOYO CEDI,En elaboración,UND ,400,0,0,0,2026-08-12,01-2026,010-POSTALES DE AMOR,2026-06-02,2026-06-02,1,IND07               ,1,22,T-18     ,0.0,CERRADO
YOYO,MOP-00000158,YY0000275                                         ,35-3SEP3,09-SEPTIEMBRE,YY0000275 - IND07 - 023  RETROMOM TIRO BAJO INDIGO T-20,YOYO CEDI,En elaboración,UND ,300,0,0,0,2026-08-12,01-2026,010-POSTALES DE AMOR,2026-06-02,2026-06-02,1,IND07               ,1,23,T-20     ,0.0,CERRADO
YOYO,MOP-00000158,YY0000275                                         ,35-3SEP3,09-SEPTIEMBRE,YY0000275 - IND07 - 024  RETROMOM TIRO BAJO INDIGO T-22,YOYO CEDI,En elaboración,UND ,300,0,0,0,2026-08-12,01-2026,010-POSTALES DE AMOR,2026-06-02,2026-06-02,1,IND07               ,1,24,T-22     ,0.0,CERRADO
YOYO,MOP-00000159,YY0000278                                         ,35-3SEP3,09-SEPTIEMBRE,YY0000278 - IND01 - 019  CARGO TIRO ALTO INDIGO T-12,YOYO CEDI,Comprometido,UND ,500,500,0,500,2026-08-12,01-2026,010-POSTALES DE AMOR,2026-06-02,2026-06-04,1,IND01               ,1,19,T-12     ,0.0,INCOMPLETO
YOYO,MOP-00000159,YY0000278                                         ,35-3SEP3,09-SEPTIEMBRE,YY0000278 - IND01 - 020  CARGO TIRO ALTO INDIGO T-14,YOYO CEDI,Comprometido,UND ,600,600,0,600,2026-08-12,01-2026,010-POSTALES DE AMOR,2026-06-02,2026-06-04,1,IND01               ,1,20,T-14     ,0.0,INCOMPLETO
YOYO,MOP-00000159,YY0000278                                         ,35-3SEP3,09-SEPTIEMBRE,YY0000278 - IND01 - 021  CARGO TIRO ALTO INDIGO T-16,YOYO CEDI,Comprometido,UND ,600,600,0,600,2026-08-12,01-2026,010-POSTALES DE AMOR,2026-06-02,2026-06-04,1,IND01               ,1,21,T-16     ,0.0,INCOMPLETO
YOYO,MOP-00000159,YY0000278                                         ,35-3SEP3,09-SEPTIEMBRE,YY0000278 - IND01 - 022  CARGO TIRO ALTO INDIGO T-18,YOYO CEDI,Comprometido,UND ,400,400,0,400,2026-08-12,01-2026,010-POSTALES DE AMOR,2026-06-02,2026-06-04,1,IND01               ,1,22,T-18     ,0.0,INCOMPLETO
YOYO,MOP-00000159,YY0000278                                         ,35-3SEP3,09-SEPTIEMBRE,YY0000278 - IND01 - 023  CARGO TIRO ALTO INDIGO T-20,YOYO CEDI,Comprometido,UND ,300,300,0,300,2026-08-12,01-2026,010-POSTALES DE AMOR,2026-06-02,2026-06-04,1,IND01               ,1,23,T-20     ,0.0,INCOMPLETO
YOYO,MOP-00000159,YY0000278                                         ,35-3SEP3,09-SEPTIEMBRE,YY0000278 - IND01 - 024  CARGO TIRO ALTO INDIGO T-22,YOYO CEDI,Comprometido,UND ,300,300,0,300,2026-08-12,01-2026,010-POSTALES DE AMOR,2026-06-02,2026-06-04,1,IND01               ,1,24,T-22     ,0.0,INCOMPLETO
YOYO,MOP-00000160,YY0000296                                         ,29-3AGO1,08-AGOSTO,YY0000296 - 11-0105 - 020  TOP MANGA SISA ESTAM CREMA T-14,YOYO CEDI,En elaboración,UND ,556,0,0,0,2026-07-22,01-2026,003-LONDRES,2026-06-04,2026-06-04,1,11-0105             ,1,20,T-14     ,0.0,CERRADO
YOYO,MOP-00000160,YY0000296                                         ,29-3AGO1,08-AGOSTO,YY0000296 - 11-0105 - 021  TOP MANGA SISA ESTAM CREMA T-16,YOYO CEDI,En elaboración,UND ,556,0,0,0,2026-07-22,01-2026,003-LONDRES,2026-06-04,2026-06-04,1,11-0105             ,1,21,T-16     ,0.0,CERRADO
YOYO,MOP-00000160,YY0000296                                         ,29-3AGO1,08-AGOSTO,YY0000296 - 11-0105 - 022  TOP MANGA SISA ESTAM CREMA T-18,YOYO CEDI,En elaboración,UND ,333,0,0,0,2026-07-22,01-2026,003-LONDRES,2026-06-04,2026-06-04,1,11-0105             ,1,22,T-18     ,0.0,CERRADO
YOYO,MOP-00000160,YY0000296                                         ,29-3AGO1,08-AGOSTO,YY0000296 - 11-0105 - 023  TOP MANGA SISA ESTAM CREMA T-20,YOYO CEDI,En elaboración,UND ,333,0,0,0,2026-07-22,01-2026,003-LONDRES,2026-06-04,2026-06-04,1,11-0105             ,1,23,T-20     ,0.0,CERRADO
YOYO,MOP-00000160,YY0000296                                         ,29-3AGO1,08-AGOSTO,YY0000296 - 11-0105 - 024  TOP MANGA SISA ESTAM CREMA T-22,YOYO CEDI,En elaboración,UND ,222,0,0,0,2026-07-22,01-2026,003-LONDRES,2026-06-04,2026-06-04,1,11-0105             ,1,24,T-22     ,0.0,CERRADO
YOYO,MOP-00000161,YY0000321                                         ,31-3AGO3,08-AGOSTO,YY0000321 - 19-4024 - 019  SHORT CON SESGOS AZUL T-12,YOYO CEDI,Comprometido,UND ,189,189,0,189,2026-08-05,01-2026,003-LONDRES,2026-06-04,2026-06-04,1,19-4024             ,1,19,T-12     ,0.0,INCOMPLETO
YOYO,MOP-00000161,YY0000321                                         ,31-3AGO3,08-AGOSTO,YY0000321 - 19-4024 - 020  SHORT CON SESGOS AZUL T-14,YOYO CEDI,Comprometido,UND ,378,378,0,378,2026-08-05,01-2026,003-LONDRES,2026-06-04,2026-06-04,1,19-4024             ,1,20,T-14     ,0.0,INCOMPLETO
YOYO,MOP-00000161,YY0000321                                         ,31-3AGO3,08-AGOSTO,YY0000321 - 19-4024 - 021  SHORT CON SESGOS AZUL T-16,YOYO CEDI,Comprometido,UND ,378,378,0,378,2026-08-05,01-2026,003-LONDRES,2026-06-04,2026-06-04,1,19-4024             ,1,21,T-16     ,0.0,INCOMPLETO
YOYO,MOP-00000161,YY0000321                                         ,31-3AGO3,08-AGOSTO,YY0000321 - 19-4024 - 022  SHORT CON SESGOS AZUL T-18,YOYO CEDI,Comprometido,UND ,283,283,0,283,2026-08-05,01-2026,003-LONDRES,2026-06-04,2026-06-04,1,19-4024             ,1,22,T-18     ,0.0,INCOMPLETO
YOYO,MOP-00000161,YY0000321                                         ,31-3AGO3,08-AGOSTO,YY0000321 - 19-4024 - 023  SHORT CON SESGOS AZUL T-20,YOYO CEDI,Comprometido,UND ,283,283,0,283,2026-08-05,01-2026,003-LONDRES,2026-06-04,2026-06-04,1,19-4024             ,1,23,T-20     ,0.0,INCOMPLETO
YOYO,MOP-00000161,YY0000321                                         ,31-3AGO3,08-AGOSTO,YY0000321 - 19-4024 - 024  SHORT CON SESGOS AZUL T-22,YOYO CEDI,Comprometido,UND ,189,189,0,189,2026-08-05,01-2026,003-LONDRES,2026-06-04,2026-06-04,1,19-4024             ,1,24,T-22     ,0.0,INCOMPLETO
YOYO,MOP-00000162,YY0000848                                         ,31-3AGO3,08-AGOSTO,YY0000848 - 19-4004 - 020  VESTIDO TIRAS ABERT NEGRO T-14,YOYO CEDI,Comprometido,UND ,250,250,0,250,2026-08-05,01-2026,004-NEW YORK,2026-06-04,2026-06-04,1,19-4004             ,1,20,T-14     ,0.0,INCOMPLETO
YOYO,MOP-00000162,YY0000848                                         ,31-3AGO3,08-AGOSTO,YY0000848 - 19-4004 - 021  VESTIDO TIRAS ABERT NEGRO T-16,YOYO CEDI,Comprometido,UND ,250,250,0,250,2026-08-05,01-2026,004-NEW YORK,2026-06-04,2026-06-04,1,19-4004             ,1,21,T-16     ,0.0,INCOMPLETO
YOYO,MOP-00000162,YY0000848                                         ,31-3AGO3,08-AGOSTO,YY0000848 - 19-4004 - 022  VESTIDO TIRAS ABERT NEGRO T-18,YOYO CEDI,Comprometido,UND ,188,188,0,188,2026-08-05,01-2026,004-NEW YORK,2026-06-04,2026-06-04,1,19-4004             ,1,22,T-18     ,0.0,INCOMPLETO
YOYO,MOP-00000162,YY0000848                                         ,31-3AGO3,08-AGOSTO,YY0000848 - 19-4004 - 023  VESTIDO TIRAS ABERT NEGRO T-20,YOYO CEDI,Comprometido,UND ,188,188,0,188,2026-08-05,01-2026,004-NEW YORK,2026-06-04,2026-06-04,1,19-4004             ,1,23,T-20     ,0.0,INCOMPLETO
YOYO,MOP-00000162,YY0000848                                         ,31-3AGO3,08-AGOSTO,YY0000848 - 19-4004 - 024  VESTIDO TIRAS ABERT NEGRO T-22,YOYO CEDI,Comprometido,UND ,125,125,0,125,2026-08-05,01-2026,004-NEW YORK,2026-06-04,2026-06-04,1,19-4004             ,1,24,T-22     ,0.0,INCOMPLETO
YOYO,MOP-00000122,YY0000299                                         ,29-3AGO1,08-AGOSTO,YY0000299 - 18-1222 - 019  POLO MANGA LARGA EST CAFE T-12,YOYO CEDI,En elaboración,UND ,271,0,0,0,2026-07-22,01-2026,003-LONDRES,2026-05-21,2026-06-04,1,18-1222             ,1,19,T-12     ,0.0,CERRADO
YOYO,MOP-00000122,YY0000299                                         ,29-3AGO1,08-AGOSTO,YY0000299 - 18-1222 - 020  POLO MANGA LARGA EST CAFE T-14,YOYO CEDI,En elaboración,UND ,452,0,0,0,2026-07-22,01-2026,003-LONDRES,2026-05-21,2026-06-04,1,18-1222             ,1,20,T-14     ,0.0,CERRADO
YOYO,MOP-00000122,YY0000299                                         ,29-3AGO1,08-AGOSTO,YY0000299 - 18-1222 - 021  POLO MANGA LARGA EST CAFE T-16,YOYO CEDI,En elaboración,UND ,452,0,0,0,2026-07-22,01-2026,003-LONDRES,2026-05-21,2026-06-04,1,18-1222             ,1,21,T-16     ,0.0,CERRADO
YOYO,MOP-00000122,YY0000299                                         ,29-3AGO1,08-AGOSTO,YY0000299 - 18-1222 - 022  POLO MANGA LARGA EST CAFE T-18,YOYO CEDI,En elaboración,UND ,271,0,0,0,2026-07-22,01-2026,003-LONDRES,2026-05-21,2026-06-04,1,18-1222             ,1,22,T-18     ,0.0,CERRADO
YOYO,MOP-00000122,YY0000299                                         ,29-3AGO1,08-AGOSTO,YY0000299 - 18-1222 - 023  POLO MANGA LARGA EST CAFE T-20,YOYO CEDI,En elaboración,UND ,271,0,0,0,2026-07-22,01-2026,003-LONDRES,2026-05-21,2026-06-04,1,18-1222             ,1,23,T-20     ,0.0,CERRADO
YOYO,MOP-00000122,YY0000299                                         ,29-3AGO1,08-AGOSTO,YY0000299 - 18-1222 - 024  POLO MANGA LARGA EST CAFE T-22,YOYO CEDI,En elaboración,UND ,181,0,0,0,2026-07-22,01-2026,003-LONDRES,2026-05-21,2026-06-04,1,18-1222             ,1,24,T-22     ,0.0,CERRADO
YOYO,MOP-00000122,YY0000299                                         ,29-3AGO1,08-AGOSTO,YY0000299 - 11-0602 - 019  POLO MANGA LARGA EST CREMA T-12,YOYO CEDI,En elaboración,UND ,271,0,0,0,2026-07-22,01-2026,003-LONDRES,2026-05-21,2026-06-04,1,11-0602             ,1,19,T-12     ,0.0,CERRADO
YOYO,MOP-00000122,YY0000299                                         ,29-3AGO1,08-AGOSTO,YY0000299 - 11-0602 - 020  POLO MANGA LARGA EST CREMA T-14,YOYO CEDI,En elaboración,UND ,452,0,0,0,2026-07-22,01-2026,003-LONDRES,2026-05-21,2026-06-04,1,11-0602             ,1,20,T-14     ,0.0,CERRADO
YOYO,MOP-00000122,YY0000299                                         ,29-3AGO1,08-AGOSTO,YY0000299 - 11-0602 - 021  POLO MANGA LARGA EST CREMA T-16,YOYO CEDI,En elaboración,UND ,452,0,0,0,2026-07-22,01-2026,003-LONDRES,2026-05-21,2026-06-04,1,11-0602             ,1,21,T-16     ,0.0,CERRADO
YOYO,MOP-00000122,YY0000299                                         ,29-3AGO1,08-AGOSTO,YY0000299 - 11-0602 - 022  POLO MANGA LARGA EST CREMA T-18,YOYO CEDI,En elaboración,UND ,271,0,0,0,2026-07-22,01-2026,003-LONDRES,2026-05-21,2026-06-04,1,11-0602             ,1,22,T-18     ,0.0,CERRADO
YOYO,MOP-00000122,YY0000299                                         ,29-3AGO1,08-AGOSTO,YY0000299 - 11-0602 - 023  POLO MANGA LARGA EST CREMA T-20,YOYO CEDI,En elaboración,UND ,271,0,0,0,2026-07-22,01-2026,003-LONDRES,2026-05-21,2026-06-04,1,11-0602             ,1,23,T-20     ,0.0,CERRADO
YOYO,MOP-00000122,YY0000299                                         ,29-3AGO1,08-AGOSTO,YY0000299 - 11-0602 - 024  POLO MANGA LARGA EST CREMA T-22,YOYO CEDI,En elaboración,UND ,181,0,0,0,2026-07-22,01-2026,003-LONDRES,2026-05-21,2026-06-04,1,11-0602             ,1,24,T-22     ,0.0,CERRADO
YOYO,MOP-00000150,35010291                                          ,32-3AGO4,08-AGOSTO,35010291 - 19-4004 - 022  RETROMOM TIRO BAJO B NEGRO T-18,YOYO CEDI,Comprometido,UND ,50,50,0,50,2026-08-12,01-2026, ,2026-06-01,2026-06-01,1,19-4004             ,1,22,T-18     ,0.0,INCOMPLETO
YOYO,MOP-00000150,35010291                                          ,32-3AGO4,08-AGOSTO,35010291 - 19-4004 - 018  RETROMOM TIRO BAJO B NEGRO T-10,YOYO CEDI,Comprometido,UND ,50,50,0,50,2026-08-12,01-2026, ,2026-06-01,2026-06-01,1,19-4004             ,1,18,T-10     ,0.0,INCOMPLETO
YOYO,MOP-00000150,35010291                                          ,32-3AGO4,08-AGOSTO,35010291 - 19-4004 - 019  RETROMOM TIRO BAJO B NEGRO T-12,YOYO CEDI,Comprometido,UND ,150,150,0,150,2026-08-12,01-2026, ,2026-06-01,2026-06-01,1,19-4004             ,1,19,T-12     ,0.0,INCOMPLETO
YOYO,MOP-00000150,35010291                                          ,32-3AGO4,08-AGOSTO,35010291 - 19-4004 - 020  RETROMOM TIRO BAJO B NEGRO T-14,YOYO CEDI,Comprometido,UND ,100,100,0,100,2026-08-12,01-2026, ,2026-06-01,2026-06-01,1,19-4004             ,1,20,T-14     ,0.0,INCOMPLETO
YOYO,MOP-00000150,35010291                                          ,32-3AGO4,08-AGOSTO,35010291 - 19-4004 - 021  RETROMOM TIRO BAJO B NEGRO T-16,YOYO CEDI,Comprometido,UND ,50,50,0,50,2026-08-12,01-2026, ,2026-06-01,2026-06-01,1,19-4004             ,1,21,T-16     ,0.0,INCOMPLETO
YOYO,MOP-00000163,35002295                                          ,32-3AGO4,08-AGOSTO,35002295 - 11-0602 - 020  BODY SISA ESTAMPADO CREMA T-14,YOYO CEDI,Aprobado,UND ,441,441,0,441,2026-07-08,01-2026, ,2026-06-05,2026-06-05,1,11-0602             ,1,20,T-14     ,0.0,INCOMPLETO
YOYO,MOP-00000163,35002295                                          ,32-3AGO4,08-AGOSTO,35002295 - 11-0602 - 021  BODY SISA ESTAMPADO CREMA T-16,YOYO CEDI,Aprobado,UND ,535,535,0,535,2026-07-08,01-2026, ,2026-06-05,2026-06-05,1,11-0602             ,1,21,T-16     ,0.0,INCOMPLETO
YOYO,MOP-00000163,35002295                                          ,32-3AGO4,08-AGOSTO,35002295 - 11-0602 - 022  BODY SISA ESTAMPADO CREMA T-18,YOYO CEDI,Aprobado,UND ,304,304,0,304,2026-07-08,01-2026, ,2026-06-05,2026-06-05,1,11-0602             ,1,22,T-18     ,0.0,INCOMPLETO
YOYO,MOP-00000163,35002295                                          ,32-3AGO4,08-AGOSTO,35002295 - 11-0602 - 023  BODY SISA ESTAMPADO CREMA T-20,YOYO CEDI,Aprobado,UND ,350,350,0,350,2026-07-08,01-2026, ,2026-06-05,2026-06-05,1,11-0602             ,1,23,T-20     ,0.0,INCOMPLETO
YOYO,MOP-00000163,35002295                                          ,32-3AGO4,08-AGOSTO,35002295 - 11-0602 - 024  BODY SISA ESTAMPADO CREMA T-22,YOYO CEDI,Aprobado,UND ,152,152,0,152,2026-07-08,01-2026, ,2026-06-05,2026-06-05,1,11-0602             ,1,24,T-22     ,0.0,INCOMPLETO
