MES,MES ADELANTO,GRUPO DE ENTREGA,MARCA,TIPO DE LINEA,LINEA,TIPO DE MATERIAL,REFERENCIA,DESC. ITEM,TIPO DE ABASTECIMIENTO
007 - JULIO                                   , ,026 - 3JUL2                                   ,003 - YOYO                                    ,008 - MODA                                    ,001 - CAMISETA                                ,001 - TEJIDO PUNTO                            ,YY0000256,TOP MANGA SISA CUELLO HALTER,001 - PRODUCCION INTERNA TELA NACIONALIZADA
008 - AGOSTO                                  ,07-JULIO,031 - 3AGO3                                   ,003 - YOYO                                    ,008 - MODA                                    ,016 - TOP -BODY                               ,001 - TEJIDO PUNTO                            ,YY0000654,BODY MANGA CORTA CON SESGOS EN CONTRASTE,001 - PRODUCCION INTERNA TELA NACIONALIZADA
011 - NOVIEMBRE                               ,10-OCTUBRE,041 - 4NOV1                                   ,003 - YOYO                                    ,008 - MODA                                    ,002 - BLUSA-CAMISA,002 - TEJIDO PLANO                            ,MY0004417,BLUSA MANGA SISA CIERRE EN FRENTE,001 - PRODUCCION INTERNA TELA NACIONALIZADA
009 - SEPTIEMBRE                              , ,035 - 3SEP3                                   ,003 - YOYO                                    ,008 - MODA                                    ,001 - CAMISETA                                ,001 - TEJIDO PUNTO                            ,MY0000779,CAMISETA MANGA CORTA CUELLO EN CONTRASTE,001 - PRODUCCION INTERNA TELA NACIONALIZADA
009 - SEPTIEMBRE                              , ,,003 - YOYO                                    ,008 - MODA                                    ,,001 - TEJIDO PUNTO                            ,MY0000889,MODY MANGA LARGA ESENCIAL MODA,
007 - JULIO                                   , ,026 - 3JUL2                                   ,003 - YOYO                                    ,008 - MODA                                    ,010 - PRENDAS DE MODA                         ,001 - TEJIDO PUNTO                            ,YY0000262,VESTIDO MANGA CORTA ESTAMPADO CORTO,001 - PRODUCCION INTERNA TELA NACIONALIZADA
008 - AGOSTO                                  ,07-JULIO,029 - 3AGO1                                   ,003 - YOYO                                    ,008 - MODA                                    ,000 - JEANS                                   ,005 - DENIM                                   ,YY0000267,CARGO TIRO MEDIO  LAV NEGRO,001 - PRODUCCION INTERNA TELA NACIONALIZADA
006 - JUNIO                                   , ,023 - 2JUN3                                   ,003 - YOYO                                    ,008 - MODA                                    ,010 - PRENDAS DE MODA                         ,005 - DENIM                                   ,30053244,OVERALL LARGO TP LAV NEGRO,001 - PRODUCCION INTERNA TELA NACIONALIZADA
005 - MAYO                                    , ,018 - 2MAY2                                   ,003 - YOYO                                    ,008 - MODA                                    ,000 - JEANS                                   ,005 - DENIM                                   ,30125234,CARGO T/MEDIO TP LAV CLARO,001 - PRODUCCION INTERNA TELA NACIONALIZADA
006 - JUNIO                                   , ,021 - 2JUN1                                   ,003 - YOYO                                    ,008 - MODA                                    ,016 - TOP -BODY                               ,001 - TEJIDO PUNTO                            ,31015222,BODY MC TP ESCOTE ESPALDA,001 - PRODUCCION INTERNA TELA NACIONALIZADA
008 - AGOSTO                                  ,07-JULIO,031 - 3AGO3                                   ,003 - YOYO                                    ,008 - MODA                                    ,003 - CORTOS                                  ,005 - DENIM                                   ,YY0000271,FALDA TIRO ALTO LAV CLARO,001 - PRODUCCION INTERNA TELA NACIONALIZADA
009 - SEPTIEMBRE                              ,08-AGOSTO,034 - 3SEP2                                   ,003 - YOYO                                    ,008 - MODA                                    ,000 - JEANS                                   ,005 - DENIM                                   ,YY0000276,RETROMOM TIRO BAJO LAV MEDIO,001 - PRODUCCION INTERNA TELA NACIONALIZADA
009 - SEPTIEMBRE                              ,08-AGOSTO,034 - 3SEP2                                   ,003 - YOYO                                    ,008 - MODA                                    ,008 - PANTALONES                              ,002 - TEJIDO PLANO                            ,YY0000277,MAXIRETRO TIRO ALTO COLOR MARFIL,001 - PRODUCCION INTERNA TELA NACIONALIZADA
010 - OCTUBRE                                 ,09-SEPTIEMBRE,037 - 4OCT1                                   ,003 - YOYO                                    ,003 - OPORTUNIDADES                           ,000 - JEANS                                   ,005 - DENIM                                   ,MY0000673,RETROMOM TIRO MEDIO LAV MEDIO OSCURO,001 - PRODUCCION INTERNA TELA NACIONALIZADA
010 - OCTUBRE                                 ,09-SEPTIEMBRE,038 - 4OCT2                                   ,003 - YOYO                                    ,008 - MODA                                    ,000 - JEANS                                   ,005 - DENIM                                   ,MY0000674,RETROMOM TIRO ALTO LAV MEDIO,001 - PRODUCCION INTERNA TELA NACIONALIZADA
010 - OCTUBRE                                 ,09-SEPTIEMBRE,037 - 4OCT1                                   ,003 - YOYO                                    ,008 - MODA                                    ,008 - PANTALONES                              ,002 - TEJIDO PLANO                            ,MY0000675,CARGO TIRO ALTO LAV COLOR CAFE,001 - PRODUCCION INTERNA TELA NACIONALIZADA
010 - OCTUBRE                                 ,09-SEPTIEMBRE,039 - 4OCT3                                   ,003 - YOYO                                    ,008 - MODA                                    ,000 - JEANS                                   ,005 - DENIM                                   ,MY0000676,COOL TIRO ALTO LAV CLARO,001 - PRODUCCION INTERNA TELA NACIONALIZADA
010 - OCTUBRE                                 ,09-SEPTIEMBRE,039 - 4OCT3                                   ,003 - YOYO                                    ,008 - MODA                                    ,000 - JEANS                                   ,005 - DENIM                                   ,MY0000677,CRAZY TIRO ALTO LAV MEDIO,001 - PRODUCCION INTERNA TELA NACIONALIZADA
010 - OCTUBRE                                 ,09-SEPTIEMBRE,038 - 4OCT2                                   ,003 - YOYO                                    ,008 - MODA                                    ,000 - JEANS                                   ,005 - DENIM                                   ,MY0000679,MOMJEAN TIRO ALTO LAV MEDIO,001 - PRODUCCION INTERNA TELA NACIONALIZADA
010 - OCTUBRE                                 ,09-SEPTIEMBRE,039 - 4OCT3                                   ,003 - YOYO                                    ,008 - MODA                                    ,008 - PANTALONES                              ,002 - TEJIDO PLANO                            ,MY0000680,CARGO TIRO MEDIO COLOR MARFIL,001 - PRODUCCION INTERNA TELA NACIONALIZADA
010 - OCTUBRE                                 ,09-SEPTIEMBRE,038 - 4OCT2                                   ,003 - YOYO                                    ,008 - MODA                                    ,003 - CORTOS                                  ,005 - DENIM                                   ,YY0000682,SHORT TIRO ALTO LAV MEDIO OSCURO,001 - PRODUCCION INTERNA TELA NACIONALIZADA
004 - ABRIL                                   , ,016 - 2ABR4                                   ,003 - YOYO                                    ,008 - MODA                                    ,001 - CAMISETA                                ,001 - TEJIDO PUNTO                            ,31882214,CAMISETA PREMIUM  MC TP CROP CON ESTAMPA,001 - PRODUCCION INTERNA TELA NACIONALIZADA
004 - ABRIL                                   , ,,003 - YOYO                                    ,008 - MODA                                    ,,001 - TEJIDO PUNTO                            ,31883714,CAMISETA PREMIUM MC TP CON ESTAMPADO EN,
004 - ABRIL                                   , ,,003 - YOYO                                    ,008 - MODA                                    ,001 - CAMISETA                                ,001 - TEJIDO PUNTO                            ,31884714,CAMISETA MC TP CON ESTAMPADO EN FRENTE Y,001 - PRODUCCION INTERNA TELA NACIONALIZADA
005 - MAYO                                    , ,018 - 2MAY2                                   ,003 - YOYO                                    ,008 - MODA                                    ,001 - CAMISETA                                ,001 - TEJIDO PUNTO                            ,31887714,CAMISETA T-SHIRT MC ESTAMPADO EN FRENTE,001 - PRODUCCION INTERNA TELA NACIONALIZADA
011 - NOVIEMBRE                               , ,042 - 4NOV2                                   ,003 - YOYO                                    ,008 - MODA                                    ,000 - JEANS                                   ,005 - DENIM                                   ,MY0004442,RETROMOM TIRO MEDIO LAV NEGRO MEDIO EST,001 - PRODUCCION INTERNA TELA NACIONALIZADA
006 - JUNIO                                   , ,024 - 2JUN4                                   ,003 - YOYO                                    ,009 - CONSCIENTE,003 - CORTOS                                  ,002 - TEJIDO PLANO                            ,YY0004347,BERMUDA TIRO ALTO,001 - PRODUCCION INTERNA TELA NACIONALIZADA
007 - JULIO                                   , ,025 - 3JUL1                                   ,003 - YOYO                                    ,008 - MODA                                    ,001 - CAMISETA                                ,001 - TEJIDO PUNTO                            ,YY0000733,T-SHIRT  MANGA CORTA OVERSIZED EST,001 - PRODUCCION INTERNA TELA NACIONALIZADA
006 - JUNIO                                   , ,021 - 2JUN1                                   ,003 - YOYO                                    ,008 - MODA                                    ,001 - CAMISETA                                ,001 - TEJIDO PUNTO                            ,31898214,CAMISETA MC TP ESCOTE CRUZADO,001 - PRODUCCION INTERNA TELA NACIONALIZADA
005 - MAYO                                    , ,018 - 2MAY2                                   ,003 - YOYO                                    ,008 - MODA                                    ,001 - CAMISETA                                ,001 - TEJIDO PUNTO                            ,31899714,CAMISETA MC TP RAYAS OVERSIZED,001 - PRODUCCION INTERNA TELA NACIONALIZADA
005 - MAYO                                    , ,018 - 2MAY2                                   ,003 - YOYO                                    ,008 - MODA                                    ,001 - CAMISETA                                ,001 - TEJIDO PUNTO                            ,31900714,CAMISETA MC TP CONTRASTE DE COLOR EN MAN,001 - PRODUCCION INTERNA TELA NACIONALIZADA
011 - NOVIEMBRE                               , ,043 - 4NOV3                                   ,003 - YOYO                                    ,008 - MODA                                    ,000 - JEANS                                   ,005 - DENIM                                   ,MY0004513,RETROMOM TIRO ALTO LAV CLARO,001 - PRODUCCION INTERNA TELA NACIONALIZADA
005 - MAYO                                    , ,017 - 2MAY1                                   ,003 - YOYO                                    ,008 - MODA                                    ,004 - SOBRETODOS                              ,005 - DENIM                                   ,34316201,CHAQUETA M/LARGA TP LAV MEDIO CON LASER,001 - PRODUCCION INTERNA TELA NACIONALIZADA
009 - SEPTIEMBRE                              ,08-AGOSTO,035 - 3SEP3                                   ,003 - YOYO                                    ,008 - MODA                                    ,000 - JEANS                                   ,005 - DENIM                                   ,YY0000278,CARGO TIRO ALTO LAV CLARO,001 - PRODUCCION INTERNA TELA NACIONALIZADA
009 - SEPTIEMBRE                              , ,035 - 3SEP3                                   ,003 - YOYO                                    ,008 - MODA                                    ,000 - JEANS                                   ,005 - DENIM                                   ,MY0000279,PANTALON CARGO TIRO ALTO LAV CLARO,001 - PRODUCCION INTERNA TELA NACIONALIZADA
008 - AGOSTO                                  ,07-JULIO,029 - 3AGO1                                   ,003 - YOYO                                    ,008 - MODA                                    ,003 - CORTOS                                  ,002 - TEJIDO PLANO                            ,YY0000270,FALDA SHORT TIRO MEDIO COLOR ARENA,001 - PRODUCCION INTERNA TELA NACIONALIZADA
009 - SEPTIEMBRE                              ,08-AGOSTO,034 - 3SEP2                                   ,003 - YOYO                                    ,008 - MODA                                    ,000 - JEANS                                   ,005 - DENIM                                   ,YY0000272,TEJANO TIRO MEDIO LAV NEGRO OSCURO,001 - PRODUCCION INTERNA TELA NACIONALIZADA
009 - SEPTIEMBRE                              , ,033 - 3SEP1                                   ,003 - YOYO                                    ,008 - MODA                                    ,000 - JEANS                                   ,005 - DENIM                                   ,MY0000273,MOMJEAN TIRO ALTO LAV MEDIO,001 - PRODUCCION INTERNA TELA NACIONALIZADA
010 - OCTUBRE                                 ,09-SEPTIEMBRE,037 - 4OCT1                                   ,003 - YOYO                                    ,008 - MODA                                    ,002 - BLUSA-CAMISA,002 - TEJIDO PLANO                            ,MY0000895,CAMISA MANGA LARGA RAYAS,001 - PRODUCCION INTERNA TELA NACIONALIZADA
010 - OCTUBRE                                 ,09-SEPTIEMBRE,037 - 4OCT1                                   ,003 - YOYO                                    ,008 - MODA                                    ,008 - PANTALONES                              ,001 - TEJIDO PUNTO                            ,MY0000896,PANTALON MODA TIRO ALTO CON CORDON,001 - PRODUCCION INTERNA TELA NACIONALIZADA
005 - MAYO                                    , ,017 - 2MAY1                                   ,003 - YOYO                                    ,008 - MODA                                    ,001 - CAMISETA                                ,001 - TEJIDO PUNTO                            ,31889714,CAMISETA T-SHIRT MC ESTAMPADA EN FRENTE,
005 - MAYO                                    , ,018 - 2MAY2                                   ,003 - YOYO                                    ,008 - MODA                                    ,004 - SOBRETODOS                              ,002 - TEJIDO PLANO                            ,34317701,CHAQUETA ML TP CIERRE DOBLE CABEZA,001 - PRODUCCION INTERNA TELA NACIONALIZADA
005 - MAYO                                    , ,017 - 2MAY1                                   ,003 - YOYO                                    ,008 - MODA                                    ,004 - SOBRETODOS                              ,001 - TEJIDO PUNTO                            ,34321705,BUZO ML TP CON ESTAMPADO EN FRENTE,001 - PRODUCCION INTERNA TELA NACIONALIZADA
011 - NOVIEMBRE                               , ,041 - 4NOV1                                   ,003 - YOYO                                    ,008 - MODA                                    ,008 - PANTALONES                              ,002 - TEJIDO PLANO                            ,MY0004425,PANTALON TIPO CUERINA TIRO ALTO,001 - PRODUCCION INTERNA TELA NACIONALIZADA
010 - OCTUBRE                                 ,09-SEPTIEMBRE,040 - 4OCT4                                   ,003 - YOYO                                    ,008 - MODA                                    ,001 - CAMISETA                                ,001 - TEJIDO PUNTO                            ,MY0004479,CAMISETA MANGA CORTA EN CONTRASTE,001 - PRODUCCION INTERNA TELA NACIONALIZADA
008 - AGOSTO                                  ,07-JULIO,031 - 3AGO3                                   ,003 - YOYO                                    ,008 - MODA                                    ,000 - JEANS                                   ,005 - DENIM                                   ,YY0000266,RETROMOM TIRO ALTO LAV MEDIO,001 - PRODUCCION INTERNA TELA NACIONALIZADA
009 - SEPTIEMBRE                              ,08-AGOSTO,035 - 3SEP3                                   ,003 - YOYO                                    ,008 - MODA                                    ,008 - PANTALONES                              ,002 - TEJIDO PLANO                            ,YY0000274,MOMJEAN TIRO MEDIO COLOR MARFIL,001 - PRODUCCION INTERNA TELA NACIONALIZADA
009 - SEPTIEMBRE                              ,08-AGOSTO,035 - 3SEP3                                   ,003 - YOYO                                    ,008 - MODA                                    ,000 - JEANS                                   ,005 - DENIM                                   ,YY0000275,RETROMOM TIRO BAJO LAV NEGRO,001 - PRODUCCION INTERNA TELA NACIONALIZADA
005 - MAYO                                    , ,018 - 2MAY2                                   ,003 - YOYO                                    ,008 - MODA                                    ,000 - JEANS                                   ,005 - DENIM                                   ,30002276,JEAN BLOOM TIRO BAJO TP LAV MEDIO,001 - PRODUCCION INTERNA TELA NACIONALIZADA
005 - MAYO                                    , ,,003 - YOYO                                    ,008 - MODA                                    ,000 - JEANS                                   ,005 - DENIM                                   ,30028249,TEJANO TIRO MEDIO TP LAV NEGRO,
005 - MAYO                                    , ,,003 - YOYO                                    ,008 - MODA                                    ,000 - JEANS                                   ,005 - DENIM                                   ,30029249,TEJANO TIRO BAJO TP LAV MEDIO,
009 - SEPTIEMBRE                              ,08-AGOSTO,033 - 3SEP1                                   ,003 - YOYO                                    ,008 - MODA                                    ,001 - CAMISETA                                ,001 - TEJIDO PUNTO                            ,YY0001080,T-SHIRT MANGA CORTA  OVERSIZED EST   ,001 - PRODUCCION INTERNA TELA NACIONALIZADA
012 - DICIEMBRE                               , ,045 - 4DIC1                                   ,003 - YOYO                                    ,008 - MODA                                    ,000 - JEANS                                   ,005 - DENIM                                   ,MY0004642,MAXIRETRO TIRO ALTO LAV  MEDIO,001 - PRODUCCION INTERNA TELA NACIONALIZADA
005 - MAYO                                    , ,018 - 2MAY2                                   ,003 - YOYO                                    ,008 - MODA                                    ,003 - CORTOS                                  ,005 - DENIM                                   ,30081223,FALDA TIRO MEDIO TP LAV NEGRO CON TABLAS,001 - PRODUCCION INTERNA TELA NACIONALIZADA
006 - JUNIO                                   , ,021 - 2JUN1                                   ,003 - YOYO                                    ,008 - MODA                                    ,010 - PRENDAS DE MODA                         ,001 - TEJIDO PUNTO                            ,YY0001078,VESTIDO MC TP AJUSTADO ESTAMPADO,001 - PRODUCCION INTERNA TELA NACIONALIZADA
011 - NOVIEMBRE                               , ,041 - 4NOV1                                   ,003 - YOYO                                    ,008 - MODA                                    ,000 - JEANS                                   ,005 - DENIM                                   ,MY0004443,CARGO TIRO MEDIO LAV  MEDIO,001 - PRODUCCION INTERNA TELA NACIONALIZADA
008 - AGOSTO                                  ,07-JULIO,031 - 3AGO3                                   ,003 - YOYO                                    ,008 - MODA                                    ,001 - CAMISETA                                ,001 - TEJIDO PUNTO                            ,YY0000313,CAMISETA  MANGA LARGA ESCOTE BANDEJA,001 - PRODUCCION INTERNA TELA NACIONALIZADA
008 - AGOSTO                                  ,07-JULIO,031 - 3AGO3                                   ,003 - YOYO                                    ,008 - MODA                                    ,001 - CAMISETA                                ,001 - TEJIDO PUNTO                            ,MY0000314,CAMISETA MANGA CORTA IMITACION DOBLE,001 - PRODUCCION INTERNA TELA NACIONALIZADA
010 - OCTUBRE                                 ,09-SEPTIEMBRE,038 - 4OCT2                                   ,003 - YOYO                                    ,008 - MODA                                    ,000 - JEANS                                   ,005 - DENIM                                   ,YY0000890,RETROMOM TIRO MEDIO LAV CLARO,001 - PRODUCCION INTERNA TELA NACIONALIZADA
010 - OCTUBRE                                 , ,,003 - YOYO                                    ,008 - MODA                                    ,,005 - DENIM                                   ,35046249,CAMISETA MC TP CON ESTAMPADO ESENCIALES,
005 - MAYO                                    , ,017 - 2MAY1                                   ,003 - YOYO                                    ,008 - MODA                                    ,008 - PANTALONES                              ,001 - TEJIDO PUNTO                            ,38092717,PANTALON TP CON BOLSILLOS PARCHE EN FREN,001 - PRODUCCION INTERNA TELA NACIONALIZADA
004 - ABRIL                                   , ,013 - 2ABR1                                   ,003 - YOYO                                    ,008 - MODA                                    ,008 - PANTALONES                              ,001 - TEJIDO PUNTO                            ,38093217,PANTALON TP CON ELASTICO DECORATIVO EN C,001 - PRODUCCION INTERNA TELA NACIONALIZADA
005 - MAYO                                    , ,018 - 2MAY2                                   ,003 - YOYO                                    ,008 - MODA                                    ,010 - PRENDAS DE MODA                         ,002 - TEJIDO PLANO                            ,38094717,PANTALON T/ALTO TP CON SESGO DECORATIVO,001 - PRODUCCION INTERNA TELA NACIONALIZADA
005 - MAYO                                    , ,,003 - YOYO                                    ,008 - MODA                                    ,008 - PANTALONES                              ,002 - TEJIDO PLANO                            ,38095217,PANTALON T/ALTO TP CON BOLSILLOS EN COST,
011 - NOVIEMBRE                               , ,041 - 4NOV1                                   ,003 - YOYO                                    ,008 - MODA                                    ,016 - TOP -BODY                               ,001 - TEJIDO PUNTO                            ,MY0004418,CAMISETA MANGA CORTA CON CORDON EN FRENT,001 - PRODUCCION INTERNA TELA NACIONALIZADA
006 - JUNIO                                   , ,021 - 2JUN1                                   ,003 - YOYO                                    ,008 - MODA                                    ,008 - PANTALONES                              ,002 - TEJIDO PLANO                            ,30126234,PANTALON CARGO TIRO MEDIO TP COLOR ARENA,001 - PRODUCCION INTERNA TELA NACIONALIZADA
004 - ABRIL                                   , ,014 - 2ABR2                                   ,003 - YOYO                                    ,008 - MODA                                    ,000 - JEANS                                   ,005 - DENIM                                   ,30166256,RETROMOM TIRO ALTO TP LAV CLARO,001 - PRODUCCION INTERNA TELA NACIONALIZADA
004 - ABRIL                                   , ,014 - 2ABR2                                   ,003 - YOYO                                    ,008 - MODA                                    ,000 - JEANS                                   ,005 - DENIM                                   ,30167256,MAXI RETRO TIRO BAJO TP LAV MEDIO,001 - PRODUCCION INTERNA TELA NACIONALIZADA
006 - JUNIO                                   , ,022 - 2JUN2                                   ,003 - YOYO                                    ,008 - MODA                                    ,001 - CAMISETA                                ,001 - TEJIDO PUNTO                            ,YY0001040,CAMISETA MC ESTAMPADO EN FRENTE,001 - PRODUCCION INTERNA TELA NACIONALIZADA
005 - MAYO                                    , ,017 - 2MAY1                                   ,003 - YOYO                                    ,008 - MODA                                    ,009 - ACCESORIOS                              ,002 - TEJIDO PLANO                            ,YY0001041,PAÑOLETA ESTAMPADA TENN PLUS,001 - PRODUCCION INTERNA TELA NACIONALIZADA
006 - JUNIO                                   , ,023 - 2JUN3                                   ,003 - YOYO                                    ,008 - MODA                                    ,003 - CORTOS                                  ,005 - DENIM                                   ,YY0001042,SHORT TIRO ALTO TP LAV MEDIO,001 - PRODUCCION INTERNA TELA NACIONALIZADA
011 - NOVIEMBRE                               , ,043 - 4NOV3                                   ,003 - YOYO                                    ,008 - MODA                                    ,000 - JEANS                                   ,005 - DENIM                                   ,MY0004514,TEJANO TIRO ALTO LAV NEGRO OSCURO,001 - PRODUCCION INTERNA TELA NACIONALIZADA
011 - NOVIEMBRE                               , ,043 - 4NOV3                                   ,003 - YOYO                                    ,008 - MODA                                    ,008 - PANTALONES                              ,002 - TEJIDO PLANO                            ,MY0004515,MOMJEAN TIRO ALTO COLOR MARFIL,001 - PRODUCCION INTERNA TELA NACIONALIZADA
012 - DICIEMBRE                               , ,045 - 4DIC1                                   ,003 - YOYO                                    ,008 - MODA                                    ,000 - JEANS                                   ,005 - DENIM                                   ,MY0004516,MAXIRETRO TIRO MEDIO LAV CLARO,001 - PRODUCCION INTERNA TELA NACIONALIZADA
011 - NOVIEMBRE                               , ,043 - 4NOV3                                   ,003 - YOYO                                    ,008 - MODA                                    ,003 - CORTOS                                  ,005 - DENIM                                   ,MY0004517,SHORT TIRO BAJO LAV MEDIO OSCURO,001 - PRODUCCION INTERNA TELA NACIONALIZADA
010 - OCTUBRE                                 ,09-SEPTIEMBRE,040 - 4OCT4                                   ,003 - YOYO                                    ,008 - MODA                                    ,003 - CORTOS                                  ,005 - DENIM                                   ,MY0000683,BERMUDA TIRO BAJO LAV CLARO,001 - PRODUCCION INTERNA TELA NACIONALIZADA
010 - OCTUBRE                                 ,09-SEPTIEMBRE,037 - 4OCT1                                   ,003 - YOYO                                    ,008 - MODA                                    ,003 - CORTOS                                  ,005 - DENIM                                   ,MY0000684,FALDA SHORT TIRO ALTO LAV CLARO,001 - PRODUCCION INTERNA TELA NACIONALIZADA
010 - OCTUBRE                                 ,09-SEPTIEMBRE,039 - 4OCT3                                   ,003 - YOYO                                    ,008 - MODA                                    ,010 - PRENDAS DE MODA                         ,002 - TEJIDO PLANO                            ,MY0000685,FALDA SHORT TIRO ALTO COLOR MARFIL,001 - PRODUCCION INTERNA TELA NACIONALIZADA
010 - OCTUBRE                                 ,09-SEPTIEMBRE,040 - 4OCT4                                   ,003 - YOYO                                    ,008 - MODA                                    ,003 - CORTOS                                  ,005 - DENIM                                   ,MY0000686,FALDA TIRO BAJO LAV MEDIO OSCURO,001 - PRODUCCION INTERNA TELA NACIONALIZADA
011 - NOVIEMBRE                               ,09-SEPTIEMBRE,042 - 4NOV2                                   ,003 - YOYO                                    ,008 - MODA                                    ,000 - JEANS                                   ,005 - DENIM                                   ,MY0000687,MAXI RETRO TIRO ALTO LAV NEGRO OSCURO,001 - PRODUCCION INTERNA TELA NACIONALIZADA
012 - DICIEMBRE                               ,09-SEPTIEMBRE,046 - 4DIC2                                   ,003 - YOYO                                    ,008 - MODA                                    ,000 - JEANS                                   ,005 - DENIM                                   ,YY0000688,MAXI RETRO TIRO BAJO LAV CLARO,001 - PRODUCCION INTERNA TELA NACIONALIZADA
011 - NOVIEMBRE                               ,09-SEPTIEMBRE,044 - 4NOV4                                   ,003 - YOYO                                    ,008 - MODA                                    ,000 - JEANS                                   ,005 - DENIM                                   ,MY0000689,RETROMOM TIRO ALTO LAV MEDIO,001 - PRODUCCION INTERNA TELA NACIONALIZADA
011 - NOVIEMBRE                               ,09-SEPTIEMBRE,043 - 4NOV3                                   ,003 - YOYO                                    ,008 - MODA                                    ,000 - JEANS                                   ,005 - DENIM                                   ,MY0000690,CARGO TIRO ALTO LAV MEDIO OSCURO,001 - PRODUCCION INTERNA TELA NACIONALIZADA
011 - NOVIEMBRE                               ,09-SEPTIEMBRE,041 - 4NOV1                                   ,003 - YOYO                                    ,008 - MODA                                    ,000 - JEANS                                   ,005 - DENIM                                   ,MY0000691,CARGO TIRO BAJO LAV CLARO,001 - PRODUCCION INTERNA TELA NACIONALIZADA
012 - DICIEMBRE                               ,09-SEPTIEMBRE,045 - 4DIC1                                   ,003 - YOYO                                    ,008 - MODA                                    ,010 - PRENDAS DE MODA                         ,005 - DENIM                                   ,MY0000692,OVERALL LARGO LAV NEGRO OSCURO,001 - PRODUCCION INTERNA TELA NACIONALIZADA
011 - NOVIEMBRE                               ,09-SEPTIEMBRE,043 - 4NOV3                                   ,003 - YOYO                                    ,008 - MODA                                    ,000 - JEANS                                   ,005 - DENIM                                   ,MY0000693,TEJANO TIRO ALTO LAV MEDIO,001 - PRODUCCION INTERNA TELA NACIONALIZADA
011 - NOVIEMBRE                               ,09-SEPTIEMBRE,042 - 4NOV2                                   ,003 - YOYO                                    ,003 - OPORTUNIDADES                           ,000 - JEANS                                   ,005 - DENIM                                   ,MY0000694,MOMJEAN TIRO ALTO LAV CLARO,001 - PRODUCCION INTERNA TELA NACIONALIZADA
011 - NOVIEMBRE                               ,09-SEPTIEMBRE,044 - 4NOV4                                   ,003 - YOYO                                    ,008 - MODA                                    ,000 - JEANS                                   ,005 - DENIM                                   ,MY0000695,MOMJEAN TIRO ALTO LAV NEGRO OSCURO,001 - PRODUCCION INTERNA TELA NACIONALIZADA
011 - NOVIEMBRE                               ,09-SEPTIEMBRE,041 - 4NOV1                                   ,003 - YOYO                                    ,008 - MODA                                    ,000 - JEANS                                   ,005 - DENIM                                   ,MY0000696,MAXI RETRO TIRO MEDIO LAV MEDIO OSCURO,001 - PRODUCCION INTERNA TELA NACIONALIZADA
011 - NOVIEMBRE                               ,09-SEPTIEMBRE,042 - 4NOV2                                   ,003 - YOYO                                    ,008 - MODA                                    ,000 - JEANS                                   ,005 - DENIM                                   ,MY0000697,BLOOM TIRO MEDIO LAV NEGRO MEDIO,001 - PRODUCCION INTERNA TELA NACIONALIZADA
007 - JULIO                                   , ,026 - 3JUL2                                   ,003 - YOYO                                    ,008 - MODA                                    ,008 - PANTALONES                              ,002 - TEJIDO PLANO                            ,YY0000260,PANTALON BOTA AMPLIA CON CORTE EN CENTRO,001 - PRODUCCION INTERNA TELA NACIONALIZADA
007 - JULIO                                   , ,026 - 3JUL2                                   ,003 - YOYO                                    ,008 - MODA                                    ,003 - CORTOS                                  ,005 - DENIM                                   ,YY0000261,FALDA TIRO MEDIO CON SHORT INT LAV NEGRO,001 - PRODUCCION INTERNA TELA NACIONALIZADA
006 - JUNIO                                   , ,021 - 2JUN1                                   ,003 - YOYO                                    ,008 - MODA                                    ,016 - TOP -BODY                               ,001 - TEJIDO PUNTO                            ,31137215,TOP PREMIUM ML TP ESCOTE SEMICUADRA,001 - PRODUCCION INTERNA TELA NACIONALIZADA
008 - AGOSTO                                  ,07-JULIO,031 - 3AGO3                                   ,003 - YOYO                                    ,008 - MODA                                    ,008 - PANTALONES                              ,002 - TEJIDO PLANO                            ,YY0000268,CARGO TIRO ALTO COLOR MARFIL,001 - PRODUCCION INTERNA TELA NACIONALIZADA
008 - AGOSTO                                  ,07-JULIO,029 - 3AGO1                                   ,003 - YOYO                                    ,008 - MODA                                    ,003 - CORTOS                                  ,005 - DENIM                                   ,YY0000269,SHORT TIRO ALTO LAVADO MEDIO OSCURO,001 - PRODUCCION INTERNA TELA NACIONALIZADA
009 - SEPTIEMBRE                              ,08-AGOSTO,034 - 3SEP2                                   ,003 - YOYO                                    ,008 - MODA                                    ,016 - TOP -BODY                               ,001 - TEJIDO PUNTO                            ,MY0000782,BODY MANGA LARGA  DOBLE PRENDA,001 - PRODUCCION INTERNA TELA NACIONALIZADA
006 - JUNIO                                   , ,021 - 2JUN1                                   ,003 - YOYO                                    ,008 - MODA                                    ,016 - TOP -BODY                               ,001 - TEJIDO PUNTO                            ,31116212,TOP PREMIUM TIRAS CON RUEDO EN PUNTA,001 - PRODUCCION INTERNA TELA NACIONALIZADA
006 - JUNIO                                   , ,023 - 2JUN3                                   ,003 - YOYO                                    ,008 - MODA                                    ,016 - TOP -BODY                               ,001 - TEJIDO PUNTO                            ,31117712,TOP PREMIUM TIRAS TP CUELLO HALTER,001 - PRODUCCION INTERNA TELA NACIONALIZADA
005 - MAYO                                    , ,018 - 2MAY2                                   ,003 - YOYO                                    ,008 - MODA                                    ,001 - CAMISETA                                ,001 - TEJIDO PUNTO                            ,31135715,CAMISETA ML TP ESTAMPADO EN FRENTE,001 - PRODUCCION INTERNA TELA NACIONALIZADA
006 - JUNIO                                   , ,021 - 2JUN1                                   ,003 - YOYO                                    ,008 - MODA                                    ,000 - JEANS                                   ,005 - DENIM                                   ,YY0001079,CARGO TIRO MEDIO TP  LAV MEDIO  ,001 - PRODUCCION INTERNA TELA NACIONALIZADA
006 - JUNIO                                   , ,021 - 2JUN1                                   ,003 - YOYO                                    ,008 - MODA                                    ,008 - PANTALONES                              ,001 - TEJIDO PUNTO                            ,YY0001081,PANTALON TIRO ALTO TP SESGOS A LOS LADOS,001 - PRODUCCION INTERNA TELA NACIONALIZADA
006 - JUNIO                                   , ,023 - 2JUN3                                   ,003 - YOYO                                    ,003 - OPORTUNIDADES                           ,016 - TOP -BODY                               ,001 - TEJIDO PUNTO                            ,YY0001082,TOP MC TP ESCOTE SEMI CUADRADO PUNT,001 - PRODUCCION INTERNA TELA NACIONALIZADA
006 - JUNIO                                   , ,023 - 2JUN3                                   ,003 - YOYO                                    ,008 - MODA                                    ,003 - CORTOS                                  ,005 - DENIM                                   ,YY0001083,FALDA TIRO ALTO TP LAV CLARO  ,001 - PRODUCCION INTERNA TELA NACIONALIZADA
007 - JULIO                                   , ,026 - 3JUL2                                   ,003 - YOYO                                    ,008 - MODA                                    ,001 - CAMISETA                                ,001 - TEJIDO PUNTO                            ,YY0000257,TSHIRT  MANGA CORTA ESENCIAL  ESTAMPADA,001 - PRODUCCION INTERNA TELA NACIONALIZADA
007 - JULIO                                   , ,026 - 3JUL2                                   ,003 - YOYO                                    ,008 - MODA                                    ,000 - JEANS                                   ,005 - DENIM                                   ,YY0000258,RETROMOM TIRO ALTO  LAV NEGRO,001 - PRODUCCION INTERNA TELA NACIONALIZADA
007 - JULIO                                   , ,026 - 3JUL2                                   ,003 - YOYO                                    ,008 - MODA                                    ,000 - JEANS                                   ,005 - DENIM                                   ,YY0000259,CARGO TIRO ALTO  LAV MEDIO,001 - PRODUCCION INTERNA TELA NACIONALIZADA
008 - AGOSTO                                  ,07-JULIO,029 - 3AGO1                                   ,003 - YOYO                                    ,004 - ESENCIAL MODA                           ,001 - CAMISETA                                ,001 - TEJIDO PUNTO                            ,YY0000292,TSHIRT  MANGA CORTA ESENCIAL  ESTAMPADA,001 - PRODUCCION INTERNA TELA NACIONALIZADA
012 - DICIEMBRE                               ,09-SEPTIEMBRE,046 - 4DIC2                                   ,003 - YOYO                                    ,008 - MODA                                    ,003 - CORTOS                                  ,005 - DENIM                                   ,MY0000744,FALDA SHORT TIRO BAJO TONO MEDIO,001 - PRODUCCION INTERNA TELA NACIONALIZADA
012 - DICIEMBRE                               ,09-SEPTIEMBRE,045 - 4DIC1                                   ,003 - YOYO                                    ,003 - OPORTUNIDADES                           ,003 - CORTOS                                  ,005 - DENIM                                   ,MY0000745,FALDA TIRO ALTO LAV NEGRO MEDIO,001 - PRODUCCION INTERNA TELA NACIONALIZADA
012 - DICIEMBRE                               ,09-SEPTIEMBRE,046 - 4DIC2                                   ,003 - YOYO                                    ,008 - MODA                                    ,003 - CORTOS                                  ,005 - DENIM                                   ,MY0000746,BERMUDA TIRO BAJO LAV MEDIO,001 - PRODUCCION INTERNA TELA NACIONALIZADA
012 - DICIEMBRE                               ,09-SEPTIEMBRE,046 - 4DIC2                                   ,003 - YOYO                                    ,008 - MODA                                    ,000 - JEANS                                   ,005 - DENIM                                   ,MY0000747,TEJANO TIRO ALTO LAV CLARO,001 - PRODUCCION INTERNA TELA NACIONALIZADA
010 - OCTUBRE                                 ,09-SEPTIEMBRE,039 - 4OCT3                                   ,003 - YOYO                                    ,008 - MODA                                    ,000 - JEANS                                   ,005 - DENIM                                   ,MY0000748,RETROMOM TIRO ALTO LAV MEDIO OSCURO,001 - PRODUCCION INTERNA TELA NACIONALIZADA
010 - OCTUBRE                                 ,09-SEPTIEMBRE,038 - 4OCT2                                   ,003 - YOYO                                    ,008 - MODA                                    ,008 - PANTALONES                              ,002 - TEJIDO PLANO                            ,MY0000749,CARGO TIRO ALTO COLOR VERDE,001 - PRODUCCION INTERNA TELA NACIONALIZADA
010 - OCTUBRE                                 ,09-SEPTIEMBRE,040 - 4OCT4                                   ,003 - YOYO                                    ,008 - MODA                                    ,000 - JEANS                                   ,005 - DENIM                                   ,MY0000750,MOMJEAN TIRO ALTO LAV CLARO,001 - PRODUCCION INTERNA TELA NACIONALIZADA
010 - OCTUBRE                                 , ,040 - 4OCT4                                   ,003 - YOYO                                    ,008 - MODA                                    ,000 - JEANS                                   ,005 - DENIM                                   ,MY0000751,BARREL TIRO BAJO LAV CLARO,001 - PRODUCCION INTERNA TELA NACIONALIZADA
010 - OCTUBRE                                 , ,039 - 4OCT3                                   ,003 - YOYO                                    ,008 - MODA                                    ,003 - CORTOS                                  ,005 - DENIM                                   ,MY0000752,SHORT TIRO MEDIO LAV MEDIO,001 - PRODUCCION INTERNA TELA NACIONALIZADA
010 - OCTUBRE                                 ,09-SEPTIEMBRE,038 - 4OCT2                                   ,003 - YOYO                                    ,008 - MODA                                    ,010 - PRENDAS DE MODA                         ,002 - TEJIDO PLANO                            ,MY0000753,FALDA TIRO MEDIO COLOR MARFIL,001 - PRODUCCION INTERNA TELA NACIONALIZADA
009 - SEPTIEMBRE                              ,08-AGOSTO,034 - 3SEP2                                   ,003 - YOYO                                    ,008 - MODA                                    ,003 - CORTOS                                  ,005 - DENIM                                   ,YY0000280,BERMUDA TIRO MEDIO LAV MEDIO OSCURO,001 - PRODUCCION INTERNA TELA NACIONALIZADA
009 - SEPTIEMBRE                              ,08-AGOSTO,033 - 3SEP1                                   ,003 - YOYO                                    ,008 - MODA                                    ,003 - CORTOS                                  ,005 - DENIM                                   ,YY0000281,SHORT TIRO ALTO LAV NEGRO,001 - PRODUCCION INTERNA TELA NACIONALIZADA
009 - SEPTIEMBRE                              ,07-JULIO,035 - 3SEP3                                   ,003 - YOYO                                    ,008 - MODA                                    ,003 - CORTOS                                  ,005 - DENIM                                   ,YY0000282,FALDA SHORT TIRO ALTO LAV MEDIO,001 - PRODUCCION INTERNA TELA NACIONALIZADA
009 - SEPTIEMBRE                              ,07-JULIO,033 - 3SEP1                                   ,003 - YOYO                                    ,008 - MODA                                    ,003 - CORTOS                                  ,005 - DENIM                                   ,YY0000283,FALDA SHORT TIRO ALTO LAV CLARO,001 - PRODUCCION INTERNA TELA NACIONALIZADA
009 - SEPTIEMBRE                              ,08-AGOSTO,034 - 3SEP2                                   ,003 - YOYO                                    ,008 - MODA                                    ,010 - PRENDAS DE MODA                         ,002 - TEJIDO PLANO                            ,YY0000284,FALDA TIRO MEDIO COLOR MARFIL,001 - PRODUCCION INTERNA TELA NACIONALIZADA
011 - NOVIEMBRE                               ,09-SEPTIEMBRE,041 - 4NOV1                                   ,003 - YOYO                                    ,008 - MODA                                    ,003 - CORTOS                                  ,005 - DENIM                                   ,YY0000698,SHORT TIRO ALTO LAV NEGRO MEDIO,001 - PRODUCCION INTERNA TELA NACIONALIZADA
007 - JULIO                                   , ,025 - 3JUL1                                   ,003 - YOYO                                    ,008 - MODA                                    ,004 - SOBRETODOS                              ,002 - TEJIDO PLANO                            ,YY0000231,CHAQUETA CUELLO SPORT  LAV MARFIL,001 - PRODUCCION INTERNA TELA NACIONALIZADA
007 - JULIO                                   , ,025 - 3JUL1                                   ,003 - YOYO                                    ,008 - MODA                                    ,004 - SOBRETODOS                              ,002 - TEJIDO PLANO                            ,YY0000232,SOBRECAMISA  MANGA CORTA  CROP LAV ARENA,001 - PRODUCCION INTERNA TELA NACIONALIZADA
007 - JULIO                                   , ,025 - 3JUL1                                   ,003 - YOYO                                    ,008 - MODA                                    ,016 - TOP -BODY                               ,001 - TEJIDO PUNTO                            ,YY0000233,TOP MANGA LARGA CON ABERTURA EN CENTRO,001 - PRODUCCION INTERNA TELA NACIONALIZADA
007 - JULIO                                   , ,025 - 3JUL1                                   ,003 - YOYO                                    ,003 - OPORTUNIDADES                           ,001 - CAMISETA                                ,001 - TEJIDO PUNTO                            ,YY0000234,TSHIRT MANGA CORTA  ESTAMPADA OPORT,001 - PRODUCCION INTERNA TELA NACIONALIZADA
007 - JULIO                                   , ,025 - 3JUL1                                   ,003 - YOYO                                    ,003 - OPORTUNIDADES                           ,001 - CAMISETA                                ,001 - TEJIDO PUNTO                            ,YY0000235,TSHIRT MANGA CORTA CON ESTAMPADO EN FRE,001 - PRODUCCION INTERNA TELA NACIONALIZADA
007 - JULIO                                   , ,025 - 3JUL1                                   ,003 - YOYO                                    ,008 - MODA                                    ,001 - CAMISETA                                ,001 - TEJIDO PUNTO                            ,YY0000236,POLO MANGA CORTA CON ESTAMPADO,001 - PRODUCCION INTERNA TELA NACIONALIZADA
007 - JULIO                                   , ,025 - 3JUL1                                   ,003 - YOYO                                    ,008 - MODA                                    ,001 - CAMISETA                                ,001 - TEJIDO PUNTO                            ,YY0000237,CAMISETA MANGA CORTA EN CONTRASTE EST,001 - PRODUCCION INTERNA TELA NACIONALIZADA
007 - JULIO                                   , ,025 - 3JUL1                                   ,003 - YOYO                                    ,008 - MODA                                    ,001 - CAMISETA                                ,001 - TEJIDO PUNTO                            ,YY0000238,CAMISETA MANGA CORTA CON RECOGIDO COST,001 - PRODUCCION INTERNA TELA NACIONALIZADA
007 - JULIO                                   , ,025 - 3JUL1                                   ,003 - YOYO                                    ,008 - MODA                                    ,001 - CAMISETA                                ,001 - TEJIDO PUNTO                            ,YY0000239,CAMISETA MANGA CORTA CON RECOGIDO COST,001 - PRODUCCION INTERNA TELA NACIONALIZADA
007 - JULIO                                   , ,025 - 3JUL1                                   ,003 - YOYO                                    ,008 - MODA                                    ,016 - TOP -BODY                               ,001 - TEJIDO PUNTO                            ,YY0000240,TOP MANGA SISA CUELLO EN V,001 - PRODUCCION INTERNA TELA NACIONALIZADA
007 - JULIO                                   , ,025 - 3JUL1                                   ,003 - YOYO                                    ,008 - MODA                                    ,016 - TOP -BODY                               ,001 - TEJIDO PUNTO                            ,YY0000241,TOP MANGA SISA CUELLO TORTUGA,001 - PRODUCCION INTERNA TELA NACIONALIZADA
007 - JULIO                                   , ,025 - 3JUL1                                   ,003 - YOYO                                    ,008 - MODA                                    ,016 - TOP -BODY                               ,001 - TEJIDO PUNTO                            ,YY0000242,BODY MANGA LARGA ESTAMPADO EN FRENTE,001 - PRODUCCION INTERNA TELA NACIONALIZADA
007 - JULIO                                   , ,025 - 3JUL1                                   ,003 - YOYO                                    ,008 - MODA                                    ,016 - TOP -BODY                               ,001 - TEJIDO PUNTO                            ,YY0000243,BODY MANGA LARGA ESTAMPADO EN FRENTE,001 - PRODUCCION INTERNA TELA NACIONALIZADA
007 - JULIO                                   , ,025 - 3JUL1                                   ,003 - YOYO                                    ,008 - MODA                                    ,008 - PANTALONES                              ,001 - TEJIDO PUNTO                            ,YY0000244,PANTALON IMITACION DOBLE PRENDA,001 - PRODUCCION INTERNA TELA NACIONALIZADA
007 - JULIO                                   , ,025 - 3JUL1                                   ,003 - YOYO                                    ,008 - MODA                                    ,003 - CORTOS                                  ,005 - DENIM                                   ,YY0000245,BERMUDA TIRO MEDIO  LAV MEDIO,001 - PRODUCCION INTERNA TELA NACIONALIZADA
007 - JULIO                                   , ,025 - 3JUL1                                   ,003 - YOYO                                    ,008 - MODA                                    ,010 - PRENDAS DE MODA                         ,001 - TEJIDO PUNTO                            ,YY0000246,VESTIDO MANGA SISA  CORTO ESCOTE EN V,001 - PRODUCCION INTERNA TELA NACIONALIZADA
007 - JULIO                                   , ,026 - 3JUL2                                   ,003 - YOYO                                    ,008 - MODA                                    ,004 - SOBRETODOS                              ,001 - TEJIDO PUNTO                            ,YY0000247,BUZO  CUELLO TORTUGA CON CIERRE,001 - PRODUCCION INTERNA TELA NACIONALIZADA
011 - NOVIEMBRE                               , ,042 - 4NOV2                                   ,003 - YOYO                                    ,008 - MODA                                    ,004 - SOBRETODOS                              ,005 - DENIM                                   ,YY0000248,CHALECO MANGA SISA PRETINA  LAV NEGRO,001 - PRODUCCION INTERNA TELA NACIONALIZADA
011 - NOVIEMBRE                               , ,043 - 4NOV3                                   ,003 - YOYO                                    ,008 - MODA                                    ,002 - BLUSA-CAMISA,002 - TEJIDO PLANO                            ,MY0000249,BLUSA MANGA CORTA  CON AMARRE EN FRENTE,001 - PRODUCCION INTERNA TELA NACIONALIZADA
007 - JULIO                                   , ,026 - 3JUL2                                   ,003 - YOYO                                    ,008 - MODA                                    ,002 - BLUSA-CAMISA,002 - TEJIDO PLANO                            ,YY0000250,BLUSA MANGA SISAS CON CIERRE EN COSTADO,001 - PRODUCCION INTERNA TELA NACIONALIZADA
007 - JULIO                                   , ,025 - 3JUL1                                   ,003 - YOYO                                    ,008 - MODA                                    ,001 - CAMISETA                                ,001 - TEJIDO PUNTO                            ,YY0000251,CAMISETA ML DOBLE PRENDA EN BLONDA,001 - PRODUCCION INTERNA TELA NACIONALIZADA
007 - JULIO                                   , ,026 - 3JUL2                                   ,003 - YOYO                                    ,008 - MODA                                    ,001 - CAMISETA                                ,001 - TEJIDO PUNTO                            ,YY0000252,TOP MANGA CORTA CON ESTAMPADO FRENTE,001 - PRODUCCION INTERNA TELA NACIONALIZADA
007 - JULIO                                   , ,026 - 3JUL2                                   ,003 - YOYO                                    ,008 - MODA                                    ,016 - TOP -BODY                               ,001 - TEJIDO PUNTO                            ,YY0000253,TOP  ESCOTE BANDEJA ESTAMPADO FRENTE,001 - PRODUCCION INTERNA TELA NACIONALIZADA
007 - JULIO                                   , ,026 - 3JUL2                                   ,003 - YOYO                                    ,008 - MODA                                    ,001 - CAMISETA                                ,001 - TEJIDO PUNTO                            ,YY0000254,TOP MANGA CORTA  CON BLONDA Y ESTAMPADO,001 - PRODUCCION INTERNA TELA NACIONALIZADA
007 - JULIO                                   , ,026 - 3JUL2                                   ,003 - YOYO                                    ,008 - MODA                                    ,016 - TOP -BODY                               ,001 - TEJIDO PUNTO                            ,YY0000255,TOP MANGA SISA ESCOT DIAGONA CON APLIQUE,001 - PRODUCCION INTERNA TELA NACIONALIZADA
008 - AGOSTO                                  , ,029 - 3AGO1                                   ,003 - YOYO                                    ,008 - MODA                                    ,004 - SOBRETODOS                              ,001 - TEJIDO PUNTO                            ,YY0000289,BUZO ABIERTO CON SESGOS Y MOÑOS EN MANGA,001 - PRODUCCION INTERNA TELA NACIONALIZADA
008 - AGOSTO                                  ,07-JULIO,029 - 3AGO1                                   ,003 - YOYO                                    ,008 - MODA                                    ,002 - BLUSA-CAMISA,002 - TEJIDO PLANO                            ,YY0000290,BLUSA MANGA CORTA CUELLO SPORT CONTRASTE,001 - PRODUCCION INTERNA TELA NACIONALIZADA
008 - AGOSTO                                  ,07-JULIO,029 - 3AGO1                                   ,003 - YOYO                                    ,008 - MODA                                    ,002 - BLUSA-CAMISA,001 - TEJIDO PUNTO                            ,MY0000291,BLUSA MANGA CORTA CON AMARRE EN FRENTE,001 - PRODUCCION INTERNA TELA NACIONALIZADA
008 - AGOSTO                                  ,07-JULIO,029 - 3AGO1                                   ,003 - YOYO                                    ,008 - MODA                                    ,016 - TOP -BODY                               ,001 - TEJIDO PUNTO                            ,YY0000293,TOP MANGA CORTA CON ESCOTE ESPALDA,001 - PRODUCCION INTERNA TELA NACIONALIZADA
008 - AGOSTO                                  , ,029 - 3AGO1                                   ,003 - YOYO                                    ,008 - MODA                                    ,001 - CAMISETA                                ,001 - TEJIDO PUNTO                            ,YY0000294,CAMISETA MANGA CORTA RAYAS ESTAMPADA,001 - PRODUCCION INTERNA TELA NACIONALIZADA
008 - AGOSTO                                  ,07-JULIO,029 - 3AGO1                                   ,003 - YOYO                                    ,008 - MODA                                    ,001 - CAMISETA                                ,001 - TEJIDO PUNTO                            ,YY0000295,POLO MANGA CORTA CON MOÑOS EN FRENTE,001 - PRODUCCION INTERNA TELA NACIONALIZADA
008 - AGOSTO                                  , ,029 - 3AGO1                                   ,003 - YOYO                                    ,008 - MODA                                    ,016 - TOP -BODY                               ,001 - TEJIDO PUNTO                            ,YY0000296,TOP MANGA SISA RAYAS ESTAMPADO,001 - PRODUCCION INTERNA TELA NACIONALIZADA
008 - AGOSTO                                  , ,029 - 3AGO1                                   ,003 - YOYO                                    ,008 - MODA                                    ,016 - TOP -BODY                               ,001 - TEJIDO PUNTO                            ,YY0000297,POLO MANGA SISA CON CIERRE FRENTE,001 - PRODUCCION INTERNA TELA NACIONALIZADA
010 - OCTUBRE                                 ,09-SEPTIEMBRE,037 - 4OCT1                                   ,003 - YOYO                                    ,003 - OPORTUNIDADES                           ,003 - CORTOS                                  ,005 - DENIM                                   ,MY0000298,SHORT TIRO BAJO LAV MEDIO,001 - PRODUCCION INTERNA TELA NACIONALIZADA
008 - AGOSTO                                  , ,029 - 3AGO1                                   ,003 - YOYO                                    ,008 - MODA                                    ,001 - CAMISETA                                ,001 - TEJIDO PUNTO                            ,YY0000299,POLO MANGA LARGA ESTAMAPDO RAYAS AMPLIA,001 - PRODUCCION INTERNA TELA NACIONALIZADA
008 - AGOSTO                                  ,07-JULIO,029 - 3AGO1                                   ,003 - YOYO                                    ,008 - MODA                                    ,000 - JEANS                                   ,005 - DENIM                                   ,YY0000300,RETROMOM TIRO MEDIO  LAV CLARO,001 - PRODUCCION INTERNA TELA NACIONALIZADA
008 - AGOSTO                                  ,07-JULIO,031 - 3AGO3                                   ,003 - YOYO                                    ,008 - MODA                                    ,000 - JEANS                                   ,005 - DENIM                                   ,YY0000301,MOM JEAN TIRO ALTO LAVADO  MEDIO,001 - PRODUCCION INTERNA TELA NACIONALIZADA
008 - AGOSTO                                  , ,029 - 3AGO1                                   ,003 - YOYO                                    ,008 - MODA                                    ,008 - PANTALONES                              ,001 - TEJIDO PUNTO                            ,YY0000302,PANTALON TIRO ALTO  CON HILADILLA EN COS,001 - PRODUCCION INTERNA TELA NACIONALIZADA
008 - AGOSTO                                  ,07-JULIO,029 - 3AGO1                                   ,003 - YOYO                                    ,008 - MODA                                    ,010 - PRENDAS DE MODA                         ,002 - TEJIDO PLANO                            ,YY0000303,FALDA TIRO MEDIO EN TABLAS,001 - PRODUCCION INTERNA TELA NACIONALIZADA
008 - AGOSTO                                  ,07-JULIO,031 - 3AGO3                                   ,003 - YOYO                                    ,004 - ESENCIAL MODA                           ,001 - CAMISETA                                ,001 - TEJIDO PUNTO                            ,YY0000304,TSHIRT  MANGA CORTA ESENCIAL ESTAMPADA,001 - PRODUCCION INTERNA TELA NACIONALIZADA
008 - AGOSTO                                  , ,029 - 3AGO1                                   ,003 - YOYO                                    ,008 - MODA                                    ,010 - PRENDAS DE MODA                         ,001 - TEJIDO PUNTO                            ,YY0000305,VESTIDO MANGA CORTA CUELLO EN RECTILINEO,001 - PRODUCCION INTERNA TELA NACIONALIZADA
008 - AGOSTO                                  ,07-JULIO,031 - 3AGO3                                   ,003 - YOYO                                    ,008 - MODA                                    ,004 - SOBRETODOS                              ,001 - TEJIDO PUNTO                            ,YY0000306,BUZO CERRADO CON CUELLO EN RECTILINEO,001 - PRODUCCION INTERNA TELA NACIONALIZADA
008 - AGOSTO                                  , ,031 - 3AGO3                                   ,003 - YOYO                                    ,008 - MODA                                    ,016 - TOP -BODY                               ,002 - TEJIDO PLANO                            ,YY0000307,TOP  MANGA SISA CON CORTES EN FRENTE,001 - PRODUCCION INTERNA TELA NACIONALIZADA
008 - AGOSTO                                  ,07-JULIO,031 - 3AGO3                                   ,003 - YOYO                                    ,003 - OPORTUNIDADES                           ,001 - CAMISETA                                ,001 - TEJIDO PUNTO                            ,YY0000308,TSHIRT MANGA CORTA  ESTAMPADA OPORT,001 - PRODUCCION INTERNA TELA NACIONALIZADA
008 - AGOSTO                                  ,07-JULIO,031 - 3AGO3                                   ,003 - YOYO                                    ,008 - MODA                                    ,001 - CAMISETA                                ,001 - TEJIDO PUNTO                            ,YY0000309,TSHIRT MANGA CORTA ESTAMPADA OVERSIZED,001 - PRODUCCION INTERNA TELA NACIONALIZADA
008 - AGOSTO                                  , ,031 - 3AGO3                                   ,003 - YOYO                                    ,008 - MODA                                    ,001 - CAMISETA                                ,001 - TEJIDO PUNTO                            ,MY0000311,POLO MANGA CORTA CON SESGOS Y ESTAMPADO,001 - PRODUCCION INTERNA TELA NACIONALIZADA
008 - AGOSTO                                  ,07-JULIO,031 - 3AGO3                                   ,003 - YOYO                                    ,004 - ESENCIAL MODA                           ,016 - TOP -BODY                               ,001 - TEJIDO PUNTO                            ,YY0000312,BODY  MANGA SISA ESENCIAL MODA,001 - PRODUCCION INTERNA TELA NACIONALIZADA
008 - AGOSTO                                  ,07-JULIO,029 - 3AGO1                                   ,003 - YOYO                                    ,008 - MODA                                    ,016 - TOP -BODY                               ,001 - TEJIDO PUNTO                            ,YY0000315,BODY MANGA CORTA CUELLO CAMISERO,001 - PRODUCCION INTERNA TELA NACIONALIZADA
008 - AGOSTO                                  , ,031 - 3AGO3                                   ,003 - YOYO                                    ,008 - MODA                                    ,000 - JEANS                                   ,005 - DENIM                                   ,YY0000316,RETROMOM TIRO ALTO LAV MEDIO,001 - PRODUCCION INTERNA TELA NACIONALIZADA
008 - AGOSTO                                  , ,031 - 3AGO3                                   ,003 - YOYO                                    ,008 - MODA                                    ,003 - CORTOS                                  ,005 - DENIM                                   ,YY0000317,SHORT TIRO MEDIO LAV CLARO,001 - PRODUCCION INTERNA TELA NACIONALIZADA
008 - AGOSTO                                  , ,031 - 3AGO3                                   ,003 - YOYO                                    ,008 - MODA                                    ,010 - PRENDAS DE MODA                         ,001 - TEJIDO PUNTO                            ,YY0000318,PANTALON CON SESGOS EN CONTRASTE,001 - PRODUCCION INTERNA TELA NACIONALIZADA
009 - SEPTIEMBRE                              , ,033 - 3SEP1                                   ,003 - YOYO                                    ,008 - MODA                                    ,008 - PANTALONES                              ,001 - TEJIDO PUNTO                            ,YY0000319,PANTALON MODA CON MOÑOS EN COSTADO,001 - PRODUCCION INTERNA TELA NACIONALIZADA
008 - AGOSTO                                  , ,031 - 3AGO3                                   ,003 - YOYO                                    ,008 - MODA                                    ,001 - CAMISETA                                ,001 - TEJIDO PUNTO                            ,YY0000320,T-SHIRT MANGA CORTA ESTAMPADA OVERSIZED,001 - PRODUCCION INTERNA TELA NACIONALIZADA
008 - AGOSTO                                  , ,031 - 3AGO3                                   ,003 - YOYO                                    ,008 - MODA                                    ,010 - PRENDAS DE MODA                         ,001 - TEJIDO PUNTO                            ,YY0000321,SHORT CON SESGOS EN CONTRATE Y ESTAMPADO,001 - PRODUCCION INTERNA TELA NACIONALIZADA
011 - NOVIEMBRE                               ,09-SEPTIEMBRE,043 - 4NOV3                                   ,003 - YOYO                                    ,008 - MODA                                    ,003 - CORTOS                                  ,005 - DENIM                                   ,YY0000699,SHORT TIRO MEDIO LAV MEDIO,001 - PRODUCCION INTERNA TELA NACIONALIZADA
011 - NOVIEMBRE                               ,09-SEPTIEMBRE,044 - 4NOV4                                   ,003 - YOYO                                    ,008 - MODA                                    ,003 - CORTOS                                  ,005 - DENIM                                   ,MY0000700,FALDA SHORT TIRO MEDIO LAV MEDIO OSCURO,001 - PRODUCCION INTERNA TELA NACIONALIZADA
011 - NOVIEMBRE                               ,09-SEPTIEMBRE,041 - 4NOV1                                   ,003 - YOYO                                    ,003 - OPORTUNIDADES                           ,003 - CORTOS                                  ,005 - DENIM                                   ,MY0000701,FALDA CON SHORT INT TIRO BAJO LAV CLARO,001 - PRODUCCION INTERNA TELA NACIONALIZADA
011 - NOVIEMBRE                               ,09-SEPTIEMBRE,043 - 4NOV3                                   ,003 - YOYO                                    ,008 - MODA                                    ,003 - CORTOS                                  ,005 - DENIM                                   ,MY0000702,FALDA TIRO MEDIO LAV MEDIO,001 - PRODUCCION INTERNA TELA NACIONALIZADA
011 - NOVIEMBRE                               ,09-SEPTIEMBRE,044 - 4NOV4                                   ,003 - YOYO                                    ,008 - MODA                                    ,003 - CORTOS                                  ,005 - DENIM                                   ,MY0000703,BERMUDA TIRO MEDIO LAV NEGRO MEDIO,001 - PRODUCCION INTERNA TELA NACIONALIZADA
012 - DICIEMBRE                               ,09-SEPTIEMBRE,045 - 4DIC1                                   ,003 - YOYO                                    ,008 - MODA                                    ,000 - JEANS                                   ,005 - DENIM                                   ,MY0000704,RETROMOM TIRO BAJO LAV CLARO,001 - PRODUCCION INTERNA TELA NACIONALIZADA
012 - DICIEMBRE                               ,09-SEPTIEMBRE,046 - 4DIC2                                   ,003 - YOYO                                    ,008 - MODA                                    ,000 - JEANS                                   ,005 - DENIM                                   ,MY0000705,RETROMOM TIRO BAJO LAV MEDIO OSCURO,001 - PRODUCCION INTERNA TELA NACIONALIZADA
012 - DICIEMBRE                               ,09-SEPTIEMBRE,045 - 4DIC1                                   ,003 - YOYO                                    ,008 - MODA                                    ,000 - JEANS                                   ,005 - DENIM                                   ,MY0000706,CARGO TIRO ALTO LAV MEDIO,001 - PRODUCCION INTERNA TELA NACIONALIZADA
007 - JULIO                                   , ,026 - 3JUL2                                   ,003 - YOYO                                    ,008 - MODA                                    ,000 - JEANS                                   ,005 - DENIM                                   ,YY0000221,TEJANO TIRO ALTO  LAV CLARO,001 - PRODUCCION INTERNA TELA NACIONALIZADA
007 - JULIO                                   , ,025 - 3JUL1                                   ,003 - YOYO                                    ,008 - MODA                                    ,000 - JEANS                                   ,005 - DENIM                                   ,YY0000222,MOMJEAN TIRO ALTO LAV CLARO,001 - PRODUCCION INTERNA TELA NACIONALIZADA
007 - JULIO                                   , ,025 - 3JUL1                                   ,003 - YOYO                                    ,008 - MODA                                    ,000 - JEANS                                   ,005 - DENIM                                   ,YY0000223,RETROMOM TIRO ALTO  LAV MEDIO OSCURO,001 - PRODUCCION INTERNA TELA NACIONALIZADA
007 - JULIO                                   , ,026 - 3JUL2                                   ,003 - YOYO                                    ,008 - MODA                                    ,000 - JEANS                                   ,005 - DENIM                                   ,YY0000224,RETROMOM TIRO BAJO LAV CLARO,001 - PRODUCCION INTERNA TELA NACIONALIZADA
007 - JULIO                                   , ,026 - 3JUL2                                   ,003 - YOYO                                    ,008 - MODA                                    ,000 - JEANS                                   ,005 - DENIM                                   ,YY0000225,MAXI RETRO TIRO MEDIO LAV MEDIO OSCURO,001 - PRODUCCION INTERNA TELA NACIONALIZADA
007 - JULIO                                   , ,026 - 3JUL2                                   ,003 - YOYO                                    ,008 - MODA                                    ,000 - JEANS                                   ,005 - DENIM                                   ,YY0000226,CARGO TIRO MEDIO  LAV MEDIO,001 - PRODUCCION INTERNA TELA NACIONALIZADA
007 - JULIO                                   , ,025 - 3JUL1                                   ,003 - YOYO                                    ,008 - MODA                                    ,003 - CORTOS                                  ,005 - DENIM                                   ,YY0000227,SHORT TIRO ALTO LAV MEDIO,001 - PRODUCCION INTERNA TELA NACIONALIZADA
007 - JULIO                                   , ,025 - 3JUL1                                   ,003 - YOYO                                    ,008 - MODA                                    ,003 - CORTOS                                  ,005 - DENIM                                   ,YY0000228,FALDA SHORT TIRO MEDIO LAV MEDIO OSCURO,001 - PRODUCCION INTERNA TELA NACIONALIZADA
007 - JULIO                                   , ,025 - 3JUL1                                   ,003 - YOYO                                    ,008 - MODA                                    ,003 - CORTOS                                  ,005 - DENIM                                   ,YY0000229,FALDA CON SHORT INT TIRO ALTO LAV MEDIO,001 - PRODUCCION INTERNA TELA NACIONALIZADA
007 - JULIO                                   , ,026 - 3JUL2                                   ,003 - YOYO                                    ,008 - MODA                                    ,003 - CORTOS                                  ,005 - DENIM                                   ,YY0000230,FALDA CON SHORT INT TIRO ALTO MEDIO OSC,001 - PRODUCCION INTERNA TELA NACIONALIZADA
006 - JUNIO                                   , ,021 - 2JUN1                                   ,003 - YOYO                                    ,004 - ESENCIAL MODA                           ,001 - CAMISETA                                ,001 - TEJIDO PUNTO                            ,35047249,CAMISETA T-SHIRT MC ESTAMPADA ESENCIALM,001 - PRODUCCION INTERNA TELA NACIONALIZADA
005 - MAYO                                    , ,017 - 2MAY1                                   ,003 - YOYO                                    ,008 - MODA                                    ,008 - PANTALONES                              ,001 - TEJIDO PUNTO                            ,38091717,PANTALON TP CON BOLSILLOS PARCHE EN FREN,001 - PRODUCCION INTERNA TELA NACIONALIZADA
011 - NOVIEMBRE                               , ,044 - 4NOV4                                   ,003 - YOYO                                    ,008 - MODA                                    ,002 - BLUSA-CAMISA,002 - TEJIDO PLANO                            ,MY0004690,CAMISA MANGA LARGA BOTONES EN FRENTE,
008 - AGOSTO                                  , ,029 - 3AGO1                                   ,003 - YOYO                                    ,008 - MODA                                    ,000 - JEANS                                   ,005 - DENIM                                   ,MY0000263,CRAZY TIRO ALTO LAV MEDIO OSCURO,001 - PRODUCCION INTERNA TELA NACIONALIZADA
008 - AGOSTO                                  , ,031 - 3AGO3                                   ,003 - YOYO                                    ,008 - MODA                                    ,000 - JEANS                                   ,005 - DENIM                                   ,MY0000264,TEJANO TIRO MEDIO LAV MEDIO,001 - PRODUCCION INTERNA TELA NACIONALIZADA
008 - AGOSTO                                  ,07-JULIO,029 - 3AGO1                                   ,003 - YOYO                                    ,008 - MODA                                    ,000 - JEANS                                   ,005 - DENIM                                   ,YY0000265,RETROMOM TIRO BAJO LAV CLARO,001 - PRODUCCION INTERNA TELA NACIONALIZADA
012 - DICIEMBRE                               ,09-SEPTIEMBRE,045 - 4DIC1                                   ,003 - YOYO                                    ,008 - MODA                                    ,000 - JEANS                                   ,005 - DENIM                                   ,MY0000707,PERFECT TIRO ALTO LAV NEGRO OSCURO,001 - PRODUCCION INTERNA TELA NACIONALIZADA
010 - OCTUBRE                                 ,09-SEPTIEMBRE,037 - 4OCT1                                   ,003 - YOYO                                    ,008 - MODA                                    ,000 - JEANS                                   ,005 - DENIM                                   ,YY0000708,TEJANO TIRO MEDIO LAV MEDIO OSCURO,001 - PRODUCCION INTERNA TELA NACIONALIZADA
012 - DICIEMBRE                               ,09-SEPTIEMBRE,045 - 4DIC1                                   ,003 - YOYO                                    ,008 - MODA                                    ,000 - JEANS                                   ,005 - DENIM                                   ,MY0000709,MOMJEAN TIRO ALTO LAV MEDIO,001 - PRODUCCION INTERNA TELA NACIONALIZADA
012 - DICIEMBRE                               ,09-SEPTIEMBRE,046 - 4DIC2                                   ,003 - YOYO                                    ,008 - MODA                                    ,000 - JEANS                                   ,005 - DENIM                                   ,MY0000710,RETROMOM TIRO ALTO LAV MEDIO,001 - PRODUCCION INTERNA TELA NACIONALIZADA
012 - DICIEMBRE                               ,09-SEPTIEMBRE,045 - 4DIC1                                   ,003 - YOYO                                    ,008 - MODA                                    ,003 - CORTOS                                  ,005 - DENIM                                   ,MY0000711,SHORT TIRO ALTO LAV CLARO,001 - PRODUCCION INTERNA TELA NACIONALIZADA
012 - DICIEMBRE                               ,09-SEPTIEMBRE,045 - 4DIC1                                   ,003 - YOYO                                    ,008 - MODA                                    ,003 - CORTOS                                  ,005 - DENIM                                   ,MY0000712,SHORT TIRO BAJO LAV MEDIO,001 - PRODUCCION INTERNA TELA NACIONALIZADA
009 - SEPTIEMBRE                              , ,035 - 3SEP3                                   ,003 - YOYO                                    ,008 - MODA                                    ,004 - SOBRETODOS                              ,002 - TEJIDO PLANO                            ,MY0000756,CHAQUETA BOMBER CUELLO CAMISERO CON EST,001 - PRODUCCION INTERNA TELA NACIONALIZADA
009 - SEPTIEMBRE                              , ,033 - 3SEP1                                   ,003 - YOYO                                    ,008 - MODA                                    ,002 - BLUSA-CAMISA,002 - TEJIDO PLANO                            ,MY0000757,BLUSA MANGA CORTA RECOGIDO EN RUEDO,001 - PRODUCCION INTERNA TELA NACIONALIZADA
009 - SEPTIEMBRE                              ,08-AGOSTO,034 - 3SEP2                                   ,003 - YOYO                                    ,004 - ESENCIAL MODA                           ,001 - CAMISETA                                ,001 - TEJIDO PUNTO                            ,YY0000758,T-SHIRT MANGA CORTA ESTAMPADA ESENCIAL,001 - PRODUCCION INTERNA TELA NACIONALIZADA
009 - SEPTIEMBRE                              , ,033 - 3SEP1                                   ,003 - YOYO                                    ,008 - MODA                                    ,001 - CAMISETA                                ,001 - TEJIDO PUNTO                            ,MY0000832,T-SHIRT MANGA CORTA ESTAMPADA OVERSISED,001 - PRODUCCION INTERNA TELA NACIONALIZADA
009 - SEPTIEMBRE                              , ,034 - 3SEP2                                   ,003 - YOYO                                    ,008 - MODA                                    ,001 - CAMISETA                                ,001 - TEJIDO PUNTO                            ,MY0000760,CAMISETA MANGA CORTA EST EN FRENTE,001 - PRODUCCION INTERNA TELA NACIONALIZADA
009 - SEPTIEMBRE                              , ,035 - 3SEP3                                   ,003 - YOYO                                    ,008 - MODA                                    ,001 - CAMISETA                                ,001 - TEJIDO PUNTO                            ,MY0000761,CAMISETA MANGA CORTA CUELLO EN CONTRASTE,001 - PRODUCCION INTERNA TELA NACIONALIZADA
009 - SEPTIEMBRE                              ,08-AGOSTO,034 - 3SEP2                                   ,003 - YOYO                                    ,008 - MODA                                    ,016 - TOP -BODY                               ,001 - TEJIDO PUNTO                            ,MY0000762,TOP MANGA SISA ESTAMPADO EN FRENTE,001 - PRODUCCION INTERNA TELA NACIONALIZADA
009 - SEPTIEMBRE                              ,08-AGOSTO,035 - 3SEP3                                   ,003 - YOYO                                    ,008 - MODA                                    ,016 - TOP -BODY                               ,001 - TEJIDO PUNTO                            ,MY0000763,TOP TIRAS CON  ESCOTE EN ESPALDA,001 - PRODUCCION INTERNA TELA NACIONALIZADA
006 - JUNIO                                   , ,023 - 2JUN3                                   ,003 - YOYO                                    ,008 - MODA                                    ,000 - JEANS                                   ,005 - DENIM                                   ,YY0001043,CARGO TIRO BAJO TP LAV MEDIO,001 - PRODUCCION INTERNA TELA NACIONALIZADA
005 - MAYO                                    , ,018 - 2MAY2                                   ,003 - YOYO                                    ,008 - MODA                                    ,016 - TOP -BODY                               ,001 - TEJIDO PUNTO                            ,YY0001074,BODY PREMIUM MC TP CON SESGOS EN CONTRAS,001 - PRODUCCION INTERNA TELA NACIONALIZADA
004 - ABRIL                                   , ,015 - 2ABR3                                   ,003 - YOYO                                    ,008 - MODA                                    ,010 - PRENDAS DE MODA                         ,002 - TEJIDO PLANO                            ,30067223,FALDA TIRO MEDIO TP COLOR MARFIL,001 - PRODUCCION INTERNA TELA NACIONALIZADA
004 - ABRIL                                   , ,015 - 2ABR3                                   ,003 - YOYO                                    ,008 - MODA                                    ,003 - CORTOS                                  ,005 - DENIM                                   ,30069223,FALDA TIRO ALTO TP CON SHORT INTERNO,001 - PRODUCCION INTERNA TELA NACIONALIZADA
005 - MAYO                                    , ,017 - 2MAY1                                   ,003 - YOYO                                    ,008 - MODA                                    ,000 - JEANS                                   ,005 - DENIM                                   ,30074237,CRAZY PREMIUM T/ALTO TP LAV CLARO CON BO,001 - PRODUCCION INTERNA TELA NACIONALIZADA
009 - SEPTIEMBRE                              , ,036 - 3SEP4                                   ,003 - YOYO                                    ,009 - CONSCIENTE,004 - SOBRETODOS                              ,001 - TEJIDO PUNTO                            ,MY0000716,BUZO CERRADO TIPO POLO CON ESTAMPADO,001 - PRODUCCION INTERNA TELA NACIONALIZADA
009 - SEPTIEMBRE                              , ,036 - 3SEP4                                   ,003 - YOYO                                    ,009 - CONSCIENTE,001 - CAMISETA                                ,001 - TEJIDO PUNTO                            ,YY0000717,CAMISETA MANGA CORTA ASIMETRICA,001 - PRODUCCION INTERNA TELA NACIONALIZADA
009 - SEPTIEMBRE                              , ,036 - 3SEP4                                   ,003 - YOYO                                    ,009 - CONSCIENTE,001 - CAMISETA                                ,001 - TEJIDO PUNTO                            ,YY0000718,CAMISETA MANGA CORTA CON RECOGIDOS,001 - PRODUCCION INTERNA TELA NACIONALIZADA
009 - SEPTIEMBRE                              , ,036 - 3SEP4                                   ,003 - YOYO                                    ,009 - CONSCIENTE,001 - CAMISETA                                ,001 - TEJIDO PUNTO                            ,MY0000719,CAMISETA MANGA LARGA EN MALLA,001 - PRODUCCION INTERNA TELA NACIONALIZADA
009 - SEPTIEMBRE                              , ,036 - 3SEP4                                   ,003 - YOYO                                    ,009 - CONSCIENTE,003 - CORTOS                                  ,005 - DENIM                                   ,YY0000720,FALDA TIRO BAJO CORTA CON TABLAS,001 - PRODUCCION INTERNA TELA NACIONALIZADA
009 - SEPTIEMBRE                              , ,036 - 3SEP4                                   ,003 - YOYO                                    ,009 - CONSCIENTE,003 - CORTOS                                  ,005 - DENIM                                   ,YY0000721,BERMUDA 5 BOLSILLOS LARGA TIRO BAJO,001 - PRODUCCION INTERNA TELA NACIONALIZADA
009 - SEPTIEMBRE                              , ,035 - 3SEP3                                   ,003 - YOYO                                    ,009 - CONSCIENTE,003 - CORTOS                                  ,002 - TEJIDO PLANO                            ,MY0000722,FALDA SHORT MINI TIRO ALTO CRUZADA,001 - PRODUCCION INTERNA TELA NACIONALIZADA
009 - SEPTIEMBRE                              , ,,003 - YOYO                                    ,009 - CONSCIENTE,,002 - TEJIDO PLANO                            ,MY0000723,VESTIDO TIRAS MINI  CON ABERTURA EN  PEC,
009 - SEPTIEMBRE                              , ,036 - 3SEP4                                   ,003 - YOYO                                    ,009 - CONSCIENTE,003 - CORTOS                                  ,001 - TEJIDO PUNTO                            ,YY0000724,FALDA CORTA CON PRETINA CON CORDON,001 - PRODUCCION INTERNA TELA NACIONALIZADA
009 - SEPTIEMBRE                              , ,036 - 3SEP4                                   ,003 - YOYO                                    ,009 - CONSCIENTE,003 - CORTOS                                  ,005 - DENIM                                   ,MY0000725,FALDA SHORT TIRO MEDIO CON TACHES,
009 - SEPTIEMBRE                              ,08-AGOSTO,034 - 3SEP2                                   ,003 - YOYO                                    ,008 - MODA                                    ,001 - CAMISETA                                ,001 - TEJIDO PUNTO                            ,MY0000764,T-SHIRT MANGA CORTA EST FRENTE Y ESPALDA,001 - PRODUCCION INTERNA TELA NACIONALIZADA
009 - SEPTIEMBRE                              , ,033 - 3SEP1                                   ,003 - YOYO                                    ,008 - MODA                                    ,010 - PRENDAS DE MODA                         ,002 - TEJIDO PLANO                            ,MY0000853,VESTIDO TIRAS MINI PRINT CORTO,001 - PRODUCCION INTERNA TELA NACIONALIZADA
010 - OCTUBRE                                 , ,040 - 4OCT4                                   ,003 - YOYO                                    ,008 - MODA                                    ,000 - JEANS                                   ,005 - DENIM                                   ,MY0000993,MAXI RETRO TIRO MEDIO LAV OSCURO,001 - PRODUCCION INTERNA TELA NACIONALIZADA
009 - SEPTIEMBRE                              , ,036 - 3SEP4                                   ,003 - YOYO                                    ,009 - CONSCIENTE,003 - CORTOS                                  ,005 - DENIM                                   ,MY0000726,BERMUDA TIRO BAJO LARGACORTES EN DELAN,001 - PRODUCCION INTERNA TELA NACIONALIZADA
009 - SEPTIEMBRE                              , ,036 - 3SEP4                                   ,003 - YOYO                                    ,009 - CONSCIENTE,002 - BLUSA-CAMISA,002 - TEJIDO PLANO                            ,MY0000727,BLUSA TIRAS NIDO DE ABEJA,
009 - SEPTIEMBRE                              , ,036 - 3SEP4                                   ,003 - YOYO                                    ,009 - CONSCIENTE,004 - SOBRETODOS                              ,002 - TEJIDO PLANO                            ,YY0000728,CHALECO MANGA SISA OJALILLO,001 - PRODUCCION INTERNA TELA NACIONALIZADA
009 - SEPTIEMBRE                              , ,036 - 3SEP4                                   ,003 - YOYO                                    ,009 - CONSCIENTE,010 - PRENDAS DE MODA                         ,002 - TEJIDO PLANO                            ,YY0000729,SHORT TIRO ALTO PRETINA RECOGIDA,001 - PRODUCCION INTERNA TELA NACIONALIZADA
009 - SEPTIEMBRE                              ,08-AGOSTO,035 - 3SEP3                                   ,003 - YOYO                                    ,008 - MODA                                    ,016 - TOP -BODY                               ,001 - TEJIDO PUNTO                            ,MY0000765,BODY TIRAS CON ABERTURAS ASIMETRICOS,001 - PRODUCCION INTERNA TELA NACIONALIZADA
010 - OCTUBRE                                 , ,037 - 4OCT1                                   ,003 - YOYO                                    ,008 - MODA                                    ,008 - PANTALONES                              ,002 - TEJIDO PLANO                            ,MY0000766,PANTALON MODA RECOGIDO EN RUEDO,001 - PRODUCCION INTERNA TELA NACIONALIZADA
009 - SEPTIEMBRE                              ,08-AGOSTO,035 - 3SEP3                                   ,003 - YOYO                                    ,008 - MODA                                    ,010 - PRENDAS DE MODA                         ,002 - TEJIDO PLANO                            ,MY0000767,VESTIDO MANGA SISA EST RAYAS,001 - PRODUCCION INTERNA TELA NACIONALIZADA
009 - SEPTIEMBRE                              , ,034 - 3SEP2                                   ,003 - YOYO                                    ,008 - MODA                                    ,004 - SOBRETODOS                              ,001 - TEJIDO PUNTO                            ,YY0000768,BUZO CERRADO CON EST EN ESPALDA Y MANGAS,001 - PRODUCCION INTERNA TELA NACIONALIZADA
009 - SEPTIEMBRE                              , ,034 - 3SEP2                                   ,003 - YOYO                                    ,008 - MODA                                    ,002 - BLUSA-CAMISA,002 - TEJIDO PLANO                            ,YY0000769,CAMISA MANGA LARGA IMITACION DOBLE PREND,001 - PRODUCCION INTERNA TELA NACIONALIZADA
009 - SEPTIEMBRE                              , ,035 - 3SEP3                                   ,003 - YOYO                                    ,004 - ESENCIAL MODA                           ,001 - CAMISETA                                ,001 - TEJIDO PUNTO                            ,YY0000770,TSHIRT  MANGA CORTA ESENCIAL  ESTAMPADA,001 - PRODUCCION INTERNA TELA NACIONALIZADA
009 - SEPTIEMBRE                              , ,034 - 3SEP2                                   ,003 - YOYO                                    ,008 - MODA                                    ,016 - TOP -BODY                               ,999 - NO APLICA                               ,MY0000771,TOP  MANGA CORTA DOBLE PRENDA,001 - PRODUCCION INTERNA TELA NACIONALIZADA
009 - SEPTIEMBRE                              , ,033 - 3SEP1                                   ,003 - YOYO                                    ,008 - MODA                                    ,001 - CAMISETA                                ,001 - TEJIDO PUNTO                            ,MY0000772,CAMISETA MANGA CORTA EST RAYAS,001 - PRODUCCION INTERNA TELA NACIONALIZADA
009 - SEPTIEMBRE                              ,08-AGOSTO,034 - 3SEP2                                   ,003 - YOYO                                    ,004 - ESENCIAL MODA                           ,016 - TOP -BODY                               ,001 - TEJIDO PUNTO                            ,35001295EM,BODY MANGA SISA ESENCIAL MODA,001 - PRODUCCION INTERNA TELA NACIONALIZADA
009 - SEPTIEMBRE                              , ,034 - 3SEP2                                   ,003 - YOYO                                    ,008 - MODA                                    ,004 - SOBRETODOS                              ,001 - TEJIDO PUNTO                            ,MY0000774,CARDIGAN  ABIERTO CON  BOTONES CORAZÓN,001 - PRODUCCION INTERNA TELA NACIONALIZADA
004 - ABRIL                                   , ,015 - 2ABR3                                   ,003 - YOYO                                    ,008 - MODA                                    ,000 - JEANS                                   ,005 - DENIM                                   ,30168256,RETROMOM TIRO ALTO TP COLOR NEGRO,001 - PRODUCCION INTERNA TELA NACIONALIZADA
005 - MAYO                                    , ,018 - 2MAY2                                   ,003 - YOYO                                    ,008 - MODA                                    ,000 - JEANS                                   ,005 - DENIM                                   ,30169256,RETROMOM TIRO BAJO TP LAV CLARO,001 - PRODUCCION INTERNA TELA NACIONALIZADA
006 - JUNIO                                   , ,023 - 2JUN3                                   ,003 - YOYO                                    ,008 - MODA                                    ,000 - JEANS                                   ,005 - DENIM                                   ,30170256,RETROMOM TIRO ALTO TP LAV MEDIO OSCURO,001 - PRODUCCION INTERNA TELA NACIONALIZADA
011 - NOVIEMBRE                               , ,043 - 4NOV3                                   ,003 - YOYO                                    ,008 - MODA                                    ,003 - CORTOS                                  ,005 - DENIM                                   ,MY0004518,BERMUDA TIRO BAJO LAV MEDIO OSCURO,001 - PRODUCCION INTERNA TELA NACIONALIZADA
011 - NOVIEMBRE                               , ,,003 - YOYO                                    ,008 - MODA                                    ,,005 - DENIM                                   ,31136715,CAMISETA PREMIUM ML TP CON CORTE EN FREN,
005 - MAYO                                    , ,017 - 2MAY1                                   ,003 - YOYO                                    ,008 - MODA                                    ,001 - CAMISETA                                ,001 - TEJIDO PUNTO                            ,31888714,CAMISETA MC TP FRENTE ASIMETRICA,001 - PRODUCCION INTERNA TELA NACIONALIZADA
006 - JUNIO                                   , ,023 - 2JUN3                                   ,003 - YOYO                                    ,008 - MODA                                    ,001 - CAMISETA                                ,001 - TEJIDO PUNTO                            ,31903714,CAMISETA MC TP CON ESCOTE EN ESPALDA Y E,001 - PRODUCCION INTERNA TELA NACIONALIZADA
005 - MAYO                                    , ,018 - 2MAY2                                   ,003 - YOYO                                    ,008 - MODA                                    ,002 - BLUSA-CAMISA,002 - TEJIDO PLANO                            ,32045703,BLUSA MS TP CON HILADILLA  EN COSTADOS,001 - PRODUCCION INTERNA TELA NACIONALIZADA
005 - MAYO                                    , ,,003 - YOYO                                    ,008 - MODA                                    ,002 - BLUSA-CAMISA,001 - TEJIDO PUNTO                            ,S32058709,BLUSA TIRAS TP CON LACE UP EN ESPALDA,
004 - ABRIL                                   , ,013 - 2ABR1                                   ,003 - YOYO                                    ,008 - MODA                                    ,002 - BLUSA-CAMISA,002 - TEJIDO PLANO                            ,32178704,BLUSA MC TP CON CORTES EN CENTRO,001 - PRODUCCION INTERNA TELA NACIONALIZADA
004 - ABRIL                                   , ,,003 - YOYO                                    ,008 - MODA                                    ,,002 - TEJIDO PLANO                            ,MY0004863,CAMISETA MANGA CORTA ASIMETRICA,
011 - NOVIEMBRE                               , ,041 - 4NOV1                                   ,003 - YOYO                                    ,008 - MODA                                    ,000 - JEANS                                   ,005 - DENIM                                   ,MY0004350,RETROMOM TIRO MEDIO LAV NEGRO MEDIO,001 - PRODUCCION INTERNA TELA NACIONALIZADA
011 - NOVIEMBRE                               , ,043 - 4NOV3                                   ,003 - YOYO                                    ,008 - MODA                                    ,000 - JEANS                                   ,005 - DENIM                                   ,MY0004351,RETROMOM TIRO MEDIO LAV OSCURO,001 - PRODUCCION INTERNA TELA NACIONALIZADA
011 - NOVIEMBRE                               , ,041 - 4NOV1                                   ,003 - YOYO                                    ,008 - MODA                                    ,010 - PRENDAS DE MODA                         ,005 - DENIM                                   ,MY0004352,OVERALL LARGO LAV MEDIO,001 - PRODUCCION INTERNA TELA NACIONALIZADA
011 - NOVIEMBRE                               , ,042 - 4NOV2                                   ,003 - YOYO                                    ,008 - MODA                                    ,010 - PRENDAS DE MODA                         ,002 - TEJIDO PLANO                            ,MY0004353,SHORT TIRO ALTO COLOR CAFE OSCURO,001 - PRODUCCION INTERNA TELA NACIONALIZADA
011 - NOVIEMBRE                               , ,042 - 4NOV2                                   ,003 - YOYO                                    ,008 - MODA                                    ,003 - CORTOS                                  ,005 - DENIM                                   ,MY0004354,FALDA SHORT TIRO MEDIO LAV NEGRO MEDIO,001 - PRODUCCION INTERNA TELA NACIONALIZADA
011 - NOVIEMBRE                               , ,042 - 4NOV2                                   ,003 - YOYO                                    ,008 - MODA                                    ,003 - CORTOS                                  ,005 - DENIM                                   ,MY0004355,FALDA TIRO BAJO LAV MEDIO,001 - PRODUCCION INTERNA TELA NACIONALIZADA
009 - SEPTIEMBRE                              , ,035 - 3SEP3                                   ,003 - YOYO                                    ,008 - MODA                                    ,000 - JEANS                                   ,005 - DENIM                                   ,YY0004356,RETROMOM TIRO ALTO LAV MEDIO  BORDADO,001 - PRODUCCION INTERNA TELA NACIONALIZADA
012 - DICIEMBRE                               , ,,003 - YOYO                                    ,008 - MODA                                    ,001 - CAMISETA                                ,999 - NO APLICA                               ,X31122215,CAMISETA ML TP ESCOTE EN V Y BOTONES DE,
011 - NOVIEMBRE                               , ,,003 - YOYO                                    ,008 - MODA                                    ,016 - TOP -BODY                               ,999 - NO APLICA                               ,X31241713,CAMISETA MS TP CON ABERTURA EN COSTADOS,
011 - NOVIEMBRE                               , ,,003 - YOYO                                    ,008 - MODA                                    ,001 - CAMISETA                                ,999 - NO APLICA                               ,X31802714,CAMISETA MC TP CON CIERRE Y BORDADO EN,
011 - NOVIEMBRE                               , ,,003 - YOYO                                    ,008 - MODA                                    ,001 - CAMISETA                                ,999 - NO APLICA                               ,B31798714,CAMISETA PREMIUM MC TP CON CORTES EN CO,
006 - JUNIO                                   , ,024 - 2JUN4                                   ,003 - YOYO                                    ,009 - CONSCIENTE,004 - SOBRETODOS                              ,001 - TEJIDO PUNTO                            ,YY0004363,BUZO MANGA LARGA CON CAPUCHA,
004 - ABRIL                                   , ,,003 - YOYO                                    ,008 - MODA                                    ,000 - JEANS                                   ,002 - TEJIDO PLANO                            ,B30162256,RETROMOM TIRO BAJO TP LAV MEDIO OSCURO,
012 - DICIEMBRE                               , ,045 - 4DIC1                                   ,003 - YOYO                                    ,008 - MODA                                    ,000 - JEANS                                   ,005 - DENIM                                   ,MY0004638,RETROMOM TIRO ALTO LAV OSCURO,001 - PRODUCCION INTERNA TELA NACIONALIZADA
012 - DICIEMBRE                               , ,046 - 4DIC2                                   ,003 - YOYO                                    ,008 - MODA                                    ,010 - PRENDAS DE MODA                         ,002 - TEJIDO PLANO                            ,MY0004639,BERMUDA TIRO BAJO COLOR MARFIL,001 - PRODUCCION INTERNA TELA NACIONALIZADA
012 - DICIEMBRE                               , ,045 - 4DIC1                                   ,003 - YOYO                                    ,008 - MODA                                    ,003 - CORTOS                                  ,005 - DENIM                                   ,MY0004640,FALDA SHORT TIRO MEDIO  LAV MEDIO OSCURO,001 - PRODUCCION INTERNA TELA NACIONALIZADA
012 - DICIEMBRE                               , ,046 - 4DIC2                                   ,003 - YOYO                                    ,008 - MODA                                    ,010 - PRENDAS DE MODA                         ,002 - TEJIDO PLANO                            ,MY0004641,FALDA SHORT INTERNO TIRO MEDIO MARFIL,001 - PRODUCCION INTERNA TELA NACIONALIZADA
011 - NOVIEMBRE                               , ,041 - 4NOV1                                   ,003 - YOYO                                    ,008 - MODA                                    ,016 - TOP -BODY                               ,001 - TEJIDO PUNTO                            ,MY0004420,CAMISETA MANGA CORTA EST FRENTE,001 - PRODUCCION INTERNA TELA NACIONALIZADA
010 - OCTUBRE                                 , ,040 - 4OCT4                                   ,003 - YOYO                                    ,008 - MODA                                    ,016 - TOP -BODY                               ,001 - TEJIDO PUNTO                            ,MY0004481,TOP MANGA SISA CON CIERRE FRENTE,001 - PRODUCCION INTERNA TELA NACIONALIZADA
009 - SEPTIEMBRE                              , ,036 - 3SEP4                                   ,003 - YOYO                                    ,009 - CONSCIENTE,016 - TOP -BODY                               ,001 - TEJIDO PUNTO                            ,YY0004507,BODY MANGA SISA CON SESGOS EN CONTRASTE,001 - PRODUCCION INTERNA TELA NACIONALIZADA
006 - JUNIO                                   , ,023 - 2JUN3                                   ,003 - YOYO                                    ,008 - MODA                                    ,001 - CAMISETA                                ,001 - TEJIDO PUNTO                            ,YY0001075,CAMISETA PREMIUM  MC  CON  SESGOS CONTRA,001 - PRODUCCION INTERNA TELA NACIONALIZADA
005 - MAYO                                    , ,017 - 2MAY1                                   ,003 - YOYO                                    ,008 - MODA                                    ,010 - PRENDAS DE MODA                         ,999 - NO APLICA                               ,YY0001076,VESTIDO MC TP TIPO POLO CORTO         ,001 - PRODUCCION INTERNA TELA NACIONALIZADA
005 - MAYO                                    , ,018 - 2MAY2                                   ,003 - YOYO                                    ,008 - MODA                                    ,001 - CAMISETA                                ,001 - TEJIDO PUNTO                            ,YY0001077,CAMISETA MC TP TIPO POLO EN CONTRASTE   ,003 - COMPRADO IMPORTADO                      
011 - NOVIEMBRE                               , ,043 - 4NOV3                                   ,003 - YOYO                                    ,008 - MODA                                    ,003 - CORTOS                                  ,005 - DENIM                                   ,MY0004519,FALDA SHORT TIRO ALTO LAV CLARO,001 - PRODUCCION INTERNA TELA NACIONALIZADA
011 - NOVIEMBRE                               , ,041 - 4NOV1                                   ,003 - YOYO                                    ,008 - MODA                                    ,001 - CAMISETA                                ,001 - TEJIDO PUNTO                            ,MY0004580,CAMISETA OVERSIZED,001 - PRODUCCION INTERNA TELA NACIONALIZADA
008 - AGOSTO                                  , ,029 - 3AGO1                                   ,003 - YOYO                                    ,008 - MODA                                    ,003 - CORTOS                                  ,005 - DENIM                                   ,YY0004404,BERMUDA TIRO BAJO LAVADO CLARO,001 - PRODUCCION INTERNA TELA NACIONALIZADA
011 - NOVIEMBRE                               , ,043 - 4NOV3                                   ,003 - YOYO                                    ,008 - MODA                                    ,003 - CORTOS                                  ,005 - DENIM                                   ,MY0004520,FALDA CON SHORT INTERNO TIRO MEDIO  LAV,001 - PRODUCCION INTERNA TELA NACIONALIZADA
011 - NOVIEMBRE                               , ,,003 - YOYO                                    ,008 - MODA                                    ,,005 - DENIM                                   ,320507051,BLUSA ML TP TIPO LEÑADORA,
011 - NOVIEMBRE                               , ,,003 - YOYO                                    ,008 - MODA                                    ,,005 - DENIM                                   ,330112341,RETROMOM TIRO ALTO TP PUNTA DE PRECIO,
011 - NOVIEMBRE                               , ,,003 - YOYO                                    ,008 - MODA                                    ,,005 - DENIM                                   ,330062482,PERFECT T/ALTO TP PINZAS COSTADOS SPECI,
011 - NOVIEMBRE                               , ,,003 - YOYO                                    ,008 - MODA                                    ,,005 - DENIM                                   ,MY0004865,TOP STRAPLE EN PUNTA CON TIRAS REMOVIBLE,
011 - NOVIEMBRE                               , ,,003 - YOYO                                    ,004 - ESENCIAL MODA                           ,008 - PANTALONES                              ,002 - TEJIDO PLANO                            ,350012411,JOGGER TIRO ALTO TP COLOR ESENCIALES,001 - PRODUCCION INTERNA TELA NACIONALIZADA
011 - NOVIEMBRE                               , ,,003 - YOYO                                    ,004 - ESENCIAL MODA                           ,,002 - TEJIDO PLANO                            ,350031161,BAMBA VARIOS BASICO,
005 - MAYO                                    , ,017 - 2MAY1                                   ,003 - YOYO                                    ,008 - MODA                                    ,016 - TOP -BODY                               ,001 - TEJIDO PUNTO                            ,312622131,CAMISETA PREMIUM MS TP CON CUELLO Y CIE,001 - PRODUCCION INTERNA TELA NACIONALIZADA
005 - MAYO                                    , ,,003 - YOYO                                    ,008 - MODA                                    ,,001 - TEJIDO PUNTO                            ,320482091,BLUSA TIRAS TP CON CORTES EN FRENTE,
011 - NOVIEMBRE                               ,10-OCTUBRE,041 - 4NOV1                                   ,003 - YOYO                                    ,008 - MODA                                    ,004 - SOBRETODOS                              ,001 - TEJIDO PUNTO                            ,MY0004424,BUZO MANGA LARGA EST EN FRENTE,001 - PRODUCCION INTERNA TELA NACIONALIZADA
011 - NOVIEMBRE                               , ,041 - 4NOV1                                   ,003 - YOYO                                    ,008 - MODA                                    ,016 - TOP -BODY                               ,001 - TEJIDO PUNTO                            ,MY0004421,TOP MANGA SISA CON APLIQUE,001 - PRODUCCION INTERNA TELA NACIONALIZADA
011 - NOVIEMBRE                               , ,041 - 4NOV1                                   ,003 - YOYO                                    ,008 - MODA                                    ,016 - TOP -BODY                               ,001 - TEJIDO PUNTO                            ,MY0004422,TOP MANGA SISA PRETINA,001 - PRODUCCION INTERNA TELA NACIONALIZADA
011 - NOVIEMBRE                               , ,041 - 4NOV1                                   ,003 - YOYO                                    ,008 - MODA                                    ,016 - TOP -BODY                               ,001 - TEJIDO PUNTO                            ,MY0004423,BODY MANGA LARGA IMITACION DOBLE PRENDA,001 - PRODUCCION INTERNA TELA NACIONALIZADA
009 - SEPTIEMBRE                              , ,034 - 3SEP2                                   ,003 - YOYO                                    ,008 - MODA                                    ,008 - PANTALONES                              ,001 - TEJIDO PUNTO                            ,MY0000775,PANTALON TIRO ALTO ESTAMPADO,001 - PRODUCCION INTERNA TELA NACIONALIZADA
009 - SEPTIEMBRE                              , ,034 - 3SEP2                                   ,003 - YOYO                                    ,008 - MODA                                    ,010 - PRENDAS DE MODA                         ,002 - TEJIDO PLANO                            ,MY0000776,FALDA CON SHORT INT TABLAS CON ELASTICO,001 - PRODUCCION INTERNA TELA NACIONALIZADA
010 - OCTUBRE                                 ,09-SEPTIEMBRE,037 - 4OCT1                                   ,003 - YOYO                                    ,008 - MODA                                    ,001 - CAMISETA                                ,001 - TEJIDO PUNTO                            ,MY0000864,CAMISETA MANGA LARGA CUELLO REDONDO,001 - PRODUCCION INTERNA TELA NACIONALIZADA
005 - MAYO                                    , ,017 - 2MAY1                                   ,003 - YOYO                                    ,008 - MODA                                    ,003 - CORTOS                                  ,005 - DENIM                                   ,YY0004398,FALDA TIRO MEDIO TP LAV MEDIO OSCURO,001 - PRODUCCION INTERNA TELA NACIONALIZADA
006 - JUNIO                                   , ,023 - 2JUN3                                   ,003 - YOYO                                    ,004 - ESENCIAL MODA                           ,016 - TOP -BODY                               ,001 - TEJIDO PUNTO                            ,YY0004399,BODY MS TP FONDO ENTERO ESENCIALES,001 - PRODUCCION INTERNA TELA NACIONALIZADA
010 - OCTUBRE                                 ,09-SEPTIEMBRE,037 - 4OCT1                                   ,003 - YOYO                                    ,008 - MODA                                    ,010 - PRENDAS DE MODA                         ,001 - TEJIDO PUNTO                            ,MY0000865,VESTIDO MANGA LARGA ESCOTE ESPALDA,001 - PRODUCCION INTERNA TELA NACIONALIZADA
011 - NOVIEMBRE                               , ,041 - 4NOV1                                   ,003 - YOYO                                    ,008 - MODA                                    ,010 - PRENDAS DE MODA                         ,002 - TEJIDO PLANO                            ,MY0004426,FALDA CON SHORT INTERNO TABLAS INTERNAS,001 - PRODUCCION INTERNA TELA NACIONALIZADA
010 - OCTUBRE                                 ,09-SEPTIEMBRE,038 - 4OCT2                                   ,003 - YOYO                                    ,008 - MODA                                    ,004 - SOBRETODOS                              ,001 - TEJIDO PUNTO                            ,MY0000866,CARDIGAN MANGA LARGACON AMARRE EN FRENTE,001 - PRODUCCION INTERNA TELA NACIONALIZADA
010 - OCTUBRE                                 ,09-SEPTIEMBRE,038 - 4OCT2                                   ,003 - YOYO                                    ,008 - MODA                                    ,002 - BLUSA-CAMISA,002 - TEJIDO PLANO                            ,MY0000867,BLUSA MANGA CORTA CON AMARRE EN FRENTE,001 - PRODUCCION INTERNA TELA NACIONALIZADA
010 - OCTUBRE                                 ,09-SEPTIEMBRE,038 - 4OCT2                                   ,003 - YOYO                                    ,008 - MODA                                    ,001 - CAMISETA                                ,001 - TEJIDO PUNTO                            ,YY0000868,CAMISETA MANGA CORTA ESENCIAL,001 - PRODUCCION INTERNA TELA NACIONALIZADA
010 - OCTUBRE                                 ,09-SEPTIEMBRE,038 - 4OCT2                                   ,003 - YOYO                                    ,008 - MODA                                    ,016 - TOP -BODY                               ,001 - TEJIDO PUNTO                            ,MY0000869,TOP MANGA CORTA CON BOTONES EN FRE,001 - PRODUCCION INTERNA TELA NACIONALIZADA
010 - OCTUBRE                                 ,09-SEPTIEMBRE,038 - 4OCT2                                   ,003 - YOYO                                    ,008 - MODA                                    ,016 - TOP -BODY                               ,001 - TEJIDO PUNTO                            ,YY0000870,TOP MANGA CORTA RAYAS,001 - PRODUCCION INTERNA TELA NACIONALIZADA
010 - OCTUBRE                                 ,09-SEPTIEMBRE,038 - 4OCT2                                   ,003 - YOYO                                    ,008 - MODA                                    ,016 - TOP -BODY                               ,001 - TEJIDO PUNTO                            ,MY0000871,TOP TIRAS AMARRE EN COSTADO,001 - PRODUCCION INTERNA TELA NACIONALIZADA
010 - OCTUBRE                                 ,09-SEPTIEMBRE,038 - 4OCT2                                   ,003 - YOYO                                    ,008 - MODA                                    ,001 - CAMISETA                                ,001 - TEJIDO PUNTO                            ,MY0000872,CAMISETA MANGA CORTA TOP INTERNO,001 - PRODUCCION INTERNA TELA NACIONALIZADA
010 - OCTUBRE                                 ,09-SEPTIEMBRE,038 - 4OCT2                                   ,003 - YOYO                                    ,008 - MODA                                    ,008 - PANTALONES                              ,002 - TEJIDO PLANO                            ,MY0000873,PANTALON MODA CON BOLSILLOS EN COSTADO,001 - PRODUCCION INTERNA TELA NACIONALIZADA
010 - OCTUBRE                                 ,09-SEPTIEMBRE,038 - 4OCT2                                   ,003 - YOYO                                    ,008 - MODA                                    ,010 - PRENDAS DE MODA                         ,001 - TEJIDO PUNTO                            ,MY0000874,VESTIDO TIRAS LARGO ESTAMPADO,001 - PRODUCCION INTERNA TELA NACIONALIZADA
005 - MAYO                                    , ,018 - 2MAY2                                   ,003 - YOYO                                    ,008 - MODA                                    ,003 - CORTOS                                  ,005 - DENIM                                   ,30082223,FALDA TIRO MEDIO TP LAV MEDIO,001 - PRODUCCION INTERNA TELA NACIONALIZADA
004 - ABRIL                                   , ,015 - 2ABR3                                   ,003 - YOYO                                    ,008 - MODA                                    ,003 - CORTOS                                  ,005 - DENIM                                   ,30084247,FALDA SHORT TIRO ALTO TP LAV CLARO,001 - PRODUCCION INTERNA TELA NACIONALIZADA
005 - MAYO                                    , ,017 - 2MAY1                                   ,003 - YOYO                                    ,008 - MODA                                    ,003 - CORTOS                                  ,005 - DENIM                                   ,30085247,FALDA SHORT T/ALTO TP LAV MEDIO CON BOTO,001 - PRODUCCION INTERNA TELA NACIONALIZADA
006 - JUNIO                                   , ,023 - 2JUN3                                   ,003 - YOYO                                    ,008 - MODA                                    ,003 - CORTOS                                  ,005 - DENIM                                   ,30086247,FALDA SHORT TIRO MEDIO TP LAV MEDIO OSCU,001 - PRODUCCION INTERNA TELA NACIONALIZADA
006 - JUNIO                                   , ,021 - 2JUN1                                   ,003 - YOYO                                    ,008 - MODA                                    ,003 - CORTOS                                  ,005 - DENIM                                   ,YY0001084,SHORT TIRO ALTO TP LAV CLARO  ,001 - PRODUCCION INTERNA TELA NACIONALIZADA
005 - MAYO                                    , ,017 - 2MAY1                                   ,003 - YOYO                                    ,008 - MODA                                    ,000 - JEANS                                   ,005 - DENIM                                   ,30172256,MAXIRETRO T/ALTO TP LAV MEDIO CON LASER,001 - PRODUCCION INTERNA TELA NACIONALIZADA
006 - JUNIO                                   , ,023 - 2JUN3                                   ,003 - YOYO                                    ,008 - MODA                                    ,016 - TOP -BODY                               ,001 - TEJIDO PUNTO                            ,31138715,TOP MANGA LARGA  HOMBRO ASIMETRICO,001 - PRODUCCION INTERNA TELA NACIONALIZADA
006 - JUNIO                                   , ,021 - 2JUN1                                   ,003 - YOYO                                    ,008 - MODA                                    ,002 - BLUSA-CAMISA,002 - TEJIDO PLANO                            ,31139215,CAMISETA ML ESCOTE BANDEJA,001 - PRODUCCION INTERNA TELA NACIONALIZADA
005 - MAYO                                    , ,018 - 2MAY2                                   ,003 - YOYO                                    ,008 - MODA                                    ,016 - TOP -BODY                               ,001 - TEJIDO PUNTO                            ,31337713,TOP PREMIUM MS CON TIRA REMOVIBLE,001 - PRODUCCION INTERNA TELA NACIONALIZADA
005 - MAYO                                    , ,017 - 2MAY1                                   ,003 - YOYO                                    ,008 - MODA                                    ,016 - TOP -BODY                               ,001 - TEJIDO PUNTO                            ,31338713,CAMISETA MS TP CUELLO ALTO,001 - PRODUCCION INTERNA TELA NACIONALIZADA
006 - JUNIO                                   , ,023 - 2JUN3                                   ,003 - YOYO                                    ,008 - MODA                                    ,016 - TOP -BODY                               ,001 - TEJIDO PUNTO                            ,31339713,TOP MS TP CON BORDADO EN FRENTE,001 - PRODUCCION INTERNA TELA NACIONALIZADA
003 - MARZO                                   , ,010 - 1MAR2                                   ,003 - YOYO                                    ,008 - MODA                                    ,000 - JEANS                                   ,005 - DENIM                                   ,30173256,RETROMOM TIRO BAJO LAV CLARO,001 - PRODUCCION INTERNA TELA NACIONALIZADA
004 - ABRIL                                   , ,014 - 2ABR2                                   ,003 - YOYO                                    ,008 - MODA                                    ,003 - CORTOS                                  ,005 - DENIM                                   ,30220203,BERMUDA TIRO BAJO TP LAV MEDIO,001 - PRODUCCION INTERNA TELA NACIONALIZADA
005 - MAYO                                    , ,018 - 2MAY2                                   ,003 - YOYO                                    ,008 - MODA                                    ,003 - CORTOS                                  ,005 - DENIM                                   ,30221203,BERMUDA TIRO BAJO LAV MEDIO,001 - PRODUCCION INTERNA TELA NACIONALIZADA
011 - NOVIEMBRE                               , ,044 - 4NOV4                                   ,003 - YOYO                                    ,008 - MODA                                    ,000 - JEANS                                   ,005 - DENIM                                   ,MY0004522,BARREL TIRO BAJO LAV MEDIO,001 - PRODUCCION INTERNA TELA NACIONALIZADA
006 - JUNIO                                   , ,021 - 2JUN1                                   ,003 - YOYO                                    ,008 - MODA                                    ,000 - JEANS                                   ,005 - DENIM                                   ,30171256,RETROMOM T/ALTO TP LAV MEDIO,001 - PRODUCCION INTERNA TELA NACIONALIZADA
006 - JUNIO                                   , ,021 - 2JUN1                                   ,003 - YOYO                                    ,008 - MODA                                    ,001 - CAMISETA                                ,001 - TEJIDO PUNTO                            ,31890214,CAMISETA T-SHIRT OVERSIZED ESTAMPADA,001 - PRODUCCION INTERNA TELA NACIONALIZADA
006 - JUNIO                                   , ,023 - 2JUN3                                   ,003 - YOYO                                    ,008 - MODA                                    ,001 - CAMISETA                                ,001 - TEJIDO PUNTO                            ,31892714,CAMISETA MC TP TIPO POLO EN CONTRASTE,001 - PRODUCCION INTERNA TELA NACIONALIZADA
006 - JUNIO                                   , ,,003 - YOYO                                    ,008 - MODA                                    ,,001 - TEJIDO PUNTO                            ,31893714,CAMISETA MC TP CON RECTIINEO EN CUELLO O,
005 - MAYO                                    , ,017 - 2MAY1                                   ,003 - YOYO                                    ,008 - MODA                                    ,016 - TOP -BODY                               ,001 - TEJIDO PUNTO                            ,31894714,CAMISETA MC PREMIUM  TP CON SESGOS Y EST,001 - PRODUCCION INTERNA TELA NACIONALIZADA
010 - OCTUBRE                                 , ,040 - 4OCT4                                   ,003 - YOYO                                    ,008 - MODA                                    ,016 - TOP -BODY                               ,001 - TEJIDO PUNTO                            ,MY0004483,BODY MANGA LARGA ABERTURA EN ESPALDA,001 - PRODUCCION INTERNA TELA NACIONALIZADA
010 - OCTUBRE                                 ,09-SEPTIEMBRE,040 - 4OCT4                                   ,003 - YOYO                                    ,008 - MODA                                    ,016 - TOP -BODY                               ,001 - TEJIDO PUNTO                            ,MY0004484,TOP MANGA LARGA CONTRASTE RAYAS,001 - PRODUCCION INTERNA TELA NACIONALIZADA
010 - OCTUBRE                                 ,09-SEPTIEMBRE,040 - 4OCT4                                   ,003 - YOYO                                    ,008 - MODA                                    ,010 - PRENDAS DE MODA                         ,002 - TEJIDO PLANO                            ,MY0004485,FALDA CON SHORT INTERNO TABLAS CORTA,001 - PRODUCCION INTERNA TELA NACIONALIZADA
010 - OCTUBRE                                 ,09-SEPTIEMBRE,040 - 4OCT4                                   ,003 - YOYO                                    ,008 - MODA                                    ,010 - PRENDAS DE MODA                         ,001 - TEJIDO PUNTO                            ,MY0004486,VESTIDO LARGO MANGA SISA CON SESGOS,001 - PRODUCCION INTERNA TELA NACIONALIZADA
010 - OCTUBRE                                 , ,040 - 4OCT4                                   ,003 - YOYO                                    ,003 - OPORTUNIDADES                           ,001 - CAMISETA                                ,001 - TEJIDO PUNTO                            ,MY0004487,TSHIRT MANGA CORTA  ESTAMPADA OPORT,001 - PRODUCCION INTERNA TELA NACIONALIZADA
005 - MAYO                                    , ,017 - 2MAY1                                   ,003 - YOYO                                    ,008 - MODA                                    ,002 - BLUSA-CAMISA,002 - TEJIDO PLANO                            ,32189704,BLUSA MC TP EN CONTRASTE CON BROCHES,001 - PRODUCCION INTERNA TELA NACIONALIZADA
005 - MAYO                                    , ,,003 - YOYO                                    ,008 - MODA                                    ,,002 - TEJIDO PLANO                            ,33179753,CAMISETA MC TP ESTAMPADA EN FRENTE PUNTA,
004 - ABRIL                                   , ,014 - 2ABR2                                   ,003 - YOYO                                    ,003 - OPORTUNIDADES                           ,001 - CAMISETA                                ,001 - TEJIDO PUNTO                            ,33180253,CAMISETA T-SHIRT MANGA CORTA ESTAMPADA,001 - PRODUCCION INTERNA TELA NACIONALIZADA
005 - MAYO                                    , ,018 - 2MAY2                                   ,003 - YOYO                                    ,008 - MODA                                    ,001 - CAMISETA                                ,001 - TEJIDO PUNTO                            ,33181253,CAMISETA  MC TP ESTAMPADO EN FRENTE CROP,001 - PRODUCCION INTERNA TELA NACIONALIZADA
006 - JUNIO                                   , ,023 - 2JUN3                                   ,003 - YOYO                                    ,003 - OPORTUNIDADES                           ,001 - CAMISETA                                ,001 - TEJIDO PUNTO                            ,33182253,CAMISETA T-SHIRT MC ESTAMPADO EN FRENTE,001 - PRODUCCION INTERNA TELA NACIONALIZADA
011 - NOVIEMBRE                               , ,041 - 4NOV1                                   ,003 - YOYO                                    ,008 - MODA                                    ,016 - TOP -BODY                               ,001 - TEJIDO PUNTO                            ,MY0004419,TOP MANGA CORTA ESTAMPADO FRENTE,001 - PRODUCCION INTERNA TELA NACIONALIZADA
011 - NOVIEMBRE                               , ,044 - 4NOV4                                   ,003 - YOYO                                    ,003 - OPORTUNIDADES                           ,003 - CORTOS                                  ,005 - DENIM                                   ,MY0004523,SHORT TIRO MEDIO LAV CLARO,001 - PRODUCCION INTERNA TELA NACIONALIZADA
011 - NOVIEMBRE                               , ,043 - 4NOV3                                   ,003 - YOYO                                    ,008 - MODA                                    ,000 - JEANS                                   ,005 - DENIM                                   ,MY0004524,MAXIRETRO TIRO ALTO LAV CLARO,001 - PRODUCCION INTERNA TELA NACIONALIZADA
012 - DICIEMBRE                               , ,046 - 4DIC2                                   ,003 - YOYO                                    ,008 - MODA                                    ,008 - PANTALONES                              ,002 - TEJIDO PLANO                            ,MY0004525,CARGO TIRO MEDIO COLOR ARENA,001 - PRODUCCION INTERNA TELA NACIONALIZADA
012 - DICIEMBRE                               , ,,003 - YOYO                                    ,008 - MODA                                    ,,002 - TEJIDO PLANO                            ,MY0004526,MOMJEAN TIRO ALTO LAV MEDIO,
004 - ABRIL                                   , ,014 - 2ABR2                                   ,003 - YOYO                                    ,008 - MODA                                    ,004 - SOBRETODOS                              ,002 - TEJIDO PLANO                            ,34314201,CHAQUETA MANGA LARGA TP LARGO PRETINA LA,001 - PRODUCCION INTERNA TELA NACIONALIZADA
004 - ABRIL                                   , ,013 - 2ABR1                                   ,003 - YOYO                                    ,008 - MODA                                    ,004 - SOBRETODOS                              ,001 - TEJIDO PUNTO                            ,34322205,BUZO ML TP ELASTICO CON ELASTICO DECOR,001 - PRODUCCION INTERNA TELA NACIONALIZADA
004 - ABRIL                                   , ,014 - 2ABR2                                   ,003 - YOYO                                    ,008 - MODA                                    ,004 - SOBRETODOS                              ,999 - NO APLICA                               ,34323705,BUZO ABIERTO TP CAPUCHA BORDADA,001 - PRODUCCION INTERNA TELA NACIONALIZADA
004 - ABRIL                                   , ,016 - 2ABR4                                   ,003 - YOYO                                    ,008 - MODA                                    ,004 - SOBRETODOS                              ,001 - TEJIDO PUNTO                            ,34324205,BUZO ABIERTO TP CON BOLSILLOS,001 - PRODUCCION INTERNA TELA NACIONALIZADA
010 - OCTUBRE                                 , ,,003 - YOYO                                    ,008 - MODA                                    ,002 - BLUSA-CAMISA,999 - NO APLICA                               ,32179204,BLUSA MC TP CON DETALLE EN HOMBROS,001 - PRODUCCION INTERNA TELA NACIONALIZADA
004 - ABRIL                                   , ,013 - 2ABR1                                   ,003 - YOYO                                    ,008 - MODA                                    ,008 - PANTALONES                              ,001 - TEJIDO PUNTO                            ,38096217,PANTALON TIRO ALTO TP CON BOLSILLOS EN C,001 - PRODUCCION INTERNA TELA NACIONALIZADA
005 - MAYO                                    , ,018 - 2MAY2                                   ,003 - YOYO                                    ,008 - MODA                                    ,010 - PRENDAS DE MODA                         ,001 - TEJIDO PUNTO                            ,38096719,VESTIDO MC CORTO CUELLO TIPO POLO,001 - PRODUCCION INTERNA TELA NACIONALIZADA
005 - MAYO                                    , ,017 - 2MAY1                                   ,003 - YOYO                                    ,008 - MODA                                    ,010 - PRENDAS DE MODA                         ,001 - TEJIDO PUNTO                            ,38097719,VESTIDO MC TP CORTO CON ESTAMPADO,001 - PRODUCCION INTERNA TELA NACIONALIZADA
007 - JULIO                                   , ,026 - 3JUL2                                   ,003 - YOYO                                    ,003 - OPORTUNIDADES                           ,000 - JEANS                                   ,005 - DENIM                                   ,YY0000494,RETROMOM TIRO ALTO LAV MEDIO,001 - PRODUCCION INTERNA TELA NACIONALIZADA
004 - ABRIL                                   , ,014 - 2ABR2                                   ,003 - YOYO                                    ,008 - MODA                                    ,008 - PANTALONES                              ,002 - TEJIDO PLANO                            ,38090717,PANTALON TP TIRO ALTO BOLSILLOS EN COSTA,001 - PRODUCCION INTERNA TELA NACIONALIZADA
011 - NOVIEMBRE                               , ,,003 - YOYO                                    ,008 - MODA                                    ,010 - PRENDAS DE MODA                         ,999 - NO APLICA                               ,38394701,FALDA TIRO ALTO TP CON SHORT INTERNO Y A,
008 - AGOSTO                                  , ,031 - 3AGO3                                   ,003 - YOYO                                    ,008 - MODA                                    ,016 - TOP -BODY                               ,001 - TEJIDO PUNTO                            ,YY0000489,TOP MANGA SISA EN CONTRASTE,001 - PRODUCCION INTERNA TELA NACIONALIZADA
008 - AGOSTO                                  ,07-JULIO,031 - 3AGO3                                   ,003 - YOYO                                    ,008 - MODA                                    ,016 - TOP -BODY                               ,001 - TEJIDO PUNTO                            ,YY0000490,BODY MANGA SISA COSTILLERO,001 - PRODUCCION INTERNA TELA NACIONALIZADA
008 - AGOSTO                                  , ,,003 - YOYO                                    ,008 - MODA                                    ,,001 - TEJIDO PUNTO                            ,MY0000831,VESTIDO MANGA SISA CON DETALLE EN FRETE,
009 - SEPTIEMBRE                              , ,034 - 3SEP2                                   ,003 - YOYO                                    ,008 - MODA                                    ,001 - CAMISETA                                ,001 - TEJIDO PUNTO                            ,YY0000832,CAMISETA MANGA CORTA ESTAMPADA FRE Y ESP,001 - PRODUCCION INTERNA TELA NACIONALIZADA
009 - SEPTIEMBRE                              , ,035 - 3SEP3                                   ,003 - YOYO                                    ,008 - MODA                                    ,016 - TOP -BODY                               ,001 - TEJIDO PUNTO                            ,YY0000834,TOP MANGA SISA AMARRE EN FRENTE,001 - PRODUCCION INTERNA TELA NACIONALIZADA
009 - SEPTIEMBRE                              , ,033 - 3SEP1                                   ,003 - YOYO                                    ,008 - MODA                                    ,010 - PRENDAS DE MODA                         ,001 - TEJIDO PUNTO                            ,MY0000841,VESTIDO TIRAS CON CORTES  CORTO,001 - PRODUCCION INTERNA TELA NACIONALIZADA
009 - SEPTIEMBRE                              , ,033 - 3SEP1                                   ,003 - YOYO                                    ,008 - MODA                                    ,002 - BLUSA-CAMISA,002 - TEJIDO PLANO                            ,YY0000842,BLUSA MANGA SISA CON CIERRE EN FRENTE,001 - PRODUCCION INTERNA TELA NACIONALIZADA
009 - SEPTIEMBRE                              ,08-AGOSTO,033 - 3SEP1                                   ,003 - YOYO                                    ,003 - OPORTUNIDADES                           ,001 - CAMISETA                                ,001 - TEJIDO PUNTO                            ,YY0000843,TSHIRT MANGA CORTA  ESTAMPADA OPORT,001 - PRODUCCION INTERNA TELA NACIONALIZADA
009 - SEPTIEMBRE                              , ,,003 - YOYO                                    ,003 - OPORTUNIDADES                           ,,001 - TEJIDO PUNTO                            ,MY0000844,C,
009 - SEPTIEMBRE                              , ,033 - 3SEP1                                   ,003 - YOYO                                    ,008 - MODA                                    ,016 - TOP -BODY                               ,001 - TEJIDO PUNTO                            ,YY0000845,TOP MANGA CORTA EN MALLA CON TOP INTERNO,001 - PRODUCCION INTERNA TELA NACIONALIZADA
009 - SEPTIEMBRE                              ,08-AGOSTO,033 - 3SEP1                                   ,003 - YOYO                                    ,008 - MODA                                    ,001 - CAMISETA                                ,001 - TEJIDO PUNTO                            ,YY0000846,CAMISETA MANGA CORTA EN PUNTA ESTAM,001 - PRODUCCION INTERNA TELA NACIONALIZADA
009 - SEPTIEMBRE                              , ,033 - 3SEP1                                   ,003 - YOYO                                    ,008 - MODA                                    ,016 - TOP -BODY                               ,001 - TEJIDO PUNTO                            ,MY0000847,TOP SIN HOMBROS AJUSTADA,001 - PRODUCCION INTERNA TELA NACIONALIZADA
008 - AGOSTO                                  , ,031 - 3AGO3                                   ,003 - YOYO                                    ,008 - MODA                                    ,010 - PRENDAS DE MODA                         ,002 - TEJIDO PLANO                            ,YY0000848,VESTIDO TIRAS CON ABERTURAS EN CINTURA,001 - PRODUCCION INTERNA TELA NACIONALIZADA
009 - SEPTIEMBRE                              , ,033 - 3SEP1                                   ,003 - YOYO                                    ,008 - MODA                                    ,016 - TOP -BODY                               ,001 - TEJIDO PUNTO                            ,MY0000849,TOP TIRAS EN MALLA AJUSTADA,001 - PRODUCCION INTERNA TELA NACIONALIZADA
009 - SEPTIEMBRE                              , ,033 - 3SEP1                                   ,003 - YOYO                                    ,008 - MODA                                    ,016 - TOP -BODY                               ,002 - TEJIDO PLANO                            ,YY0000850,TOP MANGA LARGA CON BOTONES FRENTE,001 - PRODUCCION INTERNA TELA NACIONALIZADA
009 - SEPTIEMBRE                              ,08-AGOSTO,033 - 3SEP1                                   ,003 - YOYO                                    ,008 - MODA                                    ,016 - TOP -BODY                               ,001 - TEJIDO PUNTO                            ,MY0000851,BODY MANGA LARGA CUELLO ASIMETRICO,001 - PRODUCCION INTERNA TELA NACIONALIZADA
009 - SEPTIEMBRE                              , ,033 - 3SEP1                                   ,003 - YOYO                                    ,008 - MODA                                    ,008 - PANTALONES                              ,002 - TEJIDO PLANO                            ,MY0000852,PANTALON DE MODA  BOLSILLOS EN COSTADO,001 - PRODUCCION INTERNA TELA NACIONALIZADA
010 - OCTUBRE                                 , ,037 - 4OCT1                                   ,003 - YOYO                                    ,008 - MODA                                    ,004 - SOBRETODOS                              ,002 - TEJIDO PLANO                            ,MY0000857,CHAQUETA MANGA LARGA,003 - COMPRADO IMPORTADO                      
010 - OCTUBRE                                 ,09-SEPTIEMBRE,037 - 4OCT1                                   ,003 - YOYO                                    ,008 - MODA                                    ,002 - BLUSA-CAMISA,002 - TEJIDO PLANO                            ,MY0000858,BLUSA TIRAS CON RUEDO ASIMETRICO,001 - PRODUCCION INTERNA TELA NACIONALIZADA
010 - OCTUBRE                                 ,09-SEPTIEMBRE,037 - 4OCT1                                   ,003 - YOYO                                    ,004 - ESENCIAL MODA                           ,001 - CAMISETA                                ,001 - TEJIDO PUNTO                            ,MY0000859,T-SHIRT MANGA CORTA ESENCIAL ESTAMPADA,001 - PRODUCCION INTERNA TELA NACIONALIZADA
010 - OCTUBRE                                 ,09-SEPTIEMBRE,037 - 4OCT1                                   ,003 - YOYO                                    ,008 - MODA                                    ,001 - CAMISETA                                ,001 - TEJIDO PUNTO                            ,YY0000860,CAMISETA MANGA CORTA SESGOS CONTRASTE,001 - PRODUCCION INTERNA TELA NACIONALIZADA
010 - OCTUBRE                                 ,09-SEPTIEMBRE,037 - 4OCT1                                   ,003 - YOYO                                    ,008 - MODA                                    ,016 - TOP -BODY                               ,001 - TEJIDO PUNTO                            ,MY0000861,BODY MANGA CORTA CON TOP INTERNO EST,001 - PRODUCCION INTERNA TELA NACIONALIZADA
010 - OCTUBRE                                 ,09-SEPTIEMBRE,037 - 4OCT1                                   ,003 - YOYO                                    ,008 - MODA                                    ,016 - TOP -BODY                               ,001 - TEJIDO PUNTO                            ,MY0000862,TOP MANGA SISA ASIMETRICO EST FRENTE,001 - PRODUCCION INTERNA TELA NACIONALIZADA
010 - OCTUBRE                                 , ,,003 - YOYO                                    ,008 - MODA                                    ,,001 - TEJIDO PUNTO                            ,MY0000863,TOP TIRAS,
006 - JUNIO                                   , ,021 - 2JUN1                                   ,003 - YOYO                                    ,008 - MODA                                    ,010 - PRENDAS DE MODA                         ,001 - TEJIDO PUNTO                            ,38098219,VESTIDO MC TP CORTO CUELLO REDONDO Y EST,001 - PRODUCCION INTERNA TELA NACIONALIZADA
010 - OCTUBRE                                 ,09-SEPTIEMBRE,038 - 4OCT2                                   ,003 - YOYO                                    ,008 - MODA                                    ,016 - TOP -BODY                               ,001 - TEJIDO PUNTO                            ,MY0000994,BODY MANGA CORTA ASIMETRICO,001 - PRODUCCION INTERNA TELA NACIONALIZADA
004 - ABRIL                                   , ,,003 - YOYO                                    ,008 - MODA                                    ,010 - PRENDAS DE MODA                         ,002 - TEJIDO PLANO                            ,30079223,FALDA TIRO MEDIO TP LAV VERDE CAMUFLADO,
004 - ABRIL                                   , ,,003 - YOYO                                    ,008 - MODA                                    ,003 - CORTOS                                  ,005 - DENIM                                   ,30769233,SHORT TIRO ALTO TP LAV CLARO,
012 - DICIEMBRE                               , ,,003 - YOYO                                    ,008 - MODA                                    ,001 - CAMISETA                                ,001 - TEJIDO PUNTO                            ,31844714,CAMISETA MC TP CON SESGOS Y DOBLE PRENDA,
011 - NOVIEMBRE                               , ,041 - 4NOV1                                   ,003 - YOYO                                    ,008 - MODA                                    ,001 - CAMISETA                                ,001 - TEJIDO PUNTO                            ,MY0004427,CAMISETA MANGA CORTA CROP,001 - PRODUCCION INTERNA TELA NACIONALIZADA
011 - NOVIEMBRE                               , ,044 - 4NOV4                                   ,003 - YOYO                                    ,008 - MODA                                    ,016 - TOP -BODY                               ,001 - TEJIDO PUNTO                            ,MY0004694,TOP TIRAS AMARRE EN ESPALDA,
010 - OCTUBRE                                 ,09-SEPTIEMBRE,037 - 4OCT1                                   ,003 - YOYO                                    ,008 - MODA                                    ,010 - PRENDAS DE MODA                         ,002 - TEJIDO PLANO                            ,MY0000813,FALDA CON SHORT INT TIRO BAJO TONO VERDE,001 - PRODUCCION INTERNA TELA NACIONALIZADA
009 - SEPTIEMBRE                              , ,035 - 3SEP3                                   ,003 - YOYO                                    ,008 - MODA                                    ,008 - PANTALONES                              ,002 - TEJIDO PLANO                            ,YY0000814,RETROMOM TIRO ALTO LAV MARFIL,001 - PRODUCCION INTERNA TELA NACIONALIZADA
009 - SEPTIEMBRE                              ,08-AGOSTO,035 - 3SEP3                                   ,003 - YOYO                                    ,008 - MODA                                    ,000 - JEANS                                   ,005 - DENIM                                   ,YY0000815,MOMJEAN TIRO ALTO LAV MEDIO,001 - PRODUCCION INTERNA TELA NACIONALIZADA
009 - SEPTIEMBRE                              , ,035 - 3SEP3                                   ,003 - YOYO                                    ,008 - MODA                                    ,003 - CORTOS                                  ,005 - DENIM                                   ,YY0000816,FALDA  TIRO ALTO LAV MEDIO,001 - PRODUCCION INTERNA TELA NACIONALIZADA
009 - SEPTIEMBRE                              , ,034 - 3SEP2                                   ,003 - YOYO                                    ,008 - MODA                                    ,000 - JEANS                                   ,005 - DENIM                                   ,YY0000817,CARGO TIRO BAJO LAV MEDIO,001 - PRODUCCION INTERNA TELA NACIONALIZADA
009 - SEPTIEMBRE                              ,08-AGOSTO,034 - 3SEP2                                   ,003 - YOYO                                    ,008 - MODA                                    ,000 - JEANS                                   ,005 - DENIM                                   ,MY0000818,MAXIRETRO TIRO MEDIO LAV NEGRO GRIS,001 - PRODUCCION INTERNA TELA NACIONALIZADA
009 - SEPTIEMBRE                              , ,033 - 3SEP1                                   ,003 - YOYO                                    ,008 - MODA                                    ,008 - PANTALONES                              ,002 - TEJIDO PLANO                            ,MY0000819,RETROMOM TIRO ALTO COLOR  ROSA,001 - PRODUCCION INTERNA TELA NACIONALIZADA
009 - SEPTIEMBRE                              , ,033 - 3SEP1                                   ,003 - YOYO                                    ,008 - MODA                                    ,003 - CORTOS                                  ,005 - DENIM                                   ,MY0000820,SHORT TIRO ALTO LAV CLARO,001 - PRODUCCION INTERNA TELA NACIONALIZADA
009 - SEPTIEMBRE                              , ,033 - 3SEP1                                   ,003 - YOYO                                    ,008 - MODA                                    ,003 - CORTOS                                  ,005 - DENIM                                   ,YY0000821,ySHORT TIRO MEDIO LAV MEDIO OSCURO,001 - PRODUCCION INTERNA TELA NACIONALIZADA
009 - SEPTIEMBRE                              ,08-AGOSTO,033 - 3SEP1                                   ,003 - YOYO                                    ,008 - MODA                                    ,010 - PRENDAS DE MODA                         ,002 - TEJIDO PLANO                            ,YY0000822,OVERALL CORTO LAV MARFIL,001 - PRODUCCION INTERNA TELA NACIONALIZADA
006 - JUNIO                                   , ,021 - 2JUN1                                   ,003 - YOYO                                    ,008 - MODA                                    ,000 - JEANS                                   ,005 - DENIM                                   ,YY0001085,CARGO TIRO MEDIO TP  LAV MEDIO   ,001 - PRODUCCION INTERNA TELA NACIONALIZADA
006 - JUNIO                                   , ,021 - 2JUN1                                   ,003 - YOYO                                    ,008 - MODA                                    ,016 - TOP -BODY                               ,001 - TEJIDO PUNTO                            ,YY0001086,TOP ML TP ESCOTE SEMICUADRADO   ,001 - PRODUCCION INTERNA TELA NACIONALIZADA
006 - JUNIO                                   , ,023 - 2JUN3                                   ,003 - YOYO                                    ,008 - MODA                                    ,002 - BLUSA-CAMISA,002 - TEJIDO PLANO                            ,YY0001087,BLUSA TIRAS TP CON CORTES EN FRENTE    ,001 - PRODUCCION INTERNA TELA NACIONALIZADA
008 - AGOSTO                                  , ,031 - 3AGO3                                   ,003 - YOYO                                    ,008 - MODA                                    ,001 - CAMISETA                                ,001 - TEJIDO PUNTO                            ,YY0000310,CAMISETA MANGA CORTA EN CONTRASTE,001 - PRODUCCION INTERNA TELA NACIONALIZADA
008 - AGOSTO                                  , ,,003 - YOYO                                    ,008 - MODA                                    ,,001 - TEJIDO PUNTO                            ,MY0004492,CAMISETA TIRAS DOBLE PRENDA,
011 - NOVIEMBRE                               , ,043 - 4NOV3                                   ,003 - YOYO                                    ,008 - MODA                                    ,003 - CORTOS                                  ,005 - DENIM                                   ,MY0004521,FALDA TIRO ALTO LAV CLARO,001 - PRODUCCION INTERNA TELA NACIONALIZADA
002 - FEBRERO                                 , ,006 - 1FEB2                                   ,003 - YOYO                                    ,005 - ESENCIAL                                ,016 - TOP -BODY                               ,001 - TEJIDO PUNTO                            ,35001230,BODY PREMIUM MANGA CORTA ESENCIAL,001 - PRODUCCION INTERNA TELA NACIONALIZADA
010 - OCTUBRE                                 , ,037 - 4OCT1                                   ,003 - YOYO                                    ,005 - ESENCIAL                                ,008 - PANTALONES                              ,002 - TEJIDO PLANO                            ,35001241,JOGGER TIRO ALTO  COLOR ESENCIAL,001 - PRODUCCION INTERNA TELA NACIONALIZADA
001 - ENERO                                   , ,002 - 1ENE2                                   ,003 - YOYO                                    ,005 - ESENCIAL                                ,016 - TOP -BODY                               ,001 - TEJIDO PUNTO                            ,35001295,BODY PREMIUM SISA ESENCIAL,001 - PRODUCCION INTERNA TELA NACIONALIZADA
001 - ENERO                                   , ,999 - NO APLICA                               ,003 - YOYO                                    ,005 - ESENCIAL                                ,000 - JEANS                                   ,005 - DENIM                                   ,35002221,TEJANO TIRO ALTO ESENCIAL,001 - PRODUCCION INTERNA TELA NACIONALIZADA
006 - JUNIO                                   , ,021 - 2JUN1                                   ,003 - YOYO                                    ,008 - MODA                                    ,010 - PRENDAS DE MODA                         ,002 - TEJIDO PLANO                            ,30087247,FALDA SHORT TIRO ALTO TP LAV MARFIL,001 - PRODUCCION INTERNA TELA NACIONALIZADA
005 - MAYO                                    , ,017 - 2MAY1                                   ,003 - YOYO                                    ,008 - MODA                                    ,000 - JEANS                                   ,005 - DENIM                                   ,30092222,MOM JEAN TIRO ALTO TP LAV MEDIO OSCURO,001 - PRODUCCION INTERNA TELA NACIONALIZADA
006 - JUNIO                                   , ,022 - 2JUN2                                   ,003 - YOYO                                    ,008 - MODA                                    ,000 - JEANS                                   ,005 - DENIM                                   ,30093222,MOM JEAN TIRO ALTO TP LAV NEGRO,001 - PRODUCCION INTERNA TELA NACIONALIZADA
004 - ABRIL                                   , ,015 - 2ABR3                                   ,003 - YOYO                                    ,008 - MODA                                    ,000 - JEANS                                   ,005 - DENIM                                   ,30108234,CARGO TIRO ALTO TP LAV NEGRO,001 - PRODUCCION INTERNA TELA NACIONALIZADA
005 - MAYO                                    , ,017 - 2MAY1                                   ,003 - YOYO                                    ,008 - MODA                                    ,008 - PANTALONES                              ,002 - TEJIDO PLANO                            ,30124234,PANTALON CARGO TIRO ALTO TP LAVADO COLOR,001 - PRODUCCION INTERNA TELA NACIONALIZADA
010 - OCTUBRE                                 , ,040 - 4OCT4                                   ,003 - YOYO                                    ,003 - OPORTUNIDADES                           ,001 - CAMISETA                                ,001 - TEJIDO PUNTO                            ,MY0004488,TSHIRT MANGA CORTA  ESTAMPADA OPORT,001 - PRODUCCION INTERNA TELA NACIONALIZADA
008 - AGOSTO                                  ,07-JULIO,029 - 3AGO1                                   ,003 - YOYO                                    ,008 - MODA                                    ,001 - CAMISETA                                ,001 - TEJIDO PUNTO                            ,YY0000715,T-SHIRT MANGA CORTA ESTAMPADA OVERSIZED,001 - PRODUCCION INTERNA TELA NACIONALIZADA
005 - MAYO                                    , ,017 - 2MAY1                                   ,003 - YOYO                                    ,008 - MODA                                    ,003 - CORTOS                                  ,005 - DENIM                                   ,30770233,SHORT T/ALTO TP LAV CLARO CON ROTOS,001 - PRODUCCION INTERNA TELA NACIONALIZADA
005 - MAYO                                    , ,017 - 2MAY1                                   ,003 - YOYO                                    ,008 - MODA                                    ,010 - PRENDAS DE MODA                         ,002 - TEJIDO PLANO                            ,30771233,SHORT TIRO ALTO TP COLOR NEGRO,001 - PRODUCCION INTERNA TELA NACIONALIZADA
005 - MAYO                                    , ,017 - 2MAY1                                   ,003 - YOYO                                    ,008 - MODA                                    ,003 - CORTOS                                  ,005 - DENIM                                   ,30772233,SHORT T/ALTO TP LAV MEDIO BOTA DESFLECAD,001 - PRODUCCION INTERNA TELA NACIONALIZADA
006 - JUNIO                                   , ,023 - 2JUN3                                   ,003 - YOYO                                    ,008 - MODA                                    ,010 - PRENDAS DE MODA                         ,002 - TEJIDO PLANO                            ,30773233,SHORT T/MEDIO TP COLOR MARFIL Y APLIQUE,001 - PRODUCCION INTERNA TELA NACIONALIZADA
002 - FEBRERO                                 , ,006 - 1FEB2                                   ,003 - YOYO                                    ,005 - ESENCIAL                                ,016 - TOP -BODY                               ,001 - TEJIDO PUNTO                            ,35002295,BODY SISA ESTAMPADO EN FRENTE ESENCIAL,001 - PRODUCCION INTERNA TELA NACIONALIZADA
011 - NOVIEMBRE                               , ,044 - 4NOV4                                   ,003 - YOYO                                    ,005 - ESENCIAL                                ,016 - TOP -BODY                               ,001 - TEJIDO PUNTO                            ,35005248,CAMISETA PREMIUM TIRAS ESENCIAL,001 - PRODUCCION INTERNA TELA NACIONALIZADA
003 - MARZO                                   , ,010 - 1MAR2                                   ,003 - YOYO                                    ,005 - ESENCIAL                                ,016 - TOP -BODY                               ,001 - TEJIDO PUNTO                            ,35006252,TOP SISA FONDO ENTERO ESENCIAL,001 - PRODUCCION INTERNA TELA NACIONALIZADA
004 - ABRIL                                   , ,015 - 2ABR3                                   ,003 - YOYO                                    ,008 - MODA                                    ,016 - TOP -BODY                               ,001 - TEJIDO PUNTO                            ,31849714,TOP MC TP CON ABERTURA Y AMARRE EN,001 - PRODUCCION INTERNA TELA NACIONALIZADA
004 - ABRIL                                   , ,015 - 2ABR3                                   ,003 - YOYO                                    ,008 - MODA                                    ,001 - CAMISETA                                ,001 - TEJIDO PUNTO                            ,31871214,CAMISETA T-SHIRT ESTAMPADA OVERSIZED,001 - PRODUCCION INTERNA TELA NACIONALIZADA
011 - NOVIEMBRE                               , ,042 - 4NOV2                                   ,003 - YOYO                                    ,005 - ESENCIAL                                ,000 - JEANS                                   ,005 - DENIM                                   ,35008291,RETROMOM TIRO ALTO  ESENCIAL,001 - PRODUCCION INTERNA TELA NACIONALIZADA
002 - FEBRERO                                 , ,006 - 1FEB2                                   ,003 - YOYO                                    ,005 - ESENCIAL                                ,016 - TOP -BODY                               ,001 - TEJIDO PUNTO                            ,35010252,TOP PREMIUM SISA  ESCOTE ESPALDA ESENCIA,001 - PRODUCCION INTERNA TELA NACIONALIZADA
002 - FEBRERO                                 , ,006 - 1FEB2                                   ,003 - YOYO                                    ,005 - ESENCIAL                                ,000 - JEANS                                   ,005 - DENIM                                   ,35010291,RETROMOM TIRO BAJO BOTA AMPLIA ESENCIAL,001 - PRODUCCION INTERNA TELA NACIONALIZADA
003 - MARZO                                   , ,009 - 1MAR1                                   ,003 - YOYO                                    ,005 - ESENCIAL                                ,000 - JEANS                                   ,005 - DENIM                                   ,35011291,RETROMOM TIRO ALTO ESENCIAL,001 - PRODUCCION INTERNA TELA NACIONALIZADA
011 - NOVIEMBRE                               , ,042 - 4NOV2                                   ,003 - YOYO                                    ,005 - ESENCIAL                                ,004 - SOBRETODOS                              ,005 - DENIM                                   ,35014724,CHAQUETA DENIM ESENCIAL,001 - PRODUCCION INTERNA TELA NACIONALIZADA
011 - NOVIEMBRE                               , ,042 - 4NOV2                                   ,003 - YOYO                                    ,005 - ESENCIAL                                ,011 - ROPA INTERIOR                           ,001 - TEJIDO PUNTO                            ,35016112,TOP TIRAS ESENCIAL,002 - COMPRADO NACIONAL                       
005 - MAYO                                    , ,019 - 2MAY3                                   ,003 - YOYO                                    ,008 - MODA                                    ,001 - CAMISETA                                ,001 - TEJIDO PUNTO                            ,31895714,CAMISETA MC TP COLOMBIA CON HILADILLA EN,001 - PRODUCCION INTERNA TELA NACIONALIZADA
006 - JUNIO                                   , ,021 - 2JUN1                                   ,003 - YOYO                                    ,008 - MODA                                    ,001 - CAMISETA                                ,001 - TEJIDO PUNTO                            ,31896714,CAMISETA T-SHIRT MC CON ESTAMPADO,001 - PRODUCCION INTERNA TELA NACIONALIZADA
006 - JUNIO                                   , ,023 - 2JUN3                                   ,003 - YOYO                                    ,008 - MODA                                    ,001 - CAMISETA                                ,001 - TEJIDO PUNTO                            ,31897714,CAMISETA MC TP CON COSTURAS EXPUESTAS,001 - PRODUCCION INTERNA TELA NACIONALIZADA
012 - DICIEMBRE                               , ,047 - 4DIC3                                   ,003 - YOYO                                    ,005 - ESENCIAL                                ,001 - CAMISETA                                ,001 - TEJIDO PUNTO                            ,35023249,CAMISETA MANGA CORTA FONDO ENTERO ESENCI,001 - PRODUCCION INTERNA TELA NACIONALIZADA
002 - FEBRERO                                 , ,006 - 1FEB2                                   ,003 - YOYO                                    ,005 - ESENCIAL                                ,001 - CAMISETA                                ,001 - TEJIDO PUNTO                            ,35051249,CAMISETA MANGA CORTA ESCOTE V ESENCIAL,001 - PRODUCCION INTERNA TELA NACIONALIZADA
002 - FEBRERO                                 , ,006 - 1FEB2                                   ,003 - YOYO                                    ,005 - ESENCIAL                                ,001 - CAMISETA                                ,001 - TEJIDO PUNTO                            ,35052249,CAMISETA T-SHIRT OVERSIZED ESENCIAL,001 - PRODUCCION INTERNA TELA NACIONALIZADA
011 - NOVIEMBRE                               , ,042 - 4NOV2                                   ,003 - YOYO                                    ,005 - ESENCIAL                                ,000 - JEANS                                   ,005 - DENIM                                   ,35054202,COOL DESCADERADO ESENCIAL,001 - PRODUCCION INTERNA TELA NACIONALIZADA
002 - FEBRERO                                 , ,042 - 4NOV2                                   ,003 - YOYO                                    ,005 - ESENCIAL                                ,001 - CAMISETA                                ,001 - TEJIDO PUNTO                            ,35054249,CAMISETA  POLO MANGA CORTA ESENCIAL,001 - PRODUCCION INTERNA TELA NACIONALIZADA
002 - FEBRERO                                 , ,999 - NO APLICA                               ,003 - YOYO                                    ,005 - ESENCIAL                                ,004 - SOBRETODOS                              ,005 - DENIM                                   ,35015224,CHAQUETA ML TP LAV CLARO ESENCIALES,001 - PRODUCCION INTERNA TELA NACIONALIZADA
010 - OCTUBRE                                 , ,039 - 4OCT3                                   ,003 - YOYO                                    ,008 - MODA                                    ,004 - SOBRETODOS                              ,001 - TEJIDO PUNTO                            ,MY0004405,BUZO CERRADO CON CHOMPA Y SESGOS,001 - PRODUCCION INTERNA TELA NACIONALIZADA
010 - OCTUBRE                                 , ,,003 - YOYO                                    ,008 - MODA                                    ,,001 - TEJIDO PUNTO                            ,MY0004406,BLUSA MANGA CORTA CROP,
010 - OCTUBRE                                 ,09-SEPTIEMBRE,039 - 4OCT3                                   ,003 - YOYO                                    ,008 - MODA                                    ,001 - CAMISETA                                ,001 - TEJIDO PUNTO                            ,MY0004407,CAMISETA MANGA CORTA A RAYAS,001 - PRODUCCION INTERNA TELA NACIONALIZADA
010 - OCTUBRE                                 , ,,003 - YOYO                                    ,008 - MODA                                    ,,001 - TEJIDO PUNTO                            ,PLANTILLA-INFERIOR SIN SILUETA,SHORT-FALDA-BERMUDA-FALDA SHORT,
010 - OCTUBRE                                 , ,,003 - YOYO                                    ,008 - MODA                                    ,001 - CAMISETA                                ,001 - TEJIDO PUNTO                            ,X31104715,CAMISETA ML TEEN PLUS DOBLE PRENDA,
004 - ABRIL                                   , ,,003 - YOYO                                    ,008 - MODA                                    ,001 - CAMISETA                                ,001 - TEJIDO PUNTO                            ,31880714,CAMISETA MC TP CON CIERRE DOBLE CABEZA F,
005 - MAYO                                    , ,,003 - YOYO                                    ,008 - MODA                                    ,001 - CAMISETA                                ,999 - NO APLICA                               ,31881714,CAMISETA MC TP CON ESTAMPADO EN FRENTE,001 - PRODUCCION INTERNA TELA NACIONALIZADA
005 - MAYO                                    , ,,003 - YOYO                                    ,008 - MODA                                    ,,999 - NO APLICA                               ,MY0004842,CAMISETA MANGA CORTA CON PERILLA,
005 - MAYO                                    , ,018 - 2MAY2                                   ,003 - YOYO                                    ,008 - MODA                                    ,004 - SOBRETODOS                              ,001 - TEJIDO PUNTO                            ,34320705,CHOMPA ML TP ESTAMPADO EN FRENTE Y ESPAL,001 - PRODUCCION INTERNA TELA NACIONALIZADA
004 - ABRIL                                   , ,,003 - YOYO                                    ,008 - MODA                                    ,001 - CAMISETA                                ,001 - TEJIDO PUNTO                            ,31891714,CAMISETA MC TP ESTAMPADA OVERSIZED,
005 - MAYO                                    , ,,003 - YOYO                                    ,008 - MODA                                    ,002 - BLUSA-CAMISA,002 - TEJIDO PLANO                            ,32044203,BLUSA MS TP CON CIERRE EN FRENTE,001 - PRODUCCION INTERNA TELA NACIONALIZADA
004 - ABRIL                                   , ,,003 - YOYO                                    ,003 - OPORTUNIDADES                           ,001 - CAMISETA                                ,001 - TEJIDO PUNTO                            ,33179253,CAMISETA MC TP CON FRENTE ESTAMPADO OPOR,
006 - JUNIO                                   , ,023 - 2JUN3                                   ,003 - YOYO                                    ,008 - MODA                                    ,004 - SOBRETODOS                              ,001 - TEJIDO PUNTO                            ,34241704,BUZO ML TP CON ESTAMPADO EN FRENTE Y ESP,001 - PRODUCCION INTERNA TELA NACIONALIZADA
006 - JUNIO                                   , ,021 - 2JUN1                                   ,003 - YOYO                                    ,008 - MODA                                    ,002 - BLUSA-CAMISA,002 - TEJIDO PLANO                            ,32190204,BLUSA MC TP STRAPPLE,001 - PRODUCCION INTERNA TELA NACIONALIZADA
006 - JUNIO                                   , ,,003 - YOYO                                    ,008 - MODA                                    ,,002 - TEJIDO PLANO                            ,31905714,CAMISETA MC TP ESTAMPADA OVERSIZED,
006 - JUNIO                                   , ,,003 - YOYO                                    ,008 - MODA                                    ,,002 - TEJIDO PLANO                            ,31904714,CAMISETA MC TP ESTAMPADO EN FRENTE,
006 - JUNIO                                   , ,021 - 2JUN1                                   ,003 - YOYO                                    ,008 - MODA                                    ,000 - JEANS                                   ,005 - DENIM                                   ,30127234,CARGO TIRO MEDIO TP LAV CLARO,001 - PRODUCCION INTERNA TELA NACIONALIZADA
004 - ABRIL                                   , ,015 - 2ABR3                                   ,003 - YOYO                                    ,008 - MODA                                    ,001 - CAMISETA                                ,001 - TEJIDO PUNTO                            ,B31871214,CAMISETA T-SHIRT ESTAMPADA OVERSIZED,001 - PRODUCCION INTERNA TELA NACIONALIZADA
004 - ABRIL                                   , ,015 - 2ABR3                                   ,003 - YOYO                                    ,008 - MODA                                    ,000 - JEANS                                   ,005 - DENIM                                   ,X30168256,RETROMOM TIRO ALTO TP COLOR NEGRO,001 - PRODUCCION INTERNA TELA NACIONALIZADA
005 - MAYO                                    , ,019 - 2MAY3                                   ,003 - YOYO                                    ,008 - MODA                                    ,010 - PRENDAS DE MODA                         ,001 - TEJIDO PUNTO                            ,YY0001073,VESTIDO MC TEEN PLUS DOBLE PRENDA CORTO,001 - PRODUCCION INTERNA TELA NACIONALIZADA
005 - MAYO                                    , ,,003 - YOYO                                    ,008 - MODA                                    ,,001 - TEJIDO PUNTO                            ,PLANTILLA-RETROMOM NEGRO,RETROMOM DENIM,
005 - MAYO                                    , ,,003 - YOYO                                    ,008 - MODA                                    ,,001 - TEJIDO PUNTO                            ,PLANTILLA-RETROMOM DENIM,RETROMOM DENIM,
005 - MAYO                                    , ,,003 - YOYO                                    ,008 - MODA                                    ,,001 - TEJIDO PUNTO                            ,PLANTILLA-MOMJEANS,MOMJEANS,
005 - MAYO                                    , ,,003 - YOYO                                    ,008 - MODA                                    ,,001 - TEJIDO PUNTO                            ,350021411,JOGGER TIRO ALTO TEEN COLOR ESENCIALES,
004 - ABRIL                                   , ,015 - 2ABR3                                   ,003 - YOYO                                    ,008 - MODA                                    ,003 - CORTOS                                  ,005 - DENIM                                   ,MY0004397,FALDA TIRO MEDIO TP LAV MEDIO OSCURO,001 - PRODUCCION INTERNA TELA NACIONALIZADA
005 - MAYO                                    , ,019 - 2MAY3                                   ,003 - YOYO                                    ,009 - CONSCIENTE,001 - CAMISETA                                ,001 - TEJIDO PUNTO                            ,31901214,CAMISETA MC TP ESTAMPADA,002 - COMPRADO NACIONAL                       
011 - NOVIEMBRE                               , ,044 - 4NOV4                                   ,003 - YOYO                                    ,008 - MODA                                    ,010 - PRENDAS DE MODA                         ,001 - TEJIDO PUNTO                            ,MY0004696,FALDA CORTA BRILLOS,
011 - NOVIEMBRE                               , ,044 - 4NOV4                                   ,003 - YOYO                                    ,008 - MODA                                    ,016 - TOP -BODY                               ,001 - TEJIDO PUNTO                            ,MY0004697,BODY MANGA CORTA ESCOTE EN ESPALDA,
011 - NOVIEMBRE                               , ,044 - 4NOV4                                   ,003 - YOYO                                    ,008 - MODA                                    ,016 - TOP -BODY                               ,001 - TEJIDO PUNTO                            ,MY0004698,BODY MANGA CORTA ESCOTE EN ESPALDA,
012 - DICIEMBRE                               , ,045 - 4DIC1                                   ,003 - YOYO                                    ,008 - MODA                                    ,016 - TOP -BODY                               ,001 - TEJIDO PUNTO                            ,MY0004717,TOP MANGA SISA CUELLO TORTUGA,
012 - DICIEMBRE                               , ,045 - 4DIC1                                   ,003 - YOYO                                    ,008 - MODA                                    ,016 - TOP -BODY                               ,001 - TEJIDO PUNTO                            ,MY0004718,BODY MANGA LARGA TOP INTERNO,
012 - DICIEMBRE                               , ,045 - 4DIC1                                   ,003 - YOYO                                    ,008 - MODA                                    ,008 - PANTALONES                              ,001 - TEJIDO PUNTO                            ,MY0004719,PANTALON MODA AMPLIO,
004 - ABRIL                                   , ,,003 - YOYO                                    ,008 - MODA                                    ,008 - PANTALONES                              ,001 - TEJIDO PUNTO                            ,X38088217,PANTALON TP CON ABERTURA EN LATERAL,
010 - OCTUBRE                                 ,09-SEPTIEMBRE,039 - 4OCT3                                   ,003 - YOYO                                    ,008 - MODA                                    ,001 - CAMISETA                                ,001 - TEJIDO PUNTO                            ,MY0004408,CAMISETA MANGA CORTA A RAYAS,001 - PRODUCCION INTERNA TELA NACIONALIZADA
010 - OCTUBRE                                 , ,039 - 4OCT3                                   ,003 - YOYO                                    ,008 - MODA                                    ,016 - TOP -BODY                               ,001 - TEJIDO PUNTO                            ,MY0004409,TOP SIN HOMBROS PRETINA,001 - PRODUCCION INTERNA TELA NACIONALIZADA
010 - OCTUBRE                                 , ,,003 - YOYO                                    ,008 - MODA                                    ,,001 - TEJIDO PUNTO                            ,MY0004369,BODY TIRAS TP ESCOTE ESPALDA,
010 - OCTUBRE                                 , ,,003 - YOYO                                    ,008 - MODA                                    ,,001 - TEJIDO PUNTO                            ,PLANTILLA SUPERIOR YOYO,SUPERIOR YOYO,
010 - OCTUBRE                                 , ,,003 - YOYO                                    ,009 - CONSCIENTE,,001 - TEJIDO PUNTO                            ,41063214,CAMISETA MC TP EN RAYAS CON FRENTE ESTAM,
011 - NOVIEMBRE                               , ,042 - 4NOV2                                   ,003 - YOYO                                    ,008 - MODA                                    ,016 - TOP -BODY                               ,001 - TEJIDO PUNTO                            ,MY0004436,TOP MANGA LARGA ESCOTE ABIERTO,001 - PRODUCCION INTERNA TELA NACIONALIZADA
011 - NOVIEMBRE                               , ,042 - 4NOV2                                   ,003 - YOYO                                    ,008 - MODA                                    ,008 - PANTALONES                              ,001 - TEJIDO PUNTO                            ,MY0004437,PANTALON MODA,001 - PRODUCCION INTERNA TELA NACIONALIZADA
011 - NOVIEMBRE                               , ,042 - 4NOV2                                   ,003 - YOYO                                    ,008 - MODA                                    ,010 - PRENDAS DE MODA                         ,001 - TEJIDO PUNTO                            ,MY0004438,VESTIDO MAGA SISA,001 - PRODUCCION INTERNA TELA NACIONALIZADA
011 - NOVIEMBRE                               , ,042 - 4NOV2                                   ,003 - YOYO                                    ,004 - ESENCIAL MODA                           ,001 - CAMISETA                                ,001 - TEJIDO PUNTO                            ,MY0004439,T SHIRT MANGA CORTA ESENCIAL ESTAMPADA,001 - PRODUCCION INTERNA TELA NACIONALIZADA
011 - NOVIEMBRE                               , ,042 - 4NOV2                                   ,003 - YOYO                                    ,004 - ESENCIAL MODA                           ,001 - CAMISETA                                ,001 - TEJIDO PUNTO                            ,MY0004440,T SHIRT MANGA CORTA ESENCIAL ESTAMPADA,001 - PRODUCCION INTERNA TELA NACIONALIZADA
006 - JUNIO                                   , ,024 - 2JUN4                                   ,003 - YOYO                                    ,009 - CONSCIENTE,001 - CAMISETA                                ,001 - TEJIDO PUNTO                            ,41062214,CAMISETA MC TP CON RECOGIDO EN COSTADOS,
009 - SEPTIEMBRE                              , ,034 - 3SEP2                                   ,003 - YOYO                                    ,008 - MODA                                    ,004 - SOBRETODOS                              ,001 - TEJIDO PUNTO                            ,0004349,BUZO ABIERTO CON  BOTONES CORAZÓN,
009 - SEPTIEMBRE                              , ,033 - 3SEP1                                   ,003 - YOYO                                    ,008 - MODA                                    ,010 - PRENDAS DE MODA                         ,002 - TEJIDO PLANO                            ,YY0004393,BERMUDA TIRO MEDIO COLOR NEGRO,001 - PRODUCCION INTERNA TELA NACIONALIZADA
007 - JULIO                                   , ,026 - 3JUL2                                   ,003 - YOYO                                    ,008 - MODA                                    ,000 - JEANS                                   ,005 - DENIM                                   ,YY0004394,RETROMOM TIRO ALTO LAV NEGRO OSCURO,001 - PRODUCCION INTERNA TELA NACIONALIZADA
007 - JULIO                                   , ,,003 - YOYO                                    ,008 - MODA                                    ,,005 - DENIM                                   ,MY0004395,DENIM,
011 - NOVIEMBRE                               , ,042 - 4NOV2                                   ,003 - YOYO                                    ,008 - MODA                                    ,010 - PRENDAS DE MODA                         ,002 - TEJIDO PLANO                            ,MY0004511,FALDA TIRO MEDIO COLOR CAFE OSCURO EST,001 - PRODUCCION INTERNA TELA NACIONALIZADA
011 - NOVIEMBRE                               , ,042 - 4NOV2                                   ,003 - YOYO                                    ,008 - MODA                                    ,004 - SOBRETODOS                              ,001 - TEJIDO PUNTO                            ,MY0004429,BUZO MANGA LARGA ESTAMPADO EN ESPALDA,001 - PRODUCCION INTERNA TELA NACIONALIZADA
011 - NOVIEMBRE                               , ,042 - 4NOV2                                   ,003 - YOYO                                    ,008 - MODA                                    ,002 - BLUSA-CAMISA,001 - TEJIDO PUNTO                            ,MY0004430,BLUSA MANGA CORTA CON CHOMPA,001 - PRODUCCION INTERNA TELA NACIONALIZADA
011 - NOVIEMBRE                               , ,,003 - YOYO                                    ,008 - MODA                                    ,,001 - TEJIDO PUNTO                            ,MY0004431,BLUSA MANGA SISA CON CIERRE,
011 - NOVIEMBRE                               , ,042 - 4NOV2                                   ,003 - YOYO                                    ,008 - MODA                                    ,001 - CAMISETA                                ,001 - TEJIDO PUNTO                            ,MY0004432,CAMISETA MANGA CORTA CON OJALETES,001 - PRODUCCION INTERNA TELA NACIONALIZADA
011 - NOVIEMBRE                               , ,042 - 4NOV2                                   ,003 - YOYO                                    ,008 - MODA                                    ,016 - TOP -BODY                               ,001 - TEJIDO PUNTO                            ,MY0004433,TOP MANGA SISA ASIMETRICO,001 - PRODUCCION INTERNA TELA NACIONALIZADA
011 - NOVIEMBRE                               , ,042 - 4NOV2                                   ,003 - YOYO                                    ,008 - MODA                                    ,016 - TOP -BODY                               ,001 - TEJIDO PUNTO                            ,MY0004434,TOP  MANGA LARGA ESCOTE ASIMETRICO,001 - PRODUCCION INTERNA TELA NACIONALIZADA
011 - NOVIEMBRE                               , ,042 - 4NOV2                                   ,003 - YOYO                                    ,008 - MODA                                    ,001 - CAMISETA                                ,001 - TEJIDO PUNTO                            ,MY0004435,CAMISETA MANGA CORTA EST,001 - PRODUCCION INTERNA TELA NACIONALIZADA
003 - MARZO                                   , ,,003 - YOYO                                    ,008 - MODA                                    ,003 - CORTOS                                  ,005 - DENIM                                   ,X30070247,FALDA SHORT TIRO ALTO TP LAV MEDIO,
004 - ABRIL                                   , ,,003 - YOYO                                    ,008 - MODA                                    ,010 - PRENDAS DE MODA                         ,002 - TEJIDO PLANO                            ,X30052244,OVERALL LARGO TP LAV CLARO,
010 - OCTUBRE                                 ,09-SEPTIEMBRE,040 - 4OCT4                                   ,003 - YOYO                                    ,008 - MODA                                    ,016 - TOP -BODY                               ,001 - TEJIDO PUNTO                            ,MY0004480,CAMISETA MANGA CORTA EN CONTRASTES EST,001 - PRODUCCION INTERNA TELA NACIONALIZADA
010 - OCTUBRE                                 ,09-SEPTIEMBRE,040 - 4OCT4                                   ,003 - YOYO                                    ,008 - MODA                                    ,016 - TOP -BODY                               ,001 - TEJIDO PUNTO                            ,MY0004482,TOP SIN HOMBROS EN RAYAS,001 - PRODUCCION INTERNA TELA NACIONALIZADA
011 - NOVIEMBRE                               , ,043 - 4NOV3                                   ,003 - YOYO                                    ,004 - ESENCIAL MODA                           ,001 - CAMISETA                                ,001 - TEJIDO PUNTO                            ,MY0004671,T-SHIRT MANGA CORTA ESENCIAL MODA,
011 - NOVIEMBRE                               , ,043 - 4NOV3                                   ,003 - YOYO                                    ,008 - MODA                                    ,001 - CAMISETA                                ,001 - TEJIDO PUNTO                            ,MY0004672,T-SHIRT MANGA CORTA OVERSIZED ESTAMPADA,
011 - NOVIEMBRE                               , ,043 - 4NOV3                                   ,003 - YOYO                                    ,008 - MODA                                    ,010 - PRENDAS DE MODA                         ,001 - TEJIDO PUNTO                            ,MY0004673,VESTIDO TIRAS BRILLOS,
011 - NOVIEMBRE                               , ,043 - 4NOV3                                   ,003 - YOYO                                    ,008 - MODA                                    ,010 - PRENDAS DE MODA                         ,001 - TEJIDO PUNTO                            ,MY0004674,VESTIDO MANGA SISA ESCOTE EN ESPALDA,
007 - JULIO                                   , ,,003 - YOYO                                    ,008 - MODA                                    ,010 - PRENDAS DE MODA                         ,999 - NO APLICA                               ,X38088719,VESTIDO MC TP CON ESTMPADO EN FRENTE D,
009 - SEPTIEMBRE                              , ,,003 - YOYO                                    ,008 - MODA                                    ,002 - BLUSA-CAMISA,002 - TEJIDO PLANO                            ,X32052709,BLUSA TIRAS TP PUNTA EN FRENTE,
011 - NOVIEMBRE                               , ,044 - 4NOV4                                   ,003 - YOYO                                    ,008 - MODA                                    ,016 - TOP -BODY                               ,001 - TEJIDO PUNTO                            ,MY0004699,BODY MANGA SISA ELASTICO LUREX EN ESPALD,
011 - NOVIEMBRE                               , ,044 - 4NOV4                                   ,003 - YOYO                                    ,003 - OPORTUNIDADES                           ,001 - CAMISETA                                ,001 - TEJIDO PUNTO                            ,MY0004700,T-SHIRT MANGA CORTA OPORTUNIDADES,
011 - NOVIEMBRE                               , ,044 - 4NOV4                                   ,003 - YOYO                                    ,003 - OPORTUNIDADES                           ,001 - CAMISETA                                ,001 - TEJIDO PUNTO                            ,MY0004701,T-SHIRT MANGA CORTA OPORTUNIDADES,
011 - NOVIEMBRE                               , ,043 - 4NOV3                                   ,003 - YOYO                                    ,008 - MODA                                    ,016 - TOP -BODY                               ,001 - TEJIDO PUNTO                            ,MY0004702,BODY MANGA SISA ASIMETRICO,
011 - NOVIEMBRE                               , ,043 - 4NOV3                                   ,003 - YOYO                                    ,008 - MODA                                    ,001 - CAMISETA                                ,001 - TEJIDO PUNTO                            ,MY0004703,T-SHIRT MANGA CORTA OVERSIZED,
012 - DICIEMBRE                               , ,045 - 4DIC1                                   ,003 - YOYO                                    ,008 - MODA                                    ,010 - PRENDAS DE MODA                         ,001 - TEJIDO PUNTO                            ,MY0004720,VESTIDO MANGA SISA DOBLE PRENDA,
012 - DICIEMBRE                               , ,045 - 4DIC1                                   ,003 - YOYO                                    ,008 - MODA                                    ,010 - PRENDAS DE MODA                         ,001 - TEJIDO PUNTO                            ,MY0004721,VESTIDO MANGA SISA AMARRE EN CUELLO,
012 - DICIEMBRE                               , ,,003 - YOYO                                    ,003 - OPORTUNIDADES                           ,001 - CAMISETA                                ,999 - NO APLICA                               ,X33147753,CAMISETA MC TP PUNTA DE PRECIO,
012 - DICIEMBRE                               , ,046 - 4DIC2                                   ,003 - YOYO                                    ,008 - MODA                                    ,016 - TOP -BODY                               ,001 - TEJIDO PUNTO                            ,MY0004735,BODY MANGA SISA ESPALDA CRUZADA,
012 - DICIEMBRE                               , ,046 - 4DIC2                                   ,003 - YOYO                                    ,008 - MODA                                    ,008 - PANTALONES                              ,001 - TEJIDO PUNTO                            ,MY0004736,PANTALON MODA SESGO CON LUREX,
012 - DICIEMBRE                               , ,046 - 4DIC2                                   ,003 - YOYO                                    ,008 - MODA                                    ,008 - PANTALONES                              ,001 - TEJIDO PUNTO                            ,MY0004737,PANTALON MODA TIRO MEDIO,
012 - DICIEMBRE                               , ,046 - 4DIC2                                   ,003 - YOYO                                    ,008 - MODA                                    ,010 - PRENDAS DE MODA                         ,001 - TEJIDO PUNTO                            ,MY0004738,VESTIDO MANGA CORTA,
012 - DICIEMBRE                               , ,,003 - YOYO                                    ,008 - MODA                                    ,,001 - TEJIDO PUNTO                            ,350011462,PERFECT T/MEDIO NEGRO BASICO,
012 - DICIEMBRE                               , ,,003 - YOYO                                    ,008 - MODA                                    ,,001 - TEJIDO PUNTO                            ,300542471,FALDA SHORT TIRO ALTO TP  CON ABERTURAS,
012 - DICIEMBRE                               , ,,003 - YOYO                                    ,008 - MODA                                    ,,001 - TEJIDO PUNTO                            ,300262241,JOGGER TIRO ALTO TP,
012 - DICIEMBRE                               , ,,003 - YOYO                                    ,008 - MODA                                    ,,001 - TEJIDO PUNTO                            ,330062481,PERFECT T/ALTO TP PINZAS COSTADOS SPECI,
012 - DICIEMBRE                               , ,,003 - YOYO                                    ,008 - MODA                                    ,,001 - TEJIDO PUNTO                            ,300732341,PANTALON CARGO TIRO ALTO TP LAV COLOR,
012 - DICIEMBRE                               , ,,003 - YOYO                                    ,005 - ESENCIAL                                ,008 - PANTALONES                              ,002 - TEJIDO PLANO                            ,35001242,JOGGER TIRO ALTO TP COLOR ESENCIALES,001 - PRODUCCION INTERNA TELA NACIONALIZADA
012 - DICIEMBRE                               , ,,003 - YOYO                                    ,005 - ESENCIAL                                ,,002 - TEJIDO PLANO                            ,330377051,PANTALON TP CON BLOQUES DE COLOR PUNTA,
010 - OCTUBRE                                 , ,039 - 4OCT3                                   ,003 - YOYO                                    ,008 - MODA                                    ,001 - CAMISETA                                ,001 - TEJIDO PUNTO                            ,MY0004410,TSHIRT MANGA CORTA PRETINA,001 - PRODUCCION INTERNA TELA NACIONALIZADA
011 - NOVIEMBRE                               , ,043 - 4NOV3                                   ,003 - YOYO                                    ,008 - MODA                                    ,004 - SOBRETODOS                              ,001 - TEJIDO PUNTO                            ,MY0004675,BUZO ABIERTO CAPUCHA OVERSIZED,
011 - NOVIEMBRE                               , ,043 - 4NOV3                                   ,003 - YOYO                                    ,008 - MODA                                    ,010 - PRENDAS DE MODA                         ,001 - TEJIDO PUNTO                            ,MY0004704,VESTIDO TIRAS LARGO,
011 - NOVIEMBRE                               , ,,003 - YOYO                                    ,008 - MODA                                    ,,001 - TEJIDO PUNTO                            ,MY0004722,M,
012 - DICIEMBRE                               , ,046 - 4DIC2                                   ,003 - YOYO                                    ,008 - MODA                                    ,016 - TOP -BODY                               ,001 - TEJIDO PUNTO                            ,MY0004739,TOP MANGA LARGA EST FRENTE,
010 - OCTUBRE                                 , ,,003 - YOYO                                    ,008 - MODA                                    ,001 - CAMISETA                                ,999 - NO APLICA                               ,X31681114,CAMISETA MC TEEN DOBLE PRENDA ESTAMPADA,
010 - OCTUBRE                                 , ,,003 - YOYO                                    ,008 - MODA                                    ,,999 - NO APLICA                               ,MY0004850,BERMUDA EN DENIM 5 BOLSILLOS CARPINTERO,
012 - DICIEMBRE                               , ,045 - 4DIC1                                   ,003 - YOYO                                    ,008 - MODA                                    ,001 - CAMISETA                                ,001 - TEJIDO PUNTO                            ,MY0004723,CAMISETA MANGA CORTA CUELLO EN CONTRASTE,
012 - DICIEMBRE                               , ,046 - 4DIC2                                   ,003 - YOYO                                    ,003 - OPORTUNIDADES                           ,001 - CAMISETA                                ,001 - TEJIDO PUNTO                            ,MY0004740,T-SHIRT MANGA CORTA OPORTUNIDADES,
012 - DICIEMBRE                               , ,045 - 4DIC1                                   ,003 - YOYO                                    ,004 - ESENCIAL MODA                           ,001 - CAMISETA                                ,001 - TEJIDO PUNTO                            ,MY0004741,T-SHIRT MANGA CORTA ESENCIAL MODA,
012 - DICIEMBRE                               , ,045 - 4DIC1                                   ,003 - YOYO                                    ,008 - MODA                                    ,001 - CAMISETA                                ,001 - TEJIDO PUNTO                            ,MY0004742,CAMISETA MANGA CORTA CUELLO EN CONTRASTE,
012 - DICIEMBRE                               , ,045 - 4DIC1                                   ,003 - YOYO                                    ,008 - MODA                                    ,016 - TOP -BODY                               ,001 - TEJIDO PUNTO                            ,MY0004743,TOP MANGA CORTA ESCOTE ESPALDA,
010 - OCTUBRE                                 , ,040 - 4OCT4                                   ,003 - YOYO                                    ,008 - MODA                                    ,010 - PRENDAS DE MODA                         ,001 - TEJIDO PUNTO                            ,MY0004584,VESTIDO MANGA SISA CONTRASTE,001 - PRODUCCION INTERNA TELA NACIONALIZADA
011 - NOVIEMBRE                               , ,043 - 4NOV3                                   ,003 - YOYO                                    ,008 - MODA                                    ,002 - BLUSA-CAMISA,002 - TEJIDO PLANO                            ,MY0004676,CAMISA MANGA LARGA CUELLO CAMISERO,
011 - NOVIEMBRE                               , ,043 - 4NOV3                                   ,003 - YOYO                                    ,008 - MODA                                    ,002 - BLUSA-CAMISA,002 - TEJIDO PLANO                            ,MY0004677,BLUSA MANGA SISA ASIMETRICA,
011 - NOVIEMBRE                               , ,043 - 4NOV3                                   ,003 - YOYO                                    ,008 - MODA                                    ,001 - CAMISETA                                ,001 - TEJIDO PUNTO                            ,MY0004678,CAMISETA MANGA CORTA RECOGIDO EN FRENTE,
011 - NOVIEMBRE                               , ,043 - 4NOV3                                   ,003 - YOYO                                    ,008 - MODA                                    ,016 - TOP -BODY                               ,001 - TEJIDO PUNTO                            ,MY0004679,TOP MANGA CORTA ESCOTE ASIMETRICO,
010 - OCTUBRE                                 , ,,003 - YOYO                                    ,008 - MODA                                    ,010 - PRENDAS DE MODA                         ,005 - DENIM                                   ,30001145,JARDINERA CORTA TEEN LAV MEDIO CON TULL,
007 - JULIO                                   , ,,003 - YOYO                                    ,008 - MODA                                    ,010 - PRENDAS DE MODA                         ,005 - DENIM                                   ,30001258,ENTERIZO STRAPLESS TEEN PLUS LAV MEDIO,
011 - NOVIEMBRE                               , ,,003 - YOYO                                    ,008 - MODA                                    ,010 - PRENDAS DE MODA                         ,005 - DENIM                                   ,30001260,ENTERIZO MC TEEN PLUS LAV MEDIO,
012 - DICIEMBRE                               , ,,003 - YOYO                                    ,008 - MODA                                    ,000 - JEANS                                   ,005 - DENIM                                   ,30001272,RETROMOM DESCADERADO  TP LAV CLARO,
011 - NOVIEMBRE                               , ,,003 - YOYO                                    ,008 - MODA                                    ,000 - JEANS                                   ,005 - DENIM                                   ,30001276,BLOOM TIRO ALTO TP LAV MEDIO,
012 - DICIEMBRE                               , ,,003 - YOYO                                    ,008 - MODA                                    ,000 - JEANS                                   ,005 - DENIM                                   ,30001277,COOL PREMIUM DESCADERADO TIRO BAJO TP L,
012 - DICIEMBRE                               , ,,003 - YOYO                                    ,008 - MODA                                    ,000 - JEANS                                   ,005 - DENIM                                   ,30001278,PANTALON CARGO DESCADERADO TP NEGRO,
010 - OCTUBRE                                 , ,,003 - YOYO                                    ,008 - MODA                                    ,000 - JEANS                                   ,005 - DENIM                                   ,30001739,PERFECT TIRO MEDIO ZOY LAV OSCURO DETAL,
007 - JULIO                                   , ,,003 - YOYO                                    ,008 - MODA                                    ,000 - JEANS                                   ,005 - DENIM                                   ,30001749,TEJANO PREMIUM TIRO ALTO TP LAV NEGRO,
002 - FEBRERO                                 , ,,003 - YOYO                                    ,008 - MODA                                    ,010 - PRENDAS DE MODA                         ,005 - DENIM                                   ,30001753,FALDA CARGO TIRO ALTO TEEN PLUS LAVADO,
011 - NOVIEMBRE                               , ,,003 - YOYO                                    ,008 - MODA                                    ,010 - PRENDAS DE MODA                         ,005 - DENIM                                   ,30002160,ENTERIZO MC  TEEN COLOR,
012 - DICIEMBRE                               , ,,003 - YOYO                                    ,008 - MODA                                    ,000 - JEANS                                   ,005 - DENIM                                   ,30002272,RETROMOM DESCADERADO TP LAV MEDIO,
007 - JULIO                                   , ,,003 - YOYO                                    ,008 - MODA                                    ,000 - JEANS                                   ,005 - DENIM                                   ,30003249,TEJANO TIRO ALTO TEEN PLUS LAVADO MEDIO,
010 - OCTUBRE                                 , ,039 - 4OCT3                                   ,003 - YOYO                                    ,008 - MODA                                    ,016 - TOP -BODY                               ,001 - TEJIDO PUNTO                            ,MY0004411,BODY MANGA SISA ESCOTE FRENTE Y ESPALDA,001 - PRODUCCION INTERNA TELA NACIONALIZADA
010 - OCTUBRE                                 ,09-SEPTIEMBRE,039 - 4OCT3                                   ,003 - YOYO                                    ,008 - MODA                                    ,001 - CAMISETA                                ,001 - TEJIDO PUNTO                            ,MY0004412,CAMISETA MANGA LARGA CON EST EN MANGAS,001 - PRODUCCION INTERNA TELA NACIONALIZADA
010 - OCTUBRE                                 , ,039 - 4OCT3                                   ,003 - YOYO                                    ,008 - MODA                                    ,010 - PRENDAS DE MODA                         ,001 - TEJIDO PUNTO                            ,MY0004413,PANTALON MODA SESGOS EN COSTADOS,001 - PRODUCCION INTERNA TELA NACIONALIZADA
011 - NOVIEMBRE                               , ,,003 - YOYO                                    ,008 - MODA                                    ,010 - PRENDAS DE MODA                         ,005 - DENIM                                   ,30003260,ENTERIZO MC TP LAV MEDIO,
012 - DICIEMBRE                               , ,,003 - YOYO                                    ,008 - MODA                                    ,000 - JEANS                                   ,005 - DENIM                                   ,30003272,RETROMOM  DESCADERADO TP LAV MEDIO,
001 - ENERO                                   , ,,003 - YOYO                                    ,008 - MODA                                    ,000 - JEANS                                   ,005 - DENIM                                   ,30004124,JOGGER T/ALTO TEEN LAV MEDIO CON CORDÓN,
008 - AGOSTO                                  , ,,003 - YOYO                                    ,008 - MODA                                    ,000 - JEANS                                   ,005 - DENIM                                   ,30004149,TEJANO TIRO  ALTO TEEN LAV COLOR,
010 - OCTUBRE                                 , ,,003 - YOYO                                    ,008 - MODA                                    ,008 - PANTALONES                              ,005 - DENIM                                   ,30004252,MOM RELAX TIRO ALTO TP LAV MEDIO CON AC,
009 - SEPTIEMBRE                              , ,,003 - YOYO                                    ,008 - MODA                                    ,000 - JEANS                                   ,005 - DENIM                                   ,30005249,TEJANO TIRO ALTO TEEN PLUS DE COLOR  BO,
007 - JULIO                                   , ,,003 - YOYO                                    ,008 - MODA                                    ,000 - JEANS                                   ,005 - DENIM                                   ,30006234,CARGO TIRO ALTO TEEN PLUS LAVADO CLARO,
002 - FEBRERO                                 , ,,003 - YOYO                                    ,008 - MODA                                    ,000 - JEANS                                   ,005 - DENIM                                   ,30007242,BAGGY TIRO ALTO TEEN PLUS LAV MEDIO CLA,
011 - NOVIEMBRE                               , ,,003 - YOYO                                    ,008 - MODA                                    ,000 - JEANS                                   ,005 - DENIM                                   ,30007249,TEJANO TIRO ALTO TEEN PLUS LAV MEDIO OS,
004 - ABRIL                                   , ,,003 - YOYO                                    ,008 - MODA                                    ,000 - JEANS                                   ,005 - DENIM                                   ,30008142,BAGGY T/ALTO TEEN COLOR,
011 - NOVIEMBRE                               , ,,003 - YOYO                                    ,008 - MODA                                    ,000 - JEANS                                   ,005 - DENIM                                   ,30008249,TEJANO TIRO ALTO TEEN PLUS  LAV MEDIO O,
011 - NOVIEMBRE                               , ,,003 - YOYO                                    ,008 - MODA                                    ,000 - JEANS                                   ,005 - DENIM                                   ,30009149,TEJANO TIRO MEDIO TEEN LAV CLARO,
012 - DICIEMBRE                               , ,046 - 4DIC2                                   ,003 - YOYO                                    ,008 - MODA                                    ,001 - CAMISETA                                ,001 - TEJIDO PUNTO                            ,MY0004705,T-SHIRT MANGA CORTA OVERSIZED ESTAMPADA,
011 - NOVIEMBRE                               , ,,003 - YOYO                                    ,008 - MODA                                    ,000 - JEANS                                   ,005 - DENIM                                   ,30010149,TEJANO TIRO MEDIO TEEN BOTA CAMPANA,
008 - AGOSTO                                  , ,,003 - YOYO                                    ,008 - MODA                                    ,000 - JEANS                                   ,005 - DENIM                                   ,30010242,BAGGY TIRO ALTO TEEN PLUS LAV CLARO CON,
009 - SEPTIEMBRE                              , ,,003 - YOYO                                    ,008 - MODA                                    ,000 - JEANS                                   ,005 - DENIM                                   ,30011142,BAGGY T/ALTO TEEN COLOR,
012 - DICIEMBRE                               , ,,003 - YOYO                                    ,008 - MODA                                    ,000 - JEANS                                   ,005 - DENIM                                   ,30011234,CARGO TIRO ALTO TEEN PLUS BOTA RECTA,
012 - DICIEMBRE                               , ,,003 - YOYO                                    ,008 - MODA                                    ,000 - JEANS                                   ,005 - DENIM                                   ,30011249,TEJANO TIRO ALTO TP LAV MEDIO,
011 - NOVIEMBRE                               , ,,003 - YOYO                                    ,008 - MODA                                    ,000 - JEANS                                   ,005 - DENIM                                   ,30012142,BAGGY TIRO ALTO TEEN LAV CLARO,
009 - SEPTIEMBRE                              , ,,003 - YOYO                                    ,008 - MODA                                    ,000 - JEANS                                   ,005 - DENIM                                   ,30012234,CARGO TIRO ALTO TEEN PLUS BOTA RECTA,
002 - FEBRERO                                 , ,,003 - YOYO                                    ,008 - MODA                                    ,000 - JEANS                                   ,005 - DENIM                                   ,30012249,TEJANO TIRO ALTO TP LAVADO MEDIO,
012 - DICIEMBRE                               , ,,003 - YOYO                                    ,008 - MODA                                    ,000 - JEANS                                   ,005 - DENIM                                   ,30013142,BAGGY TIRO ALTO TEEN LAV MEDIO OSCURO,
012 - DICIEMBRE                               , ,,003 - YOYO                                    ,008 - MODA                                    ,,005 - DENIM                                   ,30013224,JOGGER TIRO ALTO TEEN PLUS LAVADO MEDIO,
003 - MARZO                                   , ,,003 - YOYO                                    ,008 - MODA                                    ,000 - JEANS                                   ,005 - DENIM                                   ,30013249,TEJANO TIRO ALTO TP LAV NEGRO,
012 - DICIEMBRE                               , ,,003 - YOYO                                    ,008 - MODA                                    ,008 - PANTALONES                              ,005 - DENIM                                   ,30013251,MOM RELAX TIRO ALTO TEEN PLUS LAVADO GR,
003 - MARZO                                   , ,,003 - YOYO                                    ,008 - MODA                                    ,000 - JEANS                                   ,005 - DENIM                                   ,30014149,TEJANO TIRO MEDIO TEEN LAV MEDIO,
010 - OCTUBRE                                 , ,,003 - YOYO                                    ,008 - MODA                                    ,000 - JEANS                                   ,005 - DENIM                                   ,30014234,PANTALON CARGO TIRO ALTO TEEN PLUS LAVA,
005 - MAYO                                    , ,,003 - YOYO                                    ,008 - MODA                                    ,000 - JEANS                                   ,005 - DENIM                                   ,30014242,BAGGY TIRO ALTO TP LAV COLOR,
012 - DICIEMBRE                               , ,,003 - YOYO                                    ,008 - MODA                                    ,000 - JEANS                                   ,005 - DENIM                                   ,30015222,MOM JEAN T/ALTO TP COLOR CON BOLSILLOS,
004 - ABRIL                                   , ,,003 - YOYO                                    ,008 - MODA                                    ,000 - JEANS                                   ,005 - DENIM                                   ,30015249,TEJANO PREMIUM TIRO ALTO TP LAV NEGRO,
011 - NOVIEMBRE                               , ,,003 - YOYO                                    ,008 - MODA                                    ,000 - JEANS                                   ,005 - DENIM                                   ,30016134,PANTALÓN CARGO T/ALTO TEEN LAV MEDIO BO,
007 - JULIO                                   , ,,003 - YOYO                                    ,008 - MODA                                    ,000 - JEANS                                   ,005 - DENIM                                   ,30016224,JOGGER TIRO ALTO TEEN PLUS LAVADO MEDIO,
006 - JUNIO                                   , ,,003 - YOYO                                    ,008 - MODA                                    ,000 - JEANS                                   ,005 - DENIM                                   ,30016249,TEJANO TIRO ALTO TP LAV MEDIO,
007 - JULIO                                   , ,,003 - YOYO                                    ,008 - MODA                                    ,000 - JEANS                                   ,005 - DENIM                                   ,30017124,JOGGER T/ALTO TEEN LAV MEDIO CON ELASTI,
007 - JULIO                                   , ,,003 - YOYO                                    ,008 - MODA                                    ,,005 - DENIM                                   ,30017137,CRAZY PREMIUM T/MEDIO TEEN LAV MEDIO CO,
010 - OCTUBRE                                 , ,,003 - YOYO                                    ,008 - MODA                                    ,000 - JEANS                                   ,005 - DENIM                                   ,30017234,PANTALON CARGO TIRO ALTO TP LAV MEDIO C,
007 - JULIO                                   , ,,003 - YOYO                                    ,008 - MODA                                    ,000 - JEANS                                   ,005 - DENIM                                   ,30017249,TEJANO T/ALTO TP LAV MEDIO CON BOLSILLO,
011 - NOVIEMBRE                               , ,,003 - YOYO                                    ,008 - MODA                                    ,000 - JEANS                                   ,005 - DENIM                                   ,30018234,CARGO TIRO ALTO TP COLOR,
009 - SEPTIEMBRE                              , ,,003 - YOYO                                    ,008 - MODA                                    ,000 - JEANS                                   ,005 - DENIM                                   ,30018249,TEJANO TIRO ALTO TP LAV MEDIO OSCURO,
008 - AGOSTO                                  , ,,003 - YOYO                                    ,008 - MODA                                    ,000 - JEANS                                   ,005 - DENIM                                   ,30018724,JOGGER T/ALTO TEEN PLUS LAV MEDIO CON E,
012 - DICIEMBRE                               , ,,003 - YOYO                                    ,008 - MODA                                    ,000 - JEANS                                   ,005 - DENIM                                   ,30019134,CARGO TIRO ALTO TEEN LAV MEDIO CLARO,
003 - MARZO                                   , ,009 - 1MAR1                                   ,003 - YOYO                                    ,008 - MODA                                    ,000 - JEANS                                   ,005 - DENIM                                   ,30019249,TEJANO TIRO ALTO TP LAV OSCURO,001 - PRODUCCION INTERNA TELA NACIONALIZADA
009 - SEPTIEMBRE                              , ,,003 - YOYO                                    ,008 - MODA                                    ,000 - JEANS                                   ,005 - DENIM                                   ,30019724,JOGGER TIRO ALTO TEEN PLUS DE COLOR,
010 - OCTUBRE                                 , ,,003 - YOYO                                    ,008 - MODA                                    ,000 - JEANS                                   ,005 - DENIM                                   ,30020124,JOGGER TIRO ALTO TEEN LAV COLOR,
011 - NOVIEMBRE                               , ,,003 - YOYO                                    ,008 - MODA                                    ,000 - JEANS                                   ,005 - DENIM                                   ,30020234,CARGO TIRO ALTO TEEN PLUS LAV MEDIO,
010 - OCTUBRE                                 , ,,003 - YOYO                                    ,008 - MODA                                    ,000 - JEANS                                   ,005 - DENIM                                   ,30020249,TEJANO TIRO ALTO TP LAV CLARO,
011 - NOVIEMBRE                               , ,,003 - YOYO                                    ,008 - MODA                                    ,000 - JEANS                                   ,005 - DENIM                                   ,30021124,JOGGER TIRO ALTO TEEN LAV COLOR,
005 - MAYO                                    , ,,003 - YOYO                                    ,008 - MODA                                    ,000 - JEANS                                   ,005 - DENIM                                   ,30021136,COOL T/MEDIO TEEN LAV MEDIO BORDADO COS,
010 - OCTUBRE                                 , ,,003 - YOYO                                    ,008 - MODA                                    ,000 - JEANS                                   ,005 - DENIM                                   ,30021249,TEJANO TIRO ALTO TP LAV CLARO,
009 - SEPTIEMBRE                              , ,,003 - YOYO                                    ,008 - MODA                                    ,000 - JEANS                                   ,005 - DENIM                                   ,30022124,JOGGER TIRO ALTO TEEN COLOR,
011 - NOVIEMBRE                               , ,,003 - YOYO                                    ,008 - MODA                                    ,000 - JEANS                                   ,005 - DENIM                                   ,30022249,TEJANO PREMIUM TIRO ALTO TEEN PLUS NEGR,
011 - NOVIEMBRE                               , ,,003 - YOYO                                    ,008 - MODA                                    ,000 - JEANS                                   ,005 - DENIM                                   ,30023124,JOGGER TIRO ALTO TEEN LAV MEDIO OSCURO,
011 - NOVIEMBRE                               , ,,003 - YOYO                                    ,008 - MODA                                    ,,005 - DENIM                                   ,30023234,CARGO T/ALTO TP COLOR BOTA RECTA,
012 - DICIEMBRE                               , ,,003 - YOYO                                    ,008 - MODA                                    ,000 - JEANS                                   ,005 - DENIM                                   ,30023249,TEJANO TIRO ALTO TP LAV MEDIO CON APLIQ,
011 - NOVIEMBRE                               , ,,003 - YOYO                                    ,008 - MODA                                    ,000 - JEANS                                   ,005 - DENIM                                   ,30024124,JOGGER TIRO ALTO TEEN LAV COLOR,
012 - DICIEMBRE                               , ,,003 - YOYO                                    ,008 - MODA                                    ,000 - JEANS                                   ,005 - DENIM                                   ,30024249,TEJANO TIRO ALTO TP LAV MEDIO,
012 - DICIEMBRE                               , ,,003 - YOYO                                    ,008 - MODA                                    ,000 - JEANS                                   ,005 - DENIM                                   ,30025124,JOGGER PREMIUM TIRO ALTO TEEN,
012 - DICIEMBRE                               , ,,003 - YOYO                                    ,008 - MODA                                    ,000 - JEANS                                   ,005 - DENIM                                   ,30025249,TEJANO PREMIUM TIRO ALTO TP LAV NEGRO,
011 - NOVIEMBRE                               , ,,003 - YOYO                                    ,008 - MODA                                    ,003 - CORTOS                                  ,005 - DENIM                                   ,30026223,FALDA TIRO ALTO TP LAVADO MEDIO CON ABE,
012 - DICIEMBRE                               , ,,003 - YOYO                                    ,008 - MODA                                    ,000 - JEANS                                   ,005 - DENIM                                   ,30026224,JOGGER TIRO ALTO TP,
012 - DICIEMBRE                               , ,,003 - YOYO                                    ,008 - MODA                                    ,000 - JEANS                                   ,005 - DENIM                                   ,30026249,TEJANO TIRO ALTO TP LAV CLARO,
012 - DICIEMBRE                               , ,,003 - YOYO                                    ,008 - MODA                                    ,000 - JEANS                                   ,005 - DENIM                                   ,30027124,JOGGER TIRO ALTO TEEN LAV COLOR,
012 - DICIEMBRE                               , ,,003 - YOYO                                    ,008 - MODA                                    ,003 - CORTOS                                  ,005 - DENIM                                   ,30027223,FALDA CORTA T ALTO T PLUS COLOR,
003 - MARZO                                   , ,,003 - YOYO                                    ,008 - MODA                                    ,000 - JEANS                                   ,005 - DENIM                                   ,30027249,TEJANO TIRO ALTO TP LAV MEDIO OSCURO,
006 - JUNIO                                   , ,,003 - YOYO                                    ,008 - MODA                                    ,010 - PRENDAS DE MODA                         ,005 - DENIM                                   ,30028745,JARDINERA TEEN PLUS CORTA LAVADO NEGRO,
006 - JUNIO                                   , ,,003 - YOYO                                    ,008 - MODA                                    ,010 - PRENDAS DE MODA                         ,005 - DENIM                                   ,30029145,JARDINERA TEEN COLOR,
012 - DICIEMBRE                               , ,,003 - YOYO                                    ,008 - MODA                                    ,003 - CORTOS                                  ,005 - DENIM                                   ,30029223,FALDA T/ALTO TEEN PLUS LAV MEDIO CON BO,
012 - DICIEMBRE                               , ,,003 - YOYO                                    ,008 - MODA                                    ,000 - JEANS                                   ,005 - DENIM                                   ,30029224,JOGGER TIRO ALTO TP LAV  NEGRO,
012 - DICIEMBRE                               , ,,003 - YOYO                                    ,008 - MODA                                    ,010 - PRENDAS DE MODA                         ,005 - DENIM                                   ,30030145,JARDINERA TEEN LAV COLOR,
002 - FEBRERO                                 , ,,003 - YOYO                                    ,008 - MODA                                    ,000 - JEANS                                   ,005 - DENIM                                   ,30030734,PANTALON CARGO TIRO ALTO TEEN PLUS LAVA,
004 - ABRIL                                   , ,,003 - YOYO                                    ,008 - MODA                                    ,003 - CORTOS                                  ,005 - DENIM                                   ,30031223,FALDA TIRO ALTO TEEN PLUS COLOR,
003 - MARZO                                   , ,,003 - YOYO                                    ,008 - MODA                                    ,000 - JEANS                                   ,999 - NO APLICA                               ,30031734,CARGO TIRO ALTO TP CON TANCAS Y CORDON,
003 - MARZO                                   , ,,003 - YOYO                                    ,008 - MODA                                    ,000 - JEANS                                   ,005 - DENIM                                   ,30032734,PANTALÓN CARGO TIRO ALTO TEEN PLUS LAV,
007 - JULIO                                   , ,,003 - YOYO                                    ,008 - MODA                                    ,003 - CORTOS                                  ,005 - DENIM                                   ,30033223,FALDA CORTA T/ALTO TP COLOR BOLSILLOS E,
007 - JULIO                                   , ,,003 - YOYO                                    ,008 - MODA                                    ,003 - CORTOS                                  ,005 - DENIM                                   ,30034223,FALDA CORTA TIRO ALTO TEEN PLUS PRETEÑI,
007 - JULIO                                   , ,,003 - YOYO                                    ,008 - MODA                                    ,003 - CORTOS                                  ,005 - DENIM                                   ,30035123,FALDA TIRO ALTO TEEN LAV MEDIO RAYAS,
011 - NOVIEMBRE                               , ,,003 - YOYO                                    ,008 - MODA                                    ,003 - CORTOS                                  ,005 - DENIM                                   ,30035147,ENGAÑADORA TIRO MEDIO TEEN  LAV MEDIO-O,
004 - ABRIL                                   , ,,003 - YOYO                                    ,008 - MODA                                    ,000 - JEANS                                   ,005 - DENIM                                   ,30035734,PANTALON CARGO T/ALTO TP COLOR BOTA REC,
010 - OCTUBRE                                 , ,,003 - YOYO                                    ,008 - MODA                                    ,000 - JEANS                                   ,005 - DENIM                                   ,30036139,PERFECT T/MEDIO TEEN  LAV OSCURO CON BO,
008 - AGOSTO                                  , ,,003 - YOYO                                    ,008 - MODA                                    ,003 - CORTOS                                  ,005 - DENIM                                   ,30036223,FALDA TEEN PLUS LAVADO GRIS CON BOLSILL,
009 - SEPTIEMBRE                              , ,,003 - YOYO                                    ,008 - MODA                                    ,003 - CORTOS                                  ,005 - DENIM                                   ,30037723,FALDA T/ALTO TP LAV MEDIO-OSCURO CON PR,
005 - MAYO                                    , ,,003 - YOYO                                    ,008 - MODA                                    ,000 - JEANS                                   ,005 - DENIM                                   ,30037734,PANTALON CARGO T/ALTO TEEN PLUS LAVADO,
011 - NOVIEMBRE                               , ,,003 - YOYO                                    ,008 - MODA                                    ,003 - CORTOS                                  ,005 - DENIM                                   ,30038147,ENGAÑADORA TIRO MEDIO TEEN COLOR,
008 - AGOSTO                                  , ,,003 - YOYO                                    ,008 - MODA                                    ,003 - CORTOS                                  ,005 - DENIM                                   ,30038223,FALDA TIRO ALTO TEEN PLUS LAV MEDIO,
009 - SEPTIEMBRE                              , ,,003 - YOYO                                    ,008 - MODA                                    ,003 - CORTOS                                  ,005 - DENIM                                   ,30039223,FALDA TIRO ALTO TEEN PLUS LAV COLOR,
012 - DICIEMBRE                               , ,,003 - YOYO                                    ,008 - MODA                                    ,003 - CORTOS                                  ,005 - DENIM                                   ,30039247,ENGAÑADORA TIRO ALTO T PLUS CON PRENSES,
004 - ABRIL                                   , ,,003 - YOYO                                    ,008 - MODA                                    ,000 - JEANS                                   ,005 - DENIM                                   ,30040734,PANTALON CARGO TIRO ALTO TEEN PLUS LAVA,
011 - NOVIEMBRE                               , ,,003 - YOYO                                    ,008 - MODA                                    ,003 - CORTOS                                  ,005 - DENIM                                   ,30041123,FALDA TIRO ALTO TEEN LAV  MEDIO,
003 - MARZO                                   , ,,003 - YOYO                                    ,008 - MODA                                    ,000 - JEANS                                   ,005 - DENIM                                   ,30041134,PANTALON CARGO TIRO ALTO TEEN LAV OSCUR,
001 - ENERO                                   , ,,003 - YOYO                                    ,008 - MODA                                    ,003 - CORTOS                                  ,005 - DENIM                                   ,30041247,ENGAÑADORA TIRO ALTO TEEN PLUS COLOR,
011 - NOVIEMBRE                               , ,,003 - YOYO                                    ,008 - MODA                                    ,000 - JEANS                                   ,005 - DENIM                                   ,30042139,PERFECT T/MEDIO TEEN LAV MEDIO-OSCURO C,
011 - NOVIEMBRE                               , ,,003 - YOYO                                    ,008 - MODA                                    ,003 - CORTOS                                  ,005 - DENIM                                   ,30042223,FALDA TIRO ALTO TEEN PLUS LAV MEDIO,
004 - ABRIL                                   , ,,003 - YOYO                                    ,008 - MODA                                    ,000 - JEANS                                   ,005 - DENIM                                   ,30042734,PANTALON CARGO TIRO ALTO TEEN PLUS GRIS,
011 - NOVIEMBRE                               , ,,003 - YOYO                                    ,008 - MODA                                    ,003 - CORTOS                                  ,005 - DENIM                                   ,30043123,FALDA TIRO ALTO TEEN DE TABLAS,
011 - NOVIEMBRE                               , ,,003 - YOYO                                    ,008 - MODA                                    ,010 - PRENDAS DE MODA                         ,002 - TEJIDO PLANO                            ,30043244,OVERALL LARGO TEEN PLUS EFECTO CUERO,
006 - JUNIO                                   , ,,003 - YOYO                                    ,008 - MODA                                    ,000 - JEANS                                   ,005 - DENIM                                   ,30043734,PANTALÓN CARGO TIRO ALTO TP COLOR,
005 - MAYO                                    , ,,003 - YOYO                                    ,008 - MODA                                    ,000 - JEANS                                   ,005 - DENIM                                   ,30044134,PANTALON CARGO TIRO ALTO TEEN COLOR,
011 - NOVIEMBRE                               , ,,003 - YOYO                                    ,008 - MODA                                    ,003 - CORTOS                                  ,005 - DENIM                                   ,30044223,FALDA T/ALTO TEEN PLUS LAV CLARO CON SH,
012 - DICIEMBRE                               , ,,003 - YOYO                                    ,008 - MODA                                    ,010 - PRENDAS DE MODA                         ,002 - TEJIDO PLANO                            ,30044244,OVERALL LARGO TEEN PLUS COLOR CON BOLSI,
012 - DICIEMBRE                               , ,,003 - YOYO                                    ,008 - MODA                                    ,003 - CORTOS                                  ,005 - DENIM                                   ,30045123,FALDA TIRO ALTO TEEN LAV MEDIO OSCURO C,
012 - DICIEMBRE                               , ,,003 - YOYO                                    ,008 - MODA                                    ,003 - CORTOS                                  ,005 - DENIM                                   ,30046123,FALDA TIRO ALTO TEEN LAV COLOR CON SHOR,
011 - NOVIEMBRE                               , ,,003 - YOYO                                    ,008 - MODA                                    ,010 - PRENDAS DE MODA                         ,005 - DENIM                                   ,30046144,OVERALL LARGO TEEN LAV CLARO BOTA AMPLI,
007 - JULIO                                   , ,,003 - YOYO                                    ,008 - MODA                                    ,000 - JEANS                                   ,005 - DENIM                                   ,30046734,PANTALON CARGO T/ALTO TP BOLSILLO GRAND,
012 - DICIEMBRE                               , ,,003 - YOYO                                    ,008 - MODA                                    ,003 - CORTOS                                  ,005 - DENIM                                   ,30047223,FALDA TIRO ALTO TP LAV COLOR,
011 - NOVIEMBRE                               , ,,003 - YOYO                                    ,008 - MODA                                    ,010 - PRENDAS DE MODA                         ,005 - DENIM                                   ,30047244,OVERALL LARGO TP COLOR,
012 - DICIEMBRE                               , ,,003 - YOYO                                    ,008 - MODA                                    ,010 - PRENDAS DE MODA                         ,005 - DENIM                                   ,30048144,OVERALL LARGO TEEN LAV MEDIO  LARGO,
003 - MARZO                                   , ,,003 - YOYO                                    ,008 - MODA                                    ,003 - CORTOS                                  ,005 - DENIM                                   ,30048223,FALDA TIRO ALTO TP EN CORDURY CORTO,
010 - OCTUBRE                                 , ,,003 - YOYO                                    ,008 - MODA                                    ,003 - CORTOS                                  ,005 - DENIM                                   ,30048247,FALDA SHORT TIRO ALTO TEEN PLUS LAV MED,
007 - JULIO                                   , ,,003 - YOYO                                    ,008 - MODA                                    ,000 - JEANS                                   ,005 - DENIM                                   ,30048734,CARGO TIRO ALTO TEEN PLUS LAVADO MEDIO,
005 - MAYO                                    , ,,003 - YOYO                                    ,008 - MODA                                    ,003 - CORTOS                                  ,005 - DENIM                                   ,30049123,FALDA T/ALTO TEEN LAV CLARO CON PRENSES,
010 - OCTUBRE                                 , ,,003 - YOYO                                    ,008 - MODA                                    ,003 - CORTOS                                  ,005 - DENIM                                   ,30049147,FALDA SHORT TIRO ALTO TEEN LAV MEDIO OS,
007 - JULIO                                   , ,,003 - YOYO                                    ,008 - MODA                                    ,000 - JEANS                                   ,005 - DENIM                                   ,30049234,CARGO TIRO ALTO TEEN PLUS BOTA AMPLIA,
005 - MAYO                                    , ,,003 - YOYO                                    ,008 - MODA                                    ,010 - PRENDAS DE MODA                         ,005 - DENIM                                   ,30049244,OVERALL LARGO TP LAV COLOR,
004 - ABRIL                                   , ,,003 - YOYO                                    ,008 - MODA                                    ,003 - CORTOS                                  ,005 - DENIM                                   ,30050123,FALDA TIRO ALTO TEEN COLOR EN CORDUROY,
004 - ABRIL                                   , ,,003 - YOYO                                    ,008 - MODA                                    ,,005 - DENIM                                   ,30050134,CARGO TIRO ALTO TEEN LAV MEDIO,
006 - JUNIO                                   , ,,003 - YOYO                                    ,008 - MODA                                    ,010 - PRENDAS DE MODA                         ,005 - DENIM                                   ,30050244,OVERALL TP LARGO LAV MEDIO,
006 - JUNIO                                   , ,,003 - YOYO                                    ,008 - MODA                                    ,003 - CORTOS                                  ,005 - DENIM                                   ,30051223,FALDA TP LAV MEDIO CORTA,
012 - DICIEMBRE                               , ,,003 - YOYO                                    ,008 - MODA                                    ,010 - PRENDAS DE MODA                         ,005 - DENIM                                   ,30051244,OVERALL LARGO TP LAV MEDIO,
006 - JUNIO                                   , ,,003 - YOYO                                    ,008 - MODA                                    ,000 - JEANS                                   ,005 - DENIM                                   ,30051734,PANTALON CARGO TIRO ALTO TEEN PLUS LAVA,
005 - MAYO                                    , ,,003 - YOYO                                    ,008 - MODA                                    ,003 - CORTOS                                  ,005 - DENIM                                   ,30052123,FALDA TIRO ALTO TEEN LAV CLARO,
011 - NOVIEMBRE                               , ,,003 - YOYO                                    ,008 - MODA                                    ,003 - CORTOS                                  ,005 - DENIM                                   ,30052147,FALDA SHORT TIRO ALTO TEEN LAV COLOR,
004 - ABRIL                                   , ,,003 - YOYO                                    ,008 - MODA                                    ,010 - PRENDAS DE MODA                         ,002 - TEJIDO PLANO                            ,30052244,OVERALL LARGO TP LAV CLARO,
005 - MAYO                                    , ,,003 - YOYO                                    ,008 - MODA                                    ,003 - CORTOS                                  ,005 - DENIM                                   ,30053223,FALDA TIRO ALTO TP DE TABLAS CORTA,
011 - NOVIEMBRE                               , ,,003 - YOYO                                    ,008 - MODA                                    ,003 - CORTOS                                  ,005 - DENIM                                   ,30053247,FALDA SHORT TIRO ALTO TP LAV COLOR,
008 - AGOSTO                                  , ,,003 - YOYO                                    ,008 - MODA                                    ,000 - JEANS                                   ,005 - DENIM                                   ,30053734,CARGO TIRO ALTO TP COLOR COSTURA CONTRA,
006 - JUNIO                                   , ,,003 - YOYO                                    ,008 - MODA                                    ,003 - CORTOS                                  ,005 - DENIM                                   ,30054223,FALDA TIRO ALTO TP COLOR CORTA,
011 - NOVIEMBRE                               , ,,003 - YOYO                                    ,008 - MODA                                    ,003 - CORTOS                                  ,005 - DENIM                                   ,30054247,FALDA SHORT TIRO ALTO TP  CON ABERTURAS,
008 - AGOSTO                                  , ,,003 - YOYO                                    ,008 - MODA                                    ,000 - JEANS                                   ,005 - DENIM                                   ,30054734,PANTALON CARGO TIRO ALTO TP CONVERTIBLE,
006 - JUNIO                                   , ,,003 - YOYO                                    ,008 - MODA                                    ,003 - CORTOS                                  ,005 - DENIM                                   ,30055123,FALDA TIRO ALTO TEEN LAV COLOR CON SHOR,
001 - ENERO                                   , ,,003 - YOYO                                    ,008 - MODA                                    ,000 - JEANS                                   ,005 - DENIM                                   ,30055139,PERFECT T/MEDIO TEEN LAV OSCURO CON BOR,
004 - ABRIL                                   , ,,003 - YOYO                                    ,008 - MODA                                    ,010 - PRENDAS DE MODA                         ,005 - DENIM                                   ,30055246,OVERALL CORTO TP EN CORDUROY,
012 - DICIEMBRE                               , ,,003 - YOYO                                    ,008 - MODA                                    ,003 - CORTOS                                  ,005 - DENIM                                   ,30055247,FALDA SHORT TIRO ALTO TP LAV  MEDIO OSC,
007 - JULIO                                   , ,,003 - YOYO                                    ,008 - MODA                                    ,000 - JEANS                                   ,005 - DENIM                                   ,30055734,PANTALON CARGO T/ALTO TEEN PLUS DE COLO,
008 - AGOSTO                                  , ,,003 - YOYO                                    ,008 - MODA                                    ,000 - JEANS                                   ,005 - DENIM                                   ,30056134,PANTALON CARGO TIRO ALTO TEEN LAV MEDIO,
002 - FEBRERO                                 , ,,003 - YOYO                                    ,008 - MODA                                    ,000 - JEANS                                   ,005 - DENIM                                   ,30056136,COOL T/ALTO TEEN LAV MEDIO-OSCURO CON E,
001 - ENERO                                   , ,,003 - YOYO                                    ,008 - MODA                                    ,003 - CORTOS                                  ,005 - DENIM                                   ,30056147,FALDA SHORT TIRO ALTO TEEN LAV CLARO,
007 - JULIO                                   , ,,003 - YOYO                                    ,008 - MODA                                    ,003 - CORTOS                                  ,005 - DENIM                                   ,30056223,FALDA TIRO ALTO TP CON SHORT INTERNO,
011 - NOVIEMBRE                               , ,,003 - YOYO                                    ,008 - MODA                                    ,010 - PRENDAS DE MODA                         ,005 - DENIM                                   ,30056246,OVERALL CORTO TP LAV MEDIO,
002 - FEBRERO                                 , ,,003 - YOYO                                    ,008 - MODA                                    ,003 - CORTOS                                  ,005 - DENIM                                   ,30057147,FALDA SHORT TIRO ALTO TEEN LAV MEDIO OS,
009 - SEPTIEMBRE                              , ,,003 - YOYO                                    ,008 - MODA                                    ,003 - CORTOS                                  ,005 - DENIM                                   ,30057223,FALDA TIRO ALTO TEEN PLUS LAV MEDIO,
008 - AGOSTO                                  , ,,003 - YOYO                                    ,008 - MODA                                    ,000 - JEANS                                   ,005 - DENIM                                   ,30057234,PANTALON CARGO TIRO ALTO TEEN PLUS LAV,
004 - ABRIL                                   , ,,003 - YOYO                                    ,008 - MODA                                    ,010 - PRENDAS DE MODA                         ,002 - TEJIDO PLANO                            ,30057246,OVERALL CORTO TP LAV MEDIO,
002 - FEBRERO                                 , ,,003 - YOYO                                    ,008 - MODA                                    ,000 - JEANS                                   ,005 - DENIM                                   ,30058139,PERFECT T/MEDIO TEEN LAV OSCURO CON LLA,
009 - SEPTIEMBRE                              , ,,003 - YOYO                                    ,008 - MODA                                    ,003 - CORTOS                                  ,002 - TEJIDO PLANO                            ,30058223,FALDA CORTA T/MEDIO  TP NEGRO CON TABLA,
008 - AGOSTO                                  , ,,003 - YOYO                                    ,008 - MODA                                    ,000 - JEANS                                   ,005 - DENIM                                   ,30058234,PANTALON CARGO TIRO ALTO TEEN PLUS  DE,
002 - FEBRERO                                 , ,,003 - YOYO                                    ,008 - MODA                                    ,003 - CORTOS                                  ,005 - DENIM                                   ,30058247,FALDA SHORT TIRO ALTO TP LAV MEDIO  BOL,
003 - MARZO                                   , ,,003 - YOYO                                    ,008 - MODA                                    ,003 - CORTOS                                  ,005 - DENIM                                   ,30059147,FALDA SHORT TIRO ALTO TEEN LAV MEDIO OS,
010 - OCTUBRE                                 , ,,003 - YOYO                                    ,008 - MODA                                    ,003 - CORTOS                                  ,005 - DENIM                                   ,30059223,FALDA TIRO ALTO TP MARFIL,
002 - FEBRERO                                 , ,,003 - YOYO                                    ,008 - MODA                                    ,000 - JEANS                                   ,005 - DENIM                                   ,30059236,COOL T/ALTO TP LAV MEDIO BOTA DOBLADA,
011 - NOVIEMBRE                               , ,,003 - YOYO                                    ,008 - MODA                                    ,003 - CORTOS                                  ,005 - DENIM                                   ,30060223,FALDA TIRO ALTO TP LAV MEDIO,
009 - SEPTIEMBRE                              , ,,003 - YOYO                                    ,008 - MODA                                    ,000 - JEANS                                   ,005 - DENIM                                   ,30060234,CARGO TIRO ALTO  LAV COLOR BOTA RECTA,
006 - JUNIO                                   , ,,003 - YOYO                                    ,008 - MODA                                    ,003 - CORTOS                                  ,005 - DENIM                                   ,30060247,FALDA SHORT TIRO ALTO TP LAV COLOR,
010 - OCTUBRE                                 , ,,003 - YOYO                                    ,008 - MODA                                    ,003 - CORTOS                                  ,005 - DENIM                                   ,30061223,FALDA TIRO ALTO TP LAV   CON SHORT INTE,
001 - ENERO                                   , ,,003 - YOYO                                    ,008 - MODA                                    ,003 - CORTOS                                  ,005 - DENIM                                   ,30061247,FALDA SHORT TIRO ALTO TP NEGRO,
010 - OCTUBRE                                 , ,,003 - YOYO                                    ,008 - MODA                                    ,000 - JEANS                                   ,005 - DENIM                                   ,30061734,PANTALON CARGO TI/ALTO TEEN PLUS LAV ME,
009 - SEPTIEMBRE                              , ,,003 - YOYO                                    ,008 - MODA                                    ,000 - JEANS                                   ,005 - DENIM                                   ,30062134,PANTALON CARGO TIRO ALTO TEEN LAV MEDIO,
012 - DICIEMBRE                               , ,,003 - YOYO                                    ,008 - MODA                                    ,003 - CORTOS                                  ,005 - DENIM                                   ,30062223,FALDA TIRO ALTO TP LAV CLARO,
010 - OCTUBRE                                 ,09-SEPTIEMBRE,039 - 4OCT3                                   ,003 - YOYO                                    ,008 - MODA                                    ,010 - PRENDAS DE MODA                         ,001 - TEJIDO PUNTO                            ,MY0004414,VESTIDO MANGA LARGA DOBLE PRENDA,001 - PRODUCCION INTERNA TELA NACIONALIZADA
005 - MAYO                                    , ,,003 - YOYO                                    ,008 - MODA                                    ,003 - CORTOS                                  ,005 - DENIM                                   ,30062247,FALDA SHORT TIRO ALTO TP LAV MEDIO,
005 - MAYO                                    , ,,003 - YOYO                                    ,008 - MODA                                    ,003 - CORTOS                                  ,005 - DENIM                                   ,30063147,FALDA SHORT TIRO ALTO TEEN LAV MEDIO OS,
011 - NOVIEMBRE                               , ,,003 - YOYO                                    ,008 - MODA                                    ,000 - JEANS                                   ,005 - DENIM                                   ,30063222,MOM JEAN TIRO ALTO TP LAVADO MEDIO SILU,
012 - DICIEMBRE                               , ,,003 - YOYO                                    ,008 - MODA                                    ,003 - CORTOS                                  ,005 - DENIM                                   ,30063223,FALDA TIRO ALTO TP COLOR NEGRO,
005 - MAYO                                    , ,,003 - YOYO                                    ,008 - MODA                                    ,003 - CORTOS                                  ,005 - DENIM                                   ,30064247,FALDA SHORT TIRO ALTO TP LAV MEDIO OSCU,
005 - MAYO                                    , ,,003 - YOYO                                    ,008 - MODA                                    ,000 - JEANS                                   ,005 - DENIM                                   ,30064737,CRAZY PREMIUM T/ALTO TEEN PLUS,
006 - JUNIO                                   , ,,003 - YOYO                                    ,008 - MODA                                    ,003 - CORTOS                                  ,005 - DENIM                                   ,30065147,FALDA SHORT TIRO ALTO TEEN COLOR,
010 - OCTUBRE                                 , ,,003 - YOYO                                    ,008 - MODA                                    ,000 - JEANS                                   ,005 - DENIM                                   ,30065222,MOM JEAN T/ALTO  TP LAV CLARO CON ROTOS,
011 - NOVIEMBRE                               , ,,003 - YOYO                                    ,008 - MODA                                    ,003 - CORTOS                                  ,005 - DENIM                                   ,30065223,FALDA TIRO ALTO TP LAV  CLARO,
010 - OCTUBRE                                 , ,,003 - YOYO                                    ,008 - MODA                                    ,000 - JEANS                                   ,005 - DENIM                                   ,30065234,PANTALON CARGO TIRO ALTO TEEN PLUS LAV,
010 - OCTUBRE                                 , ,,003 - YOYO                                    ,008 - MODA                                    ,,005 - DENIM                                   ,30065256,RETROMOM T/ALTO TP LAVADO MEDIO CON ROT,
006 - JUNIO                                   , ,,003 - YOYO                                    ,008 - MODA                                    ,000 - JEANS                                   ,005 - DENIM                                   ,30065737,CRAZY PREMIUM T/ALTO TP LAV OSCURO,
001 - ENERO                                   , ,,003 - YOYO                                    ,008 - MODA                                    ,000 - JEANS                                   ,005 - DENIM                                   ,30066122,MOM JEAN TIRO ALTO TEEN LAV CLARO,
009 - SEPTIEMBRE                              , ,,003 - YOYO                                    ,008 - MODA                                    ,000 - JEANS                                   ,005 - DENIM                                   ,30066136,COOL T/ALTO TEEN LAV MEDIO CON CHULO EN,
006 - JUNIO                                   , ,,003 - YOYO                                    ,008 - MODA                                    ,003 - CORTOS                                  ,005 - DENIM                                   ,30066147,FALDA SHORT TIRO ALTO TEEN LAV MEDIO,
012 - DICIEMBRE                               , ,,003 - YOYO                                    ,008 - MODA                                    ,003 - CORTOS                                  ,005 - DENIM                                   ,30066223,FALDA TIRO ALTO TP LAV MEDIO CON SHORT,
011 - NOVIEMBRE                               , ,,003 - YOYO                                    ,008 - MODA                                    ,000 - JEANS                                   ,005 - DENIM                                   ,30066234,PANTALON CARGO TIRO ALTO TP LAV MEDIO O,
010 - OCTUBRE                                 , ,,003 - YOYO                                    ,008 - MODA                                    ,000 - JEANS                                   ,005 - DENIM                                   ,30066237,CRAZY PREMIUM TIRO ALTO TEEN PLUS LAV M,
011 - NOVIEMBRE                               , ,,003 - YOYO                                    ,008 - MODA                                    ,000 - JEANS                                   ,005 - DENIM                                   ,30067134,PANTALON CARGO TIRO ALTO TEEN LAV CLARO,
010 - OCTUBRE                                 , ,,003 - YOYO                                    ,008 - MODA                                    ,000 - JEANS                                   ,005 - DENIM                                   ,30067137,CRAZY PREMIUM TIRO ALTO TEEN LAV CLARO,
008 - AGOSTO                                  , ,,003 - YOYO                                    ,008 - MODA                                    ,003 - CORTOS                                  ,005 - DENIM                                   ,30067247,FALDA SHORT TIRO ALTO TP COLOR,
012 - DICIEMBRE                               , ,,003 - YOYO                                    ,008 - MODA                                    ,000 - JEANS                                   ,005 - DENIM                                   ,30068122,MOM JEAN TIRO ALTO TEEN CON ROTOS,
012 - DICIEMBRE                               , ,,003 - YOYO                                    ,008 - MODA                                    ,003 - CORTOS                                  ,005 - DENIM                                   ,30068223,FALDA TIRO ALTO TP LAV CLARO,
011 - NOVIEMBRE                               , ,,003 - YOYO                                    ,008 - MODA                                    ,000 - JEANS                                   ,005 - DENIM                                   ,30068234,PANTALON CARGO TIRO ALTO TP CON AJUSTE,
011 - NOVIEMBRE                               , ,,003 - YOYO                                    ,008 - MODA                                    ,000 - JEANS                                   ,005 - DENIM                                   ,30068237,CRAZY PREMIUM T/ALTO TP LAV MEDIO CON A,
012 - DICIEMBRE                               , ,,003 - YOYO                                    ,008 - MODA                                    ,003 - CORTOS                                  ,005 - DENIM                                   ,30068247,FALDA SHORT TIRO ALTO LAV MEDIO,
011 - NOVIEMBRE                               , ,,003 - YOYO                                    ,008 - MODA                                    ,000 - JEANS                                   ,005 - DENIM                                   ,30069234,PANTALON CARGO TIRO ALTO TP,
012 - DICIEMBRE                               , ,,003 - YOYO                                    ,008 - MODA                                    ,000 - JEANS                                   ,005 - DENIM                                   ,30069237,CRAZY PREMIUM TIRO ALTO TP  LAV MEDIO,
009 - SEPTIEMBRE                              , ,,003 - YOYO                                    ,008 - MODA                                    ,003 - CORTOS                                  ,005 - DENIM                                   ,30069247,FALDA SHORT TIRO ALTO TP LAV MEDIO OSCU,
003 - MARZO                                   , ,,003 - YOYO                                    ,008 - MODA                                    ,000 - JEANS                                   ,005 - DENIM                                   ,30069722,MOM JEAN TIRO ALTO TEEN PLUS COLOR,
011 - NOVIEMBRE                               , ,,003 - YOYO                                    ,008 - MODA                                    ,000 - JEANS                                   ,005 - DENIM                                   ,30070134,PANTALON CARGO TIRO ALTO TEEN LAVADO CL,
012 - DICIEMBRE                               , ,,003 - YOYO                                    ,008 - MODA                                    ,003 - CORTOS                                  ,005 - DENIM                                   ,30070223,FALDA TIRO MEDIO TP LAV MEDIO OSCURO,
006 - JUNIO                                   , ,,003 - YOYO                                    ,008 - MODA                                    ,000 - JEANS                                   ,005 - DENIM                                   ,30070237,CRAZY PREMIUM TIRO ALTO TP CON FILETE E,
003 - MARZO                                   , ,,003 - YOYO                                    ,008 - MODA                                    ,003 - CORTOS                                  ,005 - DENIM                                   ,30070247,FALDA SHORT TIRO ALTO TP LAV MEDIO,
012 - DICIEMBRE                               , ,,003 - YOYO                                    ,008 - MODA                                    ,000 - JEANS                                   ,005 - DENIM                                   ,30071134,PANTALON CARGO TIRO ALTO TEEN,
011 - NOVIEMBRE                               , ,,003 - YOYO                                    ,008 - MODA                                    ,003 - CORTOS                                  ,005 - DENIM                                   ,30071223,FALDA PREMIUM TIRO ALTO TP LAV MEDIO CO,
011 - NOVIEMBRE                               , ,043 - 4NOV3                                   ,003 - YOYO                                    ,008 - MODA                                    ,016 - TOP -BODY                               ,001 - TEJIDO PUNTO                            ,MY0004680,TOP MANGA LARGA FAJON,
011 - NOVIEMBRE                               , ,,003 - YOYO                                    ,008 - MODA                                    ,,001 - TEJIDO PUNTO                            ,MY0004706,M,
010 - OCTUBRE                                 , ,,003 - YOYO                                    ,008 - MODA                                    ,000 - JEANS                                   ,005 - DENIM                                   ,30071237,CRAZY  PREMIUM T/ALTO TP LAV MEDIO OSCU,
010 - OCTUBRE                                 , ,,003 - YOYO                                    ,008 - MODA                                    ,003 - CORTOS                                  ,005 - DENIM                                   ,30071247,FALDA SHORT TIRO ALTO TP LAV CLARO,
004 - ABRIL                                   , ,,003 - YOYO                                    ,008 - MODA                                    ,000 - JEANS                                   ,005 - DENIM                                   ,30072222,MOM JEAN T/ALTO TP LAV CLARO BALLOON,
012 - DICIEMBRE                               , ,,003 - YOYO                                    ,008 - MODA                                    ,003 - CORTOS                                  ,005 - DENIM                                   ,30072223,FALDA TIRO ALTO TP LV MEDIO CON APLIQUE,
012 - DICIEMBRE                               , ,,003 - YOYO                                    ,008 - MODA                                    ,000 - JEANS                                   ,005 - DENIM                                   ,30072234,PANTALON CARGO TIRO ALTO TP,
011 - NOVIEMBRE                               , ,,003 - YOYO                                    ,008 - MODA                                    ,000 - JEANS                                   ,005 - DENIM                                   ,30072237,CRAZY PREMIUM TIRO ALTO TP LAV MEDIO OS,
010 - OCTUBRE                                 , ,,003 - YOYO                                    ,008 - MODA                                    ,003 - CORTOS                                  ,005 - DENIM                                   ,30072247,FALDA SHORT TIRO ALTO TP LAV MEDIO OSCU,
011 - NOVIEMBRE                               , ,,003 - YOYO                                    ,008 - MODA                                    ,008 - PANTALONES                              ,005 - DENIM                                   ,30072256,RETROMOM  TIRO ALTO TP LAV MEDIO BOTA A,
005 - MAYO                                    , ,,003 - YOYO                                    ,008 - MODA                                    ,000 - JEANS                                   ,005 - DENIM                                   ,30073222,MOM JEAN T/ALTO LAVADO CLARO BOTA AJUST,
012 - DICIEMBRE                               , ,,003 - YOYO                                    ,008 - MODA                                    ,003 - CORTOS                                  ,005 - DENIM                                   ,30073223,FALDA TIRO ALTO TP LAV COLOR NEGRO,
007 - JULIO                                   , ,,003 - YOYO                                    ,008 - MODA                                    ,000 - JEANS                                   ,005 - DENIM                                   ,30073234,PANTALON CARGO TIRO ALTO TP LAV COLOR,
012 - DICIEMBRE                               , ,,003 - YOYO                                    ,008 - MODA                                    ,000 - JEANS                                   ,005 - DENIM                                   ,30073237,CRAZY PREMIUM TIRO ALTO TP LAV MEDIO,
011 - NOVIEMBRE                               , ,,003 - YOYO                                    ,008 - MODA                                    ,003 - CORTOS                                  ,005 - DENIM                                   ,30073247,FALDA SHORT TIRO ALTO TP LAV CLARO,
010 - OCTUBRE                                 , ,,003 - YOYO                                    ,008 - MODA                                    ,008 - PANTALONES                              ,002 - TEJIDO PLANO                            ,30073256,RETROMOM T/ALTO TP SINTETICO NEGRO BOTA,
012 - DICIEMBRE                               , ,,003 - YOYO                                    ,008 - MODA                                    ,003 - CORTOS                                  ,005 - DENIM                                   ,30074223,FALDA TIRO MEDIO TP LAV MEDIO,
012 - DICIEMBRE                               , ,,003 - YOYO                                    ,008 - MODA                                    ,000 - JEANS                                   ,005 - DENIM                                   ,30074234,PANTALON CARGO TIRO ALTO TP LAV COLOR,
012 - DICIEMBRE                               , ,,003 - YOYO                                    ,008 - MODA                                    ,003 - CORTOS                                  ,005 - DENIM                                   ,30074247,FALDA SHORT TIRO ALTO LAV COLOR,
007 - JULIO                                   , ,,003 - YOYO                                    ,008 - MODA                                    ,000 - JEANS                                   ,005 - DENIM                                   ,30074722,MOM JEAN TIRO ALTO TP LAV CLARO COVERTI,
012 - DICIEMBRE                               , ,,003 - YOYO                                    ,008 - MODA                                    ,000 - JEANS                                   ,005 - DENIM                                   ,30075134,PANTALON CARGO TIRO ALTO TEEN  LAV MEDI,
012 - DICIEMBRE                               , ,,003 - YOYO                                    ,008 - MODA                                    ,003 - CORTOS                                  ,005 - DENIM                                   ,30075223,FALDA TIRO MEDIO TP LAV MEDIO,
012 - DICIEMBRE                               , ,,003 - YOYO                                    ,008 - MODA                                    ,003 - CORTOS                                  ,005 - DENIM                                   ,30075247,FALDA SHORT TIRO ALTO TP LAV CLARO,
009 - SEPTIEMBRE                              , ,,003 - YOYO                                    ,008 - MODA                                    ,000 - JEANS                                   ,005 - DENIM                                   ,30075722,MOM JEAN TIRO ALTO TEEN PLUS LAV CLARO,
009 - SEPTIEMBRE                              , ,,003 - YOYO                                    ,008 - MODA                                    ,000 - JEANS                                   ,005 - DENIM                                   ,30076122,MOM JEAN TIRO ALTO TEEN LAV MEDIO,
011 - NOVIEMBRE                               , ,,003 - YOYO                                    ,008 - MODA                                    ,008 - PANTALONES                              ,005 - DENIM                                   ,30076156,RETROMOM TIRO ALTO TEEN LAV CLARO,
001 - ENERO                                   , ,,003 - YOYO                                    ,008 - MODA                                    ,003 - CORTOS                                  ,005 - DENIM                                   ,30076223,FALDA TIRO ALTO TP LAV CLARO,
012 - DICIEMBRE                               , ,,003 - YOYO                                    ,008 - MODA                                    ,000 - JEANS                                   ,005 - DENIM                                   ,30076234,PANTALON CARGO TIRO ALTO TP LAV MEDIO O,
012 - DICIEMBRE                               , ,,003 - YOYO                                    ,008 - MODA                                    ,003 - CORTOS                                  ,005 - DENIM                                   ,30076247,FALDA SHORT TIRO ALTO TP LAV MEDIO,
010 - OCTUBRE                                 , ,,003 - YOYO                                    ,008 - MODA                                    ,000 - JEANS                                   ,005 - DENIM                                   ,30077222,MOM JEAN TIRO ALTO TEEN PLUS LAV CLARO,
002 - FEBRERO                                 , ,,003 - YOYO                                    ,008 - MODA                                    ,003 - CORTOS                                  ,005 - DENIM                                   ,30077223,FALDA CON SHORT INTERNO TIRO ALTO TP LA,
001 - ENERO                                   , ,,003 - YOYO                                    ,008 - MODA                                    ,000 - JEANS                                   ,005 - DENIM                                   ,30077234,PANTALON CARGO TIRO ALTO TP LAV MEDIO O,
012 - DICIEMBRE                               , ,,003 - YOYO                                    ,008 - MODA                                    ,003 - CORTOS                                  ,005 - DENIM                                   ,30077247,FALDA SHORT TIRO MEDIO TP LAV COLOR,
012 - DICIEMBRE                               , ,,003 - YOYO                                    ,008 - MODA                                    ,008 - PANTALONES                              ,005 - DENIM                                   ,30077256,RETROMOM TIRO ALTO TEEN PLUS LAVADO CLA,
011 - NOVIEMBRE                               , ,,003 - YOYO                                    ,008 - MODA                                    ,000 - JEANS                                   ,005 - DENIM                                   ,30078122,MOM JEAN TIRO ALTO TEEN LAVADO NEGRO,
012 - DICIEMBRE                               , ,,003 - YOYO                                    ,008 - MODA                                    ,008 - PANTALONES                              ,005 - DENIM                                   ,30078156,RETROMOM TIRO ALTO TEEN LAVADO CLARO,
003 - MARZO                                   , ,,003 - YOYO                                    ,008 - MODA                                    ,003 - CORTOS                                  ,002 - TEJIDO PLANO                            ,30078223,FALDA TIRO MEDIO CON SHORT INTERNO TP L,
003 - MARZO                                   , ,,003 - YOYO                                    ,008 - MODA                                    ,000 - JEANS                                   ,005 - DENIM                                   ,30078234,PANTALON CARGO TIRO ALTO TP LAV NEGRO,
012 - DICIEMBRE                               , ,,003 - YOYO                                    ,008 - MODA                                    ,003 - CORTOS                                  ,005 - DENIM                                   ,30078247,FALDA SHORT TIRO MEDIO TP LAV MEDIO,
011 - NOVIEMBRE                               , ,,003 - YOYO                                    ,008 - MODA                                    ,000 - JEANS                                   ,005 - DENIM                                   ,30079122,MOM JEAN TIRO ALTO TEEN LAV MEDIO,
012 - DICIEMBRE                               , ,,003 - YOYO                                    ,008 - MODA                                    ,008 - PANTALONES                              ,005 - DENIM                                   ,30079156,RETROMOM TIRO MEDIO TEEN LAVADO MEDIO,
003 - MARZO                                   , ,,003 - YOYO                                    ,008 - MODA                                    ,000 - JEANS                                   ,005 - DENIM                                   ,30079234,PANTALON CARGO TIRO ALTO TP LAV MEDIO O,
001 - ENERO                                   , ,,003 - YOYO                                    ,008 - MODA                                    ,003 - CORTOS                                  ,005 - DENIM                                   ,30079247,FALDA SHORT TIRO MEDIO TP LAV MEDIO,
012 - DICIEMBRE                               , ,,003 - YOYO                                    ,008 - MODA                                    ,008 - PANTALONES                              ,002 - TEJIDO PLANO                            ,30080156,RETROMOM TIRO ALTO TEEN COLOR,
011 - NOVIEMBRE                               , ,,003 - YOYO                                    ,008 - MODA                                    ,000 - JEANS                                   ,005 - DENIM                                   ,30080222,MOM JEAN T/ALTO TP LAV CLARO CON GUARDA,
004 - ABRIL                                   , ,,003 - YOYO                                    ,008 - MODA                                    ,003 - CORTOS                                  ,999 - NO APLICA                               ,30080223,FALDA TIRO MEDIO TP LAVADO CLARO,
004 - ABRIL                                   , ,,003 - YOYO                                    ,008 - MODA                                    ,000 - JEANS                                   ,005 - DENIM                                   ,30080234,CARGO TIRO ALTO TP LAV COLOR,
002 - FEBRERO                                 , ,,003 - YOYO                                    ,008 - MODA                                    ,003 - CORTOS                                  ,005 - DENIM                                   ,30080247,FALDA SHORT TIRO ALTO TP LAV CLARO,
011 - NOVIEMBRE                               , ,,003 - YOYO                                    ,008 - MODA                                    ,000 - JEANS                                   ,005 - DENIM                                   ,30081122,MOM JEAN TIRO ALTO TEEN LAVADO MEDIO,
003 - MARZO                                   , ,,003 - YOYO                                    ,008 - MODA                                    ,000 - JEANS                                   ,005 - DENIM                                   ,30081134,PANTALON CARGO TIRO ALTO TEEN LAV MEDIO,
004 - ABRIL                                   , ,,003 - YOYO                                    ,008 - MODA                                    ,003 - CORTOS                                  ,002 - TEJIDO PLANO                            ,30081247,FALDA SHORT TIRO ALTO TP LAV CLARO,
011 - NOVIEMBRE                               , ,,003 - YOYO                                    ,008 - MODA                                    ,000 - JEANS                                   ,005 - DENIM                                   ,30082222,MOM JEAN  T/ALTO TEEN PLUS LAV MEDIO BO,
004 - ABRIL                                   , ,,003 - YOYO                                    ,008 - MODA                                    ,000 - JEANS                                   ,005 - DENIM                                   ,30082234,PANTALON CARGO T/ALTO TP  CON BOLSILLOS,
004 - ABRIL                                   , ,,003 - YOYO                                    ,008 - MODA                                    ,003 - CORTOS                                  ,999 - NO APLICA                               ,30082247,FALDA SHORT TIRO ALTO TP LAV MEDIO,
012 - DICIEMBRE                               , ,,003 - YOYO                                    ,008 - MODA                                    ,008 - PANTALONES                              ,002 - TEJIDO PLANO                            ,30082256,RETROMOM TIRO ALTO TEEN PLUS COLOR,
011 - NOVIEMBRE                               , ,,003 - YOYO                                    ,008 - MODA                                    ,000 - JEANS                                   ,005 - DENIM                                   ,30083222,MOM JEAN TIRO ALTO TEEN PLUS LAV  NEGRO,
005 - MAYO                                    , ,,003 - YOYO                                    ,008 - MODA                                    ,000 - JEANS                                   ,005 - DENIM                                   ,30083234,CARGO TIRO ALTO TP LAV MEDIO TEJANO,
012 - DICIEMBRE                               , ,,003 - YOYO                                    ,008 - MODA                                    ,008 - PANTALONES                              ,005 - DENIM                                   ,30083256,RETROMOM TIRO ALTO TEEN PLUS LAVADO MED,
004 - ABRIL                                   , ,,003 - YOYO                                    ,008 - MODA                                    ,000 - JEANS                                   ,005 - DENIM                                   ,30084134,PANTALON CARGO T/ALTO TEEN LAV MEDIO OS,
006 - JUNIO                                   , ,,003 - YOYO                                    ,008 - MODA                                    ,000 - JEANS                                   ,005 - DENIM                                   ,30084222,MOM JEAN TIRO ALTO TP LAV MEDIO OSCURO,
012 - DICIEMBRE                               , ,,003 - YOYO                                    ,008 - MODA                                    ,008 - PANTALONES                              ,005 - DENIM                                   ,30084256,RETROMOM TIRO ALTO T PLUS LAV MEDIO,
004 - ABRIL                                   , ,,003 - YOYO                                    ,008 - MODA                                    ,000 - JEANS                                   ,005 - DENIM                                   ,30085222,MOM JEAN TIRO ALTO TP LAV CLARO,
005 - MAYO                                    , ,,003 - YOYO                                    ,008 - MODA                                    ,000 - JEANS                                   ,005 - DENIM                                   ,30085234,PANTALON CARGO TIRO ALTO TP NEGRO,
002 - FEBRERO                                 , ,,003 - YOYO                                    ,008 - MODA                                    ,008 - PANTALONES                              ,005 - DENIM                                   ,30085756,RETROMOM TIRO ALTO TEEN PLUS BOTA ANCHA,
002 - FEBRERO                                 , ,,003 - YOYO                                    ,008 - MODA                                    ,,005 - DENIM                                   ,30086134,PANTALON CARGO TIRO ALTO TEEN LAV MEDIO,
010 - OCTUBRE                                 , ,,003 - YOYO                                    ,008 - MODA                                    ,000 - JEANS                                   ,005 - DENIM                                   ,30086222,MOM JEAN TIRO ALTO TP LAV CLARO COSTADO,
002 - FEBRERO                                 , ,,003 - YOYO                                    ,008 - MODA                                    ,008 - PANTALONES                              ,005 - DENIM                                   ,30086256,RETROMOM T/ALTO TP LAV CLARO CON ROTOS,
012 - DICIEMBRE                               , ,,003 - YOYO                                    ,008 - MODA                                    ,000 - JEANS                                   ,005 - DENIM                                   ,30087222,MOM JEAN TIRO MEDIO  TP LAV CLARO,
006 - JUNIO                                   , ,,003 - YOYO                                    ,008 - MODA                                    ,000 - JEANS                                   ,005 - DENIM                                   ,30087234,PANTALON CARGO TIRO ALTO TP LAV MEDIO,
003 - MARZO                                   , ,,003 - YOYO                                    ,008 - MODA                                    ,008 - PANTALONES                              ,005 - DENIM                                   ,30087256,RETROMOM TIRO ALTO TEEN PLUS LAV MEDIO,
012 - DICIEMBRE                               , ,,003 - YOYO                                    ,008 - MODA                                    ,000 - JEANS                                   ,005 - DENIM                                   ,30088222,MOMJEAN TIRO ALTO TP LAV CLARO CON PARC,
006 - JUNIO                                   , ,,003 - YOYO                                    ,008 - MODA                                    ,000 - JEANS                                   ,005 - DENIM                                   ,30088234,PANTALON CARGO TIRO ALTO TP LAV COLOR,
012 - DICIEMBRE                               , ,,003 - YOYO                                    ,008 - MODA                                    ,000 - JEANS                                   ,005 - DENIM                                   ,30089222,MOM JEAN TIRO ALTO TP LAV MEDIO,
007 - JULIO                                   , ,,003 - YOYO                                    ,008 - MODA                                    ,000 - JEANS                                   ,005 - DENIM                                   ,30089234,PANTALON CARGO TIRO ALTO TP LAV MEDIO,
002 - FEBRERO                                 , ,,003 - YOYO                                    ,008 - MODA                                    ,000 - JEANS                                   ,002 - TEJIDO PLANO                            ,30090222,MOMJEAN TIRO ALTO TP LAV CLARO,
007 - JULIO                                   , ,,003 - YOYO                                    ,008 - MODA                                    ,000 - JEANS                                   ,005 - DENIM                                   ,30090234,PANTALON CARGO TIRO ALTO TP LAV MEDIO O,
004 - ABRIL                                   , ,,003 - YOYO                                    ,008 - MODA                                    ,000 - JEANS                                   ,999 - NO APLICA                               ,30091222,MOM JEAN TIRO ALTO TP LAV MEDIO,
007 - JULIO                                   , ,,003 - YOYO                                    ,008 - MODA                                    ,000 - JEANS                                   ,005 - DENIM                                   ,30091234,PANTALON CARGO T/ALTO TP LAV MEDIO OSCU,
008 - AGOSTO                                  , ,,003 - YOYO                                    ,008 - MODA                                    ,000 - JEANS                                   ,005 - DENIM                                   ,30092234,PANTALON CARGO TIRO ALTO TP,
008 - AGOSTO                                  , ,,003 - YOYO                                    ,008 - MODA                                    ,000 - JEANS                                   ,005 - DENIM                                   ,30093234,PANTALON CARGO TIRO ALTO TP LAV CLARO,
009 - SEPTIEMBRE                              , ,,003 - YOYO                                    ,008 - MODA                                    ,000 - JEANS                                   ,005 - DENIM                                   ,30094134,PANTALON CARGO TIRO ALTO TEEN LAV NEGRO,
005 - MAYO                                    , ,,003 - YOYO                                    ,008 - MODA                                    ,008 - PANTALONES                              ,005 - DENIM                                   ,30094156,RETROMOM TIRO ALTO TEEN LAVADO CLARO BO,
009 - SEPTIEMBRE                              , ,,003 - YOYO                                    ,008 - MODA                                    ,000 - JEANS                                   ,005 - DENIM                                   ,30095234,PANTALON CARGO TIRO ALTO TP LAV MEDIO O,
009 - SEPTIEMBRE                              , ,,003 - YOYO                                    ,008 - MODA                                    ,000 - JEANS                                   ,005 - DENIM                                   ,30096234,PANTALON CARGO TIRO ALTO TP LAV CLARO,
006 - JUNIO                                   , ,,003 - YOYO                                    ,008 - MODA                                    ,008 - PANTALONES                              ,005 - DENIM                                   ,30096256,RETROMOM T/ALTO TEEN PLUS COLOR,
006 - JUNIO                                   , ,,003 - YOYO                                    ,008 - MODA                                    ,008 - PANTALONES                              ,005 - DENIM                                   ,30097156,RETROMOM TIRO ALTO TEEN DE COLOR BOTA A,
010 - OCTUBRE                                 , ,,003 - YOYO                                    ,008 - MODA                                    ,000 - JEANS                                   ,005 - DENIM                                   ,30097234,PANTALON CARGO TIRO ALTO TP LAV MEDIO,
009 - SEPTIEMBRE                              , ,,003 - YOYO                                    ,008 - MODA                                    ,000 - JEANS                                   ,005 - DENIM                                   ,30098234,PANTALON CARGO TIRO ALTO TP LAV  MEDIO,
007 - JULIO                                   , ,,003 - YOYO                                    ,008 - MODA                                    ,008 - PANTALONES                              ,005 - DENIM                                   ,30098756,RETROMOM TIRO ALTO TEEN PLUS COLOR BOTA,
003 - MARZO                                   , ,009 - 1MAR1                                   ,003 - YOYO                                    ,008 - MODA                                    ,000 - JEANS                                   ,005 - DENIM                                   ,30099234,CARGO TIRO ALTO TP LAV MEDIO,001 - PRODUCCION INTERNA TELA NACIONALIZADA
003 - MARZO                                   , ,,003 - YOYO                                    ,008 - MODA                                    ,000 - JEANS                                   ,005 - DENIM                                   ,30100234,PANTALON CARGO TIRO ALTO TP LAV COLOR,
010 - OCTUBRE                                 , ,,003 - YOYO                                    ,008 - MODA                                    ,000 - JEANS                                   ,005 - DENIM                                   ,30101234,PANTALON CARGO TIRO ALTO TP LAV MEDIO,
008 - AGOSTO                                  , ,,003 - YOYO                                    ,008 - MODA                                    ,008 - PANTALONES                              ,005 - DENIM                                   ,30101756,RETROMOM TIRO ALTO TEEN PLUS LAV CLARO,
011 - NOVIEMBRE                               , ,,003 - YOYO                                    ,008 - MODA                                    ,000 - JEANS                                   ,005 - DENIM                                   ,30102234,PANTALON CARGO TIRO ALTO TP LAV CLARO,
007 - JULIO                                   , ,,003 - YOYO                                    ,008 - MODA                                    ,008 - PANTALONES                              ,005 - DENIM                                   ,30102256,RETROMOM TIRO BAJO TEEN PLUS LAV CLARO,
011 - NOVIEMBRE                               , ,,003 - YOYO                                    ,008 - MODA                                    ,000 - JEANS                                   ,005 - DENIM                                   ,30103234,PANTALON CARGO TIRO ALTO TP LAV MEDIO,
008 - AGOSTO                                  , ,,003 - YOYO                                    ,008 - MODA                                    ,008 - PANTALONES                              ,005 - DENIM                                   ,30103756,RETROMOM PREMIUM T/ALTO TP LAV NEGRO BO,
011 - NOVIEMBRE                               , ,,003 - YOYO                                    ,008 - MODA                                    ,000 - JEANS                                   ,005 - DENIM                                   ,30104234,PANTALON CARGO TIRO ALTO TP LAV MEDIO,
008 - AGOSTO                                  , ,,003 - YOYO                                    ,008 - MODA                                    ,000 - JEANS                                   ,005 - DENIM                                   ,30105139,PERFECT PREMIUM TIRO MEDIO TEEN LAV MED,
012 - DICIEMBRE                               , ,,003 - YOYO                                    ,008 - MODA                                    ,000 - JEANS                                   ,005 - DENIM                                   ,30105234,PANTALON CARGO T/ALTO TP LAV CLARO CON,
010 - OCTUBRE                                 , ,,003 - YOYO                                    ,008 - MODA                                    ,008 - PANTALONES                              ,005 - DENIM                                   ,30105756,RETROMOM PREMIUM TIRO ALTO TEEN PLUS LA,
011 - NOVIEMBRE                               , ,,003 - YOYO                                    ,008 - MODA                                    ,000 - JEANS                                   ,005 - DENIM                                   ,30106234,PANTALON CARGO TIRO ALTO TP LAV MEDIO,
010 - OCTUBRE                                 , ,,003 - YOYO                                    ,008 - MODA                                    ,008 - PANTALONES                              ,005 - DENIM                                   ,30106256,RETROMOM TIRO ALTO TEEN PLUS LAV COLOR,
010 - OCTUBRE                                 , ,,003 - YOYO                                    ,008 - MODA                                    ,008 - PANTALONES                              ,005 - DENIM                                   ,30107156,RETROMOM TIRO ALTO TEEN LA COLOR ESTAMP,
012 - DICIEMBRE                               , ,,003 - YOYO                                    ,008 - MODA                                    ,000 - JEANS                                   ,005 - DENIM                                   ,30107234,PANTALON CARGO TIRO ALTO TP LAV COLOR,
011 - NOVIEMBRE                               , ,,003 - YOYO                                    ,008 - MODA                                    ,008 - PANTALONES                              ,005 - DENIM                                   ,30108156,RETROMOM TIRO ALTO TEEN LAV MEDIO OSCUR,
012 - DICIEMBRE                               , ,,003 - YOYO                                    ,008 - MODA                                    ,000 - JEANS                                   ,005 - DENIM                                   ,30109234,PANTALON CARGO TIRO ALTO TP DE COLOR,
011 - NOVIEMBRE                               , ,,003 - YOYO                                    ,008 - MODA                                    ,008 - PANTALONES                              ,005 - DENIM                                   ,30109256,RETROMOM TIRO ALTO TEEN PLUS LAV COLOR,
011 - NOVIEMBRE                               , ,,003 - YOYO                                    ,008 - MODA                                    ,008 - PANTALONES                              ,005 - DENIM                                   ,30110156,RETROMOM TIRO ALTO TEEN LAV COLOR,
012 - DICIEMBRE                               , ,,003 - YOYO                                    ,008 - MODA                                    ,000 - JEANS                                   ,005 - DENIM                                   ,30110234,PANTALON CARGO TIRO ALTO TP,
010 - OCTUBRE                                 , ,,003 - YOYO                                    ,008 - MODA                                    ,008 - PANTALONES                              ,005 - DENIM                                   ,30111156,RETROMOM TIRO ALTO TEEN CON BOLSILLO EN,
012 - DICIEMBRE                               , ,,003 - YOYO                                    ,008 - MODA                                    ,000 - JEANS                                   ,005 - DENIM                                   ,30111234,PANTALON CARGO TIRO ALTO TP LAV MEDIO O,
011 - NOVIEMBRE                               , ,,003 - YOYO                                    ,008 - MODA                                    ,008 - PANTALONES                              ,005 - DENIM                                   ,30112156,RETROMOM TIRO ALTO TEEN LAV MEDIO EFECT,
012 - DICIEMBRE                               , ,,003 - YOYO                                    ,008 - MODA                                    ,000 - JEANS                                   ,005 - DENIM                                   ,30112234,PANTALON CARGO TIRO MEDIO TP CON CORTES,
012 - DICIEMBRE                               , ,,003 - YOYO                                    ,008 - MODA                                    ,000 - JEANS                                   ,005 - DENIM                                   ,30113234,PANTALON CARGO TIRO ALTO TP LAV NEGRO,
001 - ENERO                                   , ,,003 - YOYO                                    ,008 - MODA                                    ,000 - JEANS                                   ,005 - DENIM                                   ,30114234,PANTALON CARGO TIRO ALTO  TP LAV MEDIO,
011 - NOVIEMBRE                               , ,,003 - YOYO                                    ,008 - MODA                                    ,008 - PANTALONES                              ,005 - DENIM                                   ,30114256,RETROMOM TIRO ALTO TEEN PLUS LAV MEDIO,
001 - ENERO                                   , ,,003 - YOYO                                    ,008 - MODA                                    ,000 - JEANS                                   ,005 - DENIM                                   ,30115234,PANTALON CARGO TIRO ALTO TP LAV MEDIO,
011 - NOVIEMBRE                               , ,,003 - YOYO                                    ,008 - MODA                                    ,008 - PANTALONES                              ,005 - DENIM                                   ,30115256,RETROMOM TIRO ALTO TP LAV MEDIO EFECTO,
002 - FEBRERO                                 , ,,003 - YOYO                                    ,008 - MODA                                    ,000 - JEANS                                   ,005 - DENIM                                   ,30116234,PANTALON CARGO TIRO ALTO TP LAV MEDIO O,
012 - DICIEMBRE                               , ,,003 - YOYO                                    ,008 - MODA                                    ,008 - PANTALONES                              ,005 - DENIM                                   ,30116256,RETROMOM TIRO ALTO TP LAV MEDIO OSCURO,
002 - FEBRERO                                 , ,,003 - YOYO                                    ,008 - MODA                                    ,000 - JEANS                                   ,005 - DENIM                                   ,30117234,PANTALON CARGO TIRO ALTO TP LAV MEDIO,
002 - FEBRERO                                 , ,,003 - YOYO                                    ,008 - MODA                                    ,,005 - DENIM                                   ,30117236,COOL TIRO ALTO TP COLOR TOBILLERO CON B,
002 - FEBRERO                                 , ,,003 - YOYO                                    ,008 - MODA                                    ,,005 - DENIM                                   ,30117256,RETROMOM TIRO ALTO TP LAV MEDIO,
012 - DICIEMBRE                               , ,,003 - YOYO                                    ,008 - MODA                                    ,008 - PANTALONES                              ,005 - DENIM                                   ,30118156,RETROMOM TIRO ALTO TEEN LAV MEDIO CON B,
004 - ABRIL                                   , ,,003 - YOYO                                    ,008 - MODA                                    ,000 - JEANS                                   ,005 - DENIM                                   ,30118234,PANTALON CARGO TIRO BAJO TP LAV MEDIO,
011 - NOVIEMBRE                               , ,,003 - YOYO                                    ,008 - MODA                                    ,000 - JEANS                                   ,005 - DENIM                                   ,30119136,COOL TIRO MEDIO TEEN LAV MEDIO BOTA TUB,
012 - DICIEMBRE                               , ,,003 - YOYO                                    ,008 - MODA                                    ,008 - PANTALONES                              ,005 - DENIM                                   ,30119156,RETROMOM TIRO ALTO TEEN LAV MEDIO OSCUR,
003 - MARZO                                   , ,,003 - YOYO                                    ,008 - MODA                                    ,000 - JEANS                                   ,002 - TEJIDO PLANO                            ,30119234,PANTALON CARGO TIRO BAJO TP LAV MEDIO O,
003 - MARZO                                   , ,,003 - YOYO                                    ,008 - MODA                                    ,000 - JEANS                                   ,002 - TEJIDO PLANO                            ,30120234,PANTALON CARGO TIRO BAJO TP LAV MEDIO,
004 - ABRIL                                   , ,,003 - YOYO                                    ,008 - MODA                                    ,000 - JEANS                                   ,999 - NO APLICA                               ,30121234,PANTALON CARGO TIRO MEDIO TP LAV VERDE,
001 - ENERO                                   , ,,003 - YOYO                                    ,008 - MODA                                    ,000 - JEANS                                   ,005 - DENIM                                   ,30121239,PERFECT T/ALTO TP CON CINTURON INCLUIDO,
001 - ENERO                                   , ,,003 - YOYO                                    ,008 - MODA                                    ,000 - JEANS                                   ,005 - DENIM                                   ,30121256,RETROMOM TIRO ALTO TP LAV CLARO,
004 - ABRIL                                   , ,,003 - YOYO                                    ,008 - MODA                                    ,000 - JEANS                                   ,999 - NO APLICA                               ,30122234,PANTALON CARGO TIRO BAJO TP LAV MEDIO O,
002 - FEBRERO                                 , ,,003 - YOYO                                    ,008 - MODA                                    ,008 - PANTALONES                              ,005 - DENIM                                   ,30122256,RETROMOM TIRO ALTO TP LAVADO MEDIO,
004 - ABRIL                                   , ,,003 - YOYO                                    ,008 - MODA                                    ,000 - JEANS                                   ,999 - NO APLICA                               ,30123234,PANTALON CARGO TIRO MEDIO TP  LAV CLARO,
008 - AGOSTO                                  , ,,003 - YOYO                                    ,008 - MODA                                    ,008 - PANTALONES                              ,005 - DENIM                                   ,30124256,RETROMOM T/ALTO TP LAV MEDIO CON BOLSIL,
004 - ABRIL                                   , ,,003 - YOYO                                    ,008 - MODA                                    ,008 - PANTALONES                              ,005 - DENIM                                   ,30125256,RETROMOM TIRO ALTO TP LAV MEDIO OSCURO,
004 - ABRIL                                   , ,,003 - YOYO                                    ,008 - MODA                                    ,,005 - DENIM                                   ,30126156,RETROMOM TIRO ALTO TEEN LAV CLARO,
012 - DICIEMBRE                               , ,,003 - YOYO                                    ,008 - MODA                                    ,000 - JEANS                                   ,005 - DENIM                                   ,30127239,PERFECT PREMIUM TIRO ALTO TP NEGRO,
005 - MAYO                                    , ,,003 - YOYO                                    ,008 - MODA                                    ,008 - PANTALONES                              ,005 - DENIM                                   ,30127256,RETROMOM TIRO ALTO TP LAV OSCURO,
006 - JUNIO                                   , ,,003 - YOYO                                    ,008 - MODA                                    ,008 - PANTALONES                              ,005 - DENIM                                   ,30128256,RETROMOM TIRO ALTO TP LAV COLOR,
006 - JUNIO                                   , ,,003 - YOYO                                    ,008 - MODA                                    ,008 - PANTALONES                              ,005 - DENIM                                   ,30129256,RETROMOM TIRO ALTO TP LAV MEDIO OSCURO,
003 - MARZO                                   , ,009 - 1MAR1                                   ,003 - YOYO                                    ,008 - MODA                                    ,000 - JEANS                                   ,005 - DENIM                                   ,30130256,RETROMOM TIRO ALTO TP LAV MEDIO,001 - PRODUCCION INTERNA TELA NACIONALIZADA
009 - SEPTIEMBRE                              , ,,003 - YOYO                                    ,008 - MODA                                    ,008 - PANTALONES                              ,005 - DENIM                                   ,30131156,RETROMOM TIRO ALTO TEEN LAV MEDIO,
010 - OCTUBRE                                 , ,,003 - YOYO                                    ,008 - MODA                                    ,000 - JEANS                                   ,005 - DENIM                                   ,30131236,COOL TIRO ALTO TP LAVADO MEDIO CLARO BO,
009 - SEPTIEMBRE                              , ,,003 - YOYO                                    ,008 - MODA                                    ,008 - PANTALONES                              ,005 - DENIM                                   ,30132256,RETROMOM TIRO ALTO TP LAV MEDIO,
009 - SEPTIEMBRE                              , ,,003 - YOYO                                    ,008 - MODA                                    ,008 - PANTALONES                              ,005 - DENIM                                   ,30133256,RETROMOM TIRO BAJO TP LAV MEDIO OSCURO,
005 - MAYO                                    , ,,003 - YOYO                                    ,008 - MODA                                    ,000 - JEANS                                   ,005 - DENIM                                   ,30134236,COOL TIRO ALTO TP LAV MEDIO BOTA RECTA,
010 - OCTUBRE                                 , ,,003 - YOYO                                    ,008 - MODA                                    ,008 - PANTALONES                              ,005 - DENIM                                   ,30134256,RETROMOM TIRO ALTO TP LAV MEDIO,
006 - JUNIO                                   , ,,003 - YOYO                                    ,008 - MODA                                    ,000 - JEANS                                   ,005 - DENIM                                   ,30135236,COOL TIRO ALTO TEEN PLUS LAVADO CLARO,
003 - MARZO                                   , ,,003 - YOYO                                    ,008 - MODA                                    ,000 - JEANS                                   ,005 - DENIM                                   ,30135256,RETROMOM SUPER TIRO ALTO TP LAV MEDIO O,001 - PRODUCCION INTERNA TELA NACIONALIZADA
003 - MARZO                                   , ,,003 - YOYO                                    ,008 - MODA                                    ,,005 - DENIM                                   ,30136236,COOL TIRO ALTO TEEN PLUS LAV CLARO BOTA,
010 - OCTUBRE                                 , ,,003 - YOYO                                    ,008 - MODA                                    ,008 - PANTALONES                              ,005 - DENIM                                   ,30136256,RETROMOM TIRO BAJO TP DESCADERADO,
010 - OCTUBRE                                 , ,,003 - YOYO                                    ,008 - MODA                                    ,008 - PANTALONES                              ,005 - DENIM                                   ,30137256,RETROMOM TIRO ALTO TP LAV NEGRO,
011 - NOVIEMBRE                               , ,,003 - YOYO                                    ,008 - MODA                                    ,000 - JEANS                                   ,005 - DENIM                                   ,30138236,COOL TIRO ALTO TP  LAV MEDIO BOTA TUBO,
010 - OCTUBRE                                 , ,,003 - YOYO                                    ,008 - MODA                                    ,008 - PANTALONES                              ,005 - DENIM                                   ,30138256,RETROMOM TIRO BAJO TP LAV MEDIO DESCADE,
012 - DICIEMBRE                               , ,,003 - YOYO                                    ,008 - MODA                                    ,000 - JEANS                                   ,005 - DENIM                                   ,30139236,COOL TIRO ALTO TP LAV MEDIO CON HILADIL,
003 - MARZO                                   , ,,003 - YOYO                                    ,008 - MODA                                    ,000 - JEANS                                   ,005 - DENIM                                   ,30139256,RETROMOM TIRO ALTO TP LAV MEDIO OSCURO,001 - PRODUCCION INTERNA TELA NACIONALIZADA
004 - ABRIL                                   , ,,003 - YOYO                                    ,008 - MODA                                    ,000 - JEANS                                   ,005 - DENIM                                   ,30140236,COOL TIRO ALTO TP LAV MEDIO OSCURO,
010 - OCTUBRE                                 , ,,003 - YOYO                                    ,008 - MODA                                    ,008 - PANTALONES                              ,005 - DENIM                                   ,30140256,RETROMOM TIRO ALTO TP LAV COLOR,
007 - JULIO                                   , ,,003 - YOYO                                    ,008 - MODA                                    ,000 - JEANS                                   ,005 - DENIM                                   ,30141236,COOL TIRO BAJO TP LAV MEDIO,
011 - NOVIEMBRE                               , ,,003 - YOYO                                    ,008 - MODA                                    ,008 - PANTALONES                              ,005 - DENIM                                   ,30141256,RETROMOM T/ALTO TP LAV NEGRO,
009 - SEPTIEMBRE                              , ,,003 - YOYO                                    ,008 - MODA                                    ,000 - JEANS                                   ,005 - DENIM                                   ,30142236,COOL TIRO ALTO TP LAV MEDIO,
011 - NOVIEMBRE                               , ,,003 - YOYO                                    ,008 - MODA                                    ,008 - PANTALONES                              ,005 - DENIM                                   ,30142256,RETROMOM TIRO ALTO TP LAV MEDIO OSCURO,
012 - DICIEMBRE                               , ,,003 - YOYO                                    ,008 - MODA                                    ,000 - JEANS                                   ,005 - DENIM                                   ,30143236,COOL TIRO ALTO TP COLOR,
003 - MARZO                                   , ,,003 - YOYO                                    ,008 - MODA                                    ,000 - JEANS                                   ,005 - DENIM                                   ,30143256,RETROMOM TIRO ALTO TP LAV CLARO,001 - PRODUCCION INTERNA TELA NACIONALIZADA
012 - DICIEMBRE                               , ,,003 - YOYO                                    ,008 - MODA                                    ,000 - JEANS                                   ,005 - DENIM                                   ,30144236,COOL TIRO ALTO TP LAV MEDIO,
012 - DICIEMBRE                               , ,,003 - YOYO                                    ,008 - MODA                                    ,,005 - DENIM                                   ,30144256,RETROMOM TIRO MEDIO LAV  MEDIO CON APLI,
012 - DICIEMBRE                               , ,,003 - YOYO                                    ,008 - MODA                                    ,008 - PANTALONES                              ,005 - DENIM                                   ,30145256,RETROMOM TIRO MEDIO TP LAV CLARO,
011 - NOVIEMBRE                               , ,,003 - YOYO                                    ,008 - MODA                                    ,008 - PANTALONES                              ,005 - DENIM                                   ,30146256,RETROMOM TIRO ALTO TP LAV MEDIO,
011 - NOVIEMBRE                               , ,,003 - YOYO                                    ,008 - MODA                                    ,008 - PANTALONES                              ,005 - DENIM                                   ,30147256,RETROMOM TIRO ALTO TP LAV COLOR,
011 - NOVIEMBRE                               , ,,003 - YOYO                                    ,008 - MODA                                    ,008 - PANTALONES                              ,005 - DENIM                                   ,30148256,RETROMOM TIRO ALTO TP LAV MEDIO OSCURO,
011 - NOVIEMBRE                               , ,,003 - YOYO                                    ,008 - MODA                                    ,008 - PANTALONES                              ,005 - DENIM                                   ,30149256,RETROMOM TIRO ALTO TP LAV MEDIO CON BRI,
012 - DICIEMBRE                               , ,,003 - YOYO                                    ,008 - MODA                                    ,008 - PANTALONES                              ,005 - DENIM                                   ,30150256,RETROMOM TIRO MEDIO TP LAV MEDIO OSCURO,
012 - DICIEMBRE                               , ,,003 - YOYO                                    ,008 - MODA                                    ,008 - PANTALONES                              ,005 - DENIM                                   ,30151256,RETROMOM TIRO ALTO TP LAV MEDIO,
012 - DICIEMBRE                               , ,,003 - YOYO                                    ,008 - MODA                                    ,008 - PANTALONES                              ,005 - DENIM                                   ,30152256,RETROMOM TIRO ALTO TP LAV COLOR CON ACC,
012 - DICIEMBRE                               , ,,003 - YOYO                                    ,008 - MODA                                    ,008 - PANTALONES                              ,005 - DENIM                                   ,30153256,RETROMOM TIRO ALTO TP LAV NEGRO,
001 - ENERO                                   , ,,003 - YOYO                                    ,008 - MODA                                    ,008 - PANTALONES                              ,005 - DENIM                                   ,30154256,RETROMOM TIRO ALTO TP LAV MEDIO OSCURO,
001 - ENERO                                   , ,,003 - YOYO                                    ,008 - MODA                                    ,000 - JEANS                                   ,005 - DENIM                                   ,30155256,RETROMOM TIRO ALTO TP LAV CLARO,
002 - FEBRERO                                 , ,,003 - YOYO                                    ,008 - MODA                                    ,000 - JEANS                                   ,005 - DENIM                                   ,30156256,RETROMOM TIRO ALTO TP LAV NEGRO,
003 - MARZO                                   , ,,003 - YOYO                                    ,008 - MODA                                    ,000 - JEANS                                   ,005 - DENIM                                   ,30157256,RETROMOM TIRO ALTO TP LAV MEDIO CON DIR,
002 - FEBRERO                                 , ,,003 - YOYO                                    ,008 - MODA                                    ,000 - JEANS                                   ,005 - DENIM                                   ,30158256,RETROMOM TIRO MEDIO TP LAV MEDIO OSCURO,
002 - FEBRERO                                 , ,,003 - YOYO                                    ,008 - MODA                                    ,000 - JEANS                                   ,005 - DENIM                                   ,30159256,RETROMOM TIRO ALTO TP LAV MEDIO,
004 - ABRIL                                   , ,,003 - YOYO                                    ,008 - MODA                                    ,000 - JEANS                                   ,002 - TEJIDO PLANO                            ,30160256,MAXI RETRO TIRO BAJO TP LAV MEDIO,
003 - MARZO                                   , ,,003 - YOYO                                    ,008 - MODA                                    ,000 - JEANS                                   ,002 - TEJIDO PLANO                            ,30161256,RETROMOM  TIRO ALTO TP LAV MEDIO,
004 - ABRIL                                   , ,,003 - YOYO                                    ,008 - MODA                                    ,000 - JEANS                                   ,002 - TEJIDO PLANO                            ,30162256,RETROMOM TIRO BAJO TP LAV MEDIO OSCURO,
003 - MARZO                                   , ,,003 - YOYO                                    ,008 - MODA                                    ,000 - JEANS                                   ,005 - DENIM                                   ,30163256,RETROMOM TIRO ALTO,001 - PRODUCCION INTERNA TELA NACIONALIZADA
003 - MARZO                                   , ,,003 - YOYO                                    ,008 - MODA                                    ,000 - JEANS                                   ,002 - TEJIDO PLANO                            ,30164256,MAXI RETRO TIRO BAJO TP LAV NEGRO,
004 - ABRIL                                   , ,,003 - YOYO                                    ,008 - MODA                                    ,000 - JEANS                                   ,999 - NO APLICA                               ,30165256,RETROMOM TIRO BAJO TP COLOR,
010 - OCTUBRE                                 , ,,003 - YOYO                                    ,008 - MODA                                    ,003 - CORTOS                                  ,005 - DENIM                                   ,30206103,BERMUDA T/ALTO TEEN  LAV MEDIO CLARO TI,
012 - DICIEMBRE                               , ,,003 - YOYO                                    ,008 - MODA                                    ,003 - CORTOS                                  ,005 - DENIM                                   ,30208103,BERMUDA TIRO MEDIO TEEN COLOR,
007 - JULIO                                   , ,,003 - YOYO                                    ,008 - MODA                                    ,003 - CORTOS                                  ,005 - DENIM                                   ,30210203,BERMUDA TIRO ALTO TEEN PLUS LAV MEDIO,
001 - ENERO                                   , ,,003 - YOYO                                    ,008 - MODA                                    ,003 - CORTOS                                  ,005 - DENIM                                   ,30211203,BERMUDA TIRO ALTO TP LAV CLARO,
009 - SEPTIEMBRE                              , ,,003 - YOYO                                    ,008 - MODA                                    ,003 - CORTOS                                  ,005 - DENIM                                   ,30212203,BERMUDA TIRO ALTO TP LAV MEDIO OSCURO,
010 - OCTUBRE                                 , ,,003 - YOYO                                    ,008 - MODA                                    ,003 - CORTOS                                  ,005 - DENIM                                   ,30213203,BERMUDA TIRO ALTO TP LAV CLARO,
012 - DICIEMBRE                               , ,,003 - YOYO                                    ,008 - MODA                                    ,003 - CORTOS                                  ,005 - DENIM                                   ,30214203,BERMUDA TIRO ALTO TP LAV CLARO,
012 - DICIEMBRE                               , ,,003 - YOYO                                    ,008 - MODA                                    ,003 - CORTOS                                  ,005 - DENIM                                   ,30215203,BERMUDA TIRO  MEDIO TP LAV MEDIO,
003 - MARZO                                   , ,,003 - YOYO                                    ,008 - MODA                                    ,003 - CORTOS                                  ,005 - DENIM                                   ,30217203,BERMUDA TIRO BAJO  LAV CLARO,001 - PRODUCCION INTERNA TELA NACIONALIZADA
003 - MARZO                                   , ,,003 - YOYO                                    ,008 - MODA                                    ,003 - CORTOS                                  ,002 - TEJIDO PLANO                            ,30218203,BERMUDA TIRO BAJO TP LAV  MEDIO,
006 - JUNIO                                   , ,,003 - YOYO                                    ,008 - MODA                                    ,008 - PANTALONES                              ,999 - NO APLICA                               ,30258710,COOL TA ZOY LAV OSCURO CON DETALLE EN C,
009 - SEPTIEMBRE                              , ,,003 - YOYO                                    ,008 - MODA                                    ,008 - PANTALONES                              ,005 - DENIM                                   ,30284710,COOL TIRO ALTO ZOY LAV MEDIO BOTA SIN T,
003 - MARZO                                   , ,,003 - YOYO                                    ,008 - MODA                                    ,003 - CORTOS                                  ,999 - NO APLICA                               ,30324133,SHORT TIRO MEDIO TP LAV MEDIO CON ROTOS,
004 - ABRIL                                   , ,,003 - YOYO                                    ,008 - MODA                                    ,003 - CORTOS                                  ,005 - DENIM                                   ,30368133,SHORT T/MEDIO TEEN LAV MEDIO CON GUARDA,
003 - MARZO                                   , ,,003 - YOYO                                    ,008 - MODA                                    ,003 - CORTOS                                  ,005 - DENIM                                   ,30373233,SHORT TIRO MEDIO TP LAV OSCURO CON CARG,
006 - JUNIO                                   , ,,003 - YOYO                                    ,008 - MODA                                    ,003 - CORTOS                                  ,005 - DENIM                                   ,30389233,SHORT T/MEDIO TEEN PLUS LAV MEDIO CON E,
007 - JULIO                                   , ,,003 - YOYO                                    ,008 - MODA                                    ,003 - CORTOS                                  ,005 - DENIM                                   ,30395233,SHORT T/ALTO TEEN PLUS LAV OSCURO CINTA,
005 - MAYO                                    , ,,003 - YOYO                                    ,008 - MODA                                    ,003 - CORTOS                                  ,005 - DENIM                                   ,30455233,SHORT T/MEDIO TP LAV MEDIO-CLARO CON DE,
012 - DICIEMBRE                               , ,,003 - YOYO                                    ,008 - MODA                                    ,003 - CORTOS                                  ,005 - DENIM                                   ,30579133,SHORT TIRO ALTO TEEN COLOR CON CHARRETE,
008 - AGOSTO                                  , ,,003 - YOYO                                    ,008 - MODA                                    ,003 - CORTOS                                  ,005 - DENIM                                   ,30615133,SHORT TIRO MEDIO TEEN LAV MEDIO CON ACC,
010 - OCTUBRE                                 , ,,003 - YOYO                                    ,008 - MODA                                    ,003 - CORTOS                                  ,005 - DENIM                                   ,30620133,SHORT TIRO MEDIO TEEN LAVADO MEDIO CON,
010 - OCTUBRE                                 , ,,003 - YOYO                                    ,008 - MODA                                    ,,005 - DENIM                                   ,30624133,SHORT TIRO MEDIO TEEN COLOR,
010 - OCTUBRE                                 , ,,003 - YOYO                                    ,008 - MODA                                    ,003 - CORTOS                                  ,005 - DENIM                                   ,30626233,SHORT TIRO ALTO  TEEN PLUS COLOR CON OJ,
010 - OCTUBRE                                 , ,,003 - YOYO                                    ,008 - MODA                                    ,003 - CORTOS                                  ,005 - DENIM                                   ,30628133,SHORT TIRO MEDIO TEEN  LAVADO CLARO,
011 - NOVIEMBRE                               , ,,003 - YOYO                                    ,008 - MODA                                    ,003 - CORTOS                                  ,005 - DENIM                                   ,30635233,SHORT TIRO ALTO TEEN PLUS EFECTO CUERO,
012 - DICIEMBRE                               , ,,003 - YOYO                                    ,008 - MODA                                    ,003 - CORTOS                                  ,005 - DENIM                                   ,30636133,SHORT TIRO MEDIO TEEN LAVADO MEDIO CON,
012 - DICIEMBRE                               , ,,003 - YOYO                                    ,008 - MODA                                    ,003 - CORTOS                                  ,005 - DENIM                                   ,30638133,SHORT TIRO MEDIO TEEN LAV MEDIO,
012 - DICIEMBRE                               , ,,003 - YOYO                                    ,008 - MODA                                    ,003 - CORTOS                                  ,005 - DENIM                                   ,30641233,SHORT TIRO ALTO TEEN PLUS LAVADO CLARO,
012 - DICIEMBRE                               , ,,003 - YOYO                                    ,008 - MODA                                    ,003 - CORTOS                                  ,005 - DENIM                                   ,30643233,SHORT T ALTO T PLUS COLOR,
005 - MAYO                                    , ,,003 - YOYO                                    ,008 - MODA                                    ,003 - CORTOS                                  ,005 - DENIM                                   ,30654733,SHORT T/ALTO TP LAVADO MEDIO CON DOBLE,
005 - MAYO                                    , ,,003 - YOYO                                    ,008 - MODA                                    ,,005 - DENIM                                   ,30655233,SHORT TIRO ALTO TP LAV MEDIO-OSCURO CAC,
006 - JUNIO                                   , ,,003 - YOYO                                    ,008 - MODA                                    ,003 - CORTOS                                  ,005 - DENIM                                   ,30656733,SHORT TIRO ALTO TEEN PLUS LAVADO MILITA,
005 - MAYO                                    , ,,003 - YOYO                                    ,008 - MODA                                    ,003 - CORTOS                                  ,005 - DENIM                                   ,30658233,SHORT TIRO ALTO LAVADO CLARO,
005 - MAYO                                    , ,,003 - YOYO                                    ,008 - MODA                                    ,003 - CORTOS                                  ,005 - DENIM                                   ,30659233,SHORT PREMIUM TIRO ALTO TEEN PLUS LAVAD,
007 - JULIO                                   , ,,003 - YOYO                                    ,008 - MODA                                    ,003 - CORTOS                                  ,005 - DENIM                                   ,30660733,SHORT TIRO ALTO TEEN PLUS LAVADO CLARO,
007 - JULIO                                   , ,,003 - YOYO                                    ,008 - MODA                                    ,003 - CORTOS                                  ,005 - DENIM                                   ,30661733,SHORT T/ALTO TEEN PLUS CON BOLSILLOS CA,
011 - NOVIEMBRE                               , ,,003 - YOYO                                    ,008 - MODA                                    ,003 - CORTOS                                  ,005 - DENIM                                   ,30664133,SHORT TIRO MEDIO TEEN LAVADO,
006 - JUNIO                                   , ,,003 - YOYO                                    ,008 - MODA                                    ,003 - CORTOS                                  ,005 - DENIM                                   ,30671233,SHORT TIRO ALTO TEEN PLUS COLOR,
009 - SEPTIEMBRE                              , ,,003 - YOYO                                    ,008 - MODA                                    ,003 - CORTOS                                  ,005 - DENIM                                   ,30673733,SHORT TIRO ALTO TEEN PLUS LAV MEDIO,
007 - JULIO                                   , ,,003 - YOYO                                    ,008 - MODA                                    ,003 - CORTOS                                  ,005 - DENIM                                   ,30674733,SHORT T/ALTO TEEN PLUS LAV GRIS CACHATE,
008 - AGOSTO                                  , ,,003 - YOYO                                    ,008 - MODA                                    ,003 - CORTOS                                  ,005 - DENIM                                   ,30675233,SHORT TIRO ALTO TEEN PLUS LAV COLOR,
008 - AGOSTO                                  , ,,003 - YOYO                                    ,008 - MODA                                    ,003 - CORTOS                                  ,005 - DENIM                                   ,30676233,SHORT TIRO ALTO TEEN PLUS LAV MEDIO,
008 - AGOSTO                                  , ,,003 - YOYO                                    ,008 - MODA                                    ,003 - CORTOS                                  ,005 - DENIM                                   ,30677133,SHORT TEEN TIRO ALTO EN CORDUROY,
009 - SEPTIEMBRE                              , ,,003 - YOYO                                    ,008 - MODA                                    ,003 - CORTOS                                  ,005 - DENIM                                   ,30678733,SHORT TIRO ALTO TEEN PLUS LAV MARFIL,
008 - AGOSTO                                  , ,,003 - YOYO                                    ,008 - MODA                                    ,003 - CORTOS                                  ,005 - DENIM                                   ,30680133,SHORT TIRO ALTO TEEN LAV CLARO CON LASE,
009 - SEPTIEMBRE                              , ,,003 - YOYO                                    ,008 - MODA                                    ,003 - CORTOS                                  ,005 - DENIM                                   ,30682233,SHORT TIRO ALTO TEEN PLUS LAV CLARO,
010 - OCTUBRE                                 , ,,003 - YOYO                                    ,008 - MODA                                    ,003 - CORTOS                                  ,005 - DENIM                                   ,30683733,SHORT TIRO ALTO TEEN PLUS LAV MEDIO BOL,
010 - OCTUBRE                                 , ,,003 - YOYO                                    ,008 - MODA                                    ,003 - CORTOS                                  ,005 - DENIM                                   ,30687233,SHORT TIRO ALTO TEEN PLUS LAV COLOR,
010 - OCTUBRE                                 , ,,003 - YOYO                                    ,008 - MODA                                    ,003 - CORTOS                                  ,005 - DENIM                                   ,30688133,SHORT TIRO ALTO TEEN LAV COLOR,
010 - OCTUBRE                                 , ,,003 - YOYO                                    ,008 - MODA                                    ,003 - CORTOS                                  ,005 - DENIM                                   ,30689233,SHORT TIRO ALTO TEEN PLUS LAV MEDIO,
010 - OCTUBRE                                 , ,,003 - YOYO                                    ,008 - MODA                                    ,003 - CORTOS                                  ,005 - DENIM                                   ,30692233,SHORT TIRO ALTO TEEN PLUS LAV CLARO,
010 - OCTUBRE                                 , ,,003 - YOYO                                    ,008 - MODA                                    ,003 - CORTOS                                  ,005 - DENIM                                   ,30693133,SHORT TIRO ALTO TEEN LAV CLARO,
011 - NOVIEMBRE                               , ,,003 - YOYO                                    ,008 - MODA                                    ,003 - CORTOS                                  ,005 - DENIM                                   ,30695233,SHORT TIRO ALTO TEEN PLUS LAV NEGRO,
011 - NOVIEMBRE                               , ,,003 - YOYO                                    ,008 - MODA                                    ,003 - CORTOS                                  ,005 - DENIM                                   ,30697233,SHORT TIRO TIRO ALTO TEEN PLUS LAV MEDI,
011 - NOVIEMBRE                               , ,,003 - YOYO                                    ,008 - MODA                                    ,003 - CORTOS                                  ,005 - DENIM                                   ,30698133,SHORT TIRO ALTO TEEN LAV MEDIO CON FOIL,
011 - NOVIEMBRE                               , ,,003 - YOYO                                    ,008 - MODA                                    ,003 - CORTOS                                  ,005 - DENIM                                   ,30700133,SHORT TIRO MEDIO TEEN LAV MEDIO OSCURO,
011 - NOVIEMBRE                               , ,,003 - YOYO                                    ,008 - MODA                                    ,003 - CORTOS                                  ,005 - DENIM                                   ,30701133,SHORT TIRO ALTO TEEN,
011 - NOVIEMBRE                               , ,,003 - YOYO                                    ,008 - MODA                                    ,003 - CORTOS                                  ,005 - DENIM                                   ,30702233,SHORT TIRO ALTO TP LAV MEDIO OSCURO,
012 - DICIEMBRE                               , ,,003 - YOYO                                    ,008 - MODA                                    ,003 - CORTOS                                  ,005 - DENIM                                   ,30703133,SHORT TIRO ALTO TEEN LAV MEDIO CON APLI,
012 - DICIEMBRE                               , ,,003 - YOYO                                    ,008 - MODA                                    ,003 - CORTOS                                  ,005 - DENIM                                   ,30704233,SHORT TIRO ALTO TP LAV MEDIO CON APLIQU,
012 - DICIEMBRE                               , ,,003 - YOYO                                    ,008 - MODA                                    ,003 - CORTOS                                  ,005 - DENIM                                   ,30705233,SHORT TIRO ALTO TP LAV MEDIO OSCURO,
012 - DICIEMBRE                               , ,,003 - YOYO                                    ,008 - MODA                                    ,003 - CORTOS                                  ,005 - DENIM                                   ,30706133,SHORT TIRO ALTO TEEN LAV CLARO,
012 - DICIEMBRE                               , ,,003 - YOYO                                    ,008 - MODA                                    ,003 - CORTOS                                  ,005 - DENIM                                   ,30708233,SHORT T/ALTO TP LAV MEDIO OSCURO BOTA D,
012 - DICIEMBRE                               , ,,003 - YOYO                                    ,008 - MODA                                    ,003 - CORTOS                                  ,005 - DENIM                                   ,30709133,SHORT TIRO ALTO TEEN LAV MEDIO,
012 - DICIEMBRE                               , ,,003 - YOYO                                    ,008 - MODA                                    ,003 - CORTOS                                  ,005 - DENIM                                   ,30710233,SHORT TIRO ALTO TP LAV CLARO,
012 - DICIEMBRE                               , ,,003 - YOYO                                    ,008 - MODA                                    ,003 - CORTOS                                  ,005 - DENIM                                   ,30711133,SHORT TIRO ALTO TEEN LAV MEDIO,
012 - DICIEMBRE                               , ,,003 - YOYO                                    ,008 - MODA                                    ,003 - CORTOS                                  ,005 - DENIM                                   ,30712233,SHORT TIRO ALTO TP LAV COLOR,
012 - DICIEMBRE                               , ,,003 - YOYO                                    ,008 - MODA                                    ,003 - CORTOS                                  ,005 - DENIM                                   ,30713133,SHORT TIRO ALTO TEEN  LAV COLOR,
001 - ENERO                                   , ,,003 - YOYO                                    ,008 - MODA                                    ,003 - CORTOS                                  ,005 - DENIM                                   ,30714133,SHORT TIRO ALTO TEEN LAV MEDIO OSCURO,
002 - FEBRERO                                 , ,,003 - YOYO                                    ,008 - MODA                                    ,003 - CORTOS                                  ,005 - DENIM                                   ,30715133,SHORT TIRO ALTO TEEN LAV COLOR,
002 - FEBRERO                                 , ,,003 - YOYO                                    ,008 - MODA                                    ,003 - CORTOS                                  ,005 - DENIM                                   ,30716233,SHORT TIRO ALTO TP LAVADO CLARO,
003 - MARZO                                   , ,,003 - YOYO                                    ,008 - MODA                                    ,003 - CORTOS                                  ,005 - DENIM                                   ,30717133,SHORT TIRO ALTO TEEN LAV CLARO CON BORD,
003 - MARZO                                   , ,,003 - YOYO                                    ,008 - MODA                                    ,003 - CORTOS                                  ,005 - DENIM                                   ,30719233,SHORT TIRO ALTO TEEN PLUS LAV CLARO,
004 - ABRIL                                   , ,,003 - YOYO                                    ,008 - MODA                                    ,003 - CORTOS                                  ,005 - DENIM                                   ,30720233,SHORT TIRO ALTO TP LAV  CLARO,
004 - ABRIL                                   , ,,003 - YOYO                                    ,008 - MODA                                    ,003 - CORTOS                                  ,005 - DENIM                                   ,30721233,SHORT TIRO ALTO TP LAV COLOR,
005 - MAYO                                    , ,,003 - YOYO                                    ,008 - MODA                                    ,003 - CORTOS                                  ,005 - DENIM                                   ,30722233,SHORT TIRO ALTO TP LAV COLOR,
005 - MAYO                                    , ,,003 - YOYO                                    ,008 - MODA                                    ,003 - CORTOS                                  ,005 - DENIM                                   ,30723233,SHORT T/ALTO TP NEGRO CON DETALLE EN DE,
004 - ABRIL                                   , ,,003 - YOYO                                    ,008 - MODA                                    ,003 - CORTOS                                  ,005 - DENIM                                   ,30724133,SHORT TIRO ALTO TEEN LAV COLOR,
005 - MAYO                                    , ,,003 - YOYO                                    ,008 - MODA                                    ,003 - CORTOS                                  ,005 - DENIM                                   ,30725233,SHORT TIRO ALTO TP LAV CLARO,
005 - MAYO                                    , ,,003 - YOYO                                    ,008 - MODA                                    ,003 - CORTOS                                  ,005 - DENIM                                   ,30726133,SHORT TIRO ALTO TEEN LAV MEDIO,
006 - JUNIO                                   , ,,003 - YOYO                                    ,008 - MODA                                    ,003 - CORTOS                                  ,005 - DENIM                                   ,30727133,SHORT TIRO ALTO TEEN LAV MEDIO,
007 - JULIO                                   , ,,003 - YOYO                                    ,008 - MODA                                    ,003 - CORTOS                                  ,005 - DENIM                                   ,30728233,SHORT TIRO ALTO TP COLOR MARFIL,
001 - ENERO                                   , ,,003 - YOYO                                    ,008 - MODA                                    ,003 - CORTOS                                  ,005 - DENIM                                   ,30729233,SHORT TIRO ALTO TP LAV CLARO CON LASER,
006 - JUNIO                                   , ,,003 - YOYO                                    ,008 - MODA                                    ,003 - CORTOS                                  ,005 - DENIM                                   ,30731133,SHORT TIRO ALTO TEEN LAVADO CLARO CON L,
012 - DICIEMBRE                               , ,,003 - YOYO                                    ,008 - MODA                                    ,003 - CORTOS                                  ,005 - DENIM                                   ,30732233,SHORT TIRO ALTO TP LAV CLARO,
007 - JULIO                                   , ,,003 - YOYO                                    ,008 - MODA                                    ,003 - CORTOS                                  ,005 - DENIM                                   ,30733133,SHORT TIRO ALTO TEEN LAV CLARO,
008 - AGOSTO                                  , ,,003 - YOYO                                    ,008 - MODA                                    ,003 - CORTOS                                  ,005 - DENIM                                   ,30734233,SHORT TIRO ALTO  TP LAV CLARO,
008 - AGOSTO                                  , ,,003 - YOYO                                    ,008 - MODA                                    ,003 - CORTOS                                  ,005 - DENIM                                   ,30735233,SHORT T/ALTO TP  COLOR CON BOLSILLOS,
009 - SEPTIEMBRE                              , ,,003 - YOYO                                    ,008 - MODA                                    ,003 - CORTOS                                  ,005 - DENIM                                   ,30736133,SHORT TIRO ALTO TEEN LAV COLOR,
009 - SEPTIEMBRE                              , ,,003 - YOYO                                    ,008 - MODA                                    ,003 - CORTOS                                  ,005 - DENIM                                   ,30737133,SHORT TIRO ALTO TEEN LAV MEDIO OSCURO,
010 - OCTUBRE                                 , ,,003 - YOYO                                    ,008 - MODA                                    ,003 - CORTOS                                  ,005 - DENIM                                   ,30738233,SHORT TIRO ALTO TP LAV CLARO,
010 - OCTUBRE                                 , ,,003 - YOYO                                    ,008 - MODA                                    ,003 - CORTOS                                  ,005 - DENIM                                   ,30739233,SHORT TIRO ALTO TP LAV MEDIO,
010 - OCTUBRE                                 , ,,003 - YOYO                                    ,008 - MODA                                    ,003 - CORTOS                                  ,005 - DENIM                                   ,30740233,SHORT TIRO ALTO TP LAV MEDIO,
010 - OCTUBRE                                 , ,,003 - YOYO                                    ,008 - MODA                                    ,003 - CORTOS                                  ,005 - DENIM                                   ,30741233,SHORT TIRO ALTO TP LAV CLARO,
010 - OCTUBRE                                 , ,,003 - YOYO                                    ,008 - MODA                                    ,003 - CORTOS                                  ,005 - DENIM                                   ,30742233,SHORT TIRO ALTO TP LAV MEDIO,
010 - OCTUBRE                                 , ,,003 - YOYO                                    ,008 - MODA                                    ,003 - CORTOS                                  ,005 - DENIM                                   ,30743233,SHORT TIRO ALTO TP LAV MEDIO OSCURO,
011 - NOVIEMBRE                               , ,,003 - YOYO                                    ,008 - MODA                                    ,003 - CORTOS                                  ,005 - DENIM                                   ,30744233,SHORT TIRO ALTO TP LAV MEDIO,
010 - OCTUBRE                                 , ,,003 - YOYO                                    ,008 - MODA                                    ,003 - CORTOS                                  ,005 - DENIM                                   ,30745233,SHORT TIRO ALTO TP LAV BLANCO,
011 - NOVIEMBRE                               , ,,003 - YOYO                                    ,008 - MODA                                    ,003 - CORTOS                                  ,005 - DENIM                                   ,30746233,SHORT TIRO ALTO TP LAV MEDIO OSCURO,
011 - NOVIEMBRE                               , ,,003 - YOYO                                    ,008 - MODA                                    ,003 - CORTOS                                  ,005 - DENIM                                   ,30747233,SHORT TIRO ALTO TP LAV MEDIO,
012 - DICIEMBRE                               , ,,003 - YOYO                                    ,008 - MODA                                    ,003 - CORTOS                                  ,005 - DENIM                                   ,30748233,SHORT TIRO ALTO TP LAV CLARO,
012 - DICIEMBRE                               , ,,003 - YOYO                                    ,008 - MODA                                    ,003 - CORTOS                                  ,005 - DENIM                                   ,30749233,SHORT TIRO ALTO TP LAV MEDIO CON ESTREL,
008 - AGOSTO                                  , ,,003 - YOYO                                    ,008 - MODA                                    ,003 - CORTOS                                  ,005 - DENIM                                   ,30750233,SHORT T/ALTO TP  COLOR CON BOLSILLOS,
011 - NOVIEMBRE                               , ,,003 - YOYO                                    ,008 - MODA                                    ,003 - CORTOS                                  ,005 - DENIM                                   ,30751233,SHORT TIRO ALTO TP LAV NEGRO,
012 - DICIEMBRE                               , ,,003 - YOYO                                    ,008 - MODA                                    ,003 - CORTOS                                  ,005 - DENIM                                   ,30752233,SHORT PREMIUM TIRO ALTO TP LAV COLOR,
012 - DICIEMBRE                               , ,,003 - YOYO                                    ,008 - MODA                                    ,003 - CORTOS                                  ,005 - DENIM                                   ,30753233,SHORT TIRO ALTO TP LAV CLARO CON ACCESO,
012 - DICIEMBRE                               , ,,003 - YOYO                                    ,008 - MODA                                    ,003 - CORTOS                                  ,005 - DENIM                                   ,30754233,SHORT TIRO ALTO TP LAV MEDIO OSCURO CON,
011 - NOVIEMBRE                               , ,,003 - YOYO                                    ,008 - MODA                                    ,003 - CORTOS                                  ,005 - DENIM                                   ,30755233,SHORT TIRO ALTO TP LAV CLARO,
011 - NOVIEMBRE                               , ,,003 - YOYO                                    ,008 - MODA                                    ,003 - CORTOS                                  ,005 - DENIM                                   ,30756233,SHORT TIRO ALTO TP LAV MARFIL CON APLIQ,
011 - NOVIEMBRE                               , ,,003 - YOYO                                    ,008 - MODA                                    ,003 - CORTOS                                  ,005 - DENIM                                   ,30757233,SHORT TIRO ALTO TP LAV CLARO,
012 - DICIEMBRE                               , ,,003 - YOYO                                    ,008 - MODA                                    ,003 - CORTOS                                  ,005 - DENIM                                   ,30758233,SHORT TIRO ALTO TP LAV CLARO,
012 - DICIEMBRE                               , ,,003 - YOYO                                    ,008 - MODA                                    ,003 - CORTOS                                  ,005 - DENIM                                   ,30759233,SHORT TIRO ALTO TP LAV COLOR,
012 - DICIEMBRE                               , ,,003 - YOYO                                    ,008 - MODA                                    ,003 - CORTOS                                  ,005 - DENIM                                   ,30760233,SHORT TIRO ALTO TEEN LAVADO CLARO CON L,
012 - DICIEMBRE                               , ,,003 - YOYO                                    ,008 - MODA                                    ,003 - CORTOS                                  ,005 - DENIM                                   ,30761233,SHORT DESCADERADO TP LAV CLARO,
012 - DICIEMBRE                               , ,,003 - YOYO                                    ,008 - MODA                                    ,003 - CORTOS                                  ,005 - DENIM                                   ,30762233,SHORT TIRO ALTO TP  COLOR NEGRO,
012 - DICIEMBRE                               , ,,003 - YOYO                                    ,008 - MODA                                    ,003 - CORTOS                                  ,005 - DENIM                                   ,30763233,SHORT TIRO ALTO TP LAV MEDIO,
001 - ENERO                                   , ,,003 - YOYO                                    ,008 - MODA                                    ,003 - CORTOS                                  ,005 - DENIM                                   ,30764233,SHORT TIRO MEDIO TP LAV MEDIO OSCURO,
002 - FEBRERO                                 , ,,003 - YOYO                                    ,008 - MODA                                    ,003 - CORTOS                                  ,005 - DENIM                                   ,30765233,SHORT TIRO MEDIO TP LAV MEDIO OSCURO,
002 - FEBRERO                                 , ,,003 - YOYO                                    ,008 - MODA                                    ,003 - CORTOS                                  ,005 - DENIM                                   ,30766233,SHORT TIRO ALTO TP NEGRO,
004 - ABRIL                                   , ,,003 - YOYO                                    ,008 - MODA                                    ,003 - CORTOS                                  ,005 - DENIM                                   ,30767233,SHORT T/BAJO TP LAV MEDIO OSCURO,
004 - ABRIL                                   , ,,003 - YOYO                                    ,008 - MODA                                    ,003 - CORTOS                                  ,002 - TEJIDO PLANO                            ,30768233,SHORT TIRO ALTO TP LAV MEDIO,
011 - NOVIEMBRE                               , ,,003 - YOYO                                    ,008 - MODA                                    ,016 - TOP -BODY                               ,999 - NO APLICA                               ,31002723,BODY PREMIUM ML TP ABERTURA EN COSTADOS,
010 - OCTUBRE                                 , ,,003 - YOYO                                    ,008 - MODA                                    ,001 - CAMISETA                                ,001 - TEJIDO PUNTO                            ,31003114,CAMISETA MC TP POWER PUFF GIRLS,
007 - JULIO                                   , ,,003 - YOYO                                    ,008 - MODA                                    ,016 - TOP -BODY                               ,999 - NO APLICA                               ,31003717,CAMISETA STRAPLESS TEEN PLUS CON TIRAS,
011 - NOVIEMBRE                               , ,,003 - YOYO                                    ,008 - MODA                                    ,016 - TOP -BODY                               ,999 - NO APLICA                               ,31003723,BODY PREMIUM ML TP ABERTURA EN COSTADOS,001 - PRODUCCION INTERNA TELA NACIONALIZADA
011 - NOVIEMBRE                               , ,,003 - YOYO                                    ,008 - MODA                                    ,001 - CAMISETA                                ,001 - TEJIDO PUNTO                            ,31004114,CAMISETA M CORTA T PLUS ESTAMPADO EN FR,
004 - ABRIL                                   , ,,003 - YOYO                                    ,008 - MODA                                    ,016 - TOP -BODY                               ,001 - TEJIDO PUNTO                            ,31004223,BODY PREMIUM ML TP CUELLO ALTO,
007 - JULIO                                   , ,,003 - YOYO                                    ,008 - MODA                                    ,016 - TOP -BODY                               ,999 - NO APLICA                               ,31004717,CAMISETA STRAPLESS TEEN PLUS CON FRENTE,
010 - OCTUBRE                                 , ,,003 - YOYO                                    ,008 - MODA                                    ,016 - TOP -BODY                               ,001 - TEJIDO PUNTO                            ,31005224,BODY MS TEEN PLUS CON EFECTO BRILLO,
009 - SEPTIEMBRE                              , ,,003 - YOYO                                    ,008 - MODA                                    ,016 - TOP -BODY                               ,999 - NO APLICA                               ,31005717,CAMISETA STRAPLESS TEEN PLUS AJUSTADA,
012 - DICIEMBRE                               , ,,003 - YOYO                                    ,008 - MODA                                    ,016 - TOP -BODY                               ,999 - NO APLICA                               ,31005725,BODY TIRAS TP ESCOTE CUADRADO ESTAMAPDO,
012 - DICIEMBRE                               , ,,003 - YOYO                                    ,008 - MODA                                    ,016 - TOP -BODY                               ,001 - TEJIDO PUNTO                            ,31006224,BODY PREMIUM MS TEEN PLUS FODNOD ENTERO,
010 - OCTUBRE                                 , ,,003 - YOYO                                    ,008 - MODA                                    ,016 - TOP -BODY                               ,999 - NO APLICA                               ,31006717,CAMISETA STRAPLESS TEEN PLUS CON TIRAS,
012 - DICIEMBRE                               , ,,003 - YOYO                                    ,008 - MODA                                    ,016 - TOP -BODY                               ,001 - TEJIDO PUNTO                            ,31006725,BODY PREMIUM TIRAS TP CON ABERTURAS EN,
012 - DICIEMBRE                               , ,,003 - YOYO                                    ,008 - MODA                                    ,016 - TOP -BODY                               ,001 - TEJIDO PUNTO                            ,31007224,BODY PREMIUM MS TEEN PLUS ESCOTE CUADRA,
003 - MARZO                                   , ,,003 - YOYO                                    ,008 - MODA                                    ,016 - TOP -BODY                               ,001 - TEJIDO PUNTO                            ,31007717,CAMISETA PREMIUM STRAPLESS TP CON TIRAS,
012 - DICIEMBRE                               , ,,003 - YOYO                                    ,008 - MODA                                    ,016 - TOP -BODY                               ,001 - TEJIDO PUNTO                            ,31010113,CAMISETA MS KIUT POLO CON CUELLO EN LUR,
011 - NOVIEMBRE                               , ,,003 - YOYO                                    ,008 - MODA                                    ,016 - TOP -BODY                               ,999 - NO APLICA                               ,31010722,BODY MC TP CON ABERTURA EN COSTADO,
010 - OCTUBRE                                 , ,,003 - YOYO                                    ,008 - MODA                                    ,016 - TOP -BODY                               ,999 - NO APLICA                               ,31010724,BODY PREMIUM MS TEEN PLUS CON ABERTURAS,
010 - OCTUBRE                                 , ,,003 - YOYO                                    ,008 - MODA                                    ,001 - CAMISETA                                ,999 - NO APLICA                               ,31011116,CAMISETA ML TEEN RANGLAN ESTAMPADA,
012 - DICIEMBRE                               , ,,003 - YOYO                                    ,008 - MODA                                    ,016 - TOP -BODY                               ,999 - NO APLICA                               ,31011224,BODY MS TP CON ESTAMPADO DEGRADADO DOBL,
010 - OCTUBRE                                 , ,,003 - YOYO                                    ,008 - MODA                                    ,016 - TOP -BODY                               ,999 - NO APLICA                               ,31011722,BODY MC TP DOBLE PRENDA CON TOP INTERNO,
012 - DICIEMBRE                               , ,,003 - YOYO                                    ,008 - MODA                                    ,016 - TOP -BODY                               ,999 - NO APLICA                               ,31012722,BODY MC TP ABERTURA EN CENTRO,
005 - MAYO                                    , ,,003 - YOYO                                    ,008 - MODA                                    ,016 - TOP -BODY                               ,999 - NO APLICA                               ,31012724,BODY MS TP ESTAMPADO FRENTE,
002 - FEBRERO                                 , ,,003 - YOYO                                    ,008 - MODA                                    ,016 - TOP -BODY                               ,001 - TEJIDO PUNTO                            ,31013222,BODY PREMIUM MC TP CON SESGOS EN CONTRA,
006 - JUNIO                                   , ,,003 - YOYO                                    ,008 - MODA                                    ,016 - TOP -BODY                               ,999 - NO APLICA                               ,31013724,BODY MS TP CON SESGOS EN CONTRASTE,
004 - ABRIL                                   , ,,003 - YOYO                                    ,008 - MODA                                    ,016 - TOP -BODY                               ,001 - TEJIDO PUNTO                            ,31014222,BODY PREMIUM MC TP CUELLO BANDEJA,
001 - ENERO                                   , ,,003 - YOYO                                    ,008 - MODA                                    ,016 - TOP -BODY                               ,999 - NO APLICA                               ,31014724,BODY PREMIUM MS TP CON CIERRE EN FRENTE,
010 - OCTUBRE                                 , ,,003 - YOYO                                    ,008 - MODA                                    ,016 - TOP -BODY                               ,999 - NO APLICA                               ,31015724,BODY MS TP FONDO ENTERO,
010 - OCTUBRE                                 , ,,003 - YOYO                                    ,008 - MODA                                    ,016 - TOP -BODY                               ,999 - NO APLICA                               ,31016724,BODY MS TP CON SESGOS EN CONTRASTE,
001 - ENERO                                   , ,,003 - YOYO                                    ,008 - MODA                                    ,016 - TOP -BODY                               ,999 - NO APLICA                               ,31017724,BODY PREMIUM MS TP CON SESGOS EN CONTRA,
003 - MARZO                                   , ,,003 - YOYO                                    ,008 - MODA                                    ,016 - TOP -BODY                               ,001 - TEJIDO PUNTO                            ,31018724,BODY MS TP CON ESCOTE EN ESPALDA,
003 - MARZO                                   , ,,003 - YOYO                                    ,008 - MODA                                    ,016 - TOP -BODY                               ,001 - TEJIDO PUNTO                            ,31019724,BODY MS TP CON ESCOTE EN ESPALDA DOBLE,
001 - ENERO                                   , ,,003 - YOYO                                    ,008 - MODA                                    ,016 - TOP -BODY                               ,999 - NO APLICA                               ,31026113,CAMISETA MS KIUT CON ELASTICO EN RUEDO,
001 - ENERO                                   , ,,003 - YOYO                                    ,008 - MODA                                    ,016 - TOP -BODY                               ,999 - NO APLICA                               ,31032213,CAMISETA MS COOL ANUDADA EN FRENTE,
004 - ABRIL                                   , ,,003 - YOYO                                    ,008 - MODA                                    ,016 - TOP -BODY                               ,999 - NO APLICA                               ,31039213,CAMISETA MS TP CORTE EN ESPALDA,
002 - FEBRERO                                 , ,,003 - YOYO                                    ,008 - MODA                                    ,001 - CAMISETA                                ,999 - NO APLICA                               ,31060214,CAMISETA MC COOL CON MOÑO EN COSTADO,
004 - ABRIL                                   , ,,003 - YOYO                                    ,008 - MODA                                    ,016 - TOP -BODY                               ,999 - NO APLICA                               ,31069712,CAMISETA TIRAS TP CON TIE DYE CROP,
006 - JUNIO                                   , ,,003 - YOYO                                    ,008 - MODA                                    ,001 - CAMISETA                                ,999 - NO APLICA                               ,31074112,CAMISETA PREMIUM TIRAS TEEN,
006 - JUNIO                                   , ,,003 - YOYO                                    ,008 - MODA                                    ,001 - CAMISETA                                ,999 - NO APLICA                               ,31075112,CAMISETA PREMIUM TIRAS TEEN CON FRENTE,
007 - JULIO                                   , ,,003 - YOYO                                    ,008 - MODA                                    ,016 - TOP -BODY                               ,999 - NO APLICA                               ,31077712,CAMISETA TIRAS TEEN PLUS CON CIERRE EN,
007 - JULIO                                   , ,,003 - YOYO                                    ,008 - MODA                                    ,001 - CAMISETA                                ,999 - NO APLICA                               ,31078212,CAMISETA PREMIUM TIRAS TEEN PLUS CON CO,
008 - AGOSTO                                  , ,,003 - YOYO                                    ,008 - MODA                                    ,016 - TOP -BODY                               ,999 - NO APLICA                               ,31079712,CAMISETA TIRAS TEEN PLUS CON BLOQUES DE,
011 - NOVIEMBRE                               , ,,003 - YOYO                                    ,008 - MODA                                    ,001 - CAMISETA                                ,999 - NO APLICA                               ,31080712,CAMISETA PREMIUM TIRAS TP CON MORITAS E,
009 - SEPTIEMBRE                              , ,,003 - YOYO                                    ,008 - MODA                                    ,016 - TOP -BODY                               ,999 - NO APLICA                               ,31081212,CAMISETA TIRAS TEEN PLUS DEGRADADA,
010 - OCTUBRE                                 , ,,003 - YOYO                                    ,008 - MODA                                    ,016 - TOP -BODY                               ,999 - NO APLICA                               ,31082712,CAMISETA TIRAS  TEEN PLUS CON CIERRE EN,
009 - SEPTIEMBRE                              , ,,003 - YOYO                                    ,008 - MODA                                    ,001 - CAMISETA                                ,999 - NO APLICA                               ,31083112,CAMISETA PREMIUM TIRAS TEEN CON TIRAS P,
011 - NOVIEMBRE                               , ,,003 - YOYO                                    ,008 - MODA                                    ,001 - CAMISETA                                ,999 - NO APLICA                               ,31084112,CAMISETA PREMIUM TIRAS TEEN CON ESTAMPA,
011 - NOVIEMBRE                               , ,,003 - YOYO                                    ,008 - MODA                                    ,001 - CAMISETA                                ,999 - NO APLICA                               ,31085712,CAMISETA PREMIUM TIRAS TP IMITACION DOB,
011 - NOVIEMBRE                               , ,,003 - YOYO                                    ,008 - MODA                                    ,016 - TOP -BODY                               ,999 - NO APLICA                               ,31086712,CAMISETA TIRAS TP CROP,
011 - NOVIEMBRE                               , ,,003 - YOYO                                    ,008 - MODA                                    ,016 - TOP -BODY                               ,999 - NO APLICA                               ,31087112,CAMISETA TIRAS TEEN CON ESTAMPADO EN FR,
012 - DICIEMBRE                               , ,,003 - YOYO                                    ,008 - MODA                                    ,016 - TOP -BODY                               ,999 - NO APLICA                               ,31088112,CAMISETA TIRAS TEEN EN TELA CON EFECTO,
007 - JULIO                                   , ,,003 - YOYO                                    ,008 - MODA                                    ,016 - TOP -BODY                               ,999 - NO APLICA                               ,31088113,CAMISETA MS TEEN CON NUDO EN COSTADO,
011 - NOVIEMBRE                               , ,,003 - YOYO                                    ,008 - MODA                                    ,016 - TOP -BODY                               ,999 - NO APLICA                               ,31089112,CAMISETA TIRAS TEEN EN RAYAS CON ESTAMP,
012 - DICIEMBRE                               , ,,003 - YOYO                                    ,008 - MODA                                    ,016 - TOP -BODY                               ,999 - NO APLICA                               ,31093112,CAMISETA TIRAS TEEN CON BOTONES EN FREN,
001 - ENERO                                   , ,,003 - YOYO                                    ,008 - MODA                                    ,016 - TOP -BODY                               ,999 - NO APLICA                               ,31094712,CAMISETA TIRAS TEEN PLUS CON BLOQUES DE,
012 - DICIEMBRE                               , ,,003 - YOYO                                    ,008 - MODA                                    ,016 - TOP -BODY                               ,999 - NO APLICA                               ,31095112,CAMISETA TIRAS TEEN CON BORDADO EN FREN,
002 - FEBRERO                                 , ,,003 - YOYO                                    ,008 - MODA                                    ,016 - TOP -BODY                               ,999 - NO APLICA                               ,31096112,CAMISETA TIRAS TEEN CON COSTURA EN CONT,
005 - MAYO                                    , ,,003 - YOYO                                    ,008 - MODA                                    ,001 - CAMISETA                                ,999 - NO APLICA                               ,31096114,CAMISETA MC TEEN ESTAMPADA CON BOLSILLO,
002 - FEBRERO                                 , ,,003 - YOYO                                    ,008 - MODA                                    ,016 - TOP -BODY                               ,999 - NO APLICA                               ,31097212,CAMISETA TIRAS TP CON RECTILINEO EN ESC,
003 - MARZO                                   , ,,003 - YOYO                                    ,008 - MODA                                    ,016 - TOP -BODY                               ,999 - NO APLICA                               ,31098112,CAMISETA TIRAS TEEN CON TERMINACION EN,
011 - NOVIEMBRE                               , ,,003 - YOYO                                    ,008 - MODA                                    ,001 - CAMISETA                                ,001 - TEJIDO PUNTO                            ,31098115,CAMISETA ML TEEN CON CUELLO EN CONTRAST,
003 - MARZO                                   , ,,003 - YOYO                                    ,008 - MODA                                    ,016 - TOP -BODY                               ,999 - NO APLICA                               ,31099212,CAMISETA TIRAS TP NUDO EN FRENTE,
007 - JULIO                                   , ,,003 - YOYO                                    ,008 - MODA                                    ,016 - TOP -BODY                               ,999 - NO APLICA                               ,31101212,CAMISETA TIRAS TP CON AMARRE EN ESPALDA,
005 - MAYO                                    , ,,003 - YOYO                                    ,008 - MODA                                    ,001 - CAMISETA                                ,999 - NO APLICA                               ,31102715,CAMISETA ML TEEN PLUS DOBLE PRENDA EN M,
006 - JUNIO                                   , ,,003 - YOYO                                    ,008 - MODA                                    ,016 - TOP -BODY                               ,999 - NO APLICA                               ,31103212,CAMISETA TIRAS TP CON AMARRE EN CINTURA,
006 - JUNIO                                   , ,,003 - YOYO                                    ,008 - MODA                                    ,001 - CAMISETA                                ,999 - NO APLICA                               ,31103715,CAMISETA M/LARGA TEEN PLUS DOBLE PRENDA,
007 - JULIO                                   , ,,003 - YOYO                                    ,008 - MODA                                    ,016 - TOP -BODY                               ,999 - NO APLICA                               ,31104212,CAMISETA TIRAS TP AMARRE EN ESPALDA,
007 - JULIO                                   , ,,003 - YOYO                                    ,008 - MODA                                    ,016 - TOP -BODY                               ,999 - NO APLICA                               ,31105112,CAMISETA TIRAS TEEN CON TIRAS PARA AMAR,
007 - JULIO                                   , ,,003 - YOYO                                    ,008 - MODA                                    ,016 - TOP -BODY                               ,999 - NO APLICA                               ,31106712,CAMISETA TIRAS TP CROP,
008 - AGOSTO                                  , ,,003 - YOYO                                    ,008 - MODA                                    ,001 - CAMISETA                                ,001 - TEJIDO PUNTO                            ,31107212,CAMISETA PREMIUM TIRAS TP AJUSTADA,
010 - OCTUBRE                                 , ,,003 - YOYO                                    ,008 - MODA                                    ,001 - CAMISETA                                ,999 - NO APLICA                               ,31107715,CAMISETA ML TEEN PLUS DOBLE PRENDA EN M,
007 - JULIO                                   , ,,003 - YOYO                                    ,008 - MODA                                    ,016 - TOP -BODY                               ,999 - NO APLICA                               ,31108712,CAMISETA TIRAS TP CROP,
008 - AGOSTO                                  , ,,003 - YOYO                                    ,008 - MODA                                    ,001 - CAMISETA                                ,001 - TEJIDO PUNTO                            ,31109212,CAMISETA PREMIUM TIRAS TP AJUSTADA,
010 - OCTUBRE                                 , ,,003 - YOYO                                    ,008 - MODA                                    ,016 - TOP -BODY                               ,001 - TEJIDO PUNTO                            ,31110212,CAMISETA TIRAS TP CON RUEDO ASIMETRICO,
012 - DICIEMBRE                               , ,,003 - YOYO                                    ,008 - MODA                                    ,001 - CAMISETA                                ,999 - NO APLICA                               ,31110215,CAMISETA ML TP CON ESCOTE EN V,
012 - DICIEMBRE                               , ,,003 - YOYO                                    ,008 - MODA                                    ,016 - TOP -BODY                               ,999 - NO APLICA                               ,31111712,CAMISETA TIRAS TP CRUZADAS CON TACHES,
004 - ABRIL                                   , ,,003 - YOYO                                    ,008 - MODA                                    ,001 - CAMISETA                                ,999 - NO APLICA                               ,31111715,CAMISETA ML TP  EN MALLA DOBLE PRENDA,
012 - DICIEMBRE                               , ,,003 - YOYO                                    ,008 - MODA                                    ,016 - TOP -BODY                               ,999 - NO APLICA                               ,31112712,CAMISETA TIRAS TP  FRENTE CON TERMINACI,
001 - ENERO                                   , ,,003 - YOYO                                    ,008 - MODA                                    ,016 - TOP -BODY                               ,001 - TEJIDO PUNTO                            ,31112715,CAMISETA ML TP CON ABERTURA EN FRENTE E,
004 - ABRIL                                   , ,,003 - YOYO                                    ,008 - MODA                                    ,016 - TOP -BODY                               ,001 - TEJIDO PUNTO                            ,31113212,CAMISETA TIRAS TP TIPO PAÑOLETA,
008 - AGOSTO                                  , ,,003 - YOYO                                    ,008 - MODA                                    ,001 - CAMISETA                                ,999 - NO APLICA                               ,31113715,CAMISETA ML TP EN MALLA,
012 - DICIEMBRE                               , ,,003 - YOYO                                    ,008 - MODA                                    ,016 - TOP -BODY                               ,999 - NO APLICA                               ,31114712,CAMISETA TIRAS TP CRUZADAS CON TACHES,
008 - AGOSTO                                  , ,,003 - YOYO                                    ,008 - MODA                                    ,001 - CAMISETA                                ,999 - NO APLICA                               ,31114715,CAMISETA ML TP DOBLE PRENDA CON FRENTE,
004 - ABRIL                                   , ,,003 - YOYO                                    ,008 - MODA                                    ,016 - TOP -BODY                               ,001 - TEJIDO PUNTO                            ,31115212,CAMISETA TIRAS TP CUELLO HALTER,
008 - AGOSTO                                  , ,,003 - YOYO                                    ,008 - MODA                                    ,001 - CAMISETA                                ,001 - TEJIDO PUNTO                            ,31115215,CAMISETA ML TP TIPO POLO,
008 - AGOSTO                                  , ,,003 - YOYO                                    ,008 - MODA                                    ,001 - CAMISETA                                ,001 - TEJIDO PUNTO                            ,31116215,CAMISETA ML TP CON ESCOTE EN V,
011 - NOVIEMBRE                               , ,,003 - YOYO                                    ,008 - MODA                                    ,001 - CAMISETA                                ,999 - NO APLICA                               ,31117715,CAMISETA ML TP CON TOP INTERNO FULL PRI,
010 - OCTUBRE                                 , ,,003 - YOYO                                    ,008 - MODA                                    ,001 - CAMISETA                                ,999 - NO APLICA                               ,31118715,CAMISETA ML TP  DOBLE PRENDA,
011 - NOVIEMBRE                               , ,,003 - YOYO                                    ,008 - MODA                                    ,001 - CAMISETA                                ,999 - NO APLICA                               ,31119215,CAMISETA ML TP CUELLO ALTO,
010 - OCTUBRE                                 , ,,003 - YOYO                                    ,008 - MODA                                    ,001 - CAMISETA                                ,001 - TEJIDO PUNTO                            ,31120215,CAMISETA ML EN RIB CON PERILLA,
011 - NOVIEMBRE                               , ,,003 - YOYO                                    ,008 - MODA                                    ,001 - CAMISETA                                ,999 - NO APLICA                               ,31121215,CAMISETA PREMIUM ML TP CON SESGOS EN FR,
012 - DICIEMBRE                               , ,,003 - YOYO                                    ,008 - MODA                                    ,001 - CAMISETA                                ,999 - NO APLICA                               ,31122215,CAMISETA ML TP ESCOTE EN V Y BOTONES DE,
012 - DICIEMBRE                               , ,,003 - YOYO                                    ,008 - MODA                                    ,001 - CAMISETA                                ,001 - TEJIDO PUNTO                            ,31123215,CAMISETA ML TP CON TOP INTERNO,
012 - DICIEMBRE                               , ,,003 - YOYO                                    ,008 - MODA                                    ,001 - CAMISETA                                ,999 - NO APLICA                               ,31124715,CAMISETA PREMIUM ML TP CUELLO RECTILINE,
012 - DICIEMBRE                               , ,,003 - YOYO                                    ,008 - MODA                                    ,001 - CAMISETA                                ,999 - NO APLICA                               ,31125215,CAMISETA ML TP ESCOTE BANDEJA CON TOP I,
012 - DICIEMBRE                               , ,,003 - YOYO                                    ,008 - MODA                                    ,001 - CAMISETA                                ,999 - NO APLICA                               ,31126715,CAMISETA ML TP EN MALLA DOBLE PRENDA CO,
012 - DICIEMBRE                               , ,,003 - YOYO                                    ,008 - MODA                                    ,001 - CAMISETA                                ,001 - TEJIDO PUNTO                            ,31127215,CAMISETA ML TP CON ABERTURA EN ESPALDA,
012 - DICIEMBRE                               , ,,003 - YOYO                                    ,008 - MODA                                    ,001 - CAMISETA                                ,999 - NO APLICA                               ,31128715,CAMISETA ML TP DOBLE PRENDA CON  ESTAMP,
001 - ENERO                                   , ,,003 - YOYO                                    ,008 - MODA                                    ,016 - TOP -BODY                               ,001 - TEJIDO PUNTO                            ,31129215,CAMISETA ML TP RUEDO ASIMETRICO,
012 - DICIEMBRE                               , ,,003 - YOYO                                    ,008 - MODA                                    ,001 - CAMISETA                                ,001 - TEJIDO PUNTO                            ,31130715,CAMISETA ML TP CON AMARRE EN ESPALDA,
012 - DICIEMBRE                               , ,,003 - YOYO                                    ,008 - MODA                                    ,001 - CAMISETA                                ,001 - TEJIDO PUNTO                            ,31131715,CAMISETA ML TP CON APLIQUE EN CINTURA,
002 - FEBRERO                                 , ,,003 - YOYO                                    ,008 - MODA                                    ,016 - TOP -BODY                               ,001 - TEJIDO PUNTO                            ,31132215,CAMISETA ML TP CON ABERTURA EN HOMBROS,
003 - MARZO                                   , ,,003 - YOYO                                    ,008 - MODA                                    ,016 - TOP -BODY                               ,001 - TEJIDO PUNTO                            ,31133715,CAMISETA PREMIUM ML TP CON ESCOTE CRUZA,
004 - ABRIL                                   , ,,003 - YOYO                                    ,008 - MODA                                    ,001 - CAMISETA                                ,001 - TEJIDO PUNTO                            ,31134215,CAMISETA ML TP CUELLO BANDEJA,
002 - FEBRERO                                 , ,,003 - YOYO                                    ,008 - MODA                                    ,016 - TOP -BODY                               ,999 - NO APLICA                               ,31161213,CAMISETA MS TP EN TELA CON BRILLO ACCES,
002 - FEBRERO                                 , ,,003 - YOYO                                    ,008 - MODA                                    ,,999 - NO APLICA                               ,31163213,CAMISETA MS TP CON FRENTE ESTAMPADO CRO,
010 - OCTUBRE                                 , ,,003 - YOYO                                    ,008 - MODA                                    ,016 - TOP -BODY                               ,001 - TEJIDO PUNTO                            ,31178213,CAMISETA MS TEEN PLUS IMITACION DOBLE P,
012 - DICIEMBRE                               , ,,003 - YOYO                                    ,008 - MODA                                    ,016 - TOP -BODY                               ,001 - TEJIDO PUNTO                            ,31187213,CAMISETA MS TEEN PLUS CROP,
012 - DICIEMBRE                               , ,,003 - YOYO                                    ,008 - MODA                                    ,016 - TOP -BODY                               ,001 - TEJIDO PUNTO                            ,31188213,CAMISETA MS TEEN PLUS CON CURVA,
012 - DICIEMBRE                               , ,,003 - YOYO                                    ,008 - MODA                                    ,016 - TOP -BODY                               ,001 - TEJIDO PUNTO                            ,31189213,CAMISETA MS TEEN PLUS CON COLLAR,
002 - FEBRERO                                 , ,,003 - YOYO                                    ,008 - MODA                                    ,016 - TOP -BODY                               ,999 - NO APLICA                               ,31196713,CAMISETA MS CON CAPUCHA Y CIERRE TIPO C,
006 - JUNIO                                   , ,,003 - YOYO                                    ,008 - MODA                                    ,001 - CAMISETA                                ,999 - NO APLICA                               ,31203713,CAMISETA PREMIUM MS TEEN PLUS CROP,
005 - MAYO                                    , ,,003 - YOYO                                    ,008 - MODA                                    ,016 - TOP -BODY                               ,999 - NO APLICA                               ,31204113,CAMISETA MS TEEN CON TEXTURA,
006 - JUNIO                                   , ,,003 - YOYO                                    ,008 - MODA                                    ,016 - TOP -BODY                               ,999 - NO APLICA                               ,31205713,CAMISETA MS TEEN PLUS FONDO ENTERO CROP,
004 - ABRIL                                   , ,,003 - YOYO                                    ,008 - MODA                                    ,016 - TOP -BODY                               ,001 - TEJIDO PUNTO                            ,31207213,CAMISETA MS TEEN PLUS CROP,
006 - JUNIO                                   , ,,003 - YOYO                                    ,008 - MODA                                    ,016 - TOP -BODY                               ,999 - NO APLICA                               ,31208213,CAMISETA MS TEEN PLUS CON ABERTURA V EN,
005 - MAYO                                    , ,,003 - YOYO                                    ,008 - MODA                                    ,016 - TOP -BODY                               ,999 - NO APLICA                               ,31209213,CAMISETA MS TP DOBLE FAZ CON LACE UP EN,
007 - JULIO                                   , ,,003 - YOYO                                    ,008 - MODA                                    ,016 - TOP -BODY                               ,999 - NO APLICA                               ,31212713,CAMISETA MS TEEN PLUS DOBLE PRENDA CON,
007 - JULIO                                   , ,,003 - YOYO                                    ,008 - MODA                                    ,016 - TOP -BODY                               ,999 - NO APLICA                               ,31213213,CAMISETA MS TEEN PLUS CON ABERTURA EN F,
008 - AGOSTO                                  , ,,003 - YOYO                                    ,008 - MODA                                    ,016 - TOP -BODY                               ,999 - NO APLICA                               ,31215713,CAMISETA MS TP CON RECTILINEOS EN SISA,
007 - JULIO                                   , ,,003 - YOYO                                    ,008 - MODA                                    ,016 - TOP -BODY                               ,999 - NO APLICA                               ,31217113,CAMISETA MS TEEN CON SESGOS AL CONTRAST,
007 - JULIO                                   , ,,003 - YOYO                                    ,008 - MODA                                    ,016 - TOP -BODY                               ,999 - NO APLICA                               ,31218113,CAMISETA MS TEEN CON ABERTURA EN FRENTE,
008 - AGOSTO                                  , ,,003 - YOYO                                    ,008 - MODA                                    ,016 - TOP -BODY                               ,999 - NO APLICA                               ,31219213,CAMISETA MS TEEN PLUS CON TIRAS PARA AM,
006 - JUNIO                                   , ,,003 - YOYO                                    ,008 - MODA                                    ,001 - CAMISETA                                ,999 - NO APLICA                               ,31223114,CAMISETA MC TEEN LARGO ESPECIAL ESTAMPA,
009 - SEPTIEMBRE                              , ,,003 - YOYO                                    ,008 - MODA                                    ,016 - TOP -BODY                               ,999 - NO APLICA                               ,31223213,CAMISETA MS TEEN PLUS CON SESGO AEREROS,
010 - OCTUBRE                                 , ,,003 - YOYO                                    ,008 - MODA                                    ,016 - TOP -BODY                               ,999 - NO APLICA                               ,31224713,CAMISETA MS TP COSTURA EN CONTRASTE,
011 - NOVIEMBRE                               , ,,003 - YOYO                                    ,008 - MODA                                    ,016 - TOP -BODY                               ,999 - NO APLICA                               ,31225213,CAMISETA MS TEEN PLUS CON MANUALIDAD EN,
009 - SEPTIEMBRE                              , ,,003 - YOYO                                    ,008 - MODA                                    ,016 - TOP -BODY                               ,999 - NO APLICA                               ,31226213,CAMISETA MS TEEN PLUS IMITACION DOBLE E,
011 - NOVIEMBRE                               , ,,003 - YOYO                                    ,008 - MODA                                    ,016 - TOP -BODY                               ,999 - NO APLICA                               ,31228113,CAMISETA MS TEEN CON GUIPURE EN ESCOTE,
011 - NOVIEMBRE                               , ,,003 - YOYO                                    ,008 - MODA                                    ,016 - TOP -BODY                               ,999 - NO APLICA                               ,31229113,CAMISETA MS TEEN CON TIRAS PARA AMARRE,
011 - NOVIEMBRE                               , ,,003 - YOYO                                    ,008 - MODA                                    ,,999 - NO APLICA                               ,31230113,CAMISETA MS TEEN CON RUEDO EN PUNTA,
011 - NOVIEMBRE                               , ,,003 - YOYO                                    ,008 - MODA                                    ,016 - TOP -BODY                               ,999 - NO APLICA                               ,31233213,CAMISETA MS TP DOBLE PRENDA EN MALLA,
012 - DICIEMBRE                               , ,,003 - YOYO                                    ,008 - MODA                                    ,016 - TOP -BODY                               ,999 - NO APLICA                               ,31235113,CAMISETA MS TEEN CON TACHES EN ESCOTE Y,
012 - DICIEMBRE                               , ,,003 - YOYO                                    ,008 - MODA                                    ,016 - TOP -BODY                               ,999 - NO APLICA                               ,31236713,CAMISETA MS TP CON SESGOS PARA ANUDAR E,
012 - DICIEMBRE                               , ,,003 - YOYO                                    ,008 - MODA                                    ,016 - TOP -BODY                               ,999 - NO APLICA                               ,31237113,CAMISETA MS TEEN CON DEGRADADO POR LAVA,
012 - DICIEMBRE                               , ,,003 - YOYO                                    ,008 - MODA                                    ,016 - TOP -BODY                               ,999 - NO APLICA                               ,31238213,CAMISETA MS TP EN TELA EFECTO MALLA CRO,
012 - DICIEMBRE                               , ,,003 - YOYO                                    ,008 - MODA                                    ,016 - TOP -BODY                               ,999 - NO APLICA                               ,31240213,CAMISETA MS TP CON CUELLO TEJIDO Y CIER,
011 - NOVIEMBRE                               , ,,003 - YOYO                                    ,008 - MODA                                    ,016 - TOP -BODY                               ,999 - NO APLICA                               ,31241713,CAMISETA MS TP CON ABERTURA EN COSTADOS,
012 - DICIEMBRE                               , ,,003 - YOYO                                    ,008 - MODA                                    ,016 - TOP -BODY                               ,999 - NO APLICA                               ,31242113,CAMISETA MS TEEN CON NUDOS EN HOMBRO Y,
011 - NOVIEMBRE                               , ,,003 - YOYO                                    ,008 - MODA                                    ,016 - TOP -BODY                               ,999 - NO APLICA                               ,31243113,CAMISETA MS TEEN BRILLANTE CON FRENTE E,
012 - DICIEMBRE                               , ,,003 - YOYO                                    ,008 - MODA                                    ,016 - TOP -BODY                               ,999 - NO APLICA                               ,31244713,CAMISETA MS TP DE RAYAS CROP,
012 - DICIEMBRE                               , ,,003 - YOYO                                    ,008 - MODA                                    ,016 - TOP -BODY                               ,999 - NO APLICA                               ,31245713,CAMISETA MS TP DOBLE PRENDA CON FRENTE,
012 - DICIEMBRE                               , ,,003 - YOYO                                    ,008 - MODA                                    ,016 - TOP -BODY                               ,999 - NO APLICA                               ,31246213,CAMISETA MS TP CON FRENTE ESTAMPADO,
012 - DICIEMBRE                               , ,,003 - YOYO                                    ,008 - MODA                                    ,016 - TOP -BODY                               ,999 - NO APLICA                               ,31247213,CAMISETA MS TEEN PLUS CON FRENTE ESTAMP,
001 - ENERO                                   , ,,003 - YOYO                                    ,008 - MODA                                    ,016 - TOP -BODY                               ,999 - NO APLICA                               ,31248213,CAMISETA MS TP CON ABERTURA EN ESPALDA,
012 - DICIEMBRE                               , ,,003 - YOYO                                    ,008 - MODA                                    ,016 - TOP -BODY                               ,999 - NO APLICA                               ,31249213,CAMISETA MS TP DOBLE PRENDA,
001 - ENERO                                   , ,,003 - YOYO                                    ,008 - MODA                                    ,016 - TOP -BODY                               ,999 - NO APLICA                               ,31250213,CAMISETA MS TP CON ESTAMPADO EN FRENTE,
001 - ENERO                                   , ,,003 - YOYO                                    ,008 - MODA                                    ,016 - TOP -BODY                               ,999 - NO APLICA                               ,31251213,CAMISETA MS TP FONDO ENTERO,
002 - FEBRERO                                 , ,,003 - YOYO                                    ,008 - MODA                                    ,001 - CAMISETA                                ,999 - NO APLICA                               ,31252213,CAMISETA PREMIUM MS TP CON ESCOTE PROFU,
002 - FEBRERO                                 , ,,003 - YOYO                                    ,008 - MODA                                    ,,999 - NO APLICA                               ,31253713,CAMISETA MS TP CON ABERTURA ESPALDA PAR,
002 - FEBRERO                                 , ,,003 - YOYO                                    ,008 - MODA                                    ,016 - TOP -BODY                               ,999 - NO APLICA                               ,31254113,CAMISETA MS TEEN FULL PRINT CON BORDADO,
004 - ABRIL                                   , ,,003 - YOYO                                    ,008 - MODA                                    ,001 - CAMISETA                                ,999 - NO APLICA                               ,31255713,CAMISETA PREMIUM MS TP CON SESGO AEREOS,
003 - MARZO                                   , ,,003 - YOYO                                    ,008 - MODA                                    ,016 - TOP -BODY                               ,999 - NO APLICA                               ,31256113,CAMISETA MS TEEN EN RIB DE RAYAS CON BO,
004 - ABRIL                                   , ,,003 - YOYO                                    ,008 - MODA                                    ,016 - TOP -BODY                               ,999 - NO APLICA                               ,31257713,CAMISETA MS TP CON LACE UP EN FRENTE,
005 - MAYO                                    , ,,003 - YOYO                                    ,008 - MODA                                    ,001 - CAMISETA                                ,999 - NO APLICA                               ,31258713,CAMISETA PREMIUM MS TP CON RECOGIDO EN,
005 - MAYO                                    , ,,003 - YOYO                                    ,008 - MODA                                    ,001 - CAMISETA                                ,999 - NO APLICA                               ,31259213,CAMISETA PREMIUM MS TP CON ABERTURA EN,
005 - MAYO                                    , ,,003 - YOYO                                    ,008 - MODA                                    ,016 - TOP -BODY                               ,999 - NO APLICA                               ,31260113,CAMISETA MS TEEN CON RUEDO EN PUNTA,
006 - JUNIO                                   , ,,003 - YOYO                                    ,008 - MODA                                    ,001 - CAMISETA                                ,999 - NO APLICA                               ,31261713,CAMISETA PREMIUM MS TP DOBLE PRENDA,
005 - MAYO                                    , ,017 - 2MAY1                                   ,003 - YOYO                                    ,008 - MODA                                    ,016 - TOP -BODY                               ,999 - NO APLICA                               ,31262213,CAMISETA PREMIUM MS TP CON CUELLO Y CIE,001 - PRODUCCION INTERNA TELA NACIONALIZADA
006 - JUNIO                                   , ,,003 - YOYO                                    ,008 - MODA                                    ,016 - TOP -BODY                               ,999 - NO APLICA                               ,31263213,CAMISETA MS TP LARGO CROP,
007 - JULIO                                   , ,,003 - YOYO                                    ,008 - MODA                                    ,016 - TOP -BODY                               ,999 - NO APLICA                               ,31264213,CAMISETA MS TP CON ABERTURA EN COSTADOS,
007 - JULIO                                   , ,,003 - YOYO                                    ,008 - MODA                                    ,016 - TOP -BODY                               ,999 - NO APLICA                               ,31265213,CAMISETA MS TP CON HOMBRO PEQUEÑO Y EST,
007 - JULIO                                   , ,,003 - YOYO                                    ,008 - MODA                                    ,016 - TOP -BODY                               ,999 - NO APLICA                               ,31267213,CAMISETA MS TP CON SESGOS PARA ANUDAR E,
008 - AGOSTO                                  , ,,003 - YOYO                                    ,008 - MODA                                    ,016 - TOP -BODY                               ,999 - NO APLICA                               ,31268713,CAMISETA MS TP CON ABERTURA ESPALDA PAR,
008 - AGOSTO                                  , ,,003 - YOYO                                    ,008 - MODA                                    ,016 - TOP -BODY                               ,999 - NO APLICA                               ,31269713,CAMISETA MS TP CON LACE UP EN FRENTE,
007 - JULIO                                   , ,,003 - YOYO                                    ,008 - MODA                                    ,016 - TOP -BODY                               ,999 - NO APLICA                               ,31270713,CAMISETA MS TP CON FRENTE ESTAMPADO,
007 - JULIO                                   , ,,003 - YOYO                                    ,008 - MODA                                    ,016 - TOP -BODY                               ,999 - NO APLICA                               ,31271713,CAMISETA MS TP CON ESTAMAPADO EN FRENTE,
008 - AGOSTO                                  , ,,003 - YOYO                                    ,008 - MODA                                    ,016 - TOP -BODY                               ,001 - TEJIDO PUNTO                            ,31301213,CAMISETA MS TP FRENTE CRUZADO,
008 - AGOSTO                                  , ,,003 - YOYO                                    ,008 - MODA                                    ,016 - TOP -BODY                               ,001 - TEJIDO PUNTO                            ,31302213,CAMISETA MS TP CON ESTAMPADO EN FRENTE,
009 - SEPTIEMBRE                              , ,,003 - YOYO                                    ,008 - MODA                                    ,016 - TOP -BODY                               ,999 - NO APLICA                               ,31303213,CAMISETA MS TP DOBLE PRENDA,
009 - SEPTIEMBRE                              , ,,003 - YOYO                                    ,008 - MODA                                    ,001 - CAMISETA                                ,999 - NO APLICA                               ,31305113,CAMISETA PREMIUM MS TEEN CON ESTAMPADO,
009 - SEPTIEMBRE                              , ,,003 - YOYO                                    ,008 - MODA                                    ,016 - TOP -BODY                               ,999 - NO APLICA                               ,31306713,CAMISETA MS TP CON MALLA EN ESPALDA,
009 - SEPTIEMBRE                              , ,,003 - YOYO                                    ,008 - MODA                                    ,016 - TOP -BODY                               ,001 - TEJIDO PUNTO                            ,31307213,CAMISETA MS TP CON CIERRE EN FRENTE,
010 - OCTUBRE                                 , ,,003 - YOYO                                    ,008 - MODA                                    ,001 - CAMISETA                                ,999 - NO APLICA                               ,31308713,CAMISETA PREMIUM MS TP CON ABERTURA EN,
010 - OCTUBRE                                 , ,,003 - YOYO                                    ,008 - MODA                                    ,016 - TOP -BODY                               ,999 - NO APLICA                               ,31310713,CAMISETA MS TP CON PROCESO EN FRENTE,
010 - OCTUBRE                                 , ,,003 - YOYO                                    ,008 - MODA                                    ,016 - TOP -BODY                               ,001 - TEJIDO PUNTO                            ,31311213,CAMISETA MS TP CON RECOGIDO EN COSTADOS,
010 - OCTUBRE                                 , ,,003 - YOYO                                    ,008 - MODA                                    ,016 - TOP -BODY                               ,001 - TEJIDO PUNTO                            ,31312213,CAMISETA MS TP CON CUELLO Y PERILLA EN,
010 - OCTUBRE                                 , ,,003 - YOYO                                    ,008 - MODA                                    ,016 - TOP -BODY                               ,001 - TEJIDO PUNTO                            ,31313213,CAMISETA MS TP CON CUELLO TIPO POLO,
010 - OCTUBRE                                 , ,,003 - YOYO                                    ,008 - MODA                                    ,016 - TOP -BODY                               ,001 - TEJIDO PUNTO                            ,31314213,CAMISETA MS TP ESCOTE EN V ESTAMPADA A,
011 - NOVIEMBRE                               , ,,003 - YOYO                                    ,008 - MODA                                    ,016 - TOP -BODY                               ,999 - NO APLICA                               ,31315713,CAMISETA MS TP CON ABERTURA EN FRENTE A,
012 - DICIEMBRE                               , ,,003 - YOYO                                    ,008 - MODA                                    ,001 - CAMISETA                                ,999 - NO APLICA                               ,31316713,CAMISETA PREMIUM MS TP CON RUEDO IRREGU,
012 - DICIEMBRE                               , ,,003 - YOYO                                    ,008 - MODA                                    ,016 - TOP -BODY                               ,999 - NO APLICA                               ,31317713,CAMISETA MS TP CON HOMBRO DESCUBIERTO Y,
012 - DICIEMBRE                               , ,,003 - YOYO                                    ,008 - MODA                                    ,016 - TOP -BODY                               ,999 - NO APLICA                               ,31318713,CAMISETA MS TP CON CIERRE Y PIEZAS EN C,
012 - DICIEMBRE                               , ,,003 - YOYO                                    ,008 - MODA                                    ,016 - TOP -BODY                               ,999 - NO APLICA                               ,31319713,CAMISETA MS TP DOBLE PRENDA CON BRILLO,
012 - DICIEMBRE                               , ,,003 - YOYO                                    ,008 - MODA                                    ,016 - TOP -BODY                               ,999 - NO APLICA                               ,31320713,CAMISETA MS TP EN CONTRASTE CON PUNTA E,
010 - OCTUBRE                                 , ,,003 - YOYO                                    ,008 - MODA                                    ,016 - TOP -BODY                               ,001 - TEJIDO PUNTO                            ,31321213,CAMISETA MS TP CON CUELLO Y PERILLA EN,
012 - DICIEMBRE                               , ,,003 - YOYO                                    ,008 - MODA                                    ,016 - TOP -BODY                               ,999 - NO APLICA                               ,31322713,CAMISETA MS  TP CON CIERRE EN ESCOTE,
011 - NOVIEMBRE                               , ,,003 - YOYO                                    ,008 - MODA                                    ,016 - TOP -BODY                               ,999 - NO APLICA                               ,31323213,CAMISETA MS TP EN MALLA CON RECOGIDO EN,
012 - DICIEMBRE                               , ,,003 - YOYO                                    ,008 - MODA                                    ,016 - TOP -BODY                               ,001 - TEJIDO PUNTO                            ,31324713,CAMISETA MS TP ESCOTE EN V,
005 - MAYO                                    , ,,003 - YOYO                                    ,008 - MODA                                    ,016 - TOP -BODY                               ,001 - TEJIDO PUNTO                            ,31325213,CAMISETA MS TP CON CUELLO ALTO,001 - PRODUCCION INTERNA TELA NACIONALIZADA
012 - DICIEMBRE                               , ,,003 - YOYO                                    ,008 - MODA                                    ,001 - CAMISETA                                ,001 - TEJIDO PUNTO                            ,31326713,CAMISETA PREMIUM MS TP ESCOTE EN V,
011 - NOVIEMBRE                               , ,,003 - YOYO                                    ,008 - MODA                                    ,016 - TOP -BODY                               ,999 - NO APLICA                               ,31327213,CAMISETA MS TP CON ABERTURA EN HOMBRE C,
011 - NOVIEMBRE                               , ,,003 - YOYO                                    ,008 - MODA                                    ,016 - TOP -BODY                               ,999 - NO APLICA                               ,31328213,CAMISETA MS TP CON ABERTURA EN HOMBRO,
012 - DICIEMBRE                               , ,,003 - YOYO                                    ,008 - MODA                                    ,016 - TOP -BODY                               ,001 - TEJIDO PUNTO                            ,31329213,CAMISETA MS TP CON HERRAJE  EN ESCOTE,
001 - ENERO                                   , ,,003 - YOYO                                    ,008 - MODA                                    ,016 - TOP -BODY                               ,001 - TEJIDO PUNTO                            ,31330213,CAMISETA PREMIUM MS TP DOBLE PRENDA,
012 - DICIEMBRE                               , ,,003 - YOYO                                    ,008 - MODA                                    ,016 - TOP -BODY                               ,999 - NO APLICA                               ,31331713,CAMISETA MS TP CON ESTAMPADO EN FRENTE,
012 - DICIEMBRE                               , ,,003 - YOYO                                    ,008 - MODA                                    ,016 - TOP -BODY                               ,999 - NO APLICA                               ,31332713,CAMISETA MS TP EN CONTRASTE CON PUNTA E,
002 - FEBRERO                                 , ,,003 - YOYO                                    ,008 - MODA                                    ,016 - TOP -BODY                               ,001 - TEJIDO PUNTO                            ,31333213,CAMISETA PREMIUM MS TP CON ESCOTE EN ES,
003 - MARZO                                   , ,,003 - YOYO                                    ,008 - MODA                                    ,016 - TOP -BODY                               ,001 - TEJIDO PUNTO                            ,31334713,CAMISETA PREMIUM MS TP CON CIERRE,
004 - ABRIL                                   , ,,003 - YOYO                                    ,008 - MODA                                    ,016 - TOP -BODY                               ,001 - TEJIDO PUNTO                            ,31335713,CAMISETA MS TP EN MALLA IMITACION DOBL,
004 - ABRIL                                   , ,,003 - YOYO                                    ,008 - MODA                                    ,016 - TOP -BODY                               ,001 - TEJIDO PUNTO                            ,31336713,CAMISETA MS TP ASIMETRICA,
012 - DICIEMBRE                               , ,,003 - YOYO                                    ,008 - MODA                                    ,001 - CAMISETA                                ,999 - NO APLICA                               ,31404114,CAMISETA MC TEEN CUELLO ALTO CON ESTAMP,
003 - MARZO                                   , ,,003 - YOYO                                    ,008 - MODA                                    ,001 - CAMISETA                                ,999 - NO APLICA                               ,31458214,CAMISETA MC TP CON FRENTE ESTAMPADO,
012 - DICIEMBRE                               , ,,003 - YOYO                                    ,008 - MODA                                    ,001 - CAMISETA                                ,999 - NO APLICA                               ,31516214,CAMISETA MC TEEN PLUS CON HERRAJE EN FR,
001 - ENERO                                   , ,,003 - YOYO                                    ,008 - MODA                                    ,001 - CAMISETA                                ,999 - NO APLICA                               ,31534141,CAMISETA MC TP DOBLE PRENDA  EN MALLA I,
002 - FEBRERO                                 , ,,003 - YOYO                                    ,008 - MODA                                    ,016 - TOP -BODY                               ,999 - NO APLICA                               ,31551741,CAMISETA MS YO ZOY ELÁSTICOS CRUZADOS,
012 - DICIEMBRE                               , ,,003 - YOYO                                    ,008 - MODA                                    ,001 - CAMISETA                                ,001 - TEJIDO PUNTO                            ,31584214,CAMISETA MC TEEN PLUS CON CORTE EN FREN,
005 - MAYO                                    , ,,003 - YOYO                                    ,008 - MODA                                    ,001 - CAMISETA                                ,999 - NO APLICA                               ,31594141,CAMISETA MC CON LACE UP EN FRENTE,
011 - NOVIEMBRE                               , ,,003 - YOYO                                    ,008 - MODA                                    ,001 - CAMISETA                                ,001 - TEJIDO PUNTO                            ,31594214,CAMISETA MC TEEN PLUS EN RIB CON PERILL,
005 - MAYO                                    , ,,003 - YOYO                                    ,008 - MODA                                    ,001 - CAMISETA                                ,999 - NO APLICA                               ,31603741,CAMISETA MC ZOY CON DETALLE  PIERCING E,
011 - NOVIEMBRE                               , ,,003 - YOYO                                    ,008 - MODA                                    ,001 - CAMISETA                                ,001 - TEJIDO PUNTO                            ,31608214,CAMISETA MC TEEN PLUS EN RIB CON BOTONE,
012 - DICIEMBRE                               , ,,003 - YOYO                                    ,008 - MODA                                    ,001 - CAMISETA                                ,001 - TEJIDO PUNTO                            ,31611114,CAMISETA MC TEEN CON TIRAS EN ESPALDA C,
006 - JUNIO                                   , ,,003 - YOYO                                    ,008 - MODA                                    ,016 - TOP -BODY                               ,999 - NO APLICA                               ,31624741,CAMISETA TIRAS ZOY CON RECOGIDO EN FREN,
004 - ABRIL                                   , ,,003 - YOYO                                    ,008 - MODA                                    ,001 - CAMISETA                                ,999 - NO APLICA                               ,31628214,CAMISETA MC TEEN PLUS CRUZADA EN FRENTE,
008 - AGOSTO                                  , ,,003 - YOYO                                    ,008 - MODA                                    ,001 - CAMISETA                                ,001 - TEJIDO PUNTO                            ,31636741,CAMISETA MC ZOY BOLERO EN CORTE DE MANG,
005 - MAYO                                    , ,,003 - YOYO                                    ,008 - MODA                                    ,001 - CAMISETA                                ,999 - NO APLICA                               ,31638214,CAMISETA MC TEEN PLUS CON RECOGIDO EN C,
010 - OCTUBRE                                 , ,,003 - YOYO                                    ,008 - MODA                                    ,001 - CAMISETA                                ,001 - TEJIDO PUNTO                            ,31646141,CAMISETA MC TP CON CORTE Y JARETA CURVA,
007 - JULIO                                   , ,,003 - YOYO                                    ,008 - MODA                                    ,001 - CAMISETA                                ,999 - NO APLICA                               ,31648714,CAMISETA MC TEEN PLUS CROP ESTAMPADA EN,
012 - DICIEMBRE                               , ,,003 - YOYO                                    ,008 - MODA                                    ,001 - CAMISETA                                ,999 - NO APLICA                               ,31650714,CAMISETA MC TEEN PLUS OVERSIZE ESTAMPAD,
012 - DICIEMBRE                               , ,,003 - YOYO                                    ,008 - MODA                                    ,001 - CAMISETA                                ,999 - NO APLICA                               ,31653714,CAMISETA MC TEEN PLUS CON DETALLE EN FR,
007 - JULIO                                   , ,,003 - YOYO                                    ,008 - MODA                                    ,001 - CAMISETA                                ,999 - NO APLICA                               ,31655714,CAMISETA MC TEEN PLUS CROP OVERSIZED,
006 - JUNIO                                   , ,,003 - YOYO                                    ,008 - MODA                                    ,001 - CAMISETA                                ,999 - NO APLICA                               ,31656214,CAMISETA MC TEEN PLUS CON ESTAMPADO EN,
008 - AGOSTO                                  , ,,003 - YOYO                                    ,008 - MODA                                    ,001 - CAMISETA                                ,999 - NO APLICA                               ,31658714,CAMISETA MC TEEN PLUS CON ESTAMPADO EN,
008 - AGOSTO                                  , ,,003 - YOYO                                    ,008 - MODA                                    ,001 - CAMISETA                                ,999 - NO APLICA                               ,31663114,CAMISETA MC TEEN AJUSTADA CON APLIQUE,
007 - JULIO                                   , ,,003 - YOYO                                    ,008 - MODA                                    ,015 - TEJIDO                                  ,999 - NO APLICA                               ,31664114,CAMISETA MC TEEN CON CUELLO CAMISERO TE,
008 - AGOSTO                                  , ,,003 - YOYO                                    ,008 - MODA                                    ,001 - CAMISETA                                ,999 - NO APLICA                               ,31665214,CAMISETA MC TEEN PLUS AJUSTADA CON FREN,
009 - SEPTIEMBRE                              , ,,003 - YOYO                                    ,008 - MODA                                    ,001 - CAMISETA                                ,999 - NO APLICA                               ,31667714,CAMISETA MC TP CON ESTAMPADO EN ESPALDA,
009 - SEPTIEMBRE                              , ,,003 - YOYO                                    ,008 - MODA                                    ,001 - CAMISETA                                ,999 - NO APLICA                               ,31669114,CAMISETA MC TEEN TIPO MARIPOSA CON ESTA,
009 - SEPTIEMBRE                              , ,,003 - YOYO                                    ,008 - MODA                                    ,001 - CAMISETA                                ,999 - NO APLICA                               ,31670114,CAMISETA MC TEEN CON ESTAMPADO EN FRENT,
010 - OCTUBRE                                 , ,,003 - YOYO                                    ,008 - MODA                                    ,001 - CAMISETA                                ,999 - NO APLICA                               ,31671714,CAMISETA MC TP CON ESTAMPADO EN FRENTE,
009 - SEPTIEMBRE                              , ,,003 - YOYO                                    ,008 - MODA                                    ,001 - CAMISETA                                ,999 - NO APLICA                               ,31673214,CAMISETA MC TEEN PLUS HOMBRO DESCUBIERT,
009 - SEPTIEMBRE                              , ,,003 - YOYO                                    ,008 - MODA                                    ,001 - CAMISETA                                ,001 - TEJIDO PUNTO                            ,31673741,CAMISETA MC ZOY CON DETALLE DE NUDO EN,
011 - NOVIEMBRE                               , ,,003 - YOYO                                    ,008 - MODA                                    ,001 - CAMISETA                                ,999 - NO APLICA                               ,31675214,CAMISETA MC TEEN PLUS CON ROCHES EN ESC,
011 - NOVIEMBRE                               , ,,003 - YOYO                                    ,008 - MODA                                    ,001 - CAMISETA                                ,999 - NO APLICA                               ,31678114,CAMISETA MC TEEN CON PIEZAS EN MALLA Y,
010 - OCTUBRE                                 , ,,003 - YOYO                                    ,008 - MODA                                    ,001 - CAMISETA                                ,999 - NO APLICA                               ,31680714,CAMISETA MC TEEN PLUS CON SESGOS AEREOS,
010 - OCTUBRE                                 , ,,003 - YOYO                                    ,008 - MODA                                    ,001 - CAMISETA                                ,999 - NO APLICA                               ,31681114,CAMISETA MC TEEN DOBLE PRENDA ESTAMPADA,
010 - OCTUBRE                                 , ,,003 - YOYO                                    ,008 - MODA                                    ,,999 - NO APLICA                               ,31682714,CAMISETA MC TEEN PLUS DOBLE PRENDA CON,
010 - OCTUBRE                                 , ,,003 - YOYO                                    ,008 - MODA                                    ,001 - CAMISETA                                ,999 - NO APLICA                               ,31683114,CAMISETA MC TEEN AJUSTADA CON ABERTURA,
010 - OCTUBRE                                 , ,,003 - YOYO                                    ,008 - MODA                                    ,001 - CAMISETA                                ,999 - NO APLICA                               ,31684114,CAMISETA MC TEEN CON RECTILINEOS,
011 - NOVIEMBRE                               , ,,003 - YOYO                                    ,008 - MODA                                    ,001 - CAMISETA                                ,999 - NO APLICA                               ,31685114,CAMISETA MC TEEN CON MINI RUCHE,
010 - OCTUBRE                                 , ,,003 - YOYO                                    ,008 - MODA                                    ,001 - CAMISETA                                ,999 - NO APLICA                               ,31686214,CAMISETA MC TEEN PLUS AJUSTADA CON FREN,
011 - NOVIEMBRE                               , ,,003 - YOYO                                    ,008 - MODA                                    ,001 - CAMISETA                                ,999 - NO APLICA                               ,31689114,CAMISETA MC TEEN TIPO CAJON ESTAMPADA,
011 - NOVIEMBRE                               , ,,003 - YOYO                                    ,008 - MODA                                    ,001 - CAMISETA                                ,999 - NO APLICA                               ,31690714,CAMISETA MC TEEN PLUS MARIPOSA CON PUÑO,
010 - OCTUBRE                                 , ,,003 - YOYO                                    ,008 - MODA                                    ,001 - CAMISETA                                ,999 - NO APLICA                               ,31691114,CAMISETA MC TEEN CON ABERTURA EN COSTAD,
011 - NOVIEMBRE                               , ,,003 - YOYO                                    ,008 - MODA                                    ,016 - TOP -BODY                               ,999 - NO APLICA                               ,31691714,CAMISETA MS TP CON ESTAMPADO,
011 - NOVIEMBRE                               , ,,003 - YOYO                                    ,008 - MODA                                    ,001 - CAMISETA                                ,999 - NO APLICA                               ,31693114,CAMISETA MC TEEN CON CORTE EN FRENTE Y,
011 - NOVIEMBRE                               , ,,003 - YOYO                                    ,008 - MODA                                    ,001 - CAMISETA                                ,999 - NO APLICA                               ,31695714,CAMISETA MC TP CON ESTAMPADO EN FRENTE,
012 - DICIEMBRE                               , ,,003 - YOYO                                    ,008 - MODA                                    ,001 - CAMISETA                                ,999 - NO APLICA                               ,31698114,CAMISETA MC TEEN CON TACHES Y ESTAM EN,
012 - DICIEMBRE                               , ,,003 - YOYO                                    ,008 - MODA                                    ,001 - CAMISETA                                ,999 - NO APLICA                               ,31699114,CAMISETA MC TEEN CON FRENTE ESTAMPADO,
012 - DICIEMBRE                               , ,,003 - YOYO                                    ,008 - MODA                                    ,001 - CAMISETA                                ,999 - NO APLICA                               ,31700714,CAMISETA MC TP CON RECOGIDO EN COSTADOS,
012 - DICIEMBRE                               , ,,003 - YOYO                                    ,008 - MODA                                    ,001 - CAMISETA                                ,999 - NO APLICA                               ,31701114,CAMISETA MC TEEN MANGA RANGLAN EN CONST,
012 - DICIEMBRE                               , ,,003 - YOYO                                    ,008 - MODA                                    ,001 - CAMISETA                                ,999 - NO APLICA                               ,31703114,CAMISETA MC TEEN CON RECTILINEO EN CUEL,
012 - DICIEMBRE                               , ,,003 - YOYO                                    ,008 - MODA                                    ,001 - CAMISETA                                ,999 - NO APLICA                               ,31704714,CAMISETA MC TP CON FRENTE ESTAMPADO,
012 - DICIEMBRE                               , ,,003 - YOYO                                    ,008 - MODA                                    ,001 - CAMISETA                                ,999 - NO APLICA                               ,31705714,CAMISETA MC TEEN PLUS OVERSIZE,
012 - DICIEMBRE                               , ,,003 - YOYO                                    ,008 - MODA                                    ,001 - CAMISETA                                ,999 - NO APLICA                               ,31707114,CAMISETA MC TEEN CON BOLERO EN MANGA Y,
012 - DICIEMBRE                               , ,,003 - YOYO                                    ,008 - MODA                                    ,001 - CAMISETA                                ,999 - NO APLICA                               ,31708214,CAMISETA MC TP CON CUELLO EN CONTRASTE,
012 - DICIEMBRE                               , ,,003 - YOYO                                    ,008 - MODA                                    ,001 - CAMISETA                                ,999 - NO APLICA                               ,31709214,CAMISETA MC TP CON FRENTE ESTAMPADO,
012 - DICIEMBRE                               , ,,003 - YOYO                                    ,008 - MODA                                    ,001 - CAMISETA                                ,999 - NO APLICA                               ,31710114,CAMISETA MC TEEN CON FRENTE ESTAMPADO,
001 - ENERO                                   , ,,003 - YOYO                                    ,008 - MODA                                    ,001 - CAMISETA                                ,999 - NO APLICA                               ,31711214,CAMISETA MC TP CON CUELLO CAMISERO EN C,
001 - ENERO                                   , ,,003 - YOYO                                    ,008 - MODA                                    ,001 - CAMISETA                                ,999 - NO APLICA                               ,31713214,CAMISETA MC TP CON SESGO EN CONTRASTE,
001 - ENERO                                   , ,,003 - YOYO                                    ,008 - MODA                                    ,001 - CAMISETA                                ,999 - NO APLICA                               ,31715114,CAMISETA PREMIUM MC TEEN ESTAMPADA EN F,
001 - ENERO                                   , ,,003 - YOYO                                    ,008 - MODA                                    ,001 - CAMISETA                                ,999 - NO APLICA                               ,31716114,CAMISETA MC TEEN CON ESTAMPADO EN FRENT,
001 - ENERO                                   , ,,003 - YOYO                                    ,008 - MODA                                    ,001 - CAMISETA                                ,999 - NO APLICA                               ,31717214,CAMISETA MC TP ESTAMPADO EN FRENTE,
003 - MARZO                                   , ,,003 - YOYO                                    ,008 - MODA                                    ,001 - CAMISETA                                ,999 - NO APLICA                               ,31718714,CAMISETA MC TP CON RECTILINEO EN CUELLO,
002 - FEBRERO                                 , ,,003 - YOYO                                    ,008 - MODA                                    ,001 - CAMISETA                                ,999 - NO APLICA                               ,31720214,CAMISETA MC TP CUELLO CONTRASTE ESTAMPA,
001 - ENERO                                   , ,,003 - YOYO                                    ,008 - MODA                                    ,001 - CAMISETA                                ,999 - NO APLICA                               ,31721114,CAMISETA MC TEEN ESTAMAPO FRENTE,
002 - FEBRERO                                 , ,,003 - YOYO                                    ,008 - MODA                                    ,001 - CAMISETA                                ,999 - NO APLICA                               ,31722214,CAMISETA MC TP CON SESGO EN CUELLO,
012 - DICIEMBRE                               , ,,003 - YOYO                                    ,008 - MODA                                    ,001 - CAMISETA                                ,999 - NO APLICA                               ,31723114,CAMISETA MC TEEN ESTAMPADO EN ESPALDA Y,
002 - FEBRERO                                 , ,,003 - YOYO                                    ,008 - MODA                                    ,001 - CAMISETA                                ,999 - NO APLICA                               ,31724214,CAMISETA MC TP PIEZA EN CONTRASTE Y EST,
002 - FEBRERO                                 , ,,003 - YOYO                                    ,008 - MODA                                    ,001 - CAMISETA                                ,999 - NO APLICA                               ,31725114,CAMISETA MC TEEN CON ANUDADOS EN COSTAD,
002 - FEBRERO                                 , ,,003 - YOYO                                    ,008 - MODA                                    ,001 - CAMISETA                                ,999 - NO APLICA                               ,31727214,CAMISETA MC TP OVERSIZE ESTAMPADO FRENT,
003 - MARZO                                   , ,,003 - YOYO                                    ,008 - MODA                                    ,001 - CAMISETA                                ,999 - NO APLICA                               ,31731214,CAMISETA PREMIUM MC TP ESTAMPADA,
004 - ABRIL                                   , ,,003 - YOYO                                    ,008 - MODA                                    ,001 - CAMISETA                                ,999 - NO APLICA                               ,31732714,CAMISETA PREMIUM MC TP ESTAMPADO FRENTE,
003 - MARZO                                   , ,,003 - YOYO                                    ,008 - MODA                                    ,001 - CAMISETA                                ,999 - NO APLICA                               ,31733214,CAMISETA MC TP DOBLE PRENDA CON TOP INT,
004 - ABRIL                                   , ,,003 - YOYO                                    ,008 - MODA                                    ,001 - CAMISETA                                ,999 - NO APLICA                               ,31735714,CAMISETA MC TP ESTAMPADO EN FRENTE,
004 - ABRIL                                   , ,,003 - YOYO                                    ,008 - MODA                                    ,001 - CAMISETA                                ,999 - NO APLICA                               ,31736114,CAMISETA MC TEEN CON CUELLO Y MANGAS EN,
004 - ABRIL                                   , ,,003 - YOYO                                    ,008 - MODA                                    ,001 - CAMISETA                                ,999 - NO APLICA                               ,31737214,CAMISETA MC TP CON CONTRASTE ESTAMPADO,
005 - MAYO                                    , ,,003 - YOYO                                    ,008 - MODA                                    ,001 - CAMISETA                                ,999 - NO APLICA                               ,31738714,CAMISETA MC TP OVERSIZED CON ESTAMPADO,
004 - ABRIL                                   , ,,003 - YOYO                                    ,008 - MODA                                    ,001 - CAMISETA                                ,999 - NO APLICA                               ,31739214,CAMISETA MC TP EN RIB  CON MINI RUCHE E,
004 - ABRIL                                   , ,,003 - YOYO                                    ,008 - MODA                                    ,001 - CAMISETA                                ,999 - NO APLICA                               ,31740214,CAMISETA MC TP CON ESTAMPADO EN ESPALDA,
005 - MAYO                                    , ,,003 - YOYO                                    ,008 - MODA                                    ,001 - CAMISETA                                ,999 - NO APLICA                               ,31741714,CAMISETA MC TP ESCOTE CRUZADO,
005 - MAYO                                    , ,,003 - YOYO                                    ,008 - MODA                                    ,001 - CAMISETA                                ,999 - NO APLICA                               ,31742114,CAMISETA MC TEEN OVERSIZED CON ESTAMPAD,
005 - MAYO                                    , ,,003 - YOYO                                    ,008 - MODA                                    ,001 - CAMISETA                                ,999 - NO APLICA                               ,31743214,CAMISETA MC TP TIPO POLO LARGO CROP,
005 - MAYO                                    , ,,003 - YOYO                                    ,008 - MODA                                    ,001 - CAMISETA                                ,999 - NO APLICA                               ,31744114,CAMISETA MC TEEN TIPO POLO EN CONTRASTE,
007 - JULIO                                   , ,,003 - YOYO                                    ,008 - MODA                                    ,001 - CAMISETA                                ,999 - NO APLICA                               ,31745114,CAMISETA MC TEEN TIPO POLO EN CONTRASTE,
005 - MAYO                                    , ,,003 - YOYO                                    ,008 - MODA                                    ,001 - CAMISETA                                ,999 - NO APLICA                               ,31746214,CAMISETA MC TP MANGA RODADA ESTAMPADA,
006 - JUNIO                                   , ,,003 - YOYO                                    ,008 - MODA                                    ,001 - CAMISETA                                ,999 - NO APLICA                               ,31747714,CAMISETA MC TP EN CONTRASTES CON ESTAMP,
005 - MAYO                                    , ,,003 - YOYO                                    ,008 - MODA                                    ,001 - CAMISETA                                ,999 - NO APLICA                               ,31749114,CAMISETA MC TEEN CON CUELLO EN  RECTILI,
012 - DICIEMBRE                               , ,,003 - YOYO                                    ,008 - MODA                                    ,001 - CAMISETA                                ,999 - NO APLICA                               ,31750214,CAMISETA PREMIUM MC TP CON CONTRASTE EN,
006 - JUNIO                                   , ,,003 - YOYO                                    ,008 - MODA                                    ,001 - CAMISETA                                ,999 - NO APLICA                               ,31752114,CAMISETA MC TEEN FRENTE CRUZADO ESTAMPA,
006 - JUNIO                                   , ,,003 - YOYO                                    ,008 - MODA                                    ,001 - CAMISETA                                ,999 - NO APLICA                               ,31753114,CAMISETA MC TEEN ESTAMPADO EN FRENTE,
006 - JUNIO                                   , ,,003 - YOYO                                    ,008 - MODA                                    ,001 - CAMISETA                                ,999 - NO APLICA                               ,31754214,CAMISETA MC TP ESTAMAPDO EN FRENTE OVER,
007 - JULIO                                   , ,,003 - YOYO                                    ,008 - MODA                                    ,001 - CAMISETA                                ,999 - NO APLICA                               ,31755714,CAMISETA MC TP POLO CON CUELLO EN CONTR,
010 - OCTUBRE                                 , ,,003 - YOYO                                    ,008 - MODA                                    ,001 - CAMISETA                                ,999 - NO APLICA                               ,31756214,CAMISETA MC TP CON RECOGIDO EN COSTADOS,
007 - JULIO                                   , ,,003 - YOYO                                    ,008 - MODA                                    ,001 - CAMISETA                                ,999 - NO APLICA                               ,31758214,CAMISETA PREMIUM MC TP ESTAMPADO EN FRE,
007 - JULIO                                   , ,,003 - YOYO                                    ,008 - MODA                                    ,001 - CAMISETA                                ,999 - NO APLICA                               ,31759214,CAMISETA MC TP ESCOTE EN V CON BORDADO,
007 - JULIO                                   , ,,003 - YOYO                                    ,008 - MODA                                    ,001 - CAMISETA                                ,999 - NO APLICA                               ,31760214,CAMISETA MC TP ESCOTE EN V CON ESTAMPAD,
007 - JULIO                                   , ,,003 - YOYO                                    ,008 - MODA                                    ,001 - CAMISETA                                ,999 - NO APLICA                               ,31761214,CAMISETA MC TP ESTAMPADO FRENTE,
008 - AGOSTO                                  , ,,003 - YOYO                                    ,008 - MODA                                    ,001 - CAMISETA                                ,999 - NO APLICA                               ,31762714,CAMISETA MC TP CON TIRAS PARA ANUDAR EN,
006 - JUNIO                                   , ,,003 - YOYO                                    ,008 - MODA                                    ,001 - CAMISETA                                ,999 - NO APLICA                               ,31763114,CAMISETA MC TEEN FRENTE CRUZADO ESTAMPA,
008 - AGOSTO                                  , ,,003 - YOYO                                    ,008 - MODA                                    ,001 - CAMISETA                                ,999 - NO APLICA                               ,31764714,CAMISETA MC TP CON TIRAS PARA ANUDAR EN,
007 - JULIO                                   , ,,003 - YOYO                                    ,008 - MODA                                    ,001 - CAMISETA                                ,999 - NO APLICA                               ,31765714,CAMISETA MC TP ESTAMPADO EN FRENTE,
008 - AGOSTO                                  , ,,003 - YOYO                                    ,008 - MODA                                    ,001 - CAMISETA                                ,999 - NO APLICA                               ,31766714,CAMISETA MC TP CON MARQUILLA EN FRENTE,
007 - JULIO                                   , ,,003 - YOYO                                    ,008 - MODA                                    ,001 - CAMISETA                                ,999 - NO APLICA                               ,31767114,CAMISETA MC TEEN CON MANGAS EN CONTRAST,
007 - JULIO                                   , ,,003 - YOYO                                    ,008 - MODA                                    ,001 - CAMISETA                                ,999 - NO APLICA                               ,31768714,CAMISETA MC TP CON ESTAMPADO EN FRENTE,
006 - JUNIO                                   , ,,003 - YOYO                                    ,008 - MODA                                    ,001 - CAMISETA                                ,999 - NO APLICA                               ,31769214,CAMISETA MC TP CON BOTONES EN FRENTE,
008 - AGOSTO                                  , ,,003 - YOYO                                    ,008 - MODA                                    ,001 - CAMISETA                                ,001 - TEJIDO PUNTO                            ,31770214,CAMISETA MC TP ESPALDA DESCUBIERTA,
008 - AGOSTO                                  , ,,003 - YOYO                                    ,008 - MODA                                    ,001 - CAMISETA                                ,001 - TEJIDO PUNTO                            ,31771214,CAMISETA MC TP CON SESGOS LATERALES,
008 - AGOSTO                                  , ,,003 - YOYO                                    ,008 - MODA                                    ,001 - CAMISETA                                ,999 - NO APLICA                               ,31772214,CAMISETA PREMIUM MC TP ELASTICO EN CINT,
009 - SEPTIEMBRE                              , ,,003 - YOYO                                    ,008 - MODA                                    ,001 - CAMISETA                                ,999 - NO APLICA                               ,31773114,CAMISETA MC TEEN ESTAMPADO EN FRENTE Y,
009 - SEPTIEMBRE                              , ,,003 - YOYO                                    ,008 - MODA                                    ,001 - CAMISETA                                ,999 - NO APLICA                               ,31774714,CAMISETA MC TP CON BOLSILLO EN FRENTE E,
009 - SEPTIEMBRE                              , ,,003 - YOYO                                    ,008 - MODA                                    ,001 - CAMISETA                                ,999 - NO APLICA                               ,31775714,CAMISETA MC TP DOBLE PRENDA CON ELASTIC,
009 - SEPTIEMBRE                              , ,,003 - YOYO                                    ,008 - MODA                                    ,001 - CAMISETA                                ,999 - NO APLICA                               ,31776714,CAMISETA MC TP TIPO POLO EN CONTRASTE,
008 - AGOSTO                                  , ,,003 - YOYO                                    ,008 - MODA                                    ,001 - CAMISETA                                ,001 - TEJIDO PUNTO                            ,31777214,CAMISETA MC TP ESTAMPADO EN FRENTE Y ES,
012 - DICIEMBRE                               , ,,003 - YOYO                                    ,008 - MODA                                    ,001 - CAMISETA                                ,999 - NO APLICA                               ,31778714,CAMISETA MC TP ESTAMPADO EN RUEDO FRENT,
008 - AGOSTO                                  , ,,003 - YOYO                                    ,008 - MODA                                    ,001 - CAMISETA                                ,001 - TEJIDO PUNTO                            ,31779214,CAMISETA MC TP ESTAMPADO PUNTO CORAZON,
009 - SEPTIEMBRE                              , ,,003 - YOYO                                    ,008 - MODA                                    ,001 - CAMISETA                                ,999 - NO APLICA                               ,31780714,CAMISETA MC TP CON ESTAMPADO EN FRENTE,
012 - DICIEMBRE                               , ,,003 - YOYO                                    ,008 - MODA                                    ,001 - CAMISETA                                ,999 - NO APLICA                               ,31781714,CAMISETA MC TP  CON CIERRE EN ESCOTE,
009 - SEPTIEMBRE                              , ,,003 - YOYO                                    ,008 - MODA                                    ,001 - CAMISETA                                ,999 - NO APLICA                               ,31782214,CAMISETA MC TP MANGA RODADA ESTAMPADA,
010 - OCTUBRE                                 , ,,003 - YOYO                                    ,008 - MODA                                    ,001 - CAMISETA                                ,999 - NO APLICA                               ,31783714,CAMISETA MC TP ESCOTE CRUZADO,
009 - SEPTIEMBRE                              , ,,003 - YOYO                                    ,008 - MODA                                    ,001 - CAMISETA                                ,999 - NO APLICA                               ,31784214,CAMISETA MC TP MOÑOS DECORATIVOS EN FRE,
009 - SEPTIEMBRE                              , ,,003 - YOYO                                    ,008 - MODA                                    ,001 - CAMISETA                                ,001 - TEJIDO PUNTO                            ,31786214,CAMISETA MC TP CON ESTAMPADO EN FRENTE,
010 - OCTUBRE                                 , ,,003 - YOYO                                    ,008 - MODA                                    ,001 - CAMISETA                                ,999 - NO APLICA                               ,31787714,CAMISETA MC TP CON CORTES EN FRENTE,
009 - SEPTIEMBRE                              , ,,003 - YOYO                                    ,008 - MODA                                    ,001 - CAMISETA                                ,001 - TEJIDO PUNTO                            ,31788214,CAMISETA MC TP TELA CON TEXTURA,
009 - SEPTIEMBRE                              , ,,003 - YOYO                                    ,008 - MODA                                    ,001 - CAMISETA                                ,001 - TEJIDO PUNTO                            ,31789214,CAMISETA MC TP CON RECOGIDO EN CENTRO F,
010 - OCTUBRE                                 , ,,003 - YOYO                                    ,008 - MODA                                    ,001 - CAMISETA                                ,999 - NO APLICA                               ,31790714,CAMISETA MC TP OVERSIZE ESTAMPADO FRENT,
008 - AGOSTO                                  , ,,003 - YOYO                                    ,008 - MODA                                    ,001 - CAMISETA                                ,001 - TEJIDO PUNTO                            ,31791214,CAMISETA MC TP CON ESTAMPADO FRENTE,
010 - OCTUBRE                                 , ,,003 - YOYO                                    ,008 - MODA                                    ,001 - CAMISETA                                ,999 - NO APLICA                               ,31792714,CAMISETA MC TP ESTAMPADO EN FRENTE,
010 - OCTUBRE                                 , ,,003 - YOYO                                    ,008 - MODA                                    ,001 - CAMISETA                                ,999 - NO APLICA                               ,31793714,CAMISETA PREMIUM MC,
010 - OCTUBRE                                 , ,,003 - YOYO                                    ,008 - MODA                                    ,001 - CAMISETA                                ,001 - TEJIDO PUNTO                            ,31794214,CAMISETA MC TP CON ESTAMPADO FRENTE Y E,
010 - OCTUBRE                                 , ,,003 - YOYO                                    ,008 - MODA                                    ,001 - CAMISETA                                ,001 - TEJIDO PUNTO                            ,31795214,CAMISETA MC TP QUE ANUDA EN FRENTE,
010 - OCTUBRE                                 , ,,003 - YOYO                                    ,008 - MODA                                    ,001 - CAMISETA                                ,001 - TEJIDO PUNTO                            ,31796214,CAMISETA MC TP CON RECOGIDO EN COSTADOS,
010 - OCTUBRE                                 , ,,003 - YOYO                                    ,008 - MODA                                    ,001 - CAMISETA                                ,001 - TEJIDO PUNTO                            ,31797214,CAMISETA MC TP CON ESTAMPADO EN FRENTE,
011 - NOVIEMBRE                               , ,,003 - YOYO                                    ,008 - MODA                                    ,001 - CAMISETA                                ,999 - NO APLICA                               ,31798714,CAMISETA PREMIUM MC TP CON CORTES EN CO,
010 - OCTUBRE                                 , ,,003 - YOYO                                    ,008 - MODA                                    ,001 - CAMISETA                                ,001 - TEJIDO PUNTO                            ,31799214,CAMISETA MC TP CON ESTAMPADO FRENTE Y E,
011 - NOVIEMBRE                               , ,,003 - YOYO                                    ,008 - MODA                                    ,001 - CAMISETA                                ,999 - NO APLICA                               ,31799714,CAMISETA MC TP ESTAMPADO EN FRENTE Y ES,
011 - NOVIEMBRE                               , ,,003 - YOYO                                    ,008 - MODA                                    ,001 - CAMISETA                                ,999 - NO APLICA                               ,31800714,CAMISETA MC TP OVERSIZED ESTAMPADO EN E,
010 - OCTUBRE                                 , ,,003 - YOYO                                    ,008 - MODA                                    ,001 - CAMISETA                                ,001 - TEJIDO PUNTO                            ,31801214,CAMISETA MC TP CON BORDADO EN FRENTE,
011 - NOVIEMBRE                               , ,,003 - YOYO                                    ,008 - MODA                                    ,001 - CAMISETA                                ,999 - NO APLICA                               ,31802714,CAMISETA MC TP CON CIERRE Y BORDADO EN,
010 - OCTUBRE                                 , ,,003 - YOYO                                    ,008 - MODA                                    ,001 - CAMISETA                                ,001 - TEJIDO PUNTO                            ,31803214,CAMISETA MC TP CON SESGOS EN HOMBRO,
011 - NOVIEMBRE                               , ,,003 - YOYO                                    ,008 - MODA                                    ,001 - CAMISETA                                ,999 - NO APLICA                               ,31804714,CAMISETA MC TP ESTAMPADO EN FRENTE Y LA,
011 - NOVIEMBRE                               , ,,003 - YOYO                                    ,008 - MODA                                    ,001 - CAMISETA                                ,999 - NO APLICA                               ,31805214,CAMISETA MC TP CON ABERTURA EN COSTADOS,
011 - NOVIEMBRE                               , ,,003 - YOYO                                    ,008 - MODA                                    ,001 - CAMISETA                                ,999 - NO APLICA                               ,31806214,CAMISETA MC TP OVERSIZED ESTAMPADO EN F,
010 - OCTUBRE                                 , ,,003 - YOYO                                    ,008 - MODA                                    ,001 - CAMISETA                                ,001 - TEJIDO PUNTO                            ,31807214,CAMISETA  MC TP ESCOTE EN V,
012 - DICIEMBRE                               , ,,003 - YOYO                                    ,008 - MODA                                    ,001 - CAMISETA                                ,999 - NO APLICA                               ,31808714,CAMISETA MC TP CON APLIQUE DE PERLAS EN,
012 - DICIEMBRE                               , ,,003 - YOYO                                    ,008 - MODA                                    ,001 - CAMISETA                                ,999 - NO APLICA                               ,31809214,CAMISETA MC TP CON ABERTURA EN FRENTE,
012 - DICIEMBRE                               , ,,003 - YOYO                                    ,008 - MODA                                    ,001 - CAMISETA                                ,999 - NO APLICA                               ,31810714,CAMISETA MC TP CON SESGOS LUREX Y  ESTA,
011 - NOVIEMBRE                               , ,,003 - YOYO                                    ,008 - MODA                                    ,001 - CAMISETA                                ,999 - NO APLICA                               ,31811214,CAMISETA MC TP CON APLIQUE EN ESPALDA D,
011 - NOVIEMBRE                               , ,,003 - YOYO                                    ,008 - MODA                                    ,001 - CAMISETA                                ,999 - NO APLICA                               ,31812214,CAMISETA MC TP OVERSIZED ESTAMPADO EN F,
012 - DICIEMBRE                               , ,,003 - YOYO                                    ,008 - MODA                                    ,001 - CAMISETA                                ,999 - NO APLICA                               ,31813714,CAMISETA MC TP CON APLIQUE EN FRENTE DO,
011 - NOVIEMBRE                               , ,,003 - YOYO                                    ,008 - MODA                                    ,001 - CAMISETA                                ,999 - NO APLICA                               ,31814214,CAMISETA MC TP CON ESTAMPADO EN FRENTE,
011 - NOVIEMBRE                               , ,,003 - YOYO                                    ,008 - MODA                                    ,001 - CAMISETA                                ,999 - NO APLICA                               ,31815214,CAMISETA MC TP ESTAMPADO FRENTE AMARRE,
012 - DICIEMBRE                               , ,,003 - YOYO                                    ,008 - MODA                                    ,001 - CAMISETA                                ,999 - NO APLICA                               ,31817214,CAMISETA MC TP CON MALLA IMITACION DOBL,
011 - NOVIEMBRE                               , ,,003 - YOYO                                    ,008 - MODA                                    ,001 - CAMISETA                                ,999 - NO APLICA                               ,31818714,CAMISETA MC TP CON CORTES EN FRENTE Y A,
011 - NOVIEMBRE                               , ,,003 - YOYO                                    ,008 - MODA                                    ,001 - CAMISETA                                ,999 - NO APLICA                               ,31819714,CAMISETA MC TP CON CONTRASTE DE COLOR E,
012 - DICIEMBRE                               , ,,003 - YOYO                                    ,008 - MODA                                    ,001 - CAMISETA                                ,999 - NO APLICA                               ,31820714,CAMISETA MC TP TIPO POLO EN CONTRASTE,
012 - DICIEMBRE                               , ,,003 - YOYO                                    ,008 - MODA                                    ,001 - CAMISETA                                ,999 - NO APLICA                               ,31821714,CAMISETA MC TP CON ESTAMPADO FRENTE Y E,
012 - DICIEMBRE                               , ,,003 - YOYO                                    ,008 - MODA                                    ,001 - CAMISETA                                ,999 - NO APLICA                               ,31822714,CAMISETA MC TP DOBLE PRENDA BRILLOS,
012 - DICIEMBRE                               , ,,003 - YOYO                                    ,008 - MODA                                    ,001 - CAMISETA                                ,001 - TEJIDO PUNTO                            ,31831714,CAMISETA MC TP CON APLIQUE PIEDRAS BRIL,
012 - DICIEMBRE                               , ,,003 - YOYO                                    ,008 - MODA                                    ,001 - CAMISETA                                ,001 - TEJIDO PUNTO                            ,31832214,CAMISETA PREMIUM MC TP CON RECOGIDO EN,
012 - DICIEMBRE                               , ,,003 - YOYO                                    ,008 - MODA                                    ,001 - CAMISETA                                ,001 - TEJIDO PUNTO                            ,31833714,CAMISETA MC TP CON MANGAS EN CONTRASTE,
012 - DICIEMBRE                               , ,,003 - YOYO                                    ,008 - MODA                                    ,001 - CAMISETA                                ,001 - TEJIDO PUNTO                            ,31834214,CAMISETA MC TP CON CIERRE EN FRENTE,
012 - DICIEMBRE                               , ,,003 - YOYO                                    ,008 - MODA                                    ,001 - CAMISETA                                ,999 - NO APLICA                               ,31835714,CAMISETA MC TP EN MALLA FULL PRINT  DOB,
012 - DICIEMBRE                               , ,,003 - YOYO                                    ,008 - MODA                                    ,001 - CAMISETA                                ,001 - TEJIDO PUNTO                            ,31836214,CAMISETA PREMIUM MC TP CON CUELLO EN CO,
012 - DICIEMBRE                               , ,,003 - YOYO                                    ,008 - MODA                                    ,001 - CAMISETA                                ,001 - TEJIDO PUNTO                            ,31837214,CAMISETA MC TP CON ESPALDA Y FRENTE  ES,
012 - DICIEMBRE                               , ,,003 - YOYO                                    ,008 - MODA                                    ,001 - CAMISETA                                ,001 - TEJIDO PUNTO                            ,31838714,CAMISETA MC TP CON SESGOS,
012 - DICIEMBRE                               , ,,003 - YOYO                                    ,008 - MODA                                    ,001 - CAMISETA                                ,001 - TEJIDO PUNTO                            ,31839714,CAMISETA MC TP CON CIERRE EN ESCOTE,
012 - DICIEMBRE                               , ,,003 - YOYO                                    ,008 - MODA                                    ,001 - CAMISETA                                ,001 - TEJIDO PUNTO                            ,31840214,CAMISETA PREMIUM MC TP CON APLIQUE Y ES,
012 - DICIEMBRE                               , ,,003 - YOYO                                    ,008 - MODA                                    ,,001 - TEJIDO PUNTO                            ,31841714,CAMISETA MC TP CUELLO EN V CON ESTAMPAD,
012 - DICIEMBRE                               , ,,003 - YOYO                                    ,008 - MODA                                    ,001 - CAMISETA                                ,999 - NO APLICA                               ,31842714,CAMISETA MC TP CON ESTAMPADO EN FRENTE,
012 - DICIEMBRE                               , ,,003 - YOYO                                    ,008 - MODA                                    ,001 - CAMISETA                                ,001 - TEJIDO PUNTO                            ,31843214,CAMISETA MC TP CON BORDADO EN FRENTE,
010 - OCTUBRE                                 , ,,003 - YOYO                                    ,008 - MODA                                    ,001 - CAMISETA                                ,999 - NO APLICA                               ,31846714,CAMISETA MC TP CON CORTES EN FRENTE,
012 - DICIEMBRE                               , ,,003 - YOYO                                    ,008 - MODA                                    ,001 - CAMISETA                                ,001 - TEJIDO PUNTO                            ,31847714,CAMISETA MC TP ESTAMPADA OVERSIZED,
001 - ENERO                                   , ,,003 - YOYO                                    ,008 - MODA                                    ,001 - CAMISETA                                ,001 - TEJIDO PUNTO                            ,31848714,CAMISETA PREMIUM MC TP CON FRENTE ESTAM,
012 - DICIEMBRE                               , ,,003 - YOYO                                    ,008 - MODA                                    ,001 - CAMISETA                                ,999 - NO APLICA                               ,31850714,CAMISETA MC TP OVERSIZE ESTAMPADO FRENT,
012 - DICIEMBRE                               , ,,003 - YOYO                                    ,008 - MODA                                    ,001 - CAMISETA                                ,999 - NO APLICA                               ,31851714,CAMISETA MC TP TIPO POLO EN CONTRASTE,
001 - ENERO                                   , ,,003 - YOYO                                    ,008 - MODA                                    ,016 - TOP -BODY                               ,001 - TEJIDO PUNTO                            ,31852714,CAMISETA MC TP  CON MALLA EN LA ESPALDA,
012 - DICIEMBRE                               , ,,003 - YOYO                                    ,008 - MODA                                    ,001 - CAMISETA                                ,999 - NO APLICA                               ,31853714,CAMISETA MC TP CON ESTAMPADO EN FRENTE,
012 - DICIEMBRE                               , ,,003 - YOYO                                    ,008 - MODA                                    ,001 - CAMISETA                                ,999 - NO APLICA                               ,31854714,CAMISETA MC TP CON ESTAMPADO EN FRENTE,
002 - FEBRERO                                 , ,,003 - YOYO                                    ,008 - MODA                                    ,001 - CAMISETA                                ,001 - TEJIDO PUNTO                            ,31855214,CAMISETA MC TP OVERSIZED CON ESTAMPADO,
002 - FEBRERO                                 , ,,003 - YOYO                                    ,008 - MODA                                    ,001 - CAMISETA                                ,001 - TEJIDO PUNTO                            ,31856214,CAMISETA MC TP CON TOP INTERNO,
002 - FEBRERO                                 , ,,003 - YOYO                                    ,008 - MODA                                    ,001 - CAMISETA                                ,001 - TEJIDO PUNTO                            ,31857214,CAMISETA MC TP OVERSIZED CON ESTAMPADO,
002 - FEBRERO                                 , ,,003 - YOYO                                    ,008 - MODA                                    ,001 - CAMISETA                                ,001 - TEJIDO PUNTO                            ,31858214,CAMISETA MC TP CON RUEDO AMPLIO ESTMAPA,
002 - FEBRERO                                 , ,,003 - YOYO                                    ,008 - MODA                                    ,001 - CAMISETA                                ,001 - TEJIDO PUNTO                            ,31859214,CAMISETA MC TP OVERSIZED CON ESTAMPADO,
002 - FEBRERO                                 , ,,003 - YOYO                                    ,008 - MODA                                    ,001 - CAMISETA                                ,001 - TEJIDO PUNTO                            ,31860214,CAMISETA MC TP CON RUEDO AMPLIO ESTMAPA,
002 - FEBRERO                                 , ,,003 - YOYO                                    ,008 - MODA                                    ,001 - CAMISETA                                ,001 - TEJIDO PUNTO                            ,31861214,CAMISETA MC TP CON RECOGIDO EN FRENTE,
001 - ENERO                                   , ,,003 - YOYO                                    ,008 - MODA                                    ,001 - CAMISETA                                ,999 - NO APLICA                               ,31862714,CAMISETA PREMIUM MC TP CON SESGOS EN CO,
003 - MARZO                                   , ,,003 - YOYO                                    ,008 - MODA                                    ,001 - CAMISETA                                ,001 - TEJIDO PUNTO                            ,31863714,CAMISETA MC TP ESTAMPADO EN FRENTE,
003 - MARZO                                   , ,,003 - YOYO                                    ,008 - MODA                                    ,,001 - TEJIDO PUNTO                            ,31864714,CAMISETA MC TP CON MANGAS EN CONTRASTE,
004 - ABRIL                                   , ,,003 - YOYO                                    ,008 - MODA                                    ,016 - TOP -BODY                               ,001 - TEJIDO PUNTO                            ,31865214,CAMISETA PREMIUM MC TP ESCOTE SEMI CUAD,
003 - MARZO                                   , ,,003 - YOYO                                    ,008 - MODA                                    ,001 - CAMISETA                                ,001 - TEJIDO PUNTO                            ,31865714,CAMISETA MC TP CON CONTRASTE DE COLOR E,
004 - ABRIL                                   , ,,003 - YOYO                                    ,008 - MODA                                    ,001 - CAMISETA                                ,001 - TEJIDO PUNTO                            ,31866214,CAMISETA MC TP A RAYAS,
003 - MARZO                                   , ,,003 - YOYO                                    ,008 - MODA                                    ,001 - CAMISETA                                ,001 - TEJIDO PUNTO                            ,31867214,CAMISETA MC TP MANGA RODADA ESTAMPADA,
003 - MARZO                                   , ,,003 - YOYO                                    ,008 - MODA                                    ,001 - CAMISETA                                ,001 - TEJIDO PUNTO                            ,31868714,CAMISETA MC TP CON ESTAMPADO EN FRENTE,
003 - MARZO                                   , ,,003 - YOYO                                    ,008 - MODA                                    ,001 - CAMISETA                                ,001 - TEJIDO PUNTO                            ,31870214,CAMISETA  MC TP ESTAMPADO EN RUEDO,
004 - ABRIL                                   , ,,003 - YOYO                                    ,008 - MODA                                    ,001 - CAMISETA                                ,001 - TEJIDO PUNTO                            ,31874714,CAMISETA PREMIUN MC TP CON ESTAMPADO EN,
004 - ABRIL                                   , ,,003 - YOYO                                    ,008 - MODA                                    ,001 - CAMISETA                                ,001 - TEJIDO PUNTO                            ,31875714,CAMISETA MC TP EN MALLA CON TOP INTERNO,
004 - ABRIL                                   , ,,003 - YOYO                                    ,008 - MODA                                    ,001 - CAMISETA                                ,001 - TEJIDO PUNTO                            ,31876214,CAMISETA MC TP ESTAMPADO EN FRENTE,
004 - ABRIL                                   , ,,003 - YOYO                                    ,008 - MODA                                    ,001 - CAMISETA                                ,999 - NO APLICA                               ,31877214,CAMISETA MC TP TIPO POLO CON FRENTE EST,
004 - ABRIL                                   , ,,003 - YOYO                                    ,008 - MODA                                    ,001 - CAMISETA                                ,001 - TEJIDO PUNTO                            ,31878214,CAMISETA MC TP ELASTICO EN DECORATIVO C,
004 - ABRIL                                   , ,,003 - YOYO                                    ,008 - MODA                                    ,001 - CAMISETA                                ,001 - TEJIDO PUNTO                            ,31879714,CAMISETA MC TP CON TOP INTERNO ESTAMPAD,
004 - ABRIL                                   , ,,003 - YOYO                                    ,008 - MODA                                    ,,001 - TEJIDO PUNTO                            ,31885214,CAMISETA MC TP OVERSIZED ESTAMPADO EN F,
004 - ABRIL                                   , ,,003 - YOYO                                    ,008 - MODA                                    ,001 - CAMISETA                                ,001 - TEJIDO PUNTO                            ,31886214,CAMISETA MC TP CUELLO  EN CONTRASTE,
006 - JUNIO                                   , ,,003 - YOYO                                    ,008 - MODA                                    ,002 - BLUSA-CAMISA,002 - TEJIDO PLANO                            ,32027205,BLUSA  ML TEEN PLUS EFECTO CUERO,
008 - AGOSTO                                  , ,,003 - YOYO                                    ,008 - MODA                                    ,002 - BLUSA-CAMISA,002 - TEJIDO PLANO                            ,32028205,BLUSA ML TP LAVADO MEDIO CON BOLSILLOS,
012 - DICIEMBRE                               , ,,003 - YOYO                                    ,008 - MODA                                    ,002 - BLUSA-CAMISA,002 - TEJIDO PLANO                            ,32033105,BLUSA ML TEEN DESGASTE EN LAVADO,
005 - MAYO                                    , ,,003 - YOYO                                    ,008 - MODA                                    ,002 - BLUSA-CAMISA,005 - DENIM                                   ,32033703,BLUSA PREMIUM MS CROP LAVADO MEDIO CLAR,
005 - MAYO                                    , ,,003 - YOYO                                    ,008 - MODA                                    ,,005 - DENIM                                   ,32034703,BLUSA MS TEEN PLUS CIN ABROCHADURA EN E,
008 - AGOSTO                                  , ,,003 - YOYO                                    ,008 - MODA                                    ,002 - BLUSA-CAMISA,005 - DENIM                                   ,32035703,BLUSA MS TEEN PLUS LAV CLARO,
012 - DICIEMBRE                               , ,,003 - YOYO                                    ,008 - MODA                                    ,002 - BLUSA-CAMISA,999 - NO APLICA                               ,32036103,BLUSA MS TEEN TIPO PARACHUTE CON TANCAS,
002 - FEBRERO                                 , ,,003 - YOYO                                    ,008 - MODA                                    ,002 - BLUSA-CAMISA,005 - DENIM                                   ,32036205,BLUSA ML TEEN PLUS COLOR GRIS CON BROCH,
012 - DICIEMBRE                               , ,,003 - YOYO                                    ,008 - MODA                                    ,002 - BLUSA-CAMISA,999 - NO APLICA                               ,32037103,BLUSA MS TEEN CON BOLEROS Y AMARRE,
004 - ABRIL                                   , ,,003 - YOYO                                    ,008 - MODA                                    ,002 - BLUSA-CAMISA,999 - NO APLICA                               ,32037205,BLUSA ML TEEN PLUS OVERSIZED,
007 - JULIO                                   , ,,003 - YOYO                                    ,008 - MODA                                    ,002 - BLUSA-CAMISA,002 - TEJIDO PLANO                            ,32038203,BLUSA MS TP CON BOLSILLOS CARGO EN FREN,
006 - JUNIO                                   , ,,003 - YOYO                                    ,008 - MODA                                    ,002 - BLUSA-CAMISA,999 - NO APLICA                               ,32039703,BLUSA MS TP CON SESGOS AEREOS EN COSTAD,
003 - MARZO                                   , ,,003 - YOYO                                    ,008 - MODA                                    ,002 - BLUSA-CAMISA,005 - DENIM                                   ,32039709,BLUSA TIRAS TEEN PLUS EN DENIM CROP,
004 - ABRIL                                   , ,,003 - YOYO                                    ,008 - MODA                                    ,002 - BLUSA-CAMISA,999 - NO APLICA                               ,32040209,BLUSA TIRAS TEEN PLUS FULL PRINT CROP,
008 - AGOSTO                                  , ,,003 - YOYO                                    ,008 - MODA                                    ,002 - BLUSA-CAMISA,999 - NO APLICA                               ,32040703,BLUSA MS TP CON OJAL Y BOTON EN ESPALDA,
007 - JULIO                                   , ,,003 - YOYO                                    ,008 - MODA                                    ,002 - BLUSA-CAMISA,999 - NO APLICA                               ,32040705,BLUSA ML TEEN PLUS OVERSIZED,
010 - OCTUBRE                                 , ,,003 - YOYO                                    ,008 - MODA                                    ,002 - BLUSA-CAMISA,002 - TEJIDO PLANO                            ,32041203,BLUSA MS TP CON CIERRE EN FRENTE,
006 - JUNIO                                   , ,,003 - YOYO                                    ,008 - MODA                                    ,002 - BLUSA-CAMISA,999 - NO APLICA                               ,32041705,BLUSA ML TEEN PLUS CON BOLEROS EN FRENT,
011 - NOVIEMBRE                               , ,,003 - YOYO                                    ,008 - MODA                                    ,002 - BLUSA-CAMISA,999 - NO APLICA                               ,32042205,BLUSA ML TEEN PLUS CON ELASTICO EN MANG,
006 - JUNIO                                   , ,,003 - YOYO                                    ,008 - MODA                                    ,002 - BLUSA-CAMISA,999 - NO APLICA                               ,32042209,BLUSA TIRAS TEEN PLUS EN OJALILLO,
012 - DICIEMBRE                               , ,,003 - YOYO                                    ,008 - MODA                                    ,002 - BLUSA-CAMISA,005 - DENIM                                   ,32042703,BLUSA MS TP LAV BLACK,
004 - ABRIL                                   , ,,003 - YOYO                                    ,008 - MODA                                    ,002 - BLUSA-CAMISA,002 - TEJIDO PLANO                            ,32043703,BLUSA MS TP CON CIERRE DOBLE CABEZA EN,
010 - OCTUBRE                                 , ,,003 - YOYO                                    ,008 - MODA                                    ,002 - BLUSA-CAMISA,999 - NO APLICA                               ,32044705,BLUSA ML TEEN PLUS LEÑADORA,
003 - MARZO                                   , ,,003 - YOYO                                    ,008 - MODA                                    ,002 - BLUSA-CAMISA,999 - NO APLICA                               ,32045209,BLUSA TIRAS TP CON PUNTA EN FRENTE Y OJ,
012 - DICIEMBRE                               , ,,003 - YOYO                                    ,008 - MODA                                    ,002 - BLUSA-CAMISA,999 - NO APLICA                               ,32046705,BLUSA ML TEEN PLUS CON ESTAMAPDO EN ESP,
011 - NOVIEMBRE                               , ,,003 - YOYO                                    ,008 - MODA                                    ,002 - BLUSA-CAMISA,999 - NO APLICA                               ,32047205,BLUSA ML TEEN PLUS CON APLIQUE EN FRENT,
006 - JUNIO                                   , ,,003 - YOYO                                    ,008 - MODA                                    ,002 - BLUSA-CAMISA,002 - TEJIDO PLANO                            ,32047209,BLUSA TIRAS TP CON BOLEROS,
012 - DICIEMBRE                               , ,,003 - YOYO                                    ,008 - MODA                                    ,002 - BLUSA-CAMISA,999 - NO APLICA                               ,32048205,BLUSA ML TP DE RAYAS,
006 - JUNIO                                   , ,,003 - YOYO                                    ,008 - MODA                                    ,002 - BLUSA-CAMISA,002 - TEJIDO PLANO                            ,32048209,BLUSA TIRAS TP CON CORTES EN FRENTE,
012 - DICIEMBRE                               , ,,003 - YOYO                                    ,008 - MODA                                    ,002 - BLUSA-CAMISA,999 - NO APLICA                               ,32049105,BLUSA ML TEEN CON ESTAMPADO EN FRENTE Y,
006 - JUNIO                                   , ,,003 - YOYO                                    ,008 - MODA                                    ,002 - BLUSA-CAMISA,999 - NO APLICA                               ,32049209,BLUSA TIRAS TP CON BOTONES EN FRENTE,
007 - JULIO                                   , ,,003 - YOYO                                    ,008 - MODA                                    ,002 - BLUSA-CAMISA,999 - NO APLICA                               ,32050209,BLUSA TIRAS TP CON BORBADO EN FRENTE,
004 - ABRIL                                   , ,,003 - YOYO                                    ,008 - MODA                                    ,002 - BLUSA-CAMISA,999 - NO APLICA                               ,32050705,BLUSA ML TP TIPO LEÑADORA,
006 - JUNIO                                   , ,,003 - YOYO                                    ,008 - MODA                                    ,002 - BLUSA-CAMISA,002 - TEJIDO PLANO                            ,32051205,BLUSA ML TP CON BOLSILLO EN FRENTE,
007 - JULIO                                   , ,,003 - YOYO                                    ,008 - MODA                                    ,002 - BLUSA-CAMISA,999 - NO APLICA                               ,32051709,BLUSA TIRAS TP CON NIDO DE ABEJA EN ESP,
010 - OCTUBRE                                 , ,,003 - YOYO                                    ,008 - MODA                                    ,002 - BLUSA-CAMISA,002 - TEJIDO PLANO                            ,32052705,BLUSA ML TP CON ESTAMPADO EN BOLSILLO,
009 - SEPTIEMBRE                              , ,,003 - YOYO                                    ,008 - MODA                                    ,002 - BLUSA-CAMISA,002 - TEJIDO PLANO                            ,32052709,BLUSA TIRAS TP PUNTA EN FRENTE,
010 - OCTUBRE                                 , ,,003 - YOYO                                    ,008 - MODA                                    ,002 - BLUSA-CAMISA,002 - TEJIDO PLANO                            ,32053209,BLUSA TIRAS TP CON OJALILLO,
011 - NOVIEMBRE                               , ,,003 - YOYO                                    ,008 - MODA                                    ,002 - BLUSA-CAMISA,002 - TEJIDO PLANO                            ,32053705,BLUSA ML TP CON ELASTICO EN CINTURA,
012 - DICIEMBRE                               , ,,003 - YOYO                                    ,008 - MODA                                    ,002 - BLUSA-CAMISA,002 - TEJIDO PLANO                            ,32054705,BLUSA ML TP CON APLIQUE Y CUELLO EN REC,
010 - OCTUBRE                                 , ,,003 - YOYO                                    ,008 - MODA                                    ,002 - BLUSA-CAMISA,002 - TEJIDO PLANO                            ,32054709,BLUSA TIRAS TP CON CORTES EN FRENTE,
011 - NOVIEMBRE                               , ,,003 - YOYO                                    ,008 - MODA                                    ,002 - BLUSA-CAMISA,002 - TEJIDO PLANO                            ,32055205,BLUSA ML TP CON APLIQUES EN FRENTE,
010 - OCTUBRE                                 , ,,003 - YOYO                                    ,008 - MODA                                    ,002 - BLUSA-CAMISA,002 - TEJIDO PLANO                            ,32055209,BLUSA TIRAS TP NIDO DE ABEJA EN ESPALDA,
011 - NOVIEMBRE                               , ,,003 - YOYO                                    ,008 - MODA                                    ,002 - BLUSA-CAMISA,002 - TEJIDO PLANO                            ,32056209,BLUSA TIRAS TP CON CORTES FRENTE,
012 - DICIEMBRE                               , ,,003 - YOYO                                    ,008 - MODA                                    ,002 - BLUSA-CAMISA,002 - TEJIDO PLANO                            ,32056705,BLUSA ML TP  CON MOÑO EN FRENTE,
012 - DICIEMBRE                               , ,,003 - YOYO                                    ,008 - MODA                                    ,002 - BLUSA-CAMISA,002 - TEJIDO PLANO                            ,32057209,BLUSA DE TIRAS TP CON BOLEROS,
012 - DICIEMBRE                               , ,,003 - YOYO                                    ,008 - MODA                                    ,002 - BLUSA-CAMISA,002 - TEJIDO PLANO                            ,32057705,BLUSA ML TP  EN MALLA,
004 - ABRIL                                   , ,,003 - YOYO                                    ,008 - MODA                                    ,002 - BLUSA-CAMISA,002 - TEJIDO PLANO                            ,32058205,BLUSA ML TP CON AMARRE EN FRENTE,
004 - ABRIL                                   , ,,003 - YOYO                                    ,008 - MODA                                    ,002 - BLUSA-CAMISA,002 - TEJIDO PLANO                            ,32059209,BLUSA TIRAS TP CON AMARRE EN FRENTE,
002 - FEBRERO                                 , ,,003 - YOYO                                    ,008 - MODA                                    ,002 - BLUSA-CAMISA,999 - NO APLICA                               ,32109104,BLUSA MC TEEN FONDO ENTERO OVERSIZED,
011 - NOVIEMBRE                               , ,,003 - YOYO                                    ,008 - MODA                                    ,002 - BLUSA-CAMISA,002 - TEJIDO PLANO                            ,32127104,BLUSA MC TEEN FULL PRINT,
012 - DICIEMBRE                               , ,,003 - YOYO                                    ,008 - MODA                                    ,002 - BLUSA-CAMISA,002 - TEJIDO PLANO                            ,32131104,BLUSA MC TEEN FONDO ENTERO MANGA BOMBAC,
012 - DICIEMBRE                               , ,,003 - YOYO                                    ,008 - MODA                                    ,002 - BLUSA-CAMISA,002 - TEJIDO PLANO                            ,32133204,BLUSA MC TEEN PLUS ESTAMPADA CROP,
003 - MARZO                                   , ,,003 - YOYO                                    ,008 - MODA                                    ,002 - BLUSA-CAMISA,999 - NO APLICA                               ,32138204,BLUSA MC TEEN PLUS CON ABERTURA Y MANGA,
004 - ABRIL                                   , ,,003 - YOYO                                    ,008 - MODA                                    ,002 - BLUSA-CAMISA,999 - NO APLICA                               ,32139204,BLUSA MC TP CON ESTAMPADO EN FRENTE Y E,
006 - JUNIO                                   , ,,003 - YOYO                                    ,008 - MODA                                    ,002 - BLUSA-CAMISA,999 - NO APLICA                               ,32141704,BLUSA MC TEEN PLUS FULL PRINT,
007 - JULIO                                   , ,,003 - YOYO                                    ,008 - MODA                                    ,002 - BLUSA-CAMISA,002 - TEJIDO PLANO                            ,32142204,BLUSA MC TP CON TELA CON EFECTO,
006 - JUNIO                                   , ,,003 - YOYO                                    ,008 - MODA                                    ,002 - BLUSA-CAMISA,999 - NO APLICA                               ,32146204,BLUSA MC TEEN PLUS CON MANGA BOMBACHA F,
007 - JULIO                                   , ,,003 - YOYO                                    ,008 - MODA                                    ,002 - BLUSA-CAMISA,999 - NO APLICA                               ,32147704,BLUSA MC TEEN PLUS CON AMARRE EN FRENTE,
007 - JULIO                                   , ,,003 - YOYO                                    ,008 - MODA                                    ,,999 - NO APLICA                               ,32148204,BLUSA MC TEEN PLUS MANGA BOMBACHA EN OJ,
007 - JULIO                                   , ,,003 - YOYO                                    ,008 - MODA                                    ,,999 - NO APLICA                               ,32150704,BLUSA MC TEEN PLUS DENIM CON BROCHES LA,
011 - NOVIEMBRE                               , ,,003 - YOYO                                    ,008 - MODA                                    ,002 - BLUSA-CAMISA,999 - NO APLICA                               ,32152104,BLUSA MC TEEN CON MANGA BOMBACHA Y TIPO,
011 - NOVIEMBRE                               , ,,003 - YOYO                                    ,008 - MODA                                    ,002 - BLUSA-CAMISA,999 - NO APLICA                               ,32153104,BLUSA MC TEEN BOMBACHA CROP,
011 - NOVIEMBRE                               , ,,003 - YOYO                                    ,008 - MODA                                    ,002 - BLUSA-CAMISA,999 - NO APLICA                               ,32154704,BLUSA MC TEEN PLUS CROP,
011 - NOVIEMBRE                               , ,,003 - YOYO                                    ,008 - MODA                                    ,002 - BLUSA-CAMISA,999 - NO APLICA                               ,32155104,BLUSA MC TEEN MANGA BOMBACHA,
012 - DICIEMBRE                               , ,,003 - YOYO                                    ,008 - MODA                                    ,002 - BLUSA-CAMISA,999 - NO APLICA                               ,32156204,BLUSA MC TP ESCOTE TIPO CORAZON CROP,
012 - DICIEMBRE                               , ,,003 - YOYO                                    ,008 - MODA                                    ,002 - BLUSA-CAMISA,999 - NO APLICA                               ,32157104,BLUSA MC TEEN FULL PRINT ESTRELLAS,
012 - DICIEMBRE                               , ,,003 - YOYO                                    ,008 - MODA                                    ,002 - BLUSA-CAMISA,999 - NO APLICA                               ,32158204,BLUSA MC TP CON MANGA BOMBACHA,
012 - DICIEMBRE                               , ,,003 - YOYO                                    ,008 - MODA                                    ,002 - BLUSA-CAMISA,999 - NO APLICA                               ,32159704,BLUSA MC TP CON BOLSILLO EN FRENTE,
012 - DICIEMBRE                               , ,,003 - YOYO                                    ,008 - MODA                                    ,002 - BLUSA-CAMISA,999 - NO APLICA                               ,32160104,BLUSA MC TEEN FULL PRINT,
012 - DICIEMBRE                               , ,,003 - YOYO                                    ,008 - MODA                                    ,002 - BLUSA-CAMISA,999 - NO APLICA                               ,32161104,BLUSA MC TEEN FONDO ENTERO,
002 - FEBRERO                                 , ,,003 - YOYO                                    ,008 - MODA                                    ,002 - BLUSA-CAMISA,999 - NO APLICA                               ,32162204,BLUSA MC TP ENCAJE CON CIERRE EN ESPALD,
002 - FEBRERO                                 , ,,003 - YOYO                                    ,008 - MODA                                    ,002 - BLUSA-CAMISA,999 - NO APLICA                               ,32163104,BLUSA MC TEEN FULL PRINT CEREZAS CROP,
002 - FEBRERO                                 , ,,003 - YOYO                                    ,008 - MODA                                    ,002 - BLUSA-CAMISA,999 - NO APLICA                               ,32164204,BLUSA MC TP FULL PRINT CON NIDO DE ABEJ,
003 - MARZO                                   , ,,003 - YOYO                                    ,008 - MODA                                    ,002 - BLUSA-CAMISA,999 - NO APLICA                               ,32165704,BLUSA MC TP CON BOLSILLO CUADRADO LARG,
003 - MARZO                                   , ,,003 - YOYO                                    ,008 - MODA                                    ,002 - BLUSA-CAMISA,002 - TEJIDO PLANO                            ,32166204,BLUSA MC TP ESCOTE TIPO CORAZON CROP,
004 - ABRIL                                   , ,,003 - YOYO                                    ,008 - MODA                                    ,002 - BLUSA-CAMISA,999 - NO APLICA                               ,32167204,BLUSA MC TP FONDO ENTERO CON BOLSILLO,
005 - MAYO                                    , ,,003 - YOYO                                    ,008 - MODA                                    ,002 - BLUSA-CAMISA,999 - NO APLICA                               ,32168204,BLUSA MC TP CON CUELLO EN RECTILINEO,
006 - JUNIO                                   , ,,003 - YOYO                                    ,008 - MODA                                    ,002 - BLUSA-CAMISA,999 - NO APLICA                               ,32169704,BLUSA  MC TP CON NUDO EN FRENTE,
006 - JUNIO                                   , ,,003 - YOYO                                    ,008 - MODA                                    ,002 - BLUSA-CAMISA,999 - NO APLICA                               ,32170204,BLUSA MC TP FULL PRINT MARIPOSAS,
006 - JUNIO                                   , ,,003 - YOYO                                    ,008 - MODA                                    ,002 - BLUSA-CAMISA,999 - NO APLICA                               ,32171104,BLUSA MC TEEN CON NIDO DE ABEJA,
006 - JUNIO                                   , ,,003 - YOYO                                    ,008 - MODA                                    ,002 - BLUSA-CAMISA,002 - TEJIDO PLANO                            ,32172204,BLUSA MC TP CON CIERRE EN FRENTE,
007 - JULIO                                   , ,,003 - YOYO                                    ,008 - MODA                                    ,002 - BLUSA-CAMISA,002 - TEJIDO PLANO                            ,32173704,BLUSA MC TP CON BOLSILLO EN FRENTE,
008 - AGOSTO                                  , ,,003 - YOYO                                    ,008 - MODA                                    ,002 - BLUSA-CAMISA,002 - TEJIDO PLANO                            ,32174204,BLUSA MC TP FULL PRINT,
009 - SEPTIEMBRE                              , ,,003 - YOYO                                    ,008 - MODA                                    ,002 - BLUSA-CAMISA,002 - TEJIDO PLANO                            ,32175704,BLUSA MC TP DOBLE PRENDA CON BOTONES,
009 - SEPTIEMBRE                              , ,,003 - YOYO                                    ,008 - MODA                                    ,002 - BLUSA-CAMISA,999 - NO APLICA                               ,32176704,BLUSA MC TP CON CORTES EN MALLA Y ABERT,
009 - SEPTIEMBRE                              , ,,003 - YOYO                                    ,008 - MODA                                    ,002 - BLUSA-CAMISA,002 - TEJIDO PLANO                            ,32177204,BLUSA MC TP CON BOLSILLOS EN FRENTE,
010 - OCTUBRE                                 , ,,003 - YOYO                                    ,008 - MODA                                    ,002 - BLUSA-CAMISA,002 - TEJIDO PLANO                            ,32180204,BLUSA MC TP CON BOLSILLO EN FRENTE,
011 - NOVIEMBRE                               , ,,003 - YOYO                                    ,008 - MODA                                    ,002 - BLUSA-CAMISA,002 - TEJIDO PLANO                            ,32181704,BLUSA MC TP CON RECOGIDO AJUSTABLE EN C,
011 - NOVIEMBRE                               , ,,003 - YOYO                                    ,008 - MODA                                    ,002 - BLUSA-CAMISA,002 - TEJIDO PLANO                            ,32182204,BLUSA MC TP CON CIERRE Y BOLSILLO EN FR,
011 - NOVIEMBRE                               , ,,003 - YOYO                                    ,008 - MODA                                    ,002 - BLUSA-CAMISA,002 - TEJIDO PLANO                            ,32184204,BLUSA MC TP CON PINZAS EN FRENTE,
012 - DICIEMBRE                               , ,,003 - YOYO                                    ,008 - MODA                                    ,002 - BLUSA-CAMISA,002 - TEJIDO PLANO                            ,32185204,BLUSA MC TP CON BOTONES EN FRENTE,
012 - DICIEMBRE                               , ,,003 - YOYO                                    ,008 - MODA                                    ,002 - BLUSA-CAMISA,002 - TEJIDO PLANO                            ,32186704,BLUSA MC TP CON APLIQUE EN BOLSILLO,
001 - ENERO                                   , ,,003 - YOYO                                    ,008 - MODA                                    ,002 - BLUSA-CAMISA,002 - TEJIDO PLANO                            ,32187204,BLUSA MC TP CON BOLSILLOS EN FRENTE,
004 - ABRIL                                   , ,,003 - YOYO                                    ,008 - MODA                                    ,002 - BLUSA-CAMISA,002 - TEJIDO PLANO                            ,32188204,BLUSA MC TP CON DETALLE EN HOMBROS,
007 - JULIO                                   , ,,003 - YOYO                                    ,008 - MODA                                    ,002 - BLUSA-CAMISA,999 - NO APLICA                               ,32449101,BLUSA TP MS CON CUELLO  NUDO EN FRENTE,
003 - MARZO                                   , ,,003 - YOYO                                    ,003 - OPORTUNIDADES                           ,000 - JEANS                                   ,999 - NO APLICA                               ,33001108,JEAN DAY T/ALTO TEEN SPECIAL CON BOLSIL,
006 - JUNIO                                   , ,,003 - YOYO                                    ,003 - OPORTUNIDADES                           ,000 - JEANS                                   ,999 - NO APLICA                               ,33001111,TEJANO PREMIUM TIRO MEDIO TEEN LAV MEDI,
010 - OCTUBRE                                 , ,,003 - YOYO                                    ,003 - OPORTUNIDADES                           ,000 - JEANS                                   ,999 - NO APLICA                               ,33001135,PANTALON CARGO T/ALTO TEEN PUNTA DE PRE,
008 - AGOSTO                                  , ,,003 - YOYO                                    ,003 - OPORTUNIDADES                           ,010 - PRENDAS DE MODA                         ,999 - NO APLICA                               ,33001136,FALDA  TEEN TIPO GLOBO LAV MEDIO PUNTA,
004 - ABRIL                                   , ,,003 - YOYO                                    ,003 - OPORTUNIDADES                           ,000 - JEANS                                   ,999 - NO APLICA                               ,33001148,PERFECT T/MEDIO TEEN LAV MEDIO/OSCURO S,
003 - MARZO                                   , ,,003 - YOYO                                    ,003 - OPORTUNIDADES                           ,000 - JEANS                                   ,999 - NO APLICA                               ,33002208,JEAN DAY T/ALTO TEEN PLUS  SPECIAL CON,
012 - DICIEMBRE                               , ,,003 - YOYO                                    ,003 - OPORTUNIDADES                           ,000 - JEANS                                   ,999 - NO APLICA                               ,33002234,RETROMOM T/ALTO TP COLOR BOTA RECTA SPE,
012 - DICIEMBRE                               , ,,003 - YOYO                                    ,003 - OPORTUNIDADES                           ,010 - PRENDAS DE MODA                         ,999 - NO APLICA                               ,33002236,FALDA T/ALTO TP LAV NEGRO CON APLIQUE P,
011 - NOVIEMBRE                               , ,,003 - YOYO                                    ,003 - OPORTUNIDADES                           ,010 - PRENDAS DE MODA                         ,999 - NO APLICA                               ,33002240,VESTIDO TIRAS TEEN PLUS CORTO PUNTA DE,
006 - JUNIO                                   , ,,003 - YOYO                                    ,003 - OPORTUNIDADES                           ,000 - JEANS                                   ,999 - NO APLICA                               ,33002247,MOM JEAN T/ALTO TEEN PLUS SPECIAL,
011 - NOVIEMBRE                               , ,,003 - YOYO                                    ,003 - OPORTUNIDADES                           ,010 - PRENDAS DE MODA                         ,999 - NO APLICA                               ,33003136,FALDA TIRO ALTO TEEN LAV NEGRO PUNTA DE,
006 - JUNIO                                   , ,,003 - YOYO                                    ,003 - OPORTUNIDADES                           ,000 - JEANS                                   ,999 - NO APLICA                               ,33003147,MOM JEAN T/ALTO TEEN LAVADO MEDIO SPECI,
002 - FEBRERO                                 , ,,003 - YOYO                                    ,003 - OPORTUNIDADES                           ,016 - TOP -BODY                               ,999 - NO APLICA                               ,33003155,CAMISETA MS KIUT SPECIAL CON FRENTE EST,
008 - AGOSTO                                  , ,,003 - YOYO                                    ,003 - OPORTUNIDADES                           ,000 - JEANS                                   ,999 - NO APLICA                               ,33003248,PERFECT T/ALTO TEEN PLUS  SPECIAL CON B,
004 - ABRIL                                   , ,,003 - YOYO                                    ,003 - OPORTUNIDADES                           ,000 - JEANS                                   ,002 - TEJIDO PLANO                            ,33003734,RETROMOM TIRO ALTO TEEN PLUS  SPECIAL,
004 - ABRIL                                   , ,,003 - YOYO                                    ,003 - OPORTUNIDADES                           ,,002 - TEJIDO PLANO                            ,33004108,JEAN DAY T/MEDIO TEEN CON BOLSILLO SPEC,
004 - ABRIL                                   , ,,003 - YOYO                                    ,003 - OPORTUNIDADES                           ,000 - JEANS                                   ,999 - NO APLICA                               ,33004134,RETROMOM TIRO ALTO TEEN LAVADO MEDIO SP,
008 - AGOSTO                                  , ,,003 - YOYO                                    ,003 - OPORTUNIDADES                           ,000 - JEANS                                   ,999 - NO APLICA                               ,33004148,PERFECT T/ALTO TEEN SPECIAL CON BOLSILL,
012 - DICIEMBRE                               , ,,003 - YOYO                                    ,003 - OPORTUNIDADES                           ,001 - CAMISETA                                ,001 - TEJIDO PUNTO                            ,33004153,CAMISETA MC SPECIAL KIUT ESTAMPADO EN F,
001 - ENERO                                   , ,,003 - YOYO                                    ,003 - OPORTUNIDADES                           ,010 - PRENDAS DE MODA                         ,999 - NO APLICA                               ,33004236,FALDA PREMIUM TIRO ALTO TP LAV CLARO PU,
012 - DICIEMBRE                               , ,,003 - YOYO                                    ,003 - OPORTUNIDADES                           ,000 - JEANS                                   ,999 - NO APLICA                               ,33004247,MOM JEAN TIRO ALTO TP LAV COLOR PUNTA D,
007 - JULIO                                   , ,,003 - YOYO                                    ,003 - OPORTUNIDADES                           ,000 - JEANS                                   ,002 - TEJIDO PLANO                            ,33005247,MOM JEAN TIRO ALTO TP LAV CLARO PUNTA D,
007 - JULIO                                   , ,,003 - YOYO                                    ,003 - OPORTUNIDADES                           ,,002 - TEJIDO PLANO                            ,33005248,PERFECT T/ALT TP LAV MEDIO PINZAS COSTA,
006 - JUNIO                                   , ,,003 - YOYO                                    ,003 - OPORTUNIDADES                           ,016 - TOP -BODY                               ,999 - NO APLICA                               ,33005255,CAMISETA MS TP ESTAMPADA SPECIAL,
007 - JULIO                                   , ,,003 - YOYO                                    ,003 - OPORTUNIDADES                           ,000 - JEANS                                   ,999 - NO APLICA                               ,33005762,COOL T/ALTO TP BOTA RECTA LAV MEDIO SPE,
011 - NOVIEMBRE                               , ,,003 - YOYO                                    ,003 - OPORTUNIDADES                           ,016 - TOP -BODY                               ,999 - NO APLICA                               ,33006156,CAMISETA TIRAS TEEN CON ESTAMPADO PUNTA,
010 - OCTUBRE                                 , ,,003 - YOYO                                    ,003 - OPORTUNIDADES                           ,000 - JEANS                                   ,002 - TEJIDO PLANO                            ,33006247,MOM JEAN TIRO ALTO TP LAV MEDIO PUNTA D,
011 - NOVIEMBRE                               , ,,003 - YOYO                                    ,003 - OPORTUNIDADES                           ,000 - JEANS                                   ,999 - NO APLICA                               ,33006248,PERFECT T/ALTO TP PINZAS COSTADOS SPECI,
009 - SEPTIEMBRE                              , ,,003 - YOYO                                    ,003 - OPORTUNIDADES                           ,016 - TOP -BODY                               ,999 - NO APLICA                               ,33007756,CAMISETA TIRAS TP CON CONTRASTE PUNTA D,
002 - FEBRERO                                 , ,,003 - YOYO                                    ,003 - OPORTUNIDADES                           ,001 - CAMISETA                                ,999 - NO APLICA                               ,33008253,CAMISETA MC COOL AJUSTADA  SPECIAL,
005 - MAYO                                    , ,,003 - YOYO                                    ,003 - OPORTUNIDADES                           ,000 - JEANS                                   ,002 - TEJIDO PLANO                            ,33008734,RETROMOM T/ALTO TP LAV MEDIO ELAST EN C,
011 - NOVIEMBRE                               , ,,003 - YOYO                                    ,003 - OPORTUNIDADES                           ,016 - TOP -BODY                               ,999 - NO APLICA                               ,33008756,CAMISETA TIRAS TP CON SESGOS EN CONTRAS,
010 - OCTUBRE                                 , ,,003 - YOYO                                    ,003 - OPORTUNIDADES                           ,000 - JEANS                                   ,999 - NO APLICA                               ,33009234,RETROMOM T/A TP PUNTA DE PRECIO MEGA BA,
012 - DICIEMBRE                               , ,,003 - YOYO                                    ,003 - OPORTUNIDADES                           ,008 - PANTALONES                              ,999 - NO APLICA                               ,33009248,PERFEC TIRO ALTO TP LAV NEGRO PUNTA DE,
003 - MARZO                                   , ,,003 - YOYO                                    ,003 - OPORTUNIDADES                           ,001 - CAMISETA                                ,999 - NO APLICA                               ,33009253,CAMISETA MC COOL ESTAMPADO SPECIAL,
011 - NOVIEMBRE                               , ,,003 - YOYO                                    ,003 - OPORTUNIDADES                           ,016 - TOP -BODY                               ,999 - NO APLICA                               ,33009256,CAMISETA TIRAS TP CON HERRAJE CORAZON P,
012 - DICIEMBRE                               , ,,003 - YOYO                                    ,003 - OPORTUNIDADES                           ,000 - JEANS                                   ,999 - NO APLICA                               ,33010134,RETROMOM TIRO ALTO TEEN LAV CLARO PUNTA,
012 - DICIEMBRE                               , ,,003 - YOYO                                    ,003 - OPORTUNIDADES                           ,000 - JEANS                                   ,999 - NO APLICA                               ,33010148,PERFECT PREMIUM TIRO MEDIO TEEN NEGRO P,
011 - NOVIEMBRE                               , ,,003 - YOYO                                    ,003 - OPORTUNIDADES                           ,016 - TOP -BODY                               ,999 - NO APLICA                               ,33010256,CAMISETA TIRAS TP CON LASER EN FRENTE P,
009 - SEPTIEMBRE                              , ,,003 - YOYO                                    ,003 - OPORTUNIDADES                           ,000 - JEANS                                   ,002 - TEJIDO PLANO                            ,33011234,RETROMOM TIRO ALTO TP PUNTA DE PRECIO,
012 - DICIEMBRE                               , ,,003 - YOYO                                    ,003 - OPORTUNIDADES                           ,016 - TOP -BODY                               ,999 - NO APLICA                               ,33011256,CAMISETA TIRAS TP CROP PUNTA DE PRECIO,
012 - DICIEMBRE                               , ,,003 - YOYO                                    ,003 - OPORTUNIDADES                           ,000 - JEANS                                   ,002 - TEJIDO PLANO                            ,33012234,RETROMOM TIRO ALTO TP LAV CLARO PUNTA D,
001 - ENERO                                   , ,,003 - YOYO                                    ,003 - OPORTUNIDADES                           ,001 - CAMISETA                                ,999 - NO APLICA                               ,33012756,CAMISETA PREMIUM TIRAS TP PUNTA DE PREC,
007 - JULIO                                   , ,,003 - YOYO                                    ,003 - OPORTUNIDADES                           ,001 - CAMISETA                                ,999 - NO APLICA                               ,33017253,CAMISETA MC TP EN MALLA ESTAMPADA SPECI,
008 - AGOSTO                                  , ,,003 - YOYO                                    ,003 - OPORTUNIDADES                           ,001 - CAMISETA                                ,999 - NO APLICA                               ,33020253,CAMISETA MC TP SPECIAL,
007 - JULIO                                   , ,,003 - YOYO                                    ,003 - OPORTUNIDADES                           ,016 - TOP -BODY                               ,001 - TEJIDO PUNTO                            ,33020255,CAMISETA MS TEEN PLUS AJUSTADA SPECIAL,
001 - ENERO                                   , ,,003 - YOYO                                    ,003 - OPORTUNIDADES                           ,004 - SOBRETODOS                              ,999 - NO APLICA                               ,33020764,CHAQUETA ML TP CROP BLOQUES DE COLOR PU,
003 - MARZO                                   , ,,003 - YOYO                                    ,003 - OPORTUNIDADES                           ,001 - CAMISETA                                ,999 - NO APLICA                               ,33022107,CAMISETA MC TEEN ESTAMPADA EN FRENTE SP,
008 - AGOSTO                                  , ,,003 - YOYO                                    ,003 - OPORTUNIDADES                           ,003 - CORTOS                                  ,999 - NO APLICA                               ,33026733,SHORT TIRO ALTO TEEN PLUS SPECIAL,
012 - DICIEMBRE                               , ,,003 - YOYO                                    ,003 - OPORTUNIDADES                           ,003 - CORTOS                                  ,999 - NO APLICA                               ,33027133,SHORT T/ALTO TEEN LAV MEDIO OSCURO PUNT,
003 - MARZO                                   , ,,003 - YOYO                                    ,003 - OPORTUNIDADES                           ,001 - CAMISETA                                ,999 - NO APLICA                               ,33027253,CAMISETA MC TP ESTAMPADA SPECIAL,
004 - ABRIL                                   , ,,003 - YOYO                                    ,003 - OPORTUNIDADES                           ,003 - CORTOS                                  ,999 - NO APLICA                               ,33028233,SHORT T/ALTO TP LAV  MEDIO OSCURO PUNTA,
009 - SEPTIEMBRE                              , ,,003 - YOYO                                    ,003 - OPORTUNIDADES                           ,003 - CORTOS                                  ,999 - NO APLICA                               ,33029733,BIKER TIRO ALTO TP PUNTA DE PRECIO,
009 - SEPTIEMBRE                              , ,,003 - YOYO                                    ,003 - OPORTUNIDADES                           ,003 - CORTOS                                  ,002 - TEJIDO PLANO                            ,33030233,SHORT TIRO ALTO TP LAV MEDIO-OSCURO PUN,
011 - NOVIEMBRE                               , ,,003 - YOYO                                    ,003 - OPORTUNIDADES                           ,003 - CORTOS                                  ,002 - TEJIDO PLANO                            ,33031233,SHORT TIRO ALTO TP LAV CLARO PUNTA DE P,
012 - DICIEMBRE                               , ,,003 - YOYO                                    ,003 - OPORTUNIDADES                           ,003 - CORTOS                                  ,002 - TEJIDO PLANO                            ,33032233,SHORT DESCADERADO  TP LV CLARO PUNTA DE,
002 - FEBRERO                                 , ,,003 - YOYO                                    ,003 - OPORTUNIDADES                           ,001 - CAMISETA                                ,999 - NO APLICA                               ,33032253,CAMISETA MC TP ESPALDA EN SESGO,
012 - DICIEMBRE                               , ,,003 - YOYO                                    ,003 - OPORTUNIDADES                           ,003 - CORTOS                                  ,002 - TEJIDO PLANO                            ,33033233,SHORT TIRO ALTO TP  PUNTA DE PRECIO,
012 - DICIEMBRE                               , ,,003 - YOYO                                    ,003 - OPORTUNIDADES                           ,003 - CORTOS                                  ,002 - TEJIDO PLANO                            ,33034233,SHORT TIRO MEDIO TP LAV CLARO PUNTA DE,
009 - SEPTIEMBRE                              , ,,003 - YOYO                                    ,003 - OPORTUNIDADES                           ,016 - TOP -BODY                               ,999 - NO APLICA                               ,33035155,CAMISETA MS TEEN CON ESTAMPADO PUNTA DE,
001 - ENERO                                   , ,,003 - YOYO                                    ,003 - OPORTUNIDADES                           ,003 - CORTOS                                  ,002 - TEJIDO PLANO                            ,33035233,SHORT TIRO ALTO TP LAV CLARO PUNTA DE P,
010 - OCTUBRE                                 , ,,003 - YOYO                                    ,003 - OPORTUNIDADES                           ,016 - TOP -BODY                               ,999 - NO APLICA                               ,33036755,CAMISETA MS TP CON ESTAMPADO PUNTA DE P,
009 - SEPTIEMBRE                              , ,,003 - YOYO                                    ,003 - OPORTUNIDADES                           ,001 - CAMISETA                                ,999 - NO APLICA                               ,33037153,CAMISETA MC TEEN AMOR Y AMISTAD SPECIAL,
010 - OCTUBRE                                 , ,,003 - YOYO                                    ,003 - OPORTUNIDADES                           ,016 - TOP -BODY                               ,999 - NO APLICA                               ,33037255,CAMISETA MS TEEN PLUS FULL PRINT PUNTA,
001 - ENERO                                   , ,,003 - YOYO                                    ,003 - OPORTUNIDADES                           ,008 - PANTALONES                              ,999 - NO APLICA                               ,33037705,PANTALON TP CON BLOQUES DE COLOR PUNTA,
008 - AGOSTO                                  , ,,003 - YOYO                                    ,003 - OPORTUNIDADES                           ,008 - PANTALONES                              ,999 - NO APLICA                               ,33038105,PANTALON TEEN CON CORTE EN FRENTE Y BOL,
010 - OCTUBRE                                 , ,,003 - YOYO                                    ,003 - OPORTUNIDADES                           ,016 - TOP -BODY                               ,999 - NO APLICA                               ,33038255,CAMISETA MS TEEN PLUS PUNTA DE PRECIO,
010 - OCTUBRE                                 , ,,003 - YOYO                                    ,003 - OPORTUNIDADES                           ,016 - TOP -BODY                               ,999 - NO APLICA                               ,33039155,CAMISETA MS TEEN FULL PRINT PUNTA DE PR,
009 - SEPTIEMBRE                              , ,,003 - YOYO                                    ,003 - OPORTUNIDADES                           ,008 - PANTALONES                              ,999 - NO APLICA                               ,33039205,PANTALON  TEEN PLUS PUNTA DE PRECIO,
009 - SEPTIEMBRE                              , ,,003 - YOYO                                    ,003 - OPORTUNIDADES                           ,001 - CAMISETA                                ,999 - NO APLICA                               ,33039253,CAMISETA MC TP AMOR Y AMISTAD SPECIAL,
003 - MARZO                                   , ,,003 - YOYO                                    ,003 - OPORTUNIDADES                           ,008 - PANTALONES                              ,999 - NO APLICA                               ,33040205,PANTALON TIRO ALTO TP COLOR PUNTA DE PR,
011 - NOVIEMBRE                               , ,,003 - YOYO                                    ,003 - OPORTUNIDADES                           ,016 - TOP -BODY                               ,999 - NO APLICA                               ,33040255,CAMISETA MS TEEN PLUS CON SESGOS PUNTA,
011 - NOVIEMBRE                               , ,,003 - YOYO                                    ,003 - OPORTUNIDADES                           ,016 - TOP -BODY                               ,999 - NO APLICA                               ,33041155,CAMISETA MS TEEN CON SESGOS AEREOS PUNT,
009 - SEPTIEMBRE                              , ,,003 - YOYO                                    ,003 - OPORTUNIDADES                           ,008 - PANTALONES                              ,002 - TEJIDO PLANO                            ,33041705,PANTALON TP CON SESGOS PUNTA DE PRECIO,
004 - ABRIL                                   , ,,003 - YOYO                                    ,003 - OPORTUNIDADES                           ,016 - TOP -BODY                               ,999 - NO APLICA                               ,33043755,CAMISETA MS TP ESTAMPADO FRENTE PUNTA D,
010 - OCTUBRE                                 , ,,003 - YOYO                                    ,003 - OPORTUNIDADES                           ,016 - TOP -BODY                               ,999 - NO APLICA                               ,33044755,CAMISETA MS TP ESTAMPADO EN FRENTE PUNT,
011 - NOVIEMBRE                               , ,,003 - YOYO                                    ,003 - OPORTUNIDADES                           ,016 - TOP -BODY                               ,999 - NO APLICA                               ,33045255,CAMISETA MS TP ESCOTE ESPALDA  PUNTA DE,
012 - DICIEMBRE                               , ,,003 - YOYO                                    ,003 - OPORTUNIDADES                           ,016 - TOP -BODY                               ,999 - NO APLICA                               ,33046755,CAMISETA MS TP ABERTURA EN CENTRO PUNTA,
011 - NOVIEMBRE                               , ,,003 - YOYO                                    ,003 - OPORTUNIDADES                           ,016 - TOP -BODY                               ,999 - NO APLICA                               ,33047755,CAMISETA MS TP CON SESGO EN CONTRASTE P,
012 - DICIEMBRE                               , ,,003 - YOYO                                    ,003 - OPORTUNIDADES                           ,016 - TOP -BODY                               ,001 - TEJIDO PUNTO                            ,33049755,CAMISETA MS TP CON ESTAMPADO FRENTE  PU,
012 - DICIEMBRE                               , ,,003 - YOYO                                    ,003 - OPORTUNIDADES                           ,001 - CAMISETA                                ,001 - TEJIDO PUNTO                            ,33103253,CAMISETA MC TEEN PLUS SPECIAL,
004 - ABRIL                                   , ,,003 - YOYO                                    ,003 - OPORTUNIDADES                           ,001 - CAMISETA                                ,999 - NO APLICA                               ,33119753,CAMISETA MC TEEN PLUS FULL PRINT CROP S,
004 - ABRIL                                   , ,,003 - YOYO                                    ,003 - OPORTUNIDADES                           ,,999 - NO APLICA                               ,33121753,CAMISETA MC TP ESTAMPADA SPECIAL,
007 - JULIO                                   , ,,003 - YOYO                                    ,003 - OPORTUNIDADES                           ,001 - CAMISETA                                ,999 - NO APLICA                               ,33130153,CAMISETA MC TEEN ESTAMPADA EN FRENTE SP,
007 - JULIO                                   , ,,003 - YOYO                                    ,003 - OPORTUNIDADES                           ,001 - CAMISETA                                ,999 - NO APLICA                               ,33131253,CAMISETA MC TEEN PLUS ESTAMPADA EN FREN,
008 - AGOSTO                                  , ,,003 - YOYO                                    ,003 - OPORTUNIDADES                           ,001 - CAMISETA                                ,999 - NO APLICA                               ,33132753,CAMISETA MC TEEN PLUS ESTAMPADO EN FREN,
007 - JULIO                                   , ,,003 - YOYO                                    ,003 - OPORTUNIDADES                           ,001 - CAMISETA                                ,999 - NO APLICA                               ,33133153,CAMISETA MC TEEN ESTAMPADO EN FRENTE SP,
007 - JULIO                                   , ,,003 - YOYO                                    ,003 - OPORTUNIDADES                           ,,999 - NO APLICA                               ,33134253,CAMISETA MC TP ESTAMPADA EN FRENTE PUNT,
007 - JULIO                                   , ,,003 - YOYO                                    ,003 - OPORTUNIDADES                           ,,999 - NO APLICA                               ,33135253,CAMISETA MC TEEN PLUS EN RIB CROP PUNTA,
009 - SEPTIEMBRE                              , ,,003 - YOYO                                    ,003 - OPORTUNIDADES                           ,001 - CAMISETA                                ,999 - NO APLICA                               ,33136153,CAMISETA MC TEEN CON ESTAMPADO PUNTA DE,
010 - OCTUBRE                                 , ,,003 - YOYO                                    ,003 - OPORTUNIDADES                           ,001 - CAMISETA                                ,001 - TEJIDO PUNTO                            ,33137753,CAMISETA MC TEEN PLUS OVERSIZED PUNTA D,
011 - NOVIEMBRE                               , ,,003 - YOYO                                    ,003 - OPORTUNIDADES                           ,001 - CAMISETA                                ,999 - NO APLICA                               ,33139253,CAMISETA MC TP CON ESTAMPADO PUNTA DE P,
001 - ENERO                                   , ,,003 - YOYO                                    ,003 - OPORTUNIDADES                           ,001 - CAMISETA                                ,999 - NO APLICA                               ,33140153,CAMISETA MC TEEN ESTAMPADA  PUNTA DE PR,
012 - DICIEMBRE                               , ,,003 - YOYO                                    ,003 - OPORTUNIDADES                           ,001 - CAMISETA                                ,999 - NO APLICA                               ,33140253,CAMISETA MC TP CON ESTAMPADO PUNTA DE P,
002 - FEBRERO                                 , ,,003 - YOYO                                    ,003 - OPORTUNIDADES                           ,001 - CAMISETA                                ,999 - NO APLICA                               ,33142153,CAMISETA MC TEEN ESTAMPADA  PUNTA DE PR,
012 - DICIEMBRE                               , ,,003 - YOYO                                    ,003 - OPORTUNIDADES                           ,001 - CAMISETA                                ,999 - NO APLICA                               ,33143253,CAMISETA MC TP FRENTE ESTAMPADO PUNTA D,
011 - NOVIEMBRE                               , ,,003 - YOYO                                    ,003 - OPORTUNIDADES                           ,001 - CAMISETA                                ,999 - NO APLICA                               ,33145153,CAMISETA MC TEEN TERMINADA EN V PUNTA D,
012 - DICIEMBRE                               , ,,003 - YOYO                                    ,003 - OPORTUNIDADES                           ,001 - CAMISETA                                ,999 - NO APLICA                               ,33146753,CAMISETA MC TP PUNTA DE PRECIO,
012 - DICIEMBRE                               , ,,003 - YOYO                                    ,003 - OPORTUNIDADES                           ,001 - CAMISETA                                ,999 - NO APLICA                               ,33147153,CAMISETA MC TEEN PUNTA DE PRECIO,
012 - DICIEMBRE                               , ,,003 - YOYO                                    ,003 - OPORTUNIDADES                           ,001 - CAMISETA                                ,999 - NO APLICA                               ,33147753,CAMISETA MC TP PUNTA DE PRECIO,
001 - ENERO                                   , ,,003 - YOYO                                    ,003 - OPORTUNIDADES                           ,001 - CAMISETA                                ,999 - NO APLICA                               ,33148253,CAMISETA MC TP CON BROCHES EN FRENTE PU,
001 - ENERO                                   , ,,003 - YOYO                                    ,003 - OPORTUNIDADES                           ,001 - CAMISETA                                ,999 - NO APLICA                               ,33149253,CAMISETA MC TP PUNTA DE PRECIO,
002 - FEBRERO                                 , ,,003 - YOYO                                    ,003 - OPORTUNIDADES                           ,001 - CAMISETA                                ,999 - NO APLICA                               ,33150253,CAMISETA MC TP  PUNTA DE PRECIO,
002 - FEBRERO                                 , ,,003 - YOYO                                    ,003 - OPORTUNIDADES                           ,001 - CAMISETA                                ,999 - NO APLICA                               ,33151253,CAMISETA MC TP FULL PRINT CROP PUNTA PR,
006 - JUNIO                                   , ,,003 - YOYO                                    ,003 - OPORTUNIDADES                           ,001 - CAMISETA                                ,999 - NO APLICA                               ,33152253,CAMISETA PREMIUM MC TP ESTAMPADA PUNTA,
003 - MARZO                                   , ,,003 - YOYO                                    ,003 - OPORTUNIDADES                           ,001 - CAMISETA                                ,999 - NO APLICA                               ,33153153,CAMISETA MC TEEN ESTAMPADO EN FRENTE PU,
005 - MAYO                                    , ,,003 - YOYO                                    ,003 - OPORTUNIDADES                           ,001 - CAMISETA                                ,001 - TEJIDO PUNTO                            ,33154753,CAMISETA MC TP CONTRASTE  PUNTA DE PREC,
004 - ABRIL                                   , ,,003 - YOYO                                    ,003 - OPORTUNIDADES                           ,001 - CAMISETA                                ,999 - NO APLICA                               ,33155153,CAMISETA MC TEEN ESTAMPADA EN FRENTE PU,
005 - MAYO                                    , ,,003 - YOYO                                    ,003 - OPORTUNIDADES                           ,001 - CAMISETA                                ,999 - NO APLICA                               ,33156153,CAMISETA PREMIUM MC TEEN ESTAMPADO EN F,
006 - JUNIO                                   , ,,003 - YOYO                                    ,003 - OPORTUNIDADES                           ,001 - CAMISETA                                ,999 - NO APLICA                               ,33157753,CAMISETA MC TP CUELLO EN CONTRASTE PUNT,
007 - JULIO                                   , ,,003 - YOYO                                    ,003 - OPORTUNIDADES                           ,001 - CAMISETA                                ,999 - NO APLICA                               ,33158753,CAMISETA MC TP FRENTE ESTAMPADO PUNTA D,
006 - JUNIO                                   , ,,003 - YOYO                                    ,003 - OPORTUNIDADES                           ,001 - CAMISETA                                ,999 - NO APLICA                               ,33159153,CAMISETA MC TEEN ESTAMPADA EN FRENTE PU,
008 - AGOSTO                                  , ,,003 - YOYO                                    ,003 - OPORTUNIDADES                           ,001 - CAMISETA                                ,999 - NO APLICA                               ,33160753,CAMISETA MC TP CON TIRAS EN CINTURA PUN,
009 - SEPTIEMBRE                              , ,,003 - YOYO                                    ,003 - OPORTUNIDADES                           ,001 - CAMISETA                                ,999 - NO APLICA                               ,33161153,CAMISETA MC TEEN CON CONTRASTES PUNTA D,
009 - SEPTIEMBRE                              , ,,003 - YOYO                                    ,003 - OPORTUNIDADES                           ,001 - CAMISETA                                ,001 - TEJIDO PUNTO                            ,33171253,CAMISETA MC TP ESTAMPADO EN FRENTE PUNT,
010 - OCTUBRE                                 , ,,003 - YOYO                                    ,003 - OPORTUNIDADES                           ,001 - CAMISETA                                ,999 - NO APLICA                               ,33172753,CAMISETA MC TP CON ESTAMPADA PUNTA DE P,
010 - OCTUBRE                                 , ,,003 - YOYO                                    ,003 - OPORTUNIDADES                           ,001 - CAMISETA                                ,001 - TEJIDO PUNTO                            ,33173253,CAMISETA MC  TP ESCOTE EN V PUNTA DE PR,
011 - NOVIEMBRE                               , ,,003 - YOYO                                    ,003 - OPORTUNIDADES                           ,001 - CAMISETA                                ,999 - NO APLICA                               ,33174253,CAMISETA MC TP CON ESTAMPADO PUNTA DE P,
012 - DICIEMBRE                               , ,,003 - YOYO                                    ,003 - OPORTUNIDADES                           ,001 - CAMISETA                                ,999 - NO APLICA                               ,33175753,CAMISETA MC TP ABERTURA EN CENTRO PUNTA,
012 - DICIEMBRE                               , ,,003 - YOYO                                    ,003 - OPORTUNIDADES                           ,001 - CAMISETA                                ,001 - TEJIDO PUNTO                            ,33176253,CAMISETA PREMIUM MC TP CON ESTAMPADO PU,
012 - DICIEMBRE                               , ,,003 - YOYO                                    ,003 - OPORTUNIDADES                           ,001 - CAMISETA                                ,001 - TEJIDO PUNTO                            ,33177753,CAMISETA MC TP ESTAMPADA EN FRENTE PUNT,
001 - ENERO                                   , ,,003 - YOYO                                    ,003 - OPORTUNIDADES                           ,001 - CAMISETA                                ,999 - NO APLICA                               ,33178253,CAMISETA PREMIUM MC TP ESCOTE BANDEJA P,
012 - DICIEMBRE                               , ,,003 - YOYO                                    ,003 - OPORTUNIDADES                           ,001 - CAMISETA                                ,001 - TEJIDO PUNTO                            ,33178504,CAMISETA MC  ZOY CON CORTE EN HOMBROS,
012 - DICIEMBRE                               , ,,003 - YOYO                                    ,003 - OPORTUNIDADES                           ,001 - CAMISETA                                ,001 - TEJIDO PUNTO                            ,33183104,CAMISETA MC TP HOMBROS DESCUBIERTOS CON,
001 - ENERO                                   , ,,003 - YOYO                                    ,003 - OPORTUNIDADES                           ,001 - CAMISETA                                ,999 - NO APLICA                               ,33192104,CAMISETA SPECIAL MS TP CON FAJON INFERI,
005 - MAYO                                    , ,,003 - YOYO                                    ,003 - OPORTUNIDADES                           ,001 - CAMISETA                                ,999 - NO APLICA                               ,33212704,CAMISETA SPECIAL MC ZOY EN VELVET,
010 - OCTUBRE                                 , ,,003 - YOYO                                    ,003 - OPORTUNIDADES                           ,001 - CAMISETA                                ,001 - TEJIDO PUNTO                            ,33235104,CAMISETA MC TP SPECIAL CON FRENTE ESTAM,
003 - MARZO                                   , ,,003 - YOYO                                    ,003 - OPORTUNIDADES                           ,016 - TOP -BODY                               ,999 - NO APLICA                               ,33254104,CAMISETA MS KIUT ESTAMPADA ESPECIAL,
001 - ENERO                                   , ,,003 - YOYO                                    ,008 - MODA                                    ,004 - SOBRETODOS                              ,999 - NO APLICA                               ,34008112,KIMONO M3/4 TEEN FULL PRINT CON PUNTAS,
011 - NOVIEMBRE                               , ,,003 - YOYO                                    ,008 - MODA                                    ,015 - TEJIDO                                  ,001 - TEJIDO PUNTO                            ,34010215,TEJIDO CARDIGAN TEEN PLUS,
004 - ABRIL                                   , ,,003 - YOYO                                    ,008 - MODA                                    ,004 - SOBRETODOS                              ,999 - NO APLICA                               ,34012715,CARDIGAN ML TEEN PLUS EN TRANSPARENCIA,
009 - SEPTIEMBRE                              , ,,003 - YOYO                                    ,008 - MODA                                    ,004 - SOBRETODOS                              ,999 - NO APLICA                               ,34015715,CARDIGAN ML TEEN PLUS EN TRANSPARENCIA,
003 - MARZO                                   , ,,003 - YOYO                                    ,008 - MODA                                    ,004 - SOBRETODOS                              ,001 - TEJIDO PUNTO                            ,34016715,CARDIGAN ML TP CON BOTONES EN FRENTE,
002 - FEBRERO                                 , ,,003 - YOYO                                    ,008 - MODA                                    ,004 - SOBRETODOS                              ,999 - NO APLICA                               ,34020107,CARDIGAN ML TEEN CON TELA EN TEXTURA,
009 - SEPTIEMBRE                              , ,,003 - YOYO                                    ,008 - MODA                                    ,004 - SOBRETODOS                              ,999 - NO APLICA                               ,34144104,BUSO ML TEEN CUELLO BANDEJA CON ESTAMPA,
004 - ABRIL                                   , ,,003 - YOYO                                    ,008 - MODA                                    ,004 - SOBRETODOS                              ,999 - NO APLICA                               ,34194704,BUSO ML TEEN PLUS CON TIE DYE Y CIERRE,
006 - JUNIO                                   , ,,003 - YOYO                                    ,008 - MODA                                    ,004 - SOBRETODOS                              ,999 - NO APLICA                               ,34197704,BUSO ML TEEN PLUS FONDO ENTERO,
011 - NOVIEMBRE                               , ,,003 - YOYO                                    ,008 - MODA                                    ,004 - SOBRETODOS                              ,999 - NO APLICA                               ,34202104,BUSO ML TEEN CON FRENTE Y MANGA ESTAMPA,
011 - NOVIEMBRE                               , ,,003 - YOYO                                    ,008 - MODA                                    ,004 - SOBRETODOS                              ,999 - NO APLICA                               ,34203104,BUZO ML TEEN CON APLIQUE EN FRENTE,
012 - DICIEMBRE                               , ,,003 - YOYO                                    ,008 - MODA                                    ,004 - SOBRETODOS                              ,999 - NO APLICA                               ,34206104,BUSO ML TEEN CON ESTAMPADO EN FRENTE,
012 - DICIEMBRE                               , ,,003 - YOYO                                    ,008 - MODA                                    ,004 - SOBRETODOS                              ,999 - NO APLICA                               ,34207204,BUSO ML TP ESTAMPADO EN FRENTE,
001 - ENERO                                   , ,,003 - YOYO                                    ,008 - MODA                                    ,004 - SOBRETODOS                              ,999 - NO APLICA                               ,34208204,BUSO ML TEEN PLUS CON BORDADO EN FRENTE,
002 - FEBRERO                                 , ,,003 - YOYO                                    ,008 - MODA                                    ,004 - SOBRETODOS                              ,999 - NO APLICA                               ,34209204,BUZO ML TP IMITACION DOBLE PRENDA ESTAM,
004 - ABRIL                                   , ,,003 - YOYO                                    ,008 - MODA                                    ,004 - SOBRETODOS                              ,999 - NO APLICA                               ,34210704,BUZO MANGA LARGA PARA NIÑAS CUELLO EN R,
002 - FEBRERO                                 , ,,003 - YOYO                                    ,008 - MODA                                    ,004 - SOBRETODOS                              ,999 - NO APLICA                               ,34211104,BUZO ML TEEN ESTAMPADO FULL PRINT CORAZ,
004 - ABRIL                                   , ,,003 - YOYO                                    ,008 - MODA                                    ,004 - SOBRETODOS                              ,999 - NO APLICA                               ,34213104,BUZO ML TEEN BORDADO EN FRENTE,
005 - MAYO                                    , ,,003 - YOYO                                    ,008 - MODA                                    ,004 - SOBRETODOS                              ,999 - NO APLICA                               ,34215204,BUSO TP ML CON CIERRE EN FRENTE,
006 - JUNIO                                   , ,,003 - YOYO                                    ,008 - MODA                                    ,004 - SOBRETODOS                              ,999 - NO APLICA                               ,34216704,BUZO TP CON SESGOS EN CONTRASTE ESTAMPA,
008 - AGOSTO                                  , ,,003 - YOYO                                    ,008 - MODA                                    ,004 - SOBRETODOS                              ,001 - TEJIDO PUNTO                            ,34217204,BUZO ML TP BORDADO EN FRENTE,
009 - SEPTIEMBRE                              , ,,003 - YOYO                                    ,008 - MODA                                    ,004 - SOBRETODOS                              ,999 - NO APLICA                               ,34219704,BUZO ML TP IMITACION DOBLE PRENDA,
008 - AGOSTO                                  , ,,003 - YOYO                                    ,008 - MODA                                    ,004 - SOBRETODOS                              ,001 - TEJIDO PUNTO                            ,34220204,BUZO ML TP CON CIERRE EN FRENTE,
008 - AGOSTO                                  , ,,003 - YOYO                                    ,008 - MODA                                    ,004 - SOBRETODOS                              ,999 - NO APLICA                               ,34221704,BUSO ML TP CON ESTAMPADO EN FRENTE,
009 - SEPTIEMBRE                              , ,,003 - YOYO                                    ,008 - MODA                                    ,004 - SOBRETODOS                              ,999 - NO APLICA                               ,34224204,BUZO MANGA LARGA PARA NIÑAS CUELLO EN R,
009 - SEPTIEMBRE                              , ,,003 - YOYO                                    ,008 - MODA                                    ,004 - SOBRETODOS                              ,001 - TEJIDO PUNTO                            ,34228204,BUZO ML TP CON AMARRE EN COSTADOS,
009 - SEPTIEMBRE                              , ,,003 - YOYO                                    ,008 - MODA                                    ,004 - SOBRETODOS                              ,999 - NO APLICA                               ,34229101,CHAQUETA ML TEEN ESTAMPADO ESTRELLAS CU,
010 - OCTUBRE                                 , ,,003 - YOYO                                    ,008 - MODA                                    ,004 - SOBRETODOS                              ,999 - NO APLICA                               ,34229704,BUZO ML TP BORDADO Y ESTAMPADO EN FRENT,
010 - OCTUBRE                                 , ,,003 - YOYO                                    ,008 - MODA                                    ,004 - SOBRETODOS                              ,001 - TEJIDO PUNTO                            ,34230204,BUZO ML TP CON BORDADO EN FRENTE,
012 - DICIEMBRE                               , ,,003 - YOYO                                    ,008 - MODA                                    ,004 - SOBRETODOS                              ,999 - NO APLICA                               ,34231704,BUZO ML TP ESTAMPADO EN FRENTE,
008 - AGOSTO                                  , ,,003 - YOYO                                    ,008 - MODA                                    ,004 - SOBRETODOS                              ,005 - DENIM                                   ,34232202,CHALECO MS TEEN PLUS LAVADO MEDIO CLARO,
012 - DICIEMBRE                               , ,,003 - YOYO                                    ,008 - MODA                                    ,004 - SOBRETODOS                              ,001 - TEJIDO PUNTO                            ,34232204,BUZO ML TP BORDADO EN MANGA Y FRENTE,
012 - DICIEMBRE                               , ,,003 - YOYO                                    ,008 - MODA                                    ,004 - SOBRETODOS                              ,001 - TEJIDO PUNTO                            ,34233704,BUZO ML TP CON MOÑO EN ESPALDA,
012 - DICIEMBRE                               , ,,003 - YOYO                                    ,008 - MODA                                    ,004 - SOBRETODOS                              ,001 - TEJIDO PUNTO                            ,34234204,BUZO ML TP CON VIVOS  Y CIERRE EN FRENT,
001 - ENERO                                   , ,,003 - YOYO                                    ,008 - MODA                                    ,004 - SOBRETODOS                              ,001 - TEJIDO PUNTO                            ,34235204,BUZO ML TP CON BORDADO EN FRENTE,
007 - JULIO                                   , ,,003 - YOYO                                    ,008 - MODA                                    ,004 - SOBRETODOS                              ,005 - DENIM                                   ,34236202,CHALECO M/S TEEN PLUS LAV MEDIO PRETEÑI,
002 - FEBRERO                                 , ,,003 - YOYO                                    ,008 - MODA                                    ,004 - SOBRETODOS                              ,001 - TEJIDO PUNTO                            ,34236204,BUZO ML TP CON CIERRE EN FRENTE DOBLE C,
011 - NOVIEMBRE                               , ,,003 - YOYO                                    ,008 - MODA                                    ,004 - SOBRETODOS                              ,999 - NO APLICA                               ,34237102,CHALECO MS TEEN EN TELA CORDUROY CROP,
003 - MARZO                                   , ,,003 - YOYO                                    ,008 - MODA                                    ,004 - SOBRETODOS                              ,001 - TEJIDO PUNTO                            ,34237704,BUZO ML TP ESTAMPADO EN FRENTE CROP,
004 - ABRIL                                   , ,,003 - YOYO                                    ,008 - MODA                                    ,004 - SOBRETODOS                              ,001 - TEJIDO PUNTO                            ,34239204,BUZO ML TP CON CIERRE EN FRENTE,
002 - FEBRERO                                 , ,,003 - YOYO                                    ,008 - MODA                                    ,004 - SOBRETODOS                              ,005 - DENIM                                   ,34240202,CHALECO MS TP COLOR,
004 - ABRIL                                   , ,,003 - YOYO                                    ,008 - MODA                                    ,004 - SOBRETODOS                              ,999 - NO APLICA                               ,34241102,CHALECO MS TEEN COLOR EN CORDUROY,
006 - JUNIO                                   , ,,003 - YOYO                                    ,008 - MODA                                    ,004 - SOBRETODOS                              ,999 - NO APLICA                               ,34242202,CHALECO MS TP CON BOTONES INTERNO EN CE,
007 - JULIO                                   , ,,003 - YOYO                                    ,008 - MODA                                    ,004 - SOBRETODOS                              ,005 - DENIM                                   ,34243202,CHALECO MS TP LAV NEGRO,
008 - AGOSTO                                  , ,,003 - YOYO                                    ,008 - MODA                                    ,004 - SOBRETODOS                              ,005 - DENIM                                   ,34244202,CHALECO MS TP LAV MEDIO,
007 - JULIO                                   , ,,003 - YOYO                                    ,008 - MODA                                    ,004 - SOBRETODOS                              ,002 - TEJIDO PLANO                            ,34245201,CHAQUETA ML TEEN PLUS COLOR,001 - PRODUCCION INTERNA TELA NACIONALIZADA
009 - SEPTIEMBRE                              , ,,003 - YOYO                                    ,008 - MODA                                    ,004 - SOBRETODOS                              ,999 - NO APLICA                               ,34246102,CHALECO MS TEEN CON CAPUCHA,
001 - ENERO                                   , ,,003 - YOYO                                    ,008 - MODA                                    ,004 - SOBRETODOS                              ,999 - NO APLICA                               ,34248105,CHOMPA ML TEEN TIE DYE CON ESTAMPADO,
009 - SEPTIEMBRE                              , ,,003 - YOYO                                    ,008 - MODA                                    ,004 - SOBRETODOS                              ,999 - NO APLICA                               ,34249102,CHALECO MS TEEN CON CAPUCHA,
008 - AGOSTO                                  , ,,003 - YOYO                                    ,008 - MODA                                    ,004 - SOBRETODOS                              ,002 - TEJIDO PLANO                            ,34250201,CHAQUETA ML TP BEISBOLERA CON BORDADO Y,
012 - DICIEMBRE                               , ,,003 - YOYO                                    ,008 - MODA                                    ,004 - SOBRETODOS                              ,002 - TEJIDO PLANO                            ,34252202,CHALECO MS TP CRUZADO EN FRENTE,
010 - OCTUBRE                                 , ,,003 - YOYO                                    ,008 - MODA                                    ,004 - SOBRETODOS                              ,002 - TEJIDO PLANO                            ,34253201,CHAQUETA ML TEEN PLUS COLOR,
012 - DICIEMBRE                               , ,,003 - YOYO                                    ,008 - MODA                                    ,004 - SOBRETODOS                              ,002 - TEJIDO PLANO                            ,34253702,CHALECO MS TP DE CUADROS,
012 - DICIEMBRE                               , ,,003 - YOYO                                    ,008 - MODA                                    ,004 - SOBRETODOS                              ,005 - DENIM                                   ,34254702,CHALECO MS TP LAV CLARO,
002 - FEBRERO                                 , ,,003 - YOYO                                    ,008 - MODA                                    ,004 - SOBRETODOS                              ,005 - DENIM                                   ,34256202,CHALECO MS TP LAVADO MEDIO,
012 - DICIEMBRE                               , ,,003 - YOYO                                    ,008 - MODA                                    ,004 - SOBRETODOS                              ,002 - TEJIDO PLANO                            ,34258101,CHAQUETA M/L TEEN LAV CLARO,
004 - ABRIL                                   , ,,003 - YOYO                                    ,008 - MODA                                    ,015 - TEJIDO                                  ,999 - NO APLICA                               ,34258202,CHALECO MS TP LARGO CROP  LAVADO CLARO,
004 - ABRIL                                   , ,,003 - YOYO                                    ,008 - MODA                                    ,015 - TEJIDO                                  ,001 - TEJIDO PUNTO                            ,34259702,CHALECO MS TP CON BOTON EN FRENTE,
011 - NOVIEMBRE                               , ,,003 - YOYO                                    ,008 - MODA                                    ,004 - SOBRETODOS                              ,002 - TEJIDO PLANO                            ,34260101,CHAQUETA M/L TEEN COLOR,
012 - DICIEMBRE                               , ,,003 - YOYO                                    ,008 - MODA                                    ,004 - SOBRETODOS                              ,005 - DENIM                                   ,34264201,CHAQUETA ML TEEN PLUS LAVADO MEDIO CLAR,
012 - DICIEMBRE                               , ,,003 - YOYO                                    ,008 - MODA                                    ,004 - SOBRETODOS                              ,005 - DENIM                                   ,34265101,CHAQUETA ML TEEN LAVADO MEDIO CLARO LIV,
011 - NOVIEMBRE                               , ,,003 - YOYO                                    ,008 - MODA                                    ,004 - SOBRETODOS                              ,005 - DENIM                                   ,34266201,CHAQUETA TEEN PLUS LAVADO MEDIO OSCURO,
002 - FEBRERO                                 , ,,003 - YOYO                                    ,008 - MODA                                    ,004 - SOBRETODOS                              ,999 - NO APLICA                               ,34269201,CHAQUETA ML TEEN PLUS OVERSIZE EN CORDO,
005 - MAYO                                    , ,,003 - YOYO                                    ,008 - MODA                                    ,004 - SOBRETODOS                              ,005 - DENIM                                   ,34271701,CHAQUETA TEEN PLUS LAVADO GRIS TIPO BIK,
006 - JUNIO                                   , ,,003 - YOYO                                    ,008 - MODA                                    ,004 - SOBRETODOS                              ,005 - DENIM                                   ,34272701,CHAQUETA ML TEEN PLUS COLOR,
007 - JULIO                                   , ,,003 - YOYO                                    ,008 - MODA                                    ,004 - SOBRETODOS                              ,005 - DENIM                                   ,34273701,CHAQUETA ML TEEN PLUS COLOR,
011 - NOVIEMBRE                               , ,,003 - YOYO                                    ,008 - MODA                                    ,004 - SOBRETODOS                              ,999 - NO APLICA                               ,34277201,CHAQUETA ML TEEN PLUS  BOMBER CON RECTI,
011 - NOVIEMBRE                               , ,,003 - YOYO                                    ,008 - MODA                                    ,004 - SOBRETODOS                              ,999 - NO APLICA                               ,34280701,CHAQUETA ML TEEN PLUS EN CORDUROY,
012 - DICIEMBRE                               , ,,003 - YOYO                                    ,008 - MODA                                    ,004 - SOBRETODOS                              ,005 - DENIM                                   ,34282101,CHAQUETA ML TP LAVADO CLARO,
012 - DICIEMBRE                               , ,,003 - YOYO                                    ,008 - MODA                                    ,004 - SOBRETODOS                              ,999 - NO APLICA                               ,34283701,CHAQUETA ML TP CON RECOGIDO EN PRETINA,
002 - FEBRERO                                 , ,,003 - YOYO                                    ,008 - MODA                                    ,004 - SOBRETODOS                              ,005 - DENIM                                   ,34284101,CHAQUETA ML TEEN COLOR CON CIERRE SEPAR,
003 - MARZO                                   , ,,003 - YOYO                                    ,008 - MODA                                    ,004 - SOBRETODOS                              ,005 - DENIM                                   ,34286101,CHAQUETA ML TEEN LAV CLARO CON BORDADO,
003 - MARZO                                   , ,,003 - YOYO                                    ,008 - MODA                                    ,004 - SOBRETODOS                              ,005 - DENIM                                   ,34287201,CHAQUETA ML TP LAV MEDIO CON APLIQUE,
004 - ABRIL                                   , ,,003 - YOYO                                    ,008 - MODA                                    ,004 - SOBRETODOS                              ,999 - NO APLICA                               ,34288201,CHAQUETA ML TP CON CIERRE EN FRENTE,
005 - MAYO                                    , ,,003 - YOYO                                    ,008 - MODA                                    ,004 - SOBRETODOS                              ,999 - NO APLICA                               ,34289201,CHAQUETA ML TP CON ESTAMPADO Y RECTILIN,
006 - JUNIO                                   , ,,003 - YOYO                                    ,008 - MODA                                    ,004 - SOBRETODOS                              ,005 - DENIM                                   ,34290101,CHAQUETA ML TEEN COLOR,
008 - AGOSTO                                  , ,,003 - YOYO                                    ,008 - MODA                                    ,004 - SOBRETODOS                              ,999 - NO APLICA                               ,34292701,CHAQUETA ML TP CON BLOQUES DE COLOR,
008 - AGOSTO                                  , ,,003 - YOYO                                    ,008 - MODA                                    ,004 - SOBRETODOS                              ,002 - TEJIDO PLANO                            ,34293201,CHAQUETA ML TP CON BOLSILLOS EN FRENTE,
010 - OCTUBRE                                 , ,,003 - YOYO                                    ,008 - MODA                                    ,004 - SOBRETODOS                              ,999 - NO APLICA                               ,34295105,CHOMPA ML TEEN ESTAMPADA EN FRENTE Y ES,
001 - ENERO                                   , ,,003 - YOYO                                    ,008 - MODA                                    ,004 - SOBRETODOS                              ,999 - NO APLICA                               ,34296105,CHOMPA ML TEEN CON BOLSILLO CANGURO Y E,
001 - ENERO                                   , ,,003 - YOYO                                    ,008 - MODA                                    ,004 - SOBRETODOS                              ,999 - NO APLICA                               ,34297205,CHOMPA ML TP CON ESPALDA ESTAMPADA Y CI,
009 - SEPTIEMBRE                              , ,,003 - YOYO                                    ,008 - MODA                                    ,004 - SOBRETODOS                              ,002 - TEJIDO PLANO                            ,34298701,CHAQUETA ML TP CON CIERRE Y BOLSILLOS,
010 - OCTUBRE                                 , ,,003 - YOYO                                    ,008 - MODA                                    ,004 - SOBRETODOS                              ,001 - TEJIDO PUNTO                            ,34299201,CHAQUETA ML TP CON BOLSILLOS EN FRENTE,
003 - MARZO                                   , ,,003 - YOYO                                    ,008 - MODA                                    ,004 - SOBRETODOS                              ,999 - NO APLICA                               ,34299705,CHOMPA ML TP CON ESTAMPADO EN FRENTE CR,
009 - SEPTIEMBRE                              , ,,003 - YOYO                                    ,008 - MODA                                    ,004 - SOBRETODOS                              ,002 - TEJIDO PLANO                            ,34300101,CHAQUETA ML TEEN CON  CORTES EN CONTRAS,
003 - MARZO                                   , ,,003 - YOYO                                    ,008 - MODA                                    ,004 - SOBRETODOS                              ,999 - NO APLICA                               ,34300105,CHOMPA ML TEEN MANGAS CON BLOQUES DE CO,
004 - ABRIL                                   , ,,003 - YOYO                                    ,008 - MODA                                    ,004 - SOBRETODOS                              ,999 - NO APLICA                               ,34301705,CHOMPA ML TP CON TIE DYE,
003 - MARZO                                   , ,,003 - YOYO                                    ,008 - MODA                                    ,004 - SOBRETODOS                              ,999 - NO APLICA                               ,34302205,CHOMPA ML TP CON BORDADO PUNTO CORAZON,
010 - OCTUBRE                                 , ,,003 - YOYO                                    ,008 - MODA                                    ,004 - SOBRETODOS                              ,005 - DENIM                                   ,34302701,CHAQUETA ML TP LAV  COLOR,
010 - OCTUBRE                                 , ,,003 - YOYO                                    ,008 - MODA                                    ,004 - SOBRETODOS                              ,005 - DENIM                                   ,34303201,CHAQUETA ML TP LAV CLARO,
005 - MAYO                                    , ,,003 - YOYO                                    ,008 - MODA                                    ,004 - SOBRETODOS                              ,999 - NO APLICA                               ,34303705,CHOMPA TP CON BOLSILLOS FRENTE,
005 - MAYO                                    , ,,003 - YOYO                                    ,008 - MODA                                    ,004 - SOBRETODOS                              ,999 - NO APLICA                               ,34304105,CHOMPA TEEN ESTAMPADO EN FRENTE,
012 - DICIEMBRE                               , ,,003 - YOYO                                    ,008 - MODA                                    ,004 - SOBRETODOS                              ,005 - DENIM                                   ,34305701,CHAQUETA ML TP CON APLIQUES LAV MEDIO,
007 - JULIO                                   , ,,003 - YOYO                                    ,008 - MODA                                    ,004 - SOBRETODOS                              ,999 - NO APLICA                               ,34305705,CHOMPA ML TP CON ESTAMPADO EN FRENTE,
011 - NOVIEMBRE                               , ,,003 - YOYO                                    ,008 - MODA                                    ,004 - SOBRETODOS                              ,005 - DENIM                                   ,34306201,CHAQUETA ML TP LAV CLARO,
008 - AGOSTO                                  , ,,003 - YOYO                                    ,008 - MODA                                    ,004 - SOBRETODOS                              ,001 - TEJIDO PUNTO                            ,34306205,CHOMPA ML TP CON BOLSILLOS EN FRENTE,
007 - JULIO                                   , ,,003 - YOYO                                    ,008 - MODA                                    ,004 - SOBRETODOS                              ,999 - NO APLICA                               ,34307105,CHOMPA ML TEEN CON ESTAMPADO EN FRENTE,
012 - DICIEMBRE                               , ,,003 - YOYO                                    ,008 - MODA                                    ,004 - SOBRETODOS                              ,999 - NO APLICA                               ,34307701,CHAQUETA ML TP LENTEJUELAS CON RECTILIN,
012 - DICIEMBRE                               , ,,003 - YOYO                                    ,008 - MODA                                    ,004 - SOBRETODOS                              ,001 - TEJIDO PUNTO                            ,34308701,CHAQUETA ML TP CON CIERRE EN FRENTE,
008 - AGOSTO                                  , ,,003 - YOYO                                    ,008 - MODA                                    ,004 - SOBRETODOS                              ,999 - NO APLICA                               ,34308705,CHOMPA ML TP CON ESTAMPADO EN FRENTE,
012 - DICIEMBRE                               , ,,003 - YOYO                                    ,008 - MODA                                    ,004 - SOBRETODOS                              ,002 - TEJIDO PLANO                            ,34309701,CHAQUETA ML TP FAJON Y PUÑOS EN RECTILI,
009 - SEPTIEMBRE                              , ,,003 - YOYO                                    ,008 - MODA                                    ,004 - SOBRETODOS                              ,002 - TEJIDO PLANO                            ,34309705,CHOMPA ML TP CON CIERRE EN FRENTE,
009 - SEPTIEMBRE                              , ,,003 - YOYO                                    ,008 - MODA                                    ,004 - SOBRETODOS                              ,999 - NO APLICA                               ,34310105,CHOMPA ML TEEN CON TIRAS EN CINTURA,
002 - FEBRERO                                 , ,,003 - YOYO                                    ,008 - MODA                                    ,004 - SOBRETODOS                              ,001 - TEJIDO PUNTO                            ,34311201,CHAQUETA ML TP CON ELASTICO EN CINTURA,
010 - OCTUBRE                                 , ,,003 - YOYO                                    ,008 - MODA                                    ,004 - SOBRETODOS                              ,999 - NO APLICA                               ,34311705,CHOMPA ML TP ESTAMPADO EN FRENTE Y ESPA,
003 - MARZO                                   , ,,003 - YOYO                                    ,008 - MODA                                    ,004 - SOBRETODOS                              ,002 - TEJIDO PLANO                            ,34312201,CHAQUETA ML  TP LAV MEDIO,
010 - OCTUBRE                                 , ,,003 - YOYO                                    ,008 - MODA                                    ,004 - SOBRETODOS                              ,001 - TEJIDO PUNTO                            ,34312205,CHOMPA ML TP CON CIERRE Y BORDADO PUNTO,
011 - NOVIEMBRE                               , ,,003 - YOYO                                    ,008 - MODA                                    ,004 - SOBRETODOS                              ,999 - NO APLICA                               ,34313705,CHOMPA ML TP CON PIEZAS EN CONTRASTE Y,
011 - NOVIEMBRE                               , ,,003 - YOYO                                    ,008 - MODA                                    ,004 - SOBRETODOS                              ,999 - NO APLICA                               ,34314205,CHOMPA ML TP ESTAMPADO EN FRENTE Y ESPA,
011 - NOVIEMBRE                               , ,,003 - YOYO                                    ,008 - MODA                                    ,004 - SOBRETODOS                              ,999 - NO APLICA                               ,34316705,CHOMPA ML TP CON BOLSILLOS EN FRENTE,
012 - DICIEMBRE                               , ,,003 - YOYO                                    ,008 - MODA                                    ,004 - SOBRETODOS                              ,999 - NO APLICA                               ,34318705,CHOMPA ML TP EN CONTRASTE CON ESTAMPADO,
002 - FEBRERO                                 , ,,003 - YOYO                                    ,008 - MODA                                    ,004 - SOBRETODOS                              ,001 - TEJIDO PUNTO                            ,34319205,CHOMPA  ML TP CON APLIQUES EN MANGA,
003 - MARZO                                   , ,,003 - YOYO                                    ,005 - ESENCIAL                                ,000 - JEANS                                   ,005 - DENIM                                   ,35001121,TEJANO TIRO MEDIO TEEN ESENCIALES,
011 - NOVIEMBRE                               , ,,003 - YOYO                                    ,005 - ESENCIAL                                ,000 - JEANS                                   ,005 - DENIM                                   ,35001146,PERFECT T/MEDIO NEGRO BASICO,
002 - FEBRERO                                 , ,,003 - YOYO                                    ,005 - ESENCIAL                                ,000 - JEANS                                   ,005 - DENIM                                   ,35001221,TEJANO PREMIUM TIRO ALTO TP ESENCIALES,
004 - ABRIL                                   , ,,003 - YOYO                                    ,005 - ESENCIAL                                ,000 - JEANS                                   ,999 - NO APLICA                               ,35001289,MOM RELAX T/ALTO TEEN PLUS INFALTABLE,
006 - JUNIO                                   , ,,003 - YOYO                                    ,004 - ESENCIAL MODA                           ,000 - JEANS                                   ,005 - DENIM                                   ,35002141,JOGGER TIRO ALTO TEEN COLOR ESENCIALES,
005 - MAYO                                    , ,,003 - YOYO                                    ,005 - ESENCIAL                                ,000 - JEANS                                   ,005 - DENIM                                   ,35002146,PERFECT PREMIUM TEEN T/ALTO NEGRO BASIC,
003 - MARZO                                   , ,,003 - YOYO                                    ,005 - ESENCIAL                                ,000 - JEANS                                   ,999 - NO APLICA                               ,35002189,MOM  RELAX T/ALTO TEEN CON BOLSILLOS IN,
012 - DICIEMBRE                               , ,,003 - YOYO                                    ,004 - ESENCIAL MODA                           ,001 - CAMISETA                                ,999 - NO APLICA                               ,35002249,CAMISETA MC TP CROP BASICO,
002 - FEBRERO                                 , ,,003 - YOYO                                    ,004 - ESENCIAL MODA                           ,001 - CAMISETA                                ,999 - NO APLICA                               ,35003248,CAMISETA PREMIUM TIRAS TP FONDO ENTERO,
007 - JULIO                                   , ,,003 - YOYO                                    ,004 - ESENCIAL MODA                           ,004 - SOBRETODOS                              ,999 - NO APLICA                               ,35003724,CHAQUETA INDIGO YO ZOY BASICO MODA,
011 - NOVIEMBRE                               , ,,003 - YOYO                                    ,005 - ESENCIAL                                ,000 - JEANS                                   ,005 - DENIM                                   ,35004247,COOL TIRO ALTO TP BASICO,
004 - ABRIL                                   , ,,003 - YOYO                                    ,005 - ESENCIAL                                ,001 - CAMISETA                                ,001 - TEJIDO PUNTO                            ,35004248,CAMISETA PREMIUM TIRAS TP FONDO ENTERO,
010 - OCTUBRE                                 , ,,003 - YOYO                                    ,004 - ESENCIAL MODA                           ,001 - CAMISETA                                ,999 - NO APLICA                               ,35004249,CAMISETA PREMIUM MC TP FONDO ENTERO CRO,
010 - OCTUBRE                                 , ,,003 - YOYO                                    ,004 - ESENCIAL MODA                           ,001 - CAMISETA                                ,999 - NO APLICA                               ,35005149,CAMISETA MC TEEN CON ESTAMPADO ESENCIAL,
002 - FEBRERO                                 , ,,003 - YOYO                                    ,005 - ESENCIAL                                ,016 - TOP -BODY                               ,999 - NO APLICA                               ,35005252,CAMISETA MS TP FONDO ENTERO CROP BASICO,
012 - DICIEMBRE                               , ,,003 - YOYO                                    ,004 - ESENCIAL MODA                           ,016 - TOP -BODY                               ,999 - NO APLICA                               ,35006112,TOP TIRAS BASICO ULTRATOUCH,
012 - DICIEMBRE                               , ,,003 - YOYO                                    ,005 - ESENCIAL                                ,000 - JEANS                                   ,005 - DENIM                                   ,35006246,PERFECT TIRO ALTO TP  ESENCIALES,
011 - NOVIEMBRE                               , ,,003 - YOYO                                    ,005 - ESENCIAL                                ,000 - JEANS                                   ,005 - DENIM                                   ,35006247,COOL TIRO ALTO TP COLOR BASICO,
008 - AGOSTO                                  , ,,003 - YOYO                                    ,004 - ESENCIAL MODA                           ,016 - TOP -BODY                               ,999 - NO APLICA                               ,35006248,CAMISETA TIRAS TP ESENCIALES FONDO ENTE,
010 - OCTUBRE                                 , ,,003 - YOYO                                    ,004 - ESENCIAL MODA                           ,001 - CAMISETA                                ,999 - NO APLICA                               ,35006249,CAMISETA MC TP CON LACE UP EN ESCOTE ES,
002 - FEBRERO                                 , ,,003 - YOYO                                    ,005 - ESENCIAL                                ,006 - DEPORTIVOS                              ,999 - NO APLICA                               ,35007110,LEGGINS T/MEDIO BASICO,
010 - OCTUBRE                                 , ,,003 - YOYO                                    ,005 - ESENCIAL                                ,004 - SOBRETODOS                              ,005 - DENIM                                   ,35007124,CHAQUETA ML TEEN DENIM BASICO,
012 - DICIEMBRE                               , ,,003 - YOYO                                    ,005 - ESENCIAL                                ,000 - JEANS                                   ,005 - DENIM                                   ,35007146,PERFECT TIRO MEDIO TEEN ESENCIALES,
004 - ABRIL                                   , ,,003 - YOYO                                    ,005 - ESENCIAL                                ,001 - CAMISETA                                ,999 - NO APLICA                               ,35007148,CAMISETA PREMIUM TIRAS TEEN ESENCIALES,
011 - NOVIEMBRE                               , ,,003 - YOYO                                    ,004 - ESENCIAL MODA                           ,001 - CAMISETA                                ,999 - NO APLICA                               ,35007249,CAMISETA MC TP CON ESTAMPADO ESENCIALES,
002 - FEBRERO                                 , ,,003 - YOYO                                    ,005 - ESENCIAL                                ,006 - DEPORTIVOS                              ,999 - NO APLICA                               ,35008110,CICLISTA T/MEDIO BASICO,
011 - NOVIEMBRE                               , ,,003 - YOYO                                    ,005 - ESENCIAL                                ,004 - SOBRETODOS                              ,005 - DENIM                                   ,35008124,CHAQUETA ML COLOR BASICO,
011 - NOVIEMBRE                               , ,,003 - YOYO                                    ,004 - ESENCIAL MODA                           ,001 - CAMISETA                                ,999 - NO APLICA                               ,35008149,CAMISETA MC TEEN CON ESTAMPADO ESENCIAL,
011 - NOVIEMBRE                               , ,,003 - YOYO                                    ,004 - ESENCIAL MODA                           ,004 - SOBRETODOS                              ,999 - NO APLICA                               ,35009109,CHOMPA ML BASICA CON CIERRE,
001 - ENERO                                   , ,,003 - YOYO                                    ,005 - ESENCIAL                                ,000 - JEANS                                   ,005 - DENIM                                   ,35009191,RETROMOM TIRO ALTO TEEN ESENCIALES,
009 - SEPTIEMBRE                              , ,,003 - YOYO                                    ,005 - ESENCIAL                                ,004 - SOBRETODOS                              ,005 - DENIM                                   ,35009224,CHAQUETA ML TP DENIM BASICO,
004 - ABRIL                                   , ,,003 - YOYO                                    ,005 - ESENCIAL                                ,001 - CAMISETA                                ,999 - NO APLICA                               ,35009252,CAMISETA PREMIUM MS TP FONDO ENTERO ESE,
005 - MAYO                                    , ,,003 - YOYO                                    ,004 - ESENCIAL MODA                           ,004 - SOBRETODOS                              ,999 - NO APLICA                               ,35010109,BUSO ML CON CAPUCHA SILUETA CAJON BASIC,
002 - FEBRERO                                 , ,,003 - YOYO                                    ,004 - ESENCIAL MODA                           ,001 - CAMISETA                                ,999 - NO APLICA                               ,35010249,CAMISETA MC TP CON ESTAMPADO ESENCIALES,
008 - AGOSTO                                  , ,,003 - YOYO                                    ,004 - ESENCIAL MODA                           ,004 - SOBRETODOS                              ,999 - NO APLICA                               ,35011109,BUSO ML CON CAPUCHA SILUETA CAJON BASIC,
011 - NOVIEMBRE                               , ,,003 - YOYO                                    ,004 - ESENCIAL MODA                           ,001 - CAMISETA                                ,999 - NO APLICA                               ,35011149,CAMISETA MC TEEN CON ESTAMPADO ESENCIAL,
001 - ENERO                                   , ,,003 - YOYO                                    ,004 - ESENCIAL MODA                           ,001 - CAMISETA                                ,999 - NO APLICA                               ,35012249,CAMISETA MC TP CON ESTAMPADO ESENCIALES,
012 - DICIEMBRE                               , ,,003 - YOYO                                    ,005 - ESENCIAL                                ,004 - SOBRETODOS                              ,999 - NO APLICA                               ,35013209,CHOMPA ML TP CON CIERRE BASICO,
012 - DICIEMBRE                               , ,,003 - YOYO                                    ,005 - ESENCIAL                                ,004 - SOBRETODOS                              ,999 - NO APLICA                               ,35014109,CHOMPA ML TEEN CON CIERRE INFALTABLE,
003 - MARZO                                   , ,,003 - YOYO                                    ,004 - ESENCIAL MODA                           ,001 - CAMISETA                                ,999 - NO APLICA                               ,35014249,CAMISETA MC TP CON ESTAMPADO ESENCIALES,
012 - DICIEMBRE                               , ,,003 - YOYO                                    ,004 - ESENCIAL MODA                           ,001 - CAMISETA                                ,999 - NO APLICA                               ,35015149,CAMISETA MC TEEN ESENCIALES MODA,
003 - MARZO                                   , ,,003 - YOYO                                    ,004 - ESENCIAL MODA                           ,001 - CAMISETA                                ,999 - NO APLICA                               ,35016149,CAMISETA MC TEEN CON ESTAMPADO ESENCIAL,
002 - FEBRERO                                 , ,,003 - YOYO                                    ,004 - ESENCIAL MODA                           ,004 - SOBRETODOS                              ,001 - TEJIDO PUNTO                            ,35016209,CHOMPA ML TP CON CIERRE EN FRENTE ESENC,001 - PRODUCCION INTERNA TELA NACIONALIZADA
001 - ENERO                                   , ,,003 - YOYO                                    ,005 - ESENCIAL                                ,006 - DEPORTIVOS                              ,999 - NO APLICA                               ,35016211,BIKER TIRO ALTO TP ESENCIALES,
002 - FEBRERO                                 , ,,003 - YOYO                                    ,004 - ESENCIAL MODA                           ,001 - CAMISETA                                ,999 - NO APLICA                               ,35017149,CAMISETA MC TEEN CON ESTAMPADO ESENCIAL,
001 - ENERO                                   , ,,003 - YOYO                                    ,005 - ESENCIAL                                ,004 - SOBRETODOS                              ,001 - TEJIDO PUNTO                            ,35017209,CHOMPA ML TP CON CIERRE EN FRENTE ESENC,
001 - ENERO                                   , ,,003 - YOYO                                    ,005 - ESENCIAL                                ,,001 - TEJIDO PUNTO                            ,35018149,CAMISETA MC TEEN CON ESTAMPADO ESENCIAL,
004 - ABRIL                                   , ,,003 - YOYO                                    ,004 - ESENCIAL MODA                           ,001 - CAMISETA                                ,999 - NO APLICA                               ,35018249,CAMISETA MC TP CON ESTAMPADO ESENCIALES,
006 - JUNIO                                   , ,,003 - YOYO                                    ,004 - ESENCIAL MODA                           ,001 - CAMISETA                                ,999 - NO APLICA                               ,35019149,CAMISETA MC TEEN CON ESTAMPADO ESENCIAL,
006 - JUNIO                                   , ,,003 - YOYO                                    ,004 - ESENCIAL MODA                           ,001 - CAMISETA                                ,999 - NO APLICA                               ,35020249,CAMISETA MC TP CON ESTAMPADO ESENCIALES,
007 - JULIO                                   , ,,003 - YOYO                                    ,004 - ESENCIAL MODA                           ,001 - CAMISETA                                ,999 - NO APLICA                               ,35021249,CAMISETA MC TP CON ESTAMPADO ESENCIALES,
007 - JULIO                                   , ,,003 - YOYO                                    ,004 - ESENCIAL MODA                           ,001 - CAMISETA                                ,999 - NO APLICA                               ,35022249,CAMISETA MC TP CON ESTAMPADO ESENCIALES,
004 - ABRIL                                   , ,,003 - YOYO                                    ,005 - ESENCIAL                                ,001 - CAMISETA                                ,999 - NO APLICA                               ,35024149,CAMISETA MC TEEN FONDO ENTERO ESENCIALE,
004 - ABRIL                                   , ,,003 - YOYO                                    ,005 - ESENCIAL                                ,001 - CAMISETA                                ,999 - NO APLICA                               ,35025249,CAMISETA MC TP FONDO ENTERO ESENCIALES,
004 - ABRIL                                   , ,,003 - YOYO                                    ,005 - ESENCIAL                                ,001 - CAMISETA                                ,999 - NO APLICA                               ,35026149,CAMISETA MC TEEN FONDO ENTERO ESENCIALE,
008 - AGOSTO                                  , ,,003 - YOYO                                    ,004 - ESENCIAL MODA                           ,001 - CAMISETA                                ,001 - TEJIDO PUNTO                            ,35027249,CAMISETA MC TP CON ESTAMPADO ESENCIALES,
009 - SEPTIEMBRE                              , ,,003 - YOYO                                    ,004 - ESENCIAL MODA                           ,001 - CAMISETA                                ,999 - NO APLICA                               ,35028249,CAMISETA MC TP CON ESTAMPADO ESENCIALES,
011 - NOVIEMBRE                               , ,,003 - YOYO                                    ,004 - ESENCIAL MODA                           ,000 - JEANS                                   ,999 - NO APLICA                               ,35028701,CRAZY PREMIUM TIRO ALTO ZOY BASICO MODA,
009 - SEPTIEMBRE                              , ,,003 - YOYO                                    ,004 - ESENCIAL MODA                           ,001 - CAMISETA                                ,999 - NO APLICA                               ,35029149,CAMISETA MC TEEN CON ESTAMPADO ESENCIAL,
010 - OCTUBRE                                 , ,,003 - YOYO                                    ,004 - ESENCIAL MODA                           ,001 - CAMISETA                                ,001 - TEJIDO PUNTO                            ,35031249,CAMISETA MC TP CON ESTAMPADO ESENCIALES,001 - PRODUCCION INTERNA TELA NACIONALIZADA
001 - ENERO                                   , ,,003 - YOYO                                    ,004 - ESENCIAL MODA                           ,001 - CAMISETA                                ,999 - NO APLICA                               ,35032249,CAMISETA MC TP CON ESTAMPADO ESENCIALES,
002 - FEBRERO                                 , ,,003 - YOYO                                    ,004 - ESENCIAL MODA                           ,008 - PANTALONES                              ,001 - TEJIDO PUNTO                            ,35033201,PANTALON TIRO ALTO TP ESENCIALES CON ES,
001 - ENERO                                   , ,,003 - YOYO                                    ,005 - ESENCIAL                                ,008 - PANTALONES                              ,001 - TEJIDO PUNTO                            ,35034201,PANTALON TIRO ALTO TP ESENCIALES,
012 - DICIEMBRE                               , ,,003 - YOYO                                    ,004 - ESENCIAL MODA                           ,016 - TOP -BODY                               ,999 - NO APLICA                               ,35035702,CAMISETA MS ZOY ESTAMPADA BASICO MODA,
012 - DICIEMBRE                               , ,,003 - YOYO                                    ,004 - ESENCIAL MODA                           ,001 - CAMISETA                                ,001 - TEJIDO PUNTO                            ,35035749,CAMISETA MC TP CON ESTAMPADO ESENCIALES,
012 - DICIEMBRE                               , ,,003 - YOYO                                    ,004 - ESENCIAL MODA                           ,001 - CAMISETA                                ,001 - TEJIDO PUNTO                            ,35036749,CAMISETA MC TP CON ESTAMPADO ESENCIALES,
010 - OCTUBRE                                 , ,,003 - YOYO                                    ,004 - ESENCIAL MODA                           ,001 - CAMISETA                                ,001 - TEJIDO PUNTO                            ,35037249,CAMISETA MC TP CON ESTAMPADO ESENCIALES,
010 - OCTUBRE                                 , ,,003 - YOYO                                    ,004 - ESENCIAL MODA                           ,001 - CAMISETA                                ,999 - NO APLICA                               ,35042249,CAMISETA MC TP CON ESTAMPADO ESENCIALES,
011 - NOVIEMBRE                               , ,,003 - YOYO                                    ,004 - ESENCIAL MODA                           ,001 - CAMISETA                                ,999 - NO APLICA                               ,35043249,CAMISETA MC TP CON ESTAMPADO ESENCIALES,
011 - NOVIEMBRE                               , ,,003 - YOYO                                    ,004 - ESENCIAL MODA                           ,001 - CAMISETA                                ,999 - NO APLICA                               ,35044249,CAMISETA MC TP CON ESTAMPADO ESENCIALES,
012 - DICIEMBRE                               , ,,003 - YOYO                                    ,004 - ESENCIAL MODA                           ,001 - CAMISETA                                ,999 - NO APLICA                               ,35044749,CAMISETA MC TP CON ESTAMPADO ESENCIALES,
004 - ABRIL                                   , ,,003 - YOYO                                    ,004 - ESENCIAL MODA                           ,001 - CAMISETA                                ,001 - TEJIDO PUNTO                            ,35045249,CAMISETA MC TP CON ESTAMPADO ESENCIALES,
002 - FEBRERO                                 , ,,003 - YOYO                                    ,004 - ESENCIAL MODA                           ,001 - CAMISETA                                ,001 - TEJIDO PUNTO                            ,35048249,CAMISETA MC TP CON ESTAMPADO ESENCIALES,001 - PRODUCCION INTERNA TELA NACIONALIZADA
004 - ABRIL                                   , ,,003 - YOYO                                    ,004 - ESENCIAL MODA                           ,001 - CAMISETA                                ,001 - TEJIDO PUNTO                            ,35049249,CAMISETA MC TP CON ESTAMPADO ESENCIALES,
001 - ENERO                                   , ,,003 - YOYO                                    ,005 - ESENCIAL                                ,001 - CAMISETA                                ,001 - TEJIDO PUNTO                            ,35050249,CAMISETA MC TP ESENCIALES,
001 - ENERO                                   , ,,003 - YOYO                                    ,005 - ESENCIAL                                ,,001 - TEJIDO PUNTO                            ,35055249,CAMISETA MC TP CON ESTAMPADO ESENCIALES,
005 - MAYO                                    , ,,003 - YOYO                                    ,008 - MODA                                    ,006 - DEPORTIVOS                              ,999 - NO APLICA                               ,36029713,BIKER TEEN PLUS CON PRETINA CRUZADA,
007 - JULIO                                   , ,,003 - YOYO                                    ,008 - MODA                                    ,006 - DEPORTIVOS                              ,001 - TEJIDO PUNTO                            ,36030213,BIKER TEEN PLUS CON PRETINA CRUZADA,
007 - JULIO                                   , ,,003 - YOYO                                    ,008 - MODA                                    ,003 - CORTOS                                  ,999 - NO APLICA                               ,36031213,SHORT TEEN PLUS CON BOLSILLOS EN COSTAD,
005 - MAYO                                    , ,,003 - YOYO                                    ,008 - MODA                                    ,008 - PANTALONES                              ,999 - NO APLICA                               ,36055718,JOGGER TEEN PLUS CON BOLSILLOS EN COSTA,
007 - JULIO                                   , ,,003 - YOYO                                    ,008 - MODA                                    ,006 - DEPORTIVOS                              ,999 - NO APLICA                               ,36159701,CONJUNTO MS TEEN PLUS ANIMAL PRINT,
005 - MAYO                                    , ,,003 - YOYO                                    ,008 - MODA                                    ,006 - DEPORTIVOS                              ,999 - NO APLICA                               ,36160201,CONJUNTO MC TEEN PLUS CON AMARRE EN ESC,
006 - JUNIO                                   , ,,003 - YOYO                                    ,008 - MODA                                    ,006 - DEPORTIVOS                              ,999 - NO APLICA                               ,36161701,CONJUNTO ML TEEN PLUS TRES PRENDAS DEPO,
005 - MAYO                                    , ,,003 - YOYO                                    ,008 - MODA                                    ,010 - PRENDAS DE MODA                         ,999 - NO APLICA                               ,36164201,FALDA TP PLIZADA CORTA CON SHORT INTERN,
006 - JUNIO                                   , ,024 - 2JUN4                                   ,003 - YOYO                                    ,009 - CONSCIENTE,004 - SOBRETODOS                              ,005 - DENIM                                   ,YY0004342,CHALECO MANGA SISA CON BOLSILLOS DELA,001 - PRODUCCION INTERNA TELA NACIONALIZADA
005 - MAYO                                    , ,020 - 2MAY4                                   ,003 - YOYO                                    ,009 - CONSCIENTE,003 - CORTOS                                  ,005 - DENIM                                   ,YY0004343,FALDA TIRO ALTO CON CORTES,003 - COMPRADO IMPORTADO                      
011 - NOVIEMBRE                               , ,,003 - YOYO                                    ,008 - MODA                                    ,010 - PRENDAS DE MODA                         ,001 - TEJIDO PUNTO                            ,38001721,VESTIDO CORTO MS ZOY CON CINTA EN COSTA,
012 - DICIEMBRE                               , ,,003 - YOYO                                    ,008 - MODA                                    ,010 - PRENDAS DE MODA                         ,002 - TEJIDO PLANO                            ,38002737,ENTERIZO TIRAS TP CORTO CON CORREA EN C,
010 - OCTUBRE                                 , ,,003 - YOYO                                    ,008 - MODA                                    ,008 - PANTALONES                              ,002 - TEJIDO PLANO                            ,38003168,PARACHUTE TEEN CON BOLSILLO CARGO E HIL,
011 - NOVIEMBRE                               , ,,003 - YOYO                                    ,008 - MODA                                    ,008 - PANTALONES                              ,002 - TEJIDO PLANO                            ,38005168,PARACHUTE TEEN TELA REFLECTIVA,
012 - DICIEMBRE                               , ,,003 - YOYO                                    ,008 - MODA                                    ,010 - PRENDAS DE MODA                         ,002 - TEJIDO PLANO                            ,38006220,VESTIDO ML TEEN PLUS ESTAMPADO,
004 - ABRIL                                   , ,,003 - YOYO                                    ,008 - MODA                                    ,010 - PRENDAS DE MODA                         ,001 - TEJIDO PUNTO                            ,38007220,VESTIDO ML CORTO TELA TEXTURA,001 - PRODUCCION INTERNA TELA NACIONALIZADA
007 - JULIO                                   , ,,003 - YOYO                                    ,008 - MODA                                    ,008 - PANTALONES                              ,999 - NO APLICA                               ,38010768,PARACHUTE TEEN PLUS CON BOLSILLOS CARGO,
011 - NOVIEMBRE                               , ,,003 - YOYO                                    ,008 - MODA                                    ,008 - PANTALONES                              ,002 - TEJIDO PLANO                            ,38012768,PARACHUTE TIRO ALTO TP CON TANCAS EN PR,
011 - NOVIEMBRE                               , ,,003 - YOYO                                    ,008 - MODA                                    ,010 - PRENDAS DE MODA                         ,999 - NO APLICA                               ,38018119,VESTIDO MC TEEN ELASTICO EN CINTURA COR,
005 - MAYO                                    , ,,003 - YOYO                                    ,008 - MODA                                    ,008 - PANTALONES                              ,999 - NO APLICA                               ,38021217,PANTALON TEEN PLUS ESTAMPADO BOTA AMPLI,
005 - MAYO                                    , ,,003 - YOYO                                    ,008 - MODA                                    ,008 - PANTALONES                              ,999 - NO APLICA                               ,38024217,PANTALON TEEN PLUS PARACHUTE,
008 - AGOSTO                                  , ,,003 - YOYO                                    ,008 - MODA                                    ,010 - PRENDAS DE MODA                         ,001 - TEJIDO PUNTO                            ,38024218,CONJUNTO MS TEEN PLUS CON BIKER,
006 - JUNIO                                   , ,,003 - YOYO                                    ,008 - MODA                                    ,008 - PANTALONES                              ,999 - NO APLICA                               ,38025217,PANTALON TEEN PLUS PARACHUTE,
011 - NOVIEMBRE                               , ,,003 - YOYO                                    ,008 - MODA                                    ,008 - PANTALONES                              ,999 - NO APLICA                               ,38026117,PANTALON TEEN CON ABERTURA MAS BROCHES,
003 - MARZO                                   , ,,003 - YOYO                                    ,008 - MODA                                    ,010 - PRENDAS DE MODA                         ,999 - NO APLICA                               ,38026219,VESTIDO MC TP FULL PRINT CORTO,
011 - NOVIEMBRE                               , ,,003 - YOYO                                    ,008 - MODA                                    ,008 - PANTALONES                              ,999 - NO APLICA                               ,38027217,PANTALON TP BOTA CAMPANA FULL PRINT,
012 - DICIEMBRE                               , ,,003 - YOYO                                    ,008 - MODA                                    ,010 - PRENDAS DE MODA                         ,999 - NO APLICA                               ,38029218,CONJUNTO TIRAS TEEN PLUS CON FALDA CORT,
003 - MARZO                                   , ,,003 - YOYO                                    ,008 - MODA                                    ,008 - PANTALONES                              ,999 - NO APLICA                               ,38029717,PANTALON TEEN PLUS BOTA ANCHA CON TIE D,
012 - DICIEMBRE                               , ,,003 - YOYO                                    ,008 - MODA                                    ,010 - PRENDAS DE MODA                         ,999 - NO APLICA                               ,38032218,CONJUNTO TIRAS TEEN PLUS CON FALDA CORT,
007 - JULIO                                   , ,,003 - YOYO                                    ,008 - MODA                                    ,008 - PANTALONES                              ,999 - NO APLICA                               ,38034217,PANTALON TEEN PLUS BOTA RECTA CON BOLIL,
009 - SEPTIEMBRE                              , ,,003 - YOYO                                    ,008 - MODA                                    ,008 - PANTALONES                              ,999 - NO APLICA                               ,38035117,PANTALON  TEEN CON BOLSILLO CARGO,
004 - ABRIL                                   , ,,003 - YOYO                                    ,008 - MODA                                    ,010 - PRENDAS DE MODA                         ,999 - NO APLICA                               ,38035718,CONJUNTO ML TEEN PLUS CON MALLA TIE DYE,
010 - OCTUBRE                                 , ,,003 - YOYO                                    ,008 - MODA                                    ,008 - PANTALONES                              ,999 - NO APLICA                               ,38036717,PANTALON TEEN PLUS CON ELASTICO EXPUEST,
010 - OCTUBRE                                 , ,,003 - YOYO                                    ,008 - MODA                                    ,010 - PRENDAS DE MODA                         ,999 - NO APLICA                               ,38037118,CONJUNTO DE TIRAS TEEN CON PANTALON A C,
010 - OCTUBRE                                 , ,,003 - YOYO                                    ,008 - MODA                                    ,008 - PANTALONES                              ,999 - NO APLICA                               ,38038117,PANTALON TEEN CON ELASTICO ESTAMPADO,
011 - NOVIEMBRE                               , ,,003 - YOYO                                    ,008 - MODA                                    ,010 - PRENDAS DE MODA                         ,999 - NO APLICA                               ,38038118,CONJUNTO TIRAS TEEN CON PANTALON CARGO,
007 - JULIO                                   , ,,003 - YOYO                                    ,008 - MODA                                    ,008 - PANTALONES                              ,002 - TEJIDO PLANO                            ,38039217,PANTALON TIRO ALTO TP CON BOLSILLOS CAR,
011 - NOVIEMBRE                               , ,,003 - YOYO                                    ,008 - MODA                                    ,010 - PRENDAS DE MODA                         ,999 - NO APLICA                               ,38039218,CONJUNTO MS TEEN PLUS EN TELA EFECTO OJ,
012 - DICIEMBRE                               , ,,003 - YOYO                                    ,008 - MODA                                    ,008 - PANTALONES                              ,999 - NO APLICA                               ,38040117,PANTALON TIRO ALTO TEEN EN LINO COLOR,
011 - NOVIEMBRE                               , ,,003 - YOYO                                    ,008 - MODA                                    ,010 - PRENDAS DE MODA                         ,999 - NO APLICA                               ,38040718,CONJUNTO TIRAS TEEN PLUS EN OJALILLO,
012 - DICIEMBRE                               , ,,003 - YOYO                                    ,008 - MODA                                    ,008 - PANTALONES                              ,999 - NO APLICA                               ,38042117,PANTALON TEEN CON CORTES EN FRENTE BOTA,
012 - DICIEMBRE                               , ,,003 - YOYO                                    ,008 - MODA                                    ,010 - PRENDAS DE MODA                         ,999 - NO APLICA                               ,38042718,CONJUNTO TIRAS TP FULL PRINT,
012 - DICIEMBRE                               , ,,003 - YOYO                                    ,008 - MODA                                    ,,999 - NO APLICA                               ,38043118,CONJUNTO TIRAS TEEN FULL PRINT RAYAS,
012 - DICIEMBRE                               , ,,003 - YOYO                                    ,008 - MODA                                    ,008 - PANTALONES                              ,999 - NO APLICA                               ,38043217,PANTALON TIRO ALTO TP BOTA ANCHA,
006 - JUNIO                                   , ,,003 - YOYO                                    ,008 - MODA                                    ,010 - PRENDAS DE MODA                         ,999 - NO APLICA                               ,38044118,CONJUNTO TEEN DE CAMISETA TIRAS Y FALDA,
012 - DICIEMBRE                               , ,,003 - YOYO                                    ,008 - MODA                                    ,008 - PANTALONES                              ,999 - NO APLICA                               ,38044217,PANTALON TIRO ALTO TP CON JARETA EN LA,
010 - OCTUBRE                                 , ,,003 - YOYO                                    ,008 - MODA                                    ,010 - PRENDAS DE MODA                         ,001 - TEJIDO PUNTO                            ,38044221,VESTIDO MS TEEN PLUS AJUSTADO CON BALAC,
012 - DICIEMBRE                               , ,,003 - YOYO                                    ,008 - MODA                                    ,010 - PRENDAS DE MODA                         ,002 - TEJIDO PLANO                            ,38044223,VESTIDO TIRAS TEEN PLUS FULL PRINT CORT,
001 - ENERO                                   , ,,003 - YOYO                                    ,008 - MODA                                    ,008 - PANTALONES                              ,005 - DENIM                                   ,38045117,PANTALON TIRO ALTO TEEN LAV COLOR,
007 - JULIO                                   , ,,003 - YOYO                                    ,008 - MODA                                    ,010 - PRENDAS DE MODA                         ,999 - NO APLICA                               ,38045118,CONJUNTO TIRAS TEEN FONDO ENTERO FALDA,
002 - FEBRERO                                 , ,,003 - YOYO                                    ,008 - MODA                                    ,008 - PANTALONES                              ,002 - TEJIDO PLANO                            ,38046117,PANTALON TEEN CON MOÑOS EN COSTADOS,
010 - OCTUBRE                                 , ,,003 - YOYO                                    ,008 - MODA                                    ,010 - PRENDAS DE MODA                         ,002 - TEJIDO PLANO                            ,38046218,CONJUNTO TIRAS TP FONDO ENTERO FALDA CO,
012 - DICIEMBRE                               , ,,003 - YOYO                                    ,008 - MODA                                    ,010 - PRENDAS DE MODA                         ,002 - TEJIDO PLANO                            ,38046223,VESTIDO TIRAS TEEN PLUS FULLPRINT CORTO,
007 - JULIO                                   , ,,003 - YOYO                                    ,008 - MODA                                    ,008 - PANTALONES                              ,005 - DENIM                                   ,38047216,JOGGER TIRO ALTO TEEN PLUS CARGO COLOR,
002 - FEBRERO                                 , ,,003 - YOYO                                    ,008 - MODA                                    ,008 - PANTALONES                              ,005 - DENIM                                   ,38047217,PANTALON TIRO ALTO TP LAV COLOR,
012 - DICIEMBRE                               , ,,003 - YOYO                                    ,008 - MODA                                    ,010 - PRENDAS DE MODA                         ,001 - TEJIDO PUNTO                            ,38047718,CONJUNTO ML TP BRILLOS Y FALDA CORTA,
003 - MARZO                                   , ,,003 - YOYO                                    ,008 - MODA                                    ,008 - PANTALONES                              ,999 - NO APLICA                               ,38048117,PANTALON TIRO ALTO TEEN DE COLOR,
012 - DICIEMBRE                               , ,,003 - YOYO                                    ,008 - MODA                                    ,010 - PRENDAS DE MODA                         ,002 - TEJIDO PLANO                            ,38048123,VESTIDO TIRAS TEEN FULL PRINT CON RECOG,
004 - ABRIL                                   , ,,003 - YOYO                                    ,008 - MODA                                    ,010 - PRENDAS DE MODA                         ,999 - NO APLICA                               ,38048218,CONJUNTO MS LARGO CON ABERTURA EN PIERN,
012 - DICIEMBRE                               , ,,003 - YOYO                                    ,008 - MODA                                    ,010 - PRENDAS DE MODA                         ,002 - TEJIDO PLANO                            ,38049123,VESTIDO TIRAS TEEN FULL PRINT LARGO MID,
012 - DICIEMBRE                               , ,,003 - YOYO                                    ,008 - MODA                                    ,008 - PANTALONES                              ,999 - NO APLICA                               ,38049216,JOGGER TP CON CORTES EN FRENTE Y BOL PA,
003 - MARZO                                   , ,,003 - YOYO                                    ,008 - MODA                                    ,008 - PANTALONES                              ,999 - NO APLICA                               ,38049217,PANTALON TIRO ALTO TP DE COLOR,
005 - MAYO                                    , ,,003 - YOYO                                    ,008 - MODA                                    ,010 - PRENDAS DE MODA                         ,005 - DENIM                                   ,38049721,VESTIDO PREMIUM MS EN DENIM CORTO LAVAD,
005 - MAYO                                    , ,,003 - YOYO                                    ,008 - MODA                                    ,008 - PANTALONES                              ,999 - NO APLICA                               ,38050116,JOGGER TIRO ALTO TEEN CON BOLSILLOS EN,
004 - ABRIL                                   , ,,003 - YOYO                                    ,008 - MODA                                    ,008 - PANTALONES                              ,005 - DENIM                                   ,38050217,PANTALON JOGGER  T/ALTO TP COLOR MODA,
007 - JULIO                                   , ,,003 - YOYO                                    ,008 - MODA                                    ,010 - PRENDAS DE MODA                         ,005 - DENIM                                   ,38051221,VESTIDO MS CORTO TEEN PLUS LAV CLARO,
008 - AGOSTO                                  , ,,003 - YOYO                                    ,008 - MODA                                    ,008 - PANTALONES                              ,005 - DENIM                                   ,38051716,JOGGER TP CON CORTES EN FRENTE Y BOL PA,
005 - MAYO                                    , ,,003 - YOYO                                    ,008 - MODA                                    ,008 - PANTALONES                              ,999 - NO APLICA                               ,38051717,PANTALON TP CON BOLSILLOS EN COSTADO,
004 - ABRIL                                   , ,,003 - YOYO                                    ,008 - MODA                                    ,008 - PANTALONES                              ,999 - NO APLICA                               ,38052217,PANTALON T/ALTO TP COLOR MODA,
005 - MAYO                                    , ,,003 - YOYO                                    ,008 - MODA                                    ,010 - PRENDAS DE MODA                         ,999 - NO APLICA                               ,38052223,VESTIDO TIRAS TEEN PLUS FULL PRINT,
010 - OCTUBRE                                 , ,,003 - YOYO                                    ,008 - MODA                                    ,010 - PRENDAS DE MODA                         ,005 - DENIM                                   ,38052721,VESTIDO M/SISA TEEN PLUS COLOR CORTO,
011 - NOVIEMBRE                               , ,,003 - YOYO                                    ,008 - MODA                                    ,010 - PRENDAS DE MODA                         ,999 - NO APLICA                               ,38053121,VESTIDO MS TEEN CON AMARRE ESPALDA,
005 - MAYO                                    , ,,003 - YOYO                                    ,008 - MODA                                    ,008 - PANTALONES                              ,002 - TEJIDO PLANO                            ,38053217,PANTALON TIRO ALTO TP COLOR,
006 - JUNIO                                   , ,,003 - YOYO                                    ,008 - MODA                                    ,010 - PRENDAS DE MODA                         ,999 - NO APLICA                               ,38053723,VESTIDO TIRAS TEEN PLUS CON ENCAJE EN E,
011 - NOVIEMBRE                               , ,,003 - YOYO                                    ,008 - MODA                                    ,010 - PRENDAS DE MODA                         ,999 - NO APLICA                               ,38054121,VESTIDO MS TEEN CON AMARRE EN ESPALDA,
011 - NOVIEMBRE                               , ,,003 - YOYO                                    ,008 - MODA                                    ,,999 - NO APLICA                               ,38054123,VESTIDO TIRAS TEEN FULL PRINT CORTO,
006 - JUNIO                                   , ,,003 - YOYO                                    ,008 - MODA                                    ,008 - PANTALONES                              ,999 - NO APLICA                               ,38054217,PANTALON TP CON SESGOS DECORTIVOS EN CO,
006 - JUNIO                                   , ,,003 - YOYO                                    ,008 - MODA                                    ,008 - PANTALONES                              ,999 - NO APLICA                               ,38055117,PANTALON TIRO ALTO TEEN PRETINA CON ELA,
007 - JULIO                                   , ,,003 - YOYO                                    ,008 - MODA                                    ,010 - PRENDAS DE MODA                         ,999 - NO APLICA                               ,38055723,VESTIDO TIRAS TEEN PLUS ESTAMADO FULL P,
012 - DICIEMBRE                               , ,,003 - YOYO                                    ,008 - MODA                                    ,010 - PRENDAS DE MODA                         ,999 - NO APLICA                               ,38056121,VESTIDO MS TEEN CON DISEÑO ABERTURA EN,
007 - JULIO                                   , ,,003 - YOYO                                    ,008 - MODA                                    ,008 - PANTALONES                              ,999 - NO APLICA                               ,38056217,PANTALON TIRO ALTO TP PRETINA RECOGIDA,
007 - JULIO                                   , ,,003 - YOYO                                    ,008 - MODA                                    ,010 - PRENDAS DE MODA                         ,999 - NO APLICA                               ,38056223,VESTIDO TIRAS TEEN PLUS FULL PRINT CORT,
007 - JULIO                                   , ,,003 - YOYO                                    ,008 - MODA                                    ,008 - PANTALONES                              ,005 - DENIM                                   ,38057117,PANTALON  TIRO ALTO TEEN COLOR JOGGER,
005 - MAYO                                    , ,,003 - YOYO                                    ,008 - MODA                                    ,010 - PRENDAS DE MODA                         ,999 - NO APLICA                               ,38057121,VESTIDO MS TEEN FALDA CON TABLAS,
009 - SEPTIEMBRE                              , ,,003 - YOYO                                    ,008 - MODA                                    ,010 - PRENDAS DE MODA                         ,999 - NO APLICA                               ,38057723,VESTIDO TIRAS TEEN PLUS CON ENCAJE EN E,
008 - AGOSTO                                  , ,,003 - YOYO                                    ,008 - MODA                                    ,008 - PANTALONES                              ,001 - TEJIDO PUNTO                            ,38058217,PANTALON TIRO ALTO TP CON BOLSILLOS PAR,
008 - AGOSTO                                  , ,,003 - YOYO                                    ,008 - MODA                                    ,010 - PRENDAS DE MODA                         ,002 - TEJIDO PLANO                            ,38058221,VESTIDO MS TP CON CORTES EN FRENTE CORT,
007 - JULIO                                   , ,,003 - YOYO                                    ,008 - MODA                                    ,008 - PANTALONES                              ,999 - NO APLICA                               ,38059117,PANTALON TIRO ALTO TEEN CON BOLSILLOS C,
010 - OCTUBRE                                 , ,,003 - YOYO                                    ,008 - MODA                                    ,010 - PRENDAS DE MODA                         ,001 - TEJIDO PUNTO                            ,38059221,VESTIDO MS TP CON ABERTURA EN COSTADOS,
010 - OCTUBRE                                 , ,,003 - YOYO                                    ,008 - MODA                                    ,010 - PRENDAS DE MODA                         ,999 - NO APLICA                               ,38059723,VESTIDO TIRAS TEEN PLUS GLOBO CORTO,
007 - JULIO                                   , ,,003 - YOYO                                    ,008 - MODA                                    ,008 - PANTALONES                              ,005 - DENIM                                   ,38060217,PANTALON TIRO ALTO TP DE COLOR,
011 - NOVIEMBRE                               , ,,003 - YOYO                                    ,008 - MODA                                    ,010 - PRENDAS DE MODA                         ,999 - NO APLICA                               ,38060721,VESTIDO MS TP CON CIERRE EN FRENTE EN R,
007 - JULIO                                   , ,,003 - YOYO                                    ,008 - MODA                                    ,008 - PANTALONES                              ,999 - NO APLICA                               ,38061217,PANTALON TIRO ALTO TPEN TELA EFECTO TEJ,
011 - NOVIEMBRE                               , ,,003 - YOYO                                    ,008 - MODA                                    ,010 - PRENDAS DE MODA                         ,999 - NO APLICA                               ,38061221,VESTIDO MS TP CORTO CON ABERTURA EN COS,
011 - NOVIEMBRE                               , ,,003 - YOYO                                    ,008 - MODA                                    ,,999 - NO APLICA                               ,38061223,VESTIDO TIRAS TP LARGO BRILLANTE,
012 - DICIEMBRE                               , ,,003 - YOYO                                    ,008 - MODA                                    ,010 - PRENDAS DE MODA                         ,999 - NO APLICA                               ,38062223,VESTIDO TIRAS TP CON AMARRE EN ESPALDA,
008 - AGOSTO                                  , ,,003 - YOYO                                    ,008 - MODA                                    ,008 - PANTALONES                              ,002 - TEJIDO PLANO                            ,38062717,PANTALON TP TIRO ALTO CON CORTES EN CON,
012 - DICIEMBRE                               , ,,003 - YOYO                                    ,008 - MODA                                    ,010 - PRENDAS DE MODA                         ,999 - NO APLICA                               ,38062721,VESTIDO MS TP CON BRILLO Y ABERTURA EN,
012 - DICIEMBRE                               , ,,003 - YOYO                                    ,008 - MODA                                    ,,999 - NO APLICA                               ,38063123,VESTIDO TIRAS TEEN FULL PRINT CON BOELR,
008 - AGOSTO                                  , ,,003 - YOYO                                    ,008 - MODA                                    ,008 - PANTALONES                              ,002 - TEJIDO PLANO                            ,38063217,PANTALON TP  CON CORTES EN CENTRO,
012 - DICIEMBRE                               , ,,003 - YOYO                                    ,008 - MODA                                    ,010 - PRENDAS DE MODA                         ,999 - NO APLICA                               ,38063721,VESTIDO MS TP CON BRILLO Y ABERTURA EN,
012 - DICIEMBRE                               , ,,003 - YOYO                                    ,008 - MODA                                    ,010 - PRENDAS DE MODA                         ,999 - NO APLICA                               ,38064123,VESTIDO TIRAS TEEN FULL PRINT CORTO,
008 - AGOSTO                                  , ,,003 - YOYO                                    ,008 - MODA                                    ,008 - PANTALONES                              ,005 - DENIM                                   ,38064217,PANTALON TIRO ALTO TP DE COLOR,
001 - ENERO                                   , ,,003 - YOYO                                    ,008 - MODA                                    ,010 - PRENDAS DE MODA                         ,001 - TEJIDO PUNTO                            ,38064221,VESTIDO MS TP CON ABERTURA EN FRENTE CO,
009 - SEPTIEMBRE                              , ,,003 - YOYO                                    ,008 - MODA                                    ,008 - PANTALONES                              ,999 - NO APLICA                               ,38065117,PANTALON TEEN CON CIERRES EN LA PARTE D,
003 - MARZO                                   , ,,003 - YOYO                                    ,008 - MODA                                    ,010 - PRENDAS DE MODA                         ,999 - NO APLICA                               ,38065123,VESTIDO TIRAS CORTO TEEN CON BOLSILLOS,
002 - FEBRERO                                 , ,,003 - YOYO                                    ,008 - MODA                                    ,010 - PRENDAS DE MODA                         ,001 - TEJIDO PUNTO                            ,38065221,VESTIDO MS TP CON ABERTURA EN CINTURA Y,
009 - SEPTIEMBRE                              , ,,003 - YOYO                                    ,008 - MODA                                    ,008 - PANTALONES                              ,002 - TEJIDO PLANO                            ,38066217,PANTALON TIRO ALTO TP MODA,
003 - MARZO                                   , ,,003 - YOYO                                    ,008 - MODA                                    ,010 - PRENDAS DE MODA                         ,001 - TEJIDO PUNTO                            ,38066721,VESTIDO MS TP ABERTURA EN LATERALES PIE,
006 - JUNIO                                   , ,,003 - YOYO                                    ,008 - MODA                                    ,010 - PRENDAS DE MODA                         ,999 - NO APLICA                               ,38066723,VESTIDO TIRAS TP CORTO CON ABERTURA EN,
006 - JUNIO                                   , ,,003 - YOYO                                    ,008 - MODA                                    ,010 - PRENDAS DE MODA                         ,999 - NO APLICA                               ,38067223,VESTIDO TIRAS TP CON CORTES CORTO,
010 - OCTUBRE                                 , ,,003 - YOYO                                    ,008 - MODA                                    ,008 - PANTALONES                              ,999 - NO APLICA                               ,38067717,PANTALON TIRO ALTO TP CON BOTA CAMPANA,
004 - ABRIL                                   , ,,003 - YOYO                                    ,008 - MODA                                    ,010 - PRENDAS DE MODA                         ,001 - TEJIDO PUNTO                            ,38067721,VESTIDO MS TP CON CIERRE EN FRENTE CORT,
012 - DICIEMBRE                               , ,,003 - YOYO                                    ,008 - MODA                                    ,010 - PRENDAS DE MODA                         ,999 - NO APLICA                               ,38068119,VESTIDO MC TEEN CON RECOGIDO EN FRENTE,
010 - OCTUBRE                                 , ,,003 - YOYO                                    ,008 - MODA                                    ,008 - PANTALONES                              ,002 - TEJIDO PLANO                            ,38068217,PANTALON TIRO ALTO TP CON BOLSILLOS EN,
007 - JULIO                                   , ,,003 - YOYO                                    ,008 - MODA                                    ,010 - PRENDAS DE MODA                         ,999 - NO APLICA                               ,38068223,VESTIDO TIRAS TP LARGO TELA CON TEXTURA,
011 - NOVIEMBRE                               , ,,003 - YOYO                                    ,008 - MODA                                    ,008 - PANTALONES                              ,999 - NO APLICA                               ,38069717,PANTALON TIRO ALTO TP CON CONTRASTE DE,
012 - DICIEMBRE                               , ,,003 - YOYO                                    ,008 - MODA                                    ,010 - PRENDAS DE MODA                         ,999 - NO APLICA                               ,38069723,VESTIDO TIRAS TP CORTO BRILLOS,
010 - OCTUBRE                                 , ,,003 - YOYO                                    ,008 - MODA                                    ,008 - PANTALONES                              ,002 - TEJIDO PLANO                            ,38070217,PANTALON TIRO ALTO TP CON PIEZAS EN CON,
011 - NOVIEMBRE                               , ,,003 - YOYO                                    ,008 - MODA                                    ,008 - PANTALONES                              ,999 - NO APLICA                               ,38071217,PANTALON  TIRO ALTO CON SESGOS EN COSTA,
002 - FEBRERO                                 , ,,003 - YOYO                                    ,008 - MODA                                    ,010 - PRENDAS DE MODA                         ,001 - TEJIDO PUNTO                            ,38071223,VESTIDO TIRAS TP CON RECOGIDO EN FRENTE,
012 - DICIEMBRE                               , ,,003 - YOYO                                    ,008 - MODA                                    ,008 - PANTALONES                              ,999 - NO APLICA                               ,38072717,PANTALON TIRO ALTO TP CON SESGOS EN COS,
012 - DICIEMBRE                               , ,,003 - YOYO                                    ,008 - MODA                                    ,008 - PANTALONES                              ,999 - NO APLICA                               ,38073717,PANTALON TP TIRO ALTO CON ABERTURA EN C,
011 - NOVIEMBRE                               , ,,003 - YOYO                                    ,008 - MODA                                    ,008 - PANTALONES                              ,999 - NO APLICA                               ,38074217,PANTALON DE MODA TP CON BOLSILLOS CARGO,
010 - OCTUBRE                                 , ,,003 - YOYO                                    ,008 - MODA                                    ,010 - PRENDAS DE MODA                         ,001 - TEJIDO PUNTO                            ,38075219,VESTIDO MC TEEN PLUS OVERSIZED CON HILA,
011 - NOVIEMBRE                               , ,,003 - YOYO                                    ,008 - MODA                                    ,008 - PANTALONES                              ,999 - NO APLICA                               ,38075717,PANTALON TIRO ALTO TP CON BOLSILLOS EN,
012 - DICIEMBRE                               , ,,003 - YOYO                                    ,008 - MODA                                    ,008 - PANTALONES                              ,005 - DENIM                                   ,38076717,PANTALON TIRO ALTO TP EN CORDOROY,
012 - DICIEMBRE                               , ,,003 - YOYO                                    ,008 - MODA                                    ,008 - PANTALONES                              ,002 - TEJIDO PLANO                            ,38077717,PANTALON TIRO ALTO TP DOBLE PRETINA,
012 - DICIEMBRE                               , ,,003 - YOYO                                    ,008 - MODA                                    ,008 - PANTALONES                              ,001 - TEJIDO PUNTO                            ,38078217,PANTALON TIRO ALTO TP ABERTURA EN COSTA,
012 - DICIEMBRE                               , ,,003 - YOYO                                    ,008 - MODA                                    ,008 - PANTALONES                              ,002 - TEJIDO PLANO                            ,38079717,PANTALON TIRO ALTO TP DE MODA CON BROCH,
012 - DICIEMBRE                               , ,,003 - YOYO                                    ,008 - MODA                                    ,008 - PANTALONES                              ,002 - TEJIDO PLANO                            ,38080217,PANTALON TIRO ALTO TP CON DETALLE EN CO,
012 - DICIEMBRE                               , ,,003 - YOYO                                    ,008 - MODA                                    ,008 - PANTALONES                              ,001 - TEJIDO PUNTO                            ,38081217,PANTALON TIRO ALTO TP CON SESGO DECORAT,
008 - AGOSTO                                  , ,,003 - YOYO                                    ,008 - MODA                                    ,010 - PRENDAS DE MODA                         ,999 - NO APLICA                               ,38081219,VESTIDO MC TEEN PLUS  MANGA BOMBACHA,
012 - DICIEMBRE                               , ,,003 - YOYO                                    ,008 - MODA                                    ,008 - PANTALONES                              ,002 - TEJIDO PLANO                            ,38082217,PANTALON  TP CON BOLSILLOS EN COSTADO,
011 - NOVIEMBRE                               , ,,003 - YOYO                                    ,008 - MODA                                    ,010 - PRENDAS DE MODA                         ,999 - NO APLICA                               ,38082719,VESTIDO MC TEEN PLUS TRES PIEZAS FULL P,
011 - NOVIEMBRE                               , ,,003 - YOYO                                    ,008 - MODA                                    ,010 - PRENDAS DE MODA                         ,999 - NO APLICA                               ,38083119,VESTIDO MC TEEN CON MANGA BOMBACHA Y BO,
001 - ENERO                                   , ,,003 - YOYO                                    ,008 - MODA                                    ,008 - PANTALONES                              ,001 - TEJIDO PUNTO                            ,38083217,PANTALON TIRO ALTO CON BOLSILLOS CARGO,
002 - FEBRERO                                 , ,,003 - YOYO                                    ,008 - MODA                                    ,008 - PANTALONES                              ,001 - TEJIDO PUNTO                            ,38084217,PANTALON TP CON ELÁSTICO EXPUESTO EN PR,
012 - DICIEMBRE                               , ,,003 - YOYO                                    ,008 - MODA                                    ,010 - PRENDAS DE MODA                         ,005 - DENIM                                   ,38084719,VESTIDO MC TP LAV COLOR CON CINTURON,
011 - NOVIEMBRE                               , ,,003 - YOYO                                    ,008 - MODA                                    ,010 - PRENDAS DE MODA                         ,999 - NO APLICA                               ,38085119,VESTIDO MC TEEN EN MALLA CON BRILLO CON,
004 - ABRIL                                   , ,,003 - YOYO                                    ,008 - MODA                                    ,008 - PANTALONES                              ,002 - TEJIDO PLANO                            ,38085217,PANTALON TP CON ELÁSTICO EN PRETINA,
003 - MARZO                                   , ,,003 - YOYO                                    ,008 - MODA                                    ,008 - PANTALONES                              ,001 - TEJIDO PUNTO                            ,38086717,PANTALON TP CON BOLSILLOS CARGO,
003 - MARZO                                   , ,,003 - YOYO                                    ,008 - MODA                                    ,008 - PANTALONES                              ,002 - TEJIDO PLANO                            ,38087217,PANTALON TIRO ALTO TP PRETINA RECOGIDA,001 - PRODUCCION INTERNA TELA NACIONALIZADA
004 - ABRIL                                   , ,,003 - YOYO                                    ,008 - MODA                                    ,010 - PRENDAS DE MODA                         ,999 - NO APLICA                               ,38087219,VESTIDO MC TP AJUSTADO ESTAMAPDO EN FRE,
004 - ABRIL                                   , ,,003 - YOYO                                    ,008 - MODA                                    ,008 - PANTALONES                              ,001 - TEJIDO PUNTO                            ,38088217,PANTALON TP CON ABERTURA EN LATERAL,
007 - JULIO                                   , ,,003 - YOYO                                    ,008 - MODA                                    ,010 - PRENDAS DE MODA                         ,999 - NO APLICA                               ,38088719,VESTIDO MC TP CON ESTAMPADO EN FRENTE D,
004 - ABRIL                                   , ,,003 - YOYO                                    ,008 - MODA                                    ,008 - PANTALONES                              ,001 - TEJIDO PUNTO                            ,38089217,PANTALON TP CON VENA EN FRENTE,
009 - SEPTIEMBRE                              , ,,003 - YOYO                                    ,008 - MODA                                    ,010 - PRENDAS DE MODA                         ,999 - NO APLICA                               ,38089719,VESTIDO MC TP TIPO POLO CORTO,
009 - SEPTIEMBRE                              , ,,003 - YOYO                                    ,008 - MODA                                    ,010 - PRENDAS DE MODA                         ,999 - NO APLICA                               ,38090219,VESTIDO MC TP DOBLE PRENDA CORTO AJUSTA,
010 - OCTUBRE                                 , ,,003 - YOYO                                    ,008 - MODA                                    ,010 - PRENDAS DE MODA                         ,002 - TEJIDO PLANO                            ,38091219,VESTIDO MC TP CON ABERTURA  EN COSTADOS,
010 - OCTUBRE                                 , ,,003 - YOYO                                    ,008 - MODA                                    ,010 - PRENDAS DE MODA                         ,001 - TEJIDO PUNTO                            ,38092219,VESTIDO MC TP CON CUELLO Y SESGO EN CON,
011 - NOVIEMBRE                               , ,,003 - YOYO                                    ,008 - MODA                                    ,010 - PRENDAS DE MODA                         ,999 - NO APLICA                               ,38093219,VESTIDO MC TP CON CORTES EN FRENTE,
011 - NOVIEMBRE                               , ,,003 - YOYO                                    ,008 - MODA                                    ,010 - PRENDAS DE MODA                         ,999 - NO APLICA                               ,38094219,VESTIDO MC TP DOBLE PRENDA BRILLANTE,
001 - ENERO                                   , ,,003 - YOYO                                    ,008 - MODA                                    ,010 - PRENDAS DE MODA                         ,001 - TEJIDO PUNTO                            ,38095719,VESTIDO MC TP ESTAMPADO EN FRENTE,
001 - ENERO                                   , ,,003 - YOYO                                    ,008 - MODA                                    ,010 - PRENDAS DE MODA                         ,999 - NO APLICA                               ,38098210,ENTERIZO TIRAS TP ESTILO HALTER CORTO,
001 - ENERO                                   , ,,003 - YOYO                                    ,008 - MODA                                    ,010 - PRENDAS DE MODA                         ,999 - NO APLICA                               ,38329101,FALDA TEEN TUTU ARCOIRIS CORTA,
009 - SEPTIEMBRE                              , ,,003 - YOYO                                    ,008 - MODA                                    ,010 - PRENDAS DE MODA                         ,999 - NO APLICA                               ,38375101,FALDA TEEN EN TABLAS CON PRETINA ANCHA,
009 - SEPTIEMBRE                              , ,,003 - YOYO                                    ,008 - MODA                                    ,010 - PRENDAS DE MODA                         ,999 - NO APLICA                               ,38376201,FALDA TEEN PLUS EN TABLAS CON PRETINA A,
010 - OCTUBRE                                 , ,,003 - YOYO                                    ,008 - MODA                                    ,010 - PRENDAS DE MODA                         ,999 - NO APLICA                               ,38378201,FALDA CORTA TEEN PLUS CON CIERRE EN FRE,
011 - NOVIEMBRE                               , ,,003 - YOYO                                    ,008 - MODA                                    ,010 - PRENDAS DE MODA                         ,999 - NO APLICA                               ,38379201,FALDA CORTA TEEN PLUS CON TABLAS,
003 - MARZO                                   , ,,003 - YOYO                                    ,008 - MODA                                    ,010 - PRENDAS DE MODA                         ,999 - NO APLICA                               ,38381701,FALDA T/ALTO TEEN PLUS PARACHUTE CON AB,
004 - ABRIL                                   , ,,003 - YOYO                                    ,008 - MODA                                    ,010 - PRENDAS DE MODA                         ,999 - NO APLICA                               ,38383201,FALDA TEEN PLUS DE TABLAS FULL PRINT CO,
007 - JULIO                                   , ,,003 - YOYO                                    ,008 - MODA                                    ,010 - PRENDAS DE MODA                         ,999 - NO APLICA                               ,38385201,FALDA TEEN PLUS FULL PRINT CORTA,
009 - SEPTIEMBRE                              , ,,003 - YOYO                                    ,008 - MODA                                    ,010 - PRENDAS DE MODA                         ,999 - NO APLICA                               ,38386701,FALDA TEEN PLUS EN BLONDA LARGA,
011 - NOVIEMBRE                               , ,,003 - YOYO                                    ,008 - MODA                                    ,010 - PRENDAS DE MODA                         ,999 - NO APLICA                               ,38388101,FALDA TEEN DE TULL Y ELASTICO CON LUREX,
011 - NOVIEMBRE                               , ,,003 - YOYO                                    ,008 - MODA                                    ,010 - PRENDAS DE MODA                         ,999 - NO APLICA                               ,38389201,FALDA TP DE TABLAS CON PERILLA EN FRENT,
012 - DICIEMBRE                               , ,,003 - YOYO                                    ,008 - MODA                                    ,010 - PRENDAS DE MODA                         ,002 - TEJIDO PLANO                            ,38390701,FALDA TEEN PLUS DE TABLAS EN SINTETICO,
012 - DICIEMBRE                               , ,,003 - YOYO                                    ,008 - MODA                                    ,010 - PRENDAS DE MODA                         ,999 - NO APLICA                               ,38391201,FALDA TP DE TABLAS CON SHORT INTERNO CO,
004 - ABRIL                                   , ,,003 - YOYO                                    ,008 - MODA                                    ,010 - PRENDAS DE MODA                         ,999 - NO APLICA                               ,38392701,FALDA TEEN PLUS FULL PRINT CUADROS CORT,
003 - MARZO                                   , ,,003 - YOYO                                    ,008 - MODA                                    ,010 - PRENDAS DE MODA                         ,999 - NO APLICA                               ,38393201,FALDA CORTA TP CON BOLEROS CINTURA CON,
012 - DICIEMBRE                               , ,,003 - YOYO                                    ,008 - MODA                                    ,010 - PRENDAS DE MODA                         ,999 - NO APLICA                               ,38395701,FALDA TP NEGRA CORTA,
012 - DICIEMBRE                               , ,,003 - YOYO                                    ,008 - MODA                                    ,010 - PRENDAS DE MODA                         ,001 - TEJIDO PUNTO                            ,38396701,FALDA TP LARGA CON ABERTURAS LATERALES,
012 - DICIEMBRE                               , ,,003 - YOYO                                    ,008 - MODA                                    ,010 - PRENDAS DE MODA                         ,002 - TEJIDO PLANO                            ,38397701,FALDA CORTA  TP CON TABLAS,
012 - DICIEMBRE                               , ,,003 - YOYO                                    ,008 - MODA                                    ,010 - PRENDAS DE MODA                         ,002 - TEJIDO PLANO                            ,38398701,FALDA CORTA  TP CON TABLAS,
012 - DICIEMBRE                               , ,,003 - YOYO                                    ,008 - MODA                                    ,010 - PRENDAS DE MODA                         ,002 - TEJIDO PLANO                            ,38399701,FALDA TP CON TABLAS SHORT INTERNO,
003 - MARZO                                   , ,,003 - YOYO                                    ,008 - MODA                                    ,010 - PRENDAS DE MODA                         ,001 - TEJIDO PUNTO                            ,38400701,FALDA TIRO BAJO TP SHORT INTERNO CORTA,
012 - DICIEMBRE                               , ,,003 - YOYO                                    ,008 - MODA                                    ,010 - PRENDAS DE MODA                         ,999 - NO APLICA                               ,38403204,SHORT TP DE RAYAS,
001 - ENERO                                   , ,,003 - YOYO                                    ,008 - MODA                                    ,010 - PRENDAS DE MODA                         ,002 - TEJIDO PLANO                            ,38404204,SHORT TP FULL PRINT RAYAS CON CORDON  A,
005 - MAYO                                    , ,,003 - YOYO                                    ,008 - MODA                                    ,010 - PRENDAS DE MODA                         ,999 - NO APLICA                               ,38931702,VESTIDO CORTO MC ZOY CON CORSET EN CINT,
011 - NOVIEMBRE                               , ,,003 - YOYO                                    ,008 - MODA                                    ,011 - ROPA INTERIOR                           ,001 - TEJIDO PUNTO                            ,39008248,CONJUNTO PIJAMA CORTO COOL CHICAS SP,
011 - NOVIEMBRE                               , ,,003 - YOYO                                    ,008 - MODA                                    ,,001 - TEJIDO PUNTO                            ,PLANTILLA INFERIOR RETRO JEAN,RETRO JEAN,
004 - ABRIL                                   , ,,003 - YOYO                                    ,008 - MODA                                    ,016 - TOP -BODY                               ,001 - TEJIDO PUNTO                            ,X31336713,CAMISETA MS TP ASIMETRICA,
004 - ABRIL                                   , ,,003 - YOYO                                    ,008 - MODA                                    ,,001 - TEJIDO PUNTO                            ,40002124,PANTALON JOGGER OUTLET TEEN,
004 - ABRIL                                   , ,,003 - YOYO                                    ,008 - MODA                                    ,,001 - TEJIDO PUNTO                            ,40050101,PANTALON TEEN OUTLET,
004 - ABRIL                                   , ,,003 - YOYO                                    ,008 - MODA                                    ,003 - CORTOS                                  ,002 - TEJIDO PLANO                            ,X30768233,SHORT TIRO ALTO TP LAV MEDIO,
004 - ABRIL                                   , ,,003 - YOYO                                    ,008 - MODA                                    ,,002 - TEJIDO PLANO                            ,40052201,PANTALON TEEN PLUS OUTLET,
004 - ABRIL                                   , ,,003 - YOYO                                    ,008 - MODA                                    ,,002 - TEJIDO PLANO                            ,40056101,PANTALON TEEN OUTLET,
007 - JULIO                                   , ,,003 - YOYO                                    ,008 - MODA                                    ,016 - TOP -BODY                               ,999 - NO APLICA                               ,41011212,CAMISETA TIRAS TEEN PLUS  EN RIB OUTLET,
012 - DICIEMBRE                               , ,,003 - YOYO                                    ,008 - MODA                                    ,016 - TOP -BODY                               ,999 - NO APLICA                               ,41032213,CAMISETA MS TP CON SESGOS PARA ANUDAR O,
012 - DICIEMBRE                               , ,,003 - YOYO                                    ,008 - MODA                                    ,,999 - NO APLICA                               ,41033713,CAMISETA MS TP FULL PRINT,
005 - MAYO                                    , ,,003 - YOYO                                    ,008 - MODA                                    ,016 - TOP -BODY                               ,999 - NO APLICA                               ,41036113,CAMISETA MS TEEN CON TIRAS EN ESPALDA O,
012 - DICIEMBRE                               , ,,003 - YOYO                                    ,008 - MODA                                    ,001 - CAMISETA                                ,999 - NO APLICA                               ,41059214,CAMISETA MC TP CON RECOGIDO EN COSTADOS,
012 - DICIEMBRE                               , ,,003 - YOYO                                    ,008 - MODA                                    ,,999 - NO APLICA                               ,41062714,CAMISETA MC TP CON CORTES EN FRENTE,
004 - ABRIL                                   , ,,003 - YOYO                                    ,003 - OPORTUNIDADES                           ,001 - CAMISETA                                ,999 - NO APLICA                               ,43001253,CAMISETA MC TP ESTAMPADA OUTLET SPECIAL,
012 - DICIEMBRE                               , ,,003 - YOYO                                    ,003 - OPORTUNIDADES                           ,016 - TOP -BODY                               ,999 - NO APLICA                               ,43002156,CAMISETA TIRAS TEEN OUTLET PUNTA DE PRE,
012 - DICIEMBRE                               , ,,003 - YOYO                                    ,003 - OPORTUNIDADES                           ,001 - CAMISETA                                ,001 - TEJIDO PUNTO                            ,43013153,CAMISETA MC CON  TEEN FRENTE ESTAMPADO,
001 - ENERO                                   , ,,003 - YOYO                                    ,003 - OPORTUNIDADES                           ,001 - CAMISETA                                ,999 - NO APLICA                               ,43017253,CAMISETA MC TP CON FRENTE ESTAMPADO OUT,
012 - DICIEMBRE                               , ,,003 - YOYO                                    ,008 - MODA                                    ,004 - SOBRETODOS                              ,999 - NO APLICA                               ,44014205,CHOMPA ML TP CON FRENTE ESTAMPADO OUTLE,
012 - DICIEMBRE                               , ,,003 - YOYO                                    ,008 - MODA                                    ,006 - DEPORTIVOS                              ,999 - NO APLICA                               ,46004201,FALDA TP CON SHORT INTERNO Y BOLSILLO I,
012 - DICIEMBRE                               , ,,003 - YOYO                                    ,008 - MODA                                    ,,999 - NO APLICA                               ,48008110,ENTERIZO M/S OUTLET TEEN,
012 - DICIEMBRE                               , ,,003 - YOYO                                    ,008 - MODA                                    ,010 - PRENDAS DE MODA                         ,999 - NO APLICA                               ,48017201,FALDA TEEN PLUS DE TABLAS CON HEBILLA C,
012 - DICIEMBRE                               , ,,003 - YOYO                                    ,008 - MODA                                    ,,999 - NO APLICA                               ,B30001260,ENTERIZO MC TEEN PLUS LAV MEDIO,
012 - DICIEMBRE                               , ,,003 - YOYO                                    ,008 - MODA                                    ,,999 - NO APLICA                               ,B30001272,RETROMOM DESCADERADO  TP LAV CLARO,
012 - DICIEMBRE                               , ,,003 - YOYO                                    ,008 - MODA                                    ,,999 - NO APLICA                               ,B30001276,BLOOM TIRO ALTO TP LAV MEDIO,
012 - DICIEMBRE                               , ,,003 - YOYO                                    ,008 - MODA                                    ,,999 - NO APLICA                               ,B30001277,COOL PREMIUM DESCADERADO TIRO BAJO TP L,
012 - DICIEMBRE                               , ,,003 - YOYO                                    ,008 - MODA                                    ,,999 - NO APLICA                               ,B30001278,PANTALON CARGO DESCADERADO TP NEGRO,
012 - DICIEMBRE                               , ,,003 - YOYO                                    ,008 - MODA                                    ,,999 - NO APLICA                               ,B30002272,RETROMOM DESCADERADO TP LAV MEDIO,
012 - DICIEMBRE                               , ,,003 - YOYO                                    ,008 - MODA                                    ,,999 - NO APLICA                               ,B30003260,ENTERIZO MC TP LAV MEDIO,
012 - DICIEMBRE                               , ,,003 - YOYO                                    ,008 - MODA                                    ,,999 - NO APLICA                               ,B30003272,RETROMOM  DESCADERADO TP LAV MEDIO,
012 - DICIEMBRE                               , ,,003 - YOYO                                    ,008 - MODA                                    ,,999 - NO APLICA                               ,B30005249,TEJANO TIRO ALTO TEEN PLUS DE COLOR  BO,
012 - DICIEMBRE                               , ,,003 - YOYO                                    ,008 - MODA                                    ,,999 - NO APLICA                               ,B30008142,BAGGY T/ALTO TEEN COLOR,
012 - DICIEMBRE                               , ,,003 - YOYO                                    ,008 - MODA                                    ,,999 - NO APLICA                               ,B30009149,TEJANO TIRO MEDIO TEEN LAV CLARO,
012 - DICIEMBRE                               , ,,003 - YOYO                                    ,008 - MODA                                    ,,999 - NO APLICA                               ,B30010149,TEJANO TIRO MEDIO TEEN BOTA CAMPANA,
012 - DICIEMBRE                               , ,,003 - YOYO                                    ,008 - MODA                                    ,,999 - NO APLICA                               ,B30010242,BAGGY TIRO ALTO TEEN PLUS LAV CLARO CON,
012 - DICIEMBRE                               , ,,003 - YOYO                                    ,008 - MODA                                    ,,999 - NO APLICA                               ,B30011142,BAGGY T/ALTO TEEN COLOR,
012 - DICIEMBRE                               , ,,003 - YOYO                                    ,008 - MODA                                    ,,999 - NO APLICA                               ,B30012142,BAGGY TIRO ALTO TEEN LAV CLARO,
012 - DICIEMBRE                               , ,,003 - YOYO                                    ,008 - MODA                                    ,,999 - NO APLICA                               ,B30012249,TEJANO TIRO ALTO TP LAVADO MEDIO,
012 - DICIEMBRE                               , ,,003 - YOYO                                    ,008 - MODA                                    ,,999 - NO APLICA                               ,B30013142,BAGGY TIRO ALTO TEEN LAV MEDIO OSCURO,
012 - DICIEMBRE                               , ,,003 - YOYO                                    ,008 - MODA                                    ,,999 - NO APLICA                               ,B30013224,JOGGER TIRO ALTO TEEN PLUS LAVADO MEDIO,
012 - DICIEMBRE                               , ,,003 - YOYO                                    ,008 - MODA                                    ,,999 - NO APLICA                               ,B30013249,TEJANO TIRO ALTO TP LAV NEGRO,
012 - DICIEMBRE                               , ,,003 - YOYO                                    ,008 - MODA                                    ,,999 - NO APLICA                               ,B30014149,TEJANO TIRO MEDIO TEEN LAV MEDIO,
012 - DICIEMBRE                               , ,,003 - YOYO                                    ,008 - MODA                                    ,,999 - NO APLICA                               ,B30014234,PANTALON CARGO TIRO ALTO TEEN PLUS LAVA,
012 - DICIEMBRE                               , ,,003 - YOYO                                    ,008 - MODA                                    ,,999 - NO APLICA                               ,B30014242,BAGGY TIRO ALTO TP LAV COLOR,
012 - DICIEMBRE                               , ,,003 - YOYO                                    ,008 - MODA                                    ,,999 - NO APLICA                               ,B30015249,TEJANO PREMIUM TIRO ALTO TP LAV NEGRO,
012 - DICIEMBRE                               , ,,003 - YOYO                                    ,008 - MODA                                    ,,999 - NO APLICA                               ,B30016249,TEJANO TIRO ALTO TP LAV MEDIO,
012 - DICIEMBRE                               , ,,003 - YOYO                                    ,008 - MODA                                    ,,999 - NO APLICA                               ,B30017137,CRAZY PREMIUM T/MEDIO TEEN LAV MEDIO CO,
012 - DICIEMBRE                               , ,,003 - YOYO                                    ,008 - MODA                                    ,,999 - NO APLICA                               ,B30017249,TEJANO T/ALTO TP LAV MEDIO CON BOLSILLO,
012 - DICIEMBRE                               , ,,003 - YOYO                                    ,008 - MODA                                    ,,999 - NO APLICA                               ,B30019249,TEJANO TIRO ALTO TP LAV OSCURO,
012 - DICIEMBRE                               , ,,003 - YOYO                                    ,008 - MODA                                    ,,999 - NO APLICA                               ,B30020124,JOGGER TIRO ALTO TEEN LAV COLOR,
012 - DICIEMBRE                               , ,,003 - YOYO                                    ,008 - MODA                                    ,,999 - NO APLICA                               ,B30020249,TEJANO TIRO ALTO TP LAV CLARO,
012 - DICIEMBRE                               , ,,003 - YOYO                                    ,008 - MODA                                    ,,999 - NO APLICA                               ,B30021249,TEJANO TIRO ALTO TP LAV CLARO,
012 - DICIEMBRE                               , ,,003 - YOYO                                    ,008 - MODA                                    ,,999 - NO APLICA                               ,B30022124,JOGGER TIRO ALTO TEEN COLOR,
012 - DICIEMBRE                               , ,,003 - YOYO                                    ,008 - MODA                                    ,,999 - NO APLICA                               ,B30022249,TEJANO PREMIUM TIRO ALTO TEEN PLUS NEGR,
012 - DICIEMBRE                               , ,,003 - YOYO                                    ,008 - MODA                                    ,,999 - NO APLICA                               ,B30023124,JOGGER TIRO ALTO TEEN LAV MEDIO OSCURO,
012 - DICIEMBRE                               , ,,003 - YOYO                                    ,008 - MODA                                    ,,999 - NO APLICA                               ,B30024124,JOGGER TIRO ALTO TEEN LAV COLOR,
012 - DICIEMBRE                               , ,,003 - YOYO                                    ,008 - MODA                                    ,,999 - NO APLICA                               ,B30024249,TEJANO TIRO ALTO TP LAV MEDIO,
012 - DICIEMBRE                               , ,,003 - YOYO                                    ,008 - MODA                                    ,,999 - NO APLICA                               ,B30025124,JOGGER PREMIUM TIRO ALTO TEEN,
012 - DICIEMBRE                               , ,,003 - YOYO                                    ,008 - MODA                                    ,,999 - NO APLICA                               ,B30025249,TEJANO PREMIUM TIRO ALTO TP LAV NEGRO,
012 - DICIEMBRE                               , ,,003 - YOYO                                    ,008 - MODA                                    ,,999 - NO APLICA                               ,B30026224,JOGGER TIRO ALTO TP,
012 - DICIEMBRE                               , ,,003 - YOYO                                    ,008 - MODA                                    ,,999 - NO APLICA                               ,B30026249,TEJANO TIRO ALTO TP LAV CLARO,
012 - DICIEMBRE                               , ,,003 - YOYO                                    ,008 - MODA                                    ,,999 - NO APLICA                               ,B30027124,JOGGER TIRO ALTO TEEN LAV COLOR,
012 - DICIEMBRE                               , ,,003 - YOYO                                    ,008 - MODA                                    ,,999 - NO APLICA                               ,B30027249,TEJANO TIRO ALTO TP LAV MEDIO OSCURO,
012 - DICIEMBRE                               , ,,003 - YOYO                                    ,008 - MODA                                    ,,999 - NO APLICA                               ,B30029223,FALDA T/ALTO TEEN PLUS LAV MEDIO CON BO,
012 - DICIEMBRE                               , ,,003 - YOYO                                    ,008 - MODA                                    ,,999 - NO APLICA                               ,B30029224,JOGGER TIRO ALTO TP LAV  NEGRO,
012 - DICIEMBRE                               , ,,003 - YOYO                                    ,008 - MODA                                    ,,999 - NO APLICA                               ,B30031223,FALDA TIRO ALTO TEEN PLUS COLOR,
012 - DICIEMBRE                               , ,,003 - YOYO                                    ,008 - MODA                                    ,,999 - NO APLICA                               ,B30047223,FALDA TIRO ALTO TP LAV COLOR,
012 - DICIEMBRE                               , ,,003 - YOYO                                    ,008 - MODA                                    ,,999 - NO APLICA                               ,B30047244,OVERALL LARGO TP COLOR,
012 - DICIEMBRE                               , ,,003 - YOYO                                    ,008 - MODA                                    ,,999 - NO APLICA                               ,B30048223,FALDA TIRO ALTO TP EN CORDURY CORTO,
012 - DICIEMBRE                               , ,,003 - YOYO                                    ,008 - MODA                                    ,,999 - NO APLICA                               ,B30049123,FALDA T/ALTO TEEN LAV CLARO CON PRENSES,
012 - DICIEMBRE                               , ,,003 - YOYO                                    ,008 - MODA                                    ,,999 - NO APLICA                               ,B30049244,OVERALL LARGO TP LAV COLOR,
012 - DICIEMBRE                               , ,,003 - YOYO                                    ,008 - MODA                                    ,,999 - NO APLICA                               ,B30050134,CARGO TIRO ALTO TEEN LAV MEDIO,
012 - DICIEMBRE                               , ,,003 - YOYO                                    ,008 - MODA                                    ,,999 - NO APLICA                               ,B30051244,OVERALL LARGO TP LAV MEDIO,
012 - DICIEMBRE                               , ,,003 - YOYO                                    ,008 - MODA                                    ,,999 - NO APLICA                               ,B30054223,FALDA TIRO ALTO TP COLOR CORTA,
012 - DICIEMBRE                               , ,,003 - YOYO                                    ,008 - MODA                                    ,,999 - NO APLICA                               ,B30054247,FALDA SHORT TIRO ALTO TP  CON ABERTURAS,
012 - DICIEMBRE                               , ,,003 - YOYO                                    ,008 - MODA                                    ,,999 - NO APLICA                               ,B30054734,PANTALON CARGO TIRO ALTO TP CONVERTIBLE,
012 - DICIEMBRE                               , ,,003 - YOYO                                    ,008 - MODA                                    ,,999 - NO APLICA                               ,B30056223,FALDA TIRO ALTO TP CON SHORT INTERNO,
012 - DICIEMBRE                               , ,,003 - YOYO                                    ,008 - MODA                                    ,,999 - NO APLICA                               ,B30056246,OVERALL CORTO TP LAV MEDIO,
012 - DICIEMBRE                               , ,,003 - YOYO                                    ,008 - MODA                                    ,,999 - NO APLICA                               ,B30057246,OVERALL CORTO TP LAV MEDIO,
012 - DICIEMBRE                               , ,,003 - YOYO                                    ,008 - MODA                                    ,,999 - NO APLICA                               ,B30058234,PANTALON CARGO TIRO ALTO TEEN PLUS  DE,
012 - DICIEMBRE                               , ,,003 - YOYO                                    ,008 - MODA                                    ,,999 - NO APLICA                               ,B30061223,FALDA TIRO ALTO TP LAV   CON SHORT INTE,
012 - DICIEMBRE                               , ,,003 - YOYO                                    ,008 - MODA                                    ,,999 - NO APLICA                               ,B30061734,PANTALON CARGO TI/ALTO TEEN PLUS LAV ME,
012 - DICIEMBRE                               , ,,003 - YOYO                                    ,008 - MODA                                    ,,999 - NO APLICA                               ,B30062223,FALDA TIRO ALTO TP LAV CLARO,
012 - DICIEMBRE                               , ,,003 - YOYO                                    ,008 - MODA                                    ,,999 - NO APLICA                               ,B30063223,FALDA TIRO ALTO TP COLOR NEGRO,
012 - DICIEMBRE                               , ,,003 - YOYO                                    ,008 - MODA                                    ,,999 - NO APLICA                               ,B30065223,FALDA TIRO ALTO TP LAV  CLARO,
012 - DICIEMBRE                               , ,,003 - YOYO                                    ,008 - MODA                                    ,,999 - NO APLICA                               ,B30065256,RETROMOM T/ALTO TP LAVADO MEDIO CON ROT,
012 - DICIEMBRE                               , ,,003 - YOYO                                    ,008 - MODA                                    ,,999 - NO APLICA                               ,B30066223,FALDA TIRO ALTO TP LAV MEDIO CON SHORT,
012 - DICIEMBRE                               , ,,003 - YOYO                                    ,008 - MODA                                    ,,999 - NO APLICA                               ,B30067134,PANTALON CARGO TIRO ALTO TEEN LAV CLARO,
012 - DICIEMBRE                               , ,,003 - YOYO                                    ,008 - MODA                                    ,,999 - NO APLICA                               ,B30067223,FALDA TIRO MEDIO TP COLOR MARFIL,
012 - DICIEMBRE                               , ,,003 - YOYO                                    ,008 - MODA                                    ,,999 - NO APLICA                               ,B30067247,FALDA SHORT TIRO ALTO TP COLOR,
012 - DICIEMBRE                               , ,,003 - YOYO                                    ,008 - MODA                                    ,,999 - NO APLICA                               ,B30068223,FALDA TIRO ALTO TP LAV CLARO,
012 - DICIEMBRE                               , ,,003 - YOYO                                    ,008 - MODA                                    ,,999 - NO APLICA                               ,B30068234,PANTALON CARGO TIRO ALTO TP CON AJUSTE,
012 - DICIEMBRE                               , ,,003 - YOYO                                    ,008 - MODA                                    ,,999 - NO APLICA                               ,B30068237,CRAZY PREMIUM T/ALTO TP LAV MEDIO CON A,
012 - DICIEMBRE                               , ,,003 - YOYO                                    ,008 - MODA                                    ,,999 - NO APLICA                               ,B30069223,FALDA TIRO ALTO TP CON SHORT INTERNO,
012 - DICIEMBRE                               , ,,003 - YOYO                                    ,008 - MODA                                    ,,999 - NO APLICA                               ,B30069234,PANTALON CARGO TIRO ALTO TP,
012 - DICIEMBRE                               , ,,003 - YOYO                                    ,008 - MODA                                    ,,999 - NO APLICA                               ,B30070134,PANTALON CARGO TIRO ALTO TEEN LAVADO CL,
012 - DICIEMBRE                               , ,,003 - YOYO                                    ,008 - MODA                                    ,,999 - NO APLICA                               ,B30070223,FALDA TIRO MEDIO TP LAV MEDIO OSCURO,
012 - DICIEMBRE                               , ,,003 - YOYO                                    ,008 - MODA                                    ,,999 - NO APLICA                               ,B30071134,PANTALON CARGO TIRO ALTO TEEN,
012 - DICIEMBRE                               , ,,003 - YOYO                                    ,008 - MODA                                    ,,999 - NO APLICA                               ,B30071223,FALDA PREMIUM TIRO ALTO TP LAV MEDIO CO,
012 - DICIEMBRE                               , ,,003 - YOYO                                    ,008 - MODA                                    ,,999 - NO APLICA                               ,B30071237,CRAZY  PREMIUM T/ALTO TP LAV MEDIO OSCU,
012 - DICIEMBRE                               , ,,003 - YOYO                                    ,008 - MODA                                    ,,999 - NO APLICA                               ,B30072222,MOM JEAN T/ALTO TP LAV CLARO BALLOON,
012 - DICIEMBRE                               , ,,003 - YOYO                                    ,008 - MODA                                    ,,999 - NO APLICA                               ,B30072234,PANTALON CARGO TIRO ALTO TP,
012 - DICIEMBRE                               , ,,003 - YOYO                                    ,008 - MODA                                    ,,999 - NO APLICA                               ,B30072237,CRAZY PREMIUM TIRO ALTO TP LAV MEDIO OS,
012 - DICIEMBRE                               , ,,003 - YOYO                                    ,008 - MODA                                    ,,999 - NO APLICA                               ,B30073234,PANTALON CARGO TIRO ALTO TP LAV COLOR,
012 - DICIEMBRE                               , ,,003 - YOYO                                    ,008 - MODA                                    ,,999 - NO APLICA                               ,B30073247,FALDA SHORT TIRO ALTO TP LAV CLARO,
012 - DICIEMBRE                               , ,,003 - YOYO                                    ,008 - MODA                                    ,,999 - NO APLICA                               ,B30074223,FALDA TIRO MEDIO TP LAV MEDIO,
012 - DICIEMBRE                               , ,,003 - YOYO                                    ,008 - MODA                                    ,,999 - NO APLICA                               ,B30074234,PANTALON CARGO TIRO ALTO TP LAV COLOR,
012 - DICIEMBRE                               , ,,003 - YOYO                                    ,008 - MODA                                    ,,999 - NO APLICA                               ,B30074247,FALDA SHORT TIRO ALTO LAV COLOR,
012 - DICIEMBRE                               , ,,003 - YOYO                                    ,008 - MODA                                    ,,999 - NO APLICA                               ,B30074722,MOM JEAN TIRO ALTO TP LAV CLARO COVERTI,
012 - DICIEMBRE                               , ,,003 - YOYO                                    ,008 - MODA                                    ,,999 - NO APLICA                               ,B30075134,PANTALON CARGO TIRO ALTO TEEN  LAV MEDI,
012 - DICIEMBRE                               , ,,003 - YOYO                                    ,008 - MODA                                    ,,999 - NO APLICA                               ,B30075223,FALDA TIRO MEDIO TP LAV MEDIO,
012 - DICIEMBRE                               , ,,003 - YOYO                                    ,008 - MODA                                    ,,999 - NO APLICA                               ,B30075247,FALDA SHORT TIRO ALTO TP LAV CLARO,
012 - DICIEMBRE                               , ,,003 - YOYO                                    ,008 - MODA                                    ,,999 - NO APLICA                               ,B30076122,MOM JEAN TIRO ALTO TEEN LAV MEDIO,
012 - DICIEMBRE                               , ,,003 - YOYO                                    ,008 - MODA                                    ,,999 - NO APLICA                               ,B30076234,PANTALON CARGO TIRO ALTO TP LAV MEDIO O,
012 - DICIEMBRE                               , ,,003 - YOYO                                    ,008 - MODA                                    ,,999 - NO APLICA                               ,B30076247,FALDA SHORT TIRO ALTO TP LAV MEDIO,
012 - DICIEMBRE                               , ,,003 - YOYO                                    ,008 - MODA                                    ,,999 - NO APLICA                               ,B30077223,FALDA CON SHORT INTERNO TIRO ALTO TP LA,
012 - DICIEMBRE                               , ,,003 - YOYO                                    ,008 - MODA                                    ,,999 - NO APLICA                               ,B30077234,PANTALON CARGO TIRO ALTO TP LAV MEDIO O,
012 - DICIEMBRE                               , ,,003 - YOYO                                    ,008 - MODA                                    ,,999 - NO APLICA                               ,B30077247,FALDA SHORT TIRO MEDIO TP LAV COLOR,
012 - DICIEMBRE                               , ,,003 - YOYO                                    ,008 - MODA                                    ,,999 - NO APLICA                               ,B30078122,MOM JEAN TIRO ALTO TEEN LAVADO NEGRO,
012 - DICIEMBRE                               , ,,003 - YOYO                                    ,008 - MODA                                    ,,999 - NO APLICA                               ,B30078234,PANTALON CARGO TIRO ALTO TP LAV NEGRO,
012 - DICIEMBRE                               , ,,003 - YOYO                                    ,008 - MODA                                    ,,999 - NO APLICA                               ,B30078247,FALDA SHORT TIRO MEDIO TP LAV MEDIO,
012 - DICIEMBRE                               , ,,003 - YOYO                                    ,008 - MODA                                    ,,999 - NO APLICA                               ,B30079122,MOM JEAN TIRO ALTO TEEN LAV MEDIO,
012 - DICIEMBRE                               , ,,003 - YOYO                                    ,008 - MODA                                    ,,999 - NO APLICA                               ,B30080156,RETROMOM TIRO ALTO TEEN COLOR,
012 - DICIEMBRE                               , ,,003 - YOYO                                    ,008 - MODA                                    ,,999 - NO APLICA                               ,B30080234,CARGO TIRO ALTO TP LAV COLOR,
012 - DICIEMBRE                               , ,,003 - YOYO                                    ,008 - MODA                                    ,,999 - NO APLICA                               ,B30080247,FALDA SHORT TIRO ALTO TP LAV CLARO,
012 - DICIEMBRE                               , ,,003 - YOYO                                    ,008 - MODA                                    ,,999 - NO APLICA                               ,B30081122,MOM JEAN TIRO ALTO TEEN LAVADO MEDIO,
012 - DICIEMBRE                               , ,,003 - YOYO                                    ,008 - MODA                                    ,,999 - NO APLICA                               ,B30082222,MOM JEAN  T/ALTO TEEN PLUS LAV MEDIO BO,
012 - DICIEMBRE                               , ,,003 - YOYO                                    ,008 - MODA                                    ,,999 - NO APLICA                               ,B30082234,PANTALON CARGO T/ALTO TP  CON BOLSILLOS,
012 - DICIEMBRE                               , ,,003 - YOYO                                    ,008 - MODA                                    ,,999 - NO APLICA                               ,B30083222,MOM JEAN TIRO ALTO TEEN PLUS LAV  NEGRO,
012 - DICIEMBRE                               , ,,003 - YOYO                                    ,008 - MODA                                    ,,999 - NO APLICA                               ,B30083234,CARGO TIRO ALTO TP LAV MEDIO TEJANO,
012 - DICIEMBRE                               , ,,003 - YOYO                                    ,008 - MODA                                    ,,999 - NO APLICA                               ,B30084134,PANTALON CARGO T/ALTO TEEN LAV MEDIO OS,
012 - DICIEMBRE                               , ,,003 - YOYO                                    ,008 - MODA                                    ,,999 - NO APLICA                               ,B30084222,MOM JEAN TIRO ALTO TP LAV MEDIO OSCURO,
012 - DICIEMBRE                               , ,,003 - YOYO                                    ,008 - MODA                                    ,,999 - NO APLICA                               ,B30085222,MOM JEAN TIRO ALTO TP LAV CLARO,
012 - DICIEMBRE                               , ,,003 - YOYO                                    ,008 - MODA                                    ,,999 - NO APLICA                               ,B30086134,PANTALON CARGO TIRO ALTO TEEN LAV MEDIO,
012 - DICIEMBRE                               , ,,003 - YOYO                                    ,008 - MODA                                    ,,999 - NO APLICA                               ,B30086222,MOM JEAN TIRO ALTO TP LAV CLARO COSTADO,
012 - DICIEMBRE                               , ,,003 - YOYO                                    ,008 - MODA                                    ,,999 - NO APLICA                               ,B30087222,MOM JEAN TIRO MEDIO  TP LAV CLARO,
012 - DICIEMBRE                               , ,,003 - YOYO                                    ,008 - MODA                                    ,,999 - NO APLICA                               ,B30087234,PANTALON CARGO TIRO ALTO TP LAV MEDIO,
012 - DICIEMBRE                               , ,,003 - YOYO                                    ,008 - MODA                                    ,,999 - NO APLICA                               ,B30088222,MOMJEAN TIRO ALTO TP LAV CLARO CON PARC,
012 - DICIEMBRE                               , ,,003 - YOYO                                    ,008 - MODA                                    ,,999 - NO APLICA                               ,B30088234,PANTALON CARGO TIRO ALTO TP LAV COLOR,
012 - DICIEMBRE                               , ,,003 - YOYO                                    ,008 - MODA                                    ,,999 - NO APLICA                               ,B30089234,PANTALON CARGO TIRO ALTO TP LAV MEDIO,
012 - DICIEMBRE                               , ,,003 - YOYO                                    ,008 - MODA                                    ,,999 - NO APLICA                               ,B30090222,MOMJEAN TIRO ALTO TP LAV CLARO,
012 - DICIEMBRE                               , ,,003 - YOYO                                    ,008 - MODA                                    ,,999 - NO APLICA                               ,B30090234,PANTALON CARGO TIRO ALTO TP LAV MEDIO O,
012 - DICIEMBRE                               , ,,003 - YOYO                                    ,008 - MODA                                    ,,999 - NO APLICA                               ,B30092234,PANTALON CARGO TIRO ALTO TP,
012 - DICIEMBRE                               , ,,003 - YOYO                                    ,008 - MODA                                    ,,999 - NO APLICA                               ,B30093234,PANTALON CARGO TIRO ALTO TP LAV CLARO,
012 - DICIEMBRE                               , ,,003 - YOYO                                    ,008 - MODA                                    ,,999 - NO APLICA                               ,B30094156,RETROMOM TIRO ALTO TEEN LAVADO CLARO BO,
012 - DICIEMBRE                               , ,,003 - YOYO                                    ,008 - MODA                                    ,,999 - NO APLICA                               ,B30095234,PANTALON CARGO TIRO ALTO TP LAV MEDIO O,
012 - DICIEMBRE                               , ,,003 - YOYO                                    ,008 - MODA                                    ,,999 - NO APLICA                               ,B30096256,RETROMOM T/ALTO TEEN PLUS COLOR,
012 - DICIEMBRE                               , ,,003 - YOYO                                    ,008 - MODA                                    ,,999 - NO APLICA                               ,B30097156,RETROMOM TIRO ALTO TEEN DE COLOR BOTA A,
012 - DICIEMBRE                               , ,,003 - YOYO                                    ,008 - MODA                                    ,,999 - NO APLICA                               ,B30097234,PANTALON CARGO TIRO ALTO TP LAV MEDIO,
012 - DICIEMBRE                               , ,,003 - YOYO                                    ,008 - MODA                                    ,,999 - NO APLICA                               ,B30098234,PANTALON CARGO TIRO ALTO TP LAV  MEDIO,
012 - DICIEMBRE                               , ,,003 - YOYO                                    ,008 - MODA                                    ,,999 - NO APLICA                               ,B30098756,RETROMOM TIRO ALTO TEEN PLUS COLOR BOTA,
012 - DICIEMBRE                               , ,,003 - YOYO                                    ,008 - MODA                                    ,,999 - NO APLICA                               ,B30099234,PANTALON CARGO TIRO ALTO TP LAV MEDIO,
012 - DICIEMBRE                               , ,,003 - YOYO                                    ,008 - MODA                                    ,,999 - NO APLICA                               ,B30100234,PANTALON CARGO TIRO ALTO TP LAV COLOR,
012 - DICIEMBRE                               , ,,003 - YOYO                                    ,008 - MODA                                    ,,999 - NO APLICA                               ,B30101234,PANTALON CARGO TIRO ALTO TP LAV MEDIO,
012 - DICIEMBRE                               , ,,003 - YOYO                                    ,008 - MODA                                    ,,999 - NO APLICA                               ,B30102234,PANTALON CARGO TIRO ALTO TP LAV CLARO,
012 - DICIEMBRE                               , ,,003 - YOYO                                    ,008 - MODA                                    ,,999 - NO APLICA                               ,B30103234,PANTALON CARGO TIRO ALTO TP LAV MEDIO,
012 - DICIEMBRE                               , ,,003 - YOYO                                    ,008 - MODA                                    ,,999 - NO APLICA                               ,B30104234,PANTALON CARGO TIRO ALTO TP LAV MEDIO,
012 - DICIEMBRE                               , ,,003 - YOYO                                    ,008 - MODA                                    ,,999 - NO APLICA                               ,B30105234,PANTALON CARGO T/ALTO TP LAV CLARO CON,
012 - DICIEMBRE                               , ,,003 - YOYO                                    ,008 - MODA                                    ,,999 - NO APLICA                               ,B30106234,PANTALON CARGO TIRO ALTO TP LAV MEDIO,
012 - DICIEMBRE                               , ,,003 - YOYO                                    ,008 - MODA                                    ,,999 - NO APLICA                               ,B30106256,RETROMOM TIRO ALTO TEEN PLUS LAV COLOR,
012 - DICIEMBRE                               , ,,003 - YOYO                                    ,008 - MODA                                    ,,999 - NO APLICA                               ,B30107234,PANTALON CARGO TIRO ALTO TP LAV COLOR,
012 - DICIEMBRE                               , ,,003 - YOYO                                    ,008 - MODA                                    ,,999 - NO APLICA                               ,B30108156,RETROMOM TIRO ALTO TEEN LAV MEDIO OSCUR,
012 - DICIEMBRE                               , ,,003 - YOYO                                    ,008 - MODA                                    ,,999 - NO APLICA                               ,B30108234,PANTALON CARGO TIRO ALTO TP LAV NEGRO,
012 - DICIEMBRE                               , ,,003 - YOYO                                    ,008 - MODA                                    ,,999 - NO APLICA                               ,B30109234,PANTALON CARGO TIRO ALTO TP DE COLOR,
012 - DICIEMBRE                               , ,,003 - YOYO                                    ,008 - MODA                                    ,,999 - NO APLICA                               ,B30109256,RETROMOM TIRO ALTO TEEN PLUS LAV COLOR,
012 - DICIEMBRE                               , ,,003 - YOYO                                    ,008 - MODA                                    ,,999 - NO APLICA                               ,B30110156,RETROMOM TIRO ALTO TEEN LAV COLOR,
012 - DICIEMBRE                               , ,,003 - YOYO                                    ,008 - MODA                                    ,,999 - NO APLICA                               ,B30110234,PANTALON CARGO TIRO ALTO TP,
012 - DICIEMBRE                               , ,,003 - YOYO                                    ,008 - MODA                                    ,,999 - NO APLICA                               ,B30111156,RETROMOM TIRO ALTO TEEN CON BOLSILLO EN,
012 - DICIEMBRE                               , ,,003 - YOYO                                    ,008 - MODA                                    ,,999 - NO APLICA                               ,B30111234,PANTALON CARGO TIRO ALTO TP LAV MEDIO O,
012 - DICIEMBRE                               , ,,003 - YOYO                                    ,008 - MODA                                    ,,999 - NO APLICA                               ,B30112156,RETROMOM TIRO ALTO TEEN LAV MEDIO EFECT,
012 - DICIEMBRE                               , ,,003 - YOYO                                    ,008 - MODA                                    ,,999 - NO APLICA                               ,B30112234,PANTALON CARGO TIRO MEDIO TP CON CORTES,
012 - DICIEMBRE                               , ,,003 - YOYO                                    ,008 - MODA                                    ,,999 - NO APLICA                               ,B30113234,PANTALON CARGO TIRO ALTO TP LAV NEGRO,
012 - DICIEMBRE                               , ,,003 - YOYO                                    ,008 - MODA                                    ,,999 - NO APLICA                               ,B30114234,PANTALON CARGO TIRO ALTO  TP LAV MEDIO,
012 - DICIEMBRE                               , ,,003 - YOYO                                    ,008 - MODA                                    ,,999 - NO APLICA                               ,B30115234,PANTALON CARGO TIRO ALTO TP LAV MEDIO,
012 - DICIEMBRE                               , ,,003 - YOYO                                    ,008 - MODA                                    ,,999 - NO APLICA                               ,B30115256,RETROMOM TIRO ALTO TP LAV MEDIO EFECTO,
012 - DICIEMBRE                               , ,,003 - YOYO                                    ,008 - MODA                                    ,,999 - NO APLICA                               ,B30116234,PANTALON CARGO TIRO ALTO TP LAV MEDIO O,
012 - DICIEMBRE                               , ,,003 - YOYO                                    ,008 - MODA                                    ,,999 - NO APLICA                               ,B30117234,PANTALON CARGO TIRO ALTO TP LAV MEDIO,
012 - DICIEMBRE                               , ,,003 - YOYO                                    ,008 - MODA                                    ,,999 - NO APLICA                               ,B30117236,COOL TIRO ALTO TP COLOR TOBILLERO CON B,
012 - DICIEMBRE                               , ,,003 - YOYO                                    ,008 - MODA                                    ,,999 - NO APLICA                               ,B30117256,RETROMOM TIRO ALTO TP LAV MEDIO,
012 - DICIEMBRE                               , ,,003 - YOYO                                    ,008 - MODA                                    ,,999 - NO APLICA                               ,B30118156,RETROMOM TIRO ALTO TEEN LAV MEDIO CON B,
012 - DICIEMBRE                               , ,,003 - YOYO                                    ,008 - MODA                                    ,,999 - NO APLICA                               ,B30118234,PANTALON CARGO TIRO BAJO TP LAV MEDIO,
012 - DICIEMBRE                               , ,,003 - YOYO                                    ,008 - MODA                                    ,,999 - NO APLICA                               ,B30119156,RETROMOM TIRO ALTO TEEN LAV MEDIO OSCUR,
012 - DICIEMBRE                               , ,,003 - YOYO                                    ,008 - MODA                                    ,,999 - NO APLICA                               ,B30121256,RETROMOM TIRO ALTO TP LAV CLARO,
012 - DICIEMBRE                               , ,,003 - YOYO                                    ,008 - MODA                                    ,,999 - NO APLICA                               ,B30124256,RETROMOM T/ALTO TP LAV MEDIO CON BOLSIL,
012 - DICIEMBRE                               , ,,003 - YOYO                                    ,008 - MODA                                    ,,999 - NO APLICA                               ,B30126156,RETROMOM TIRO ALTO TEEN LAV CLARO,
012 - DICIEMBRE                               , ,,003 - YOYO                                    ,008 - MODA                                    ,,999 - NO APLICA                               ,B30127239,PERFECT PREMIUM TIRO ALTO TP NEGRO,
012 - DICIEMBRE                               , ,,003 - YOYO                                    ,008 - MODA                                    ,,999 - NO APLICA                               ,B30127256,RETROMOM TIRO ALTO TP LAV OSCURO,
012 - DICIEMBRE                               , ,,003 - YOYO                                    ,008 - MODA                                    ,,999 - NO APLICA                               ,B30128256,RETROMOM TIRO ALTO TP LAV COLOR,
012 - DICIEMBRE                               , ,,003 - YOYO                                    ,008 - MODA                                    ,,999 - NO APLICA                               ,B30133256,RETROMOM TIRO BAJO TP LAV MEDIO OSCURO,
012 - DICIEMBRE                               , ,,003 - YOYO                                    ,008 - MODA                                    ,,999 - NO APLICA                               ,B30134256,RETROMOM TIRO ALTO TP LAV MEDIO,
012 - DICIEMBRE                               , ,,003 - YOYO                                    ,008 - MODA                                    ,,999 - NO APLICA                               ,B30135256,RETROMOM SUPER TIRO ALTO TP LAV MEDIO O,
012 - DICIEMBRE                               , ,,003 - YOYO                                    ,008 - MODA                                    ,,999 - NO APLICA                               ,B30136256,RETROMOM TIRO BAJO TP DESCADERADO,
012 - DICIEMBRE                               , ,,003 - YOYO                                    ,008 - MODA                                    ,,999 - NO APLICA                               ,B30138236,COOL TIRO ALTO TP  LAV MEDIO BOTA TUBO,
012 - DICIEMBRE                               , ,,003 - YOYO                                    ,008 - MODA                                    ,,999 - NO APLICA                               ,B30139236,COOL TIRO ALTO TP LAV MEDIO CON HILADIL,
012 - DICIEMBRE                               , ,,003 - YOYO                                    ,008 - MODA                                    ,000 - JEANS                                   ,005 - DENIM                                   ,B30139256,RETROMOM TIRO ALTO TP LAV MEDIO OSCURO,001 - PRODUCCION INTERNA TELA NACIONALIZADA
012 - DICIEMBRE                               , ,,003 - YOYO                                    ,008 - MODA                                    ,,005 - DENIM                                   ,B30140236,COOL TIRO ALTO TP LAV MEDIO OSCURO,
012 - DICIEMBRE                               , ,,003 - YOYO                                    ,008 - MODA                                    ,,005 - DENIM                                   ,B30141256,RETROMOM T/ALTO TP LAV NEGRO,
012 - DICIEMBRE                               , ,,003 - YOYO                                    ,008 - MODA                                    ,,005 - DENIM                                   ,B30142256,RETROMOM TIRO ALTO TP LAV MEDIO OSCURO,
012 - DICIEMBRE                               , ,,003 - YOYO                                    ,008 - MODA                                    ,,005 - DENIM                                   ,B30143236,COOL TIRO ALTO TP COLOR,
012 - DICIEMBRE                               , ,,003 - YOYO                                    ,008 - MODA                                    ,,005 - DENIM                                   ,B30143256,RETROMOM TIRO ALTO TP LAV CLARO,
012 - DICIEMBRE                               , ,,003 - YOYO                                    ,008 - MODA                                    ,,005 - DENIM                                   ,B30144236,COOL TIRO ALTO TP LAV MEDIO,
012 - DICIEMBRE                               , ,,003 - YOYO                                    ,008 - MODA                                    ,,005 - DENIM                                   ,B30145256,RETROMOM TIRO MEDIO TP LAV CLARO,
012 - DICIEMBRE                               , ,,003 - YOYO                                    ,008 - MODA                                    ,,005 - DENIM                                   ,B30146256,RETROMOM TIRO ALTO TP LAV MEDIO,
012 - DICIEMBRE                               , ,,003 - YOYO                                    ,008 - MODA                                    ,,005 - DENIM                                   ,B30147256,RETROMOM TIRO ALTO TP LAV COLOR,
012 - DICIEMBRE                               , ,,003 - YOYO                                    ,008 - MODA                                    ,,005 - DENIM                                   ,B30148256,RETROMOM TIRO ALTO TP LAV MEDIO OSCURO,
012 - DICIEMBRE                               , ,,003 - YOYO                                    ,008 - MODA                                    ,,005 - DENIM                                   ,B30149256,RETROMOM TIRO ALTO TP LAV MEDIO CON BRI,
012 - DICIEMBRE                               , ,,003 - YOYO                                    ,008 - MODA                                    ,,005 - DENIM                                   ,B30150256,RETROMOM TIRO MEDIO TP LAV MEDIO OSCURO,
012 - DICIEMBRE                               , ,,003 - YOYO                                    ,008 - MODA                                    ,,005 - DENIM                                   ,B30151256,RETROMOM TIRO ALTO TP LAV MEDIO,
012 - DICIEMBRE                               , ,,003 - YOYO                                    ,008 - MODA                                    ,,005 - DENIM                                   ,B30152256,RETROMOM TIRO ALTO TP LAV COLOR CON ACC,
012 - DICIEMBRE                               , ,,003 - YOYO                                    ,008 - MODA                                    ,,005 - DENIM                                   ,B30154256,RETROMOM TIRO ALTO TP LAV MEDIO OSCURO,
012 - DICIEMBRE                               , ,,003 - YOYO                                    ,008 - MODA                                    ,,005 - DENIM                                   ,B30155256,RETROMOM TIRO ALTO TP LAV CLARO,
012 - DICIEMBRE                               , ,,003 - YOYO                                    ,008 - MODA                                    ,,005 - DENIM                                   ,B30157256,RETROMOM TIRO ALTO TP LAV MEDIO CON DIR,
012 - DICIEMBRE                               , ,,003 - YOYO                                    ,008 - MODA                                    ,,005 - DENIM                                   ,B30158256,RETROMOM TIRO MEDIO TP LAV MEDIO OSCURO,
012 - DICIEMBRE                               , ,,003 - YOYO                                    ,008 - MODA                                    ,,005 - DENIM                                   ,B30159256,RETROMOM TIRO ALTO TP LAV MEDIO,
012 - DICIEMBRE                               , ,,003 - YOYO                                    ,008 - MODA                                    ,,005 - DENIM                                   ,B30160256,MAXI RETRO TIRO BAJO TP LAV MEDIO,
012 - DICIEMBRE                               , ,,003 - YOYO                                    ,008 - MODA                                    ,,005 - DENIM                                   ,B30161256,RETROMOM  TIRO ALTO TP LAV MEDIO,
012 - DICIEMBRE                               , ,,003 - YOYO                                    ,008 - MODA                                    ,,005 - DENIM                                   ,B30214203,BERMUDA TIRO ALTO TP LAV CLARO,
012 - DICIEMBRE                               , ,,003 - YOYO                                    ,008 - MODA                                    ,,005 - DENIM                                   ,B30217203,BERMUDA TIRO BAJO TP LAV CLARO,
012 - DICIEMBRE                               , ,,003 - YOYO                                    ,008 - MODA                                    ,,005 - DENIM                                   ,B30624133,SHORT TIRO MEDIO TEEN COLOR,
012 - DICIEMBRE                               , ,,003 - YOYO                                    ,008 - MODA                                    ,,005 - DENIM                                   ,B30687233,SHORT TIRO ALTO TEEN PLUS LAV COLOR,
012 - DICIEMBRE                               , ,,003 - YOYO                                    ,008 - MODA                                    ,,005 - DENIM                                   ,B30708233,SHORT T/ALTO TP LAV MEDIO OSCURO BOTA D,
012 - DICIEMBRE                               , ,,003 - YOYO                                    ,008 - MODA                                    ,,005 - DENIM                                   ,B30713133,SHORT TIRO ALTO TEEN  LAV COLOR,
012 - DICIEMBRE                               , ,,003 - YOYO                                    ,008 - MODA                                    ,,005 - DENIM                                   ,B30729233,SHORT TIRO ALTO TP LAV CLARO CON LASER,
012 - DICIEMBRE                               , ,,003 - YOYO                                    ,008 - MODA                                    ,,005 - DENIM                                   ,B30732233,SHORT TIRO ALTO TP LAV CLARO,
012 - DICIEMBRE                               , ,,003 - YOYO                                    ,008 - MODA                                    ,,005 - DENIM                                   ,B30746233,SHORT TIRO ALTO TP LAV MEDIO OSCURO,
012 - DICIEMBRE                               , ,,003 - YOYO                                    ,008 - MODA                                    ,,005 - DENIM                                   ,B30750233,SHORT T/ALTO TP  COLOR CON BOLSILLOS,
012 - DICIEMBRE                               , ,,003 - YOYO                                    ,008 - MODA                                    ,,005 - DENIM                                   ,B30753233,SHORT TIRO ALTO TP LAV CLARO CON ACCESO,
012 - DICIEMBRE                               , ,,003 - YOYO                                    ,008 - MODA                                    ,,005 - DENIM                                   ,B30755233,SHORT TIRO ALTO TP LAV CLARO,
012 - DICIEMBRE                               , ,,003 - YOYO                                    ,008 - MODA                                    ,,005 - DENIM                                   ,B30756233,SHORT TIRO ALTO TP LAV MARFIL CON APLIQ,
012 - DICIEMBRE                               , ,,003 - YOYO                                    ,008 - MODA                                    ,,005 - DENIM                                   ,B30757233,SHORT TIRO ALTO TP LAV CLARO,
012 - DICIEMBRE                               , ,,003 - YOYO                                    ,008 - MODA                                    ,,005 - DENIM                                   ,B30758233,SHORT TIRO ALTO TP LAV CLARO,
012 - DICIEMBRE                               , ,,003 - YOYO                                    ,008 - MODA                                    ,,005 - DENIM                                   ,B30759233,SHORT TIRO ALTO TP LAV COLOR,
012 - DICIEMBRE                               , ,,003 - YOYO                                    ,008 - MODA                                    ,,005 - DENIM                                   ,B30760233,SHORT TIRO ALTO TEEN LAVADO CLARO CON L,
012 - DICIEMBRE                               , ,,003 - YOYO                                    ,008 - MODA                                    ,,005 - DENIM                                   ,B30761233,SHORT DESCADERADO TP LAV CLARO,
012 - DICIEMBRE                               , ,,003 - YOYO                                    ,008 - MODA                                    ,,005 - DENIM                                   ,B30763233,SHORT TIRO ALTO TP LAV MEDIO,
012 - DICIEMBRE                               , ,,003 - YOYO                                    ,008 - MODA                                    ,,005 - DENIM                                   ,B30764233,SHORT TIRO MEDIO TP LAV MEDIO OSCURO,
012 - DICIEMBRE                               , ,,003 - YOYO                                    ,008 - MODA                                    ,,005 - DENIM                                   ,B30765233,SHORT TIRO MEDIO TP LAV MEDIO OSCURO,
012 - DICIEMBRE                               , ,,003 - YOYO                                    ,008 - MODA                                    ,,005 - DENIM                                   ,B31018724,BODY MS TP CON ESCOTE EN ESPALDA,
012 - DICIEMBRE                               , ,,003 - YOYO                                    ,008 - MODA                                    ,,005 - DENIM                                   ,B31019724,BODY MS TP CON ESCOTE EN ESPALDA DOBLE,
012 - DICIEMBRE                               , ,,003 - YOYO                                    ,008 - MODA                                    ,,005 - DENIM                                   ,B31096112,CAMISETA TIRAS TEEN CON COSTURA EN CONT,
012 - DICIEMBRE                               , ,,003 - YOYO                                    ,008 - MODA                                    ,,005 - DENIM                                   ,B31097212,CAMISETA TIRAS TP CON RECTILINEO EN ESC,
012 - DICIEMBRE                               , ,,003 - YOYO                                    ,008 - MODA                                    ,,005 - DENIM                                   ,B31123215,CAMISETA ML TP CON TOP INTERNO,
012 - DICIEMBRE                               , ,,003 - YOYO                                    ,008 - MODA                                    ,,005 - DENIM                                   ,B31129215,CAMISETA ML TP RUEDO ASIMETRICO,
012 - DICIEMBRE                               , ,,003 - YOYO                                    ,008 - MODA                                    ,,005 - DENIM                                   ,B31131715,CAMISETA ML TP CON APLIQUE EN CINTURA,
012 - DICIEMBRE                               , ,,003 - YOYO                                    ,008 - MODA                                    ,,005 - DENIM                                   ,B31132215,CAMISETA ML TP CON ABERTURA EN HOMBROS,
012 - DICIEMBRE                               , ,,003 - YOYO                                    ,008 - MODA                                    ,,005 - DENIM                                   ,B31134215,CAMISETA ML TP CUELLO BANDEJA,
012 - DICIEMBRE                               , ,,003 - YOYO                                    ,008 - MODA                                    ,,005 - DENIM                                   ,B31161213,CAMISETA MS TP EN TELA CON BRILLO ACCES,
012 - DICIEMBRE                               , ,,003 - YOYO                                    ,008 - MODA                                    ,,005 - DENIM                                   ,B31163213,CAMISETA MS TP CON FRENTE ESTAMPADO CRO,
012 - DICIEMBRE                               , ,,003 - YOYO                                    ,008 - MODA                                    ,,005 - DENIM                                   ,B31237113,CAMISETA MS TEEN CON DEGRADADO POR LAVA,
012 - DICIEMBRE                               , ,,003 - YOYO                                    ,008 - MODA                                    ,,005 - DENIM                                   ,B31244713,CAMISETA MS TP DE RAYAS CROP,
012 - DICIEMBRE                               , ,,003 - YOYO                                    ,008 - MODA                                    ,,005 - DENIM                                   ,B31247213,CAMISETA MS TEEN PLUS CON FRENTE ESTAMP,
012 - DICIEMBRE                               , ,,003 - YOYO                                    ,008 - MODA                                    ,,005 - DENIM                                   ,B31263213,CAMISETA MS TP LARGO CROP,
012 - DICIEMBRE                               , ,,003 - YOYO                                    ,008 - MODA                                    ,,005 - DENIM                                   ,B31265213,CAMISETA MS TP CON HOMBRO PEQUEÑO Y EST,
012 - DICIEMBRE                               , ,,003 - YOYO                                    ,008 - MODA                                    ,,005 - DENIM                                   ,B31306713,CAMISETA MS TP CON MALLA EN ESPALDA,
012 - DICIEMBRE                               , ,,003 - YOYO                                    ,008 - MODA                                    ,,005 - DENIM                                   ,B31324713,CAMISETA MS TP ESCOTE EN V,
012 - DICIEMBRE                               , ,,003 - YOYO                                    ,008 - MODA                                    ,,005 - DENIM                                   ,B31713214,CAMISETA MC TP CON SESGO EN CONTRASTE,
012 - DICIEMBRE                               , ,,003 - YOYO                                    ,008 - MODA                                    ,,005 - DENIM                                   ,B31737214,CAMISETA MC TP CON CONTRASTE ESTAMPADO,
012 - DICIEMBRE                               , ,,003 - YOYO                                    ,008 - MODA                                    ,,005 - DENIM                                   ,B31740214,CAMISETA MC TP CON ESTAMPADO EN ESPALDA,
012 - DICIEMBRE                               , ,,003 - YOYO                                    ,008 - MODA                                    ,001 - CAMISETA                                ,001 - TEJIDO PUNTO                            ,B31767114,CAMISETA MC TEEN CON MANGAS EN CONTRAST,
012 - DICIEMBRE                               , ,,003 - YOYO                                    ,008 - MODA                                    ,,001 - TEJIDO PUNTO                            ,B31781714,CAMISETA MC TP  CON CIERRE EN ESCOTE,
012 - DICIEMBRE                               , ,,003 - YOYO                                    ,008 - MODA                                    ,,001 - TEJIDO PUNTO                            ,B31804714,CAMISETA MC TP ESTAMPADO EN FRENTE Y LA,
012 - DICIEMBRE                               , ,,003 - YOYO                                    ,008 - MODA                                    ,,001 - TEJIDO PUNTO                            ,B31831714,CAMISETA MC TP CON APLIQUE PIEDRAS BRIL,
012 - DICIEMBRE                               , ,,003 - YOYO                                    ,008 - MODA                                    ,,001 - TEJIDO PUNTO                            ,B31832214,CAMISETA PREMIUM MC TP CON RECOGIDO EN,
012 - DICIEMBRE                               , ,,003 - YOYO                                    ,008 - MODA                                    ,,001 - TEJIDO PUNTO                            ,B31833714,CAMISETA MC TP CON MANGAS EN CONTRASTE,
012 - DICIEMBRE                               , ,,003 - YOYO                                    ,008 - MODA                                    ,,001 - TEJIDO PUNTO                            ,B31836214,CAMISETA PREMIUM MC TP CON CUELLO EN CO,
012 - DICIEMBRE                               , ,,003 - YOYO                                    ,008 - MODA                                    ,,001 - TEJIDO PUNTO                            ,B31837214,CAMISETA MC TP CON ESPALDA Y FRENTE  ES,
012 - DICIEMBRE                               , ,,003 - YOYO                                    ,008 - MODA                                    ,,001 - TEJIDO PUNTO                            ,B31839714,CAMISETA MC TP CON CIERRE EN ESCOTE,
012 - DICIEMBRE                               , ,,003 - YOYO                                    ,008 - MODA                                    ,,001 - TEJIDO PUNTO                            ,B31842714,CAMISETA MC TP CON ESTAMPADO EN FRENTE,
012 - DICIEMBRE                               , ,,003 - YOYO                                    ,008 - MODA                                    ,,001 - TEJIDO PUNTO                            ,B31843214,CAMISETA MC TP CON BORDADO EN FRENTE,
012 - DICIEMBRE                               , ,,003 - YOYO                                    ,008 - MODA                                    ,,001 - TEJIDO PUNTO                            ,B31844714,CAMISETA MC TP CON SESGOS Y DOBLE PREND,
012 - DICIEMBRE                               , ,,003 - YOYO                                    ,008 - MODA                                    ,,001 - TEJIDO PUNTO                            ,B31847714,CAMISETA MC TP ESTAMPADA OVERSIZED,
012 - DICIEMBRE                               , ,,003 - YOYO                                    ,008 - MODA                                    ,,001 - TEJIDO PUNTO                            ,B31848714,CAMISETA PREMIUM MC TP CON FRENTE ESTAM,
012 - DICIEMBRE                               , ,,003 - YOYO                                    ,008 - MODA                                    ,,001 - TEJIDO PUNTO                            ,B31849714,CAMISETA MC TP CON ABERTURA Y AMARRE EN,
012 - DICIEMBRE                               , ,,003 - YOYO                                    ,008 - MODA                                    ,,001 - TEJIDO PUNTO                            ,B31852714,CAMISETA MC TP  CON MALLA EN LA ESPALDA,
012 - DICIEMBRE                               , ,,003 - YOYO                                    ,008 - MODA                                    ,,001 - TEJIDO PUNTO                            ,B31855214,CAMISETA MC TP OVERSIZED CON ESTAMPADO,
012 - DICIEMBRE                               , ,,003 - YOYO                                    ,008 - MODA                                    ,,001 - TEJIDO PUNTO                            ,B31858214,CAMISETA MC TP CON RUEDO AMPLIO ESTMAPA,
012 - DICIEMBRE                               , ,,003 - YOYO                                    ,008 - MODA                                    ,,001 - TEJIDO PUNTO                            ,B31859214,CAMISETA MC TP OVERSIZED CON ESTAMPADO,
012 - DICIEMBRE                               , ,,003 - YOYO                                    ,008 - MODA                                    ,,001 - TEJIDO PUNTO                            ,B31861214,CAMISETA MC TP CON RECOGIDO EN FRENTE,
012 - DICIEMBRE                               , ,,003 - YOYO                                    ,008 - MODA                                    ,,001 - TEJIDO PUNTO                            ,B31862714,CAMISETA PREMIUM MC TP CON SESGOS EN CO,
012 - DICIEMBRE                               , ,,003 - YOYO                                    ,008 - MODA                                    ,,001 - TEJIDO PUNTO                            ,B32027205,BLUSA  ML TEEN PLUS EFECTO CUERO,
012 - DICIEMBRE                               , ,,003 - YOYO                                    ,008 - MODA                                    ,,001 - TEJIDO PUNTO                            ,B32033703,BLUSA PREMIUM MS CROP LAVADO MEDIO CLAR,
012 - DICIEMBRE                               , ,,003 - YOYO                                    ,008 - MODA                                    ,,001 - TEJIDO PUNTO                            ,B32036103,BLUSA MS TEEN TIPO PARACHUTE CON TANCAS,
012 - DICIEMBRE                               , ,,003 - YOYO                                    ,008 - MODA                                    ,,001 - TEJIDO PUNTO                            ,B32042205,BLUSA ML TEEN PLUS CON ELASTICO EN MANG,
012 - DICIEMBRE                               , ,,003 - YOYO                                    ,008 - MODA                                    ,,001 - TEJIDO PUNTO                            ,B32042703,BLUSA MS TP LAV BLACK,
012 - DICIEMBRE                               , ,,003 - YOYO                                    ,008 - MODA                                    ,,001 - TEJIDO PUNTO                            ,B32050209,BLUSA TIRAS TP CON BORBADO EN FRENTE,
012 - DICIEMBRE                               , ,,003 - YOYO                                    ,008 - MODA                                    ,,001 - TEJIDO PUNTO                            ,B32056705,BLUSA ML TP  CON MOÑO EN FRENTE,
012 - DICIEMBRE                               , ,,003 - YOYO                                    ,008 - MODA                                    ,,001 - TEJIDO PUNTO                            ,B32147704,BLUSA MC TEEN PLUS CON AMARRE EN FRENTE,
012 - DICIEMBRE                               , ,,003 - YOYO                                    ,008 - MODA                                    ,,001 - TEJIDO PUNTO                            ,MY0004851,FALDA SHORT BOLSILLO CORAZON,
012 - DICIEMBRE                               , ,,003 - YOYO                                    ,008 - MODA                                    ,,001 - TEJIDO PUNTO                            ,MY0004854,FALDA CORTA TIRO ALTO GLOBO,
012 - DICIEMBRE                               , ,,003 - YOYO                                    ,008 - MODA                                    ,,001 - TEJIDO PUNTO                            ,MY0004855,FALDA SHORT,
012 - DICIEMBRE                               , ,,003 - YOYO                                    ,008 - MODA                                    ,,001 - TEJIDO PUNTO                            ,MY0004856,FALDA SHORT 5 BOLSILLOS CON TACHES E,
012 - DICIEMBRE                               , ,,003 - YOYO                                    ,008 - MODA                                    ,,001 - TEJIDO PUNTO                            ,B32155104,BLUSA MC TEEN MANGA BOMBACHA,
012 - DICIEMBRE                               , ,,003 - YOYO                                    ,008 - MODA                                    ,,001 - TEJIDO PUNTO                            ,B32165704,BLUSA MC TP CON BOLSILLO CUADRADO LARG,
012 - DICIEMBRE                               , ,,003 - YOYO                                    ,008 - MODA                                    ,,001 - TEJIDO PUNTO                            ,B32186704,BLUSA MC TP CON APLIQUE EN BOLSILLO,
012 - DICIEMBRE                               , ,,003 - YOYO                                    ,003 - OPORTUNIDADES                           ,,001 - TEJIDO PUNTO                            ,B33001108,JEAN DAY T/ALTO TEEN SPECIAL CON BOLSIL,
012 - DICIEMBRE                               , ,,003 - YOYO                                    ,003 - OPORTUNIDADES                           ,,001 - TEJIDO PUNTO                            ,B33001135,PANTALON CARGO T/ALTO TEEN PUNTA DE PRE,
012 - DICIEMBRE                               , ,,003 - YOYO                                    ,003 - OPORTUNIDADES                           ,,001 - TEJIDO PUNTO                            ,B33002234,RETROMOM T/ALTO TP COLOR BOTA RECTA SPE,
012 - DICIEMBRE                               , ,,003 - YOYO                                    ,003 - OPORTUNIDADES                           ,,001 - TEJIDO PUNTO                            ,B33004108,JEAN DAY T/MEDIO TEEN CON BOLSILLO SPEC,
012 - DICIEMBRE                               , ,,003 - YOYO                                    ,003 - OPORTUNIDADES                           ,,001 - TEJIDO PUNTO                            ,B33004247,MOM JEAN TIRO ALTO TP LAV COLOR PUNTA D,
012 - DICIEMBRE                               , ,,003 - YOYO                                    ,003 - OPORTUNIDADES                           ,,001 - TEJIDO PUNTO                            ,B33005247,MOM JEAN TIRO ALTO TP LAV CLARO PUNTA D,
012 - DICIEMBRE                               , ,,003 - YOYO                                    ,003 - OPORTUNIDADES                           ,,001 - TEJIDO PUNTO                            ,B33005248,PERFECT T/ALT TP LAV MEDIO PINZAS COSTA,
012 - DICIEMBRE                               , ,,003 - YOYO                                    ,003 - OPORTUNIDADES                           ,,001 - TEJIDO PUNTO                            ,B33006247,MOM JEAN TIRO ALTO TP LAV MEDIO PUNTA D,
012 - DICIEMBRE                               , ,,003 - YOYO                                    ,003 - OPORTUNIDADES                           ,,001 - TEJIDO PUNTO                            ,B33006248,PERFECT T/ALTO TP PINZAS COSTADOS SPECI,
012 - DICIEMBRE                               , ,,003 - YOYO                                    ,003 - OPORTUNIDADES                           ,,001 - TEJIDO PUNTO                            ,B33007756,CAMISETA TIRAS TP CON CONTRASTE PUNTA D,
012 - DICIEMBRE                               , ,,003 - YOYO                                    ,003 - OPORTUNIDADES                           ,,001 - TEJIDO PUNTO                            ,B33009234,RETROMOM T/A TP PUNTA DE PRECIO MEGA BA,
012 - DICIEMBRE                               , ,,003 - YOYO                                    ,003 - OPORTUNIDADES                           ,,001 - TEJIDO PUNTO                            ,B33010134,RETROMOM TIRO ALTO TEEN LAV CLARO PUNTA,
012 - DICIEMBRE                               , ,,003 - YOYO                                    ,003 - OPORTUNIDADES                           ,,001 - TEJIDO PUNTO                            ,B33012234,RETROMOM TIRO ALTO TP LAV CLARO PUNTA D,
012 - DICIEMBRE                               , ,,003 - YOYO                                    ,003 - OPORTUNIDADES                           ,,001 - TEJIDO PUNTO                            ,B33020255,CAMISETA MS TEEN PLUS AJUSTADA SPECIAL,
012 - DICIEMBRE                               , ,,003 - YOYO                                    ,003 - OPORTUNIDADES                           ,,001 - TEJIDO PUNTO                            ,B33027133,SHORT T/ALTO TEEN LAV MEDIO OSCURO PUNT,
012 - DICIEMBRE                               , ,,003 - YOYO                                    ,003 - OPORTUNIDADES                           ,,001 - TEJIDO PUNTO                            ,B33033233,SHORT TIRO ALTO TP  PUNTA DE PRECIO,
012 - DICIEMBRE                               , ,,003 - YOYO                                    ,003 - OPORTUNIDADES                           ,,001 - TEJIDO PUNTO                            ,B33034233,SHORT TIRO MEDIO TP LAV CLARO PUNTA DE,
012 - DICIEMBRE                               , ,,003 - YOYO                                    ,003 - OPORTUNIDADES                           ,,001 - TEJIDO PUNTO                            ,B33035233,SHORT TIRO ALTO TP LAV CLARO PUNTA DE P,
012 - DICIEMBRE                               , ,,003 - YOYO                                    ,003 - OPORTUNIDADES                           ,,001 - TEJIDO PUNTO                            ,B33046755,CAMISETA MS TP ABERTURA EN CENTRO PUNTA,
012 - DICIEMBRE                               , ,,003 - YOYO                                    ,003 - OPORTUNIDADES                           ,,001 - TEJIDO PUNTO                            ,B33047755,CAMISETA MS TP CON SESGO EN CONTRASTE P,
012 - DICIEMBRE                               , ,,003 - YOYO                                    ,003 - OPORTUNIDADES                           ,,001 - TEJIDO PUNTO                            ,B33049755,CAMISETA MS TP CON ESTAMPADO FRENTE  PU,
012 - DICIEMBRE                               , ,,003 - YOYO                                    ,003 - OPORTUNIDADES                           ,,001 - TEJIDO PUNTO                            ,B33147153,CAMISETA MC TEEN PUNTA DE PRECIO,
012 - DICIEMBRE                               , ,,003 - YOYO                                    ,003 - OPORTUNIDADES                           ,,001 - TEJIDO PUNTO                            ,B33153153,CAMISETA MC TEEN ESTAMPADO EN FRENTE PU,
012 - DICIEMBRE                               , ,,003 - YOYO                                    ,003 - OPORTUNIDADES                           ,,001 - TEJIDO PUNTO                            ,B33176253,CAMISETA PREMIUM MC TP CON ESTAMPADO PU,
012 - DICIEMBRE                               , ,,003 - YOYO                                    ,003 - OPORTUNIDADES                           ,,001 - TEJIDO PUNTO                            ,B33177753,CAMISETA MC TP ESTAMPADA EN FRENTE PUNT,
012 - DICIEMBRE                               , ,,003 - YOYO                                    ,003 - OPORTUNIDADES                           ,,001 - TEJIDO PUNTO                            ,B33178253,CAMISETA PREMIUM MC TP ESCOTE BANDEJA P,
012 - DICIEMBRE                               , ,,003 - YOYO                                    ,008 - MODA                                    ,,001 - TEJIDO PUNTO                            ,B34016715,CARDIGAN ML TP CON BOTONES EN FRENTE,
012 - DICIEMBRE                               , ,,003 - YOYO                                    ,008 - MODA                                    ,,001 - TEJIDO PUNTO                            ,B34206104,BUSO ML TEEN CON ESTAMPADO EN FRENTE,
012 - DICIEMBRE                               , ,,003 - YOYO                                    ,008 - MODA                                    ,,001 - TEJIDO PUNTO                            ,B34245201,CHAQUETA ML TEEN PLUS COLOR,
012 - DICIEMBRE                               , ,,003 - YOYO                                    ,008 - MODA                                    ,,001 - TEJIDO PUNTO                            ,B34254702,CHALECO MS TP LAV CLARO,
012 - DICIEMBRE                               , ,,003 - YOYO                                    ,008 - MODA                                    ,,001 - TEJIDO PUNTO                            ,B34256202,CHALECO MS TP LAVADO MEDIO,
012 - DICIEMBRE                               , ,,003 - YOYO                                    ,008 - MODA                                    ,,001 - TEJIDO PUNTO                            ,B34295105,CHOMPA ML TEEN ESTAMPADA EN FRENTE Y ES,
012 - DICIEMBRE                               , ,,003 - YOYO                                    ,008 - MODA                                    ,,001 - TEJIDO PUNTO                            ,B34309701,CHAQUETA ML TP FAJON Y PUÑOS EN RECTILI,
012 - DICIEMBRE                               , ,,003 - YOYO                                    ,008 - MODA                                    ,,001 - TEJIDO PUNTO                            ,B34312201,CHAQUETA ML  TP LAV MEDIO,
012 - DICIEMBRE                               , ,,003 - YOYO                                    ,008 - MODA                                    ,,001 - TEJIDO PUNTO                            ,B34316705,CHOMPA ML TP CON BOLSILLOS EN FRENTE,
012 - DICIEMBRE                               , ,,003 - YOYO                                    ,008 - MODA                                    ,,001 - TEJIDO PUNTO                            ,B34318705,CHOMPA ML TP EN CONTRASTE CON ESTAMPADO,
012 - DICIEMBRE                               , ,,003 - YOYO                                    ,008 - MODA                                    ,,001 - TEJIDO PUNTO                            ,B34319205,CHOMPA  ML TP CON APLIQUES EN MANGA,
012 - DICIEMBRE                               , ,,003 - YOYO                                    ,005 - ESENCIAL                                ,,001 - TEJIDO PUNTO                            ,B35001121,TEJANO TIRO MEDIO TEEN ESENCIALES,
012 - DICIEMBRE                               , ,,003 - YOYO                                    ,005 - ESENCIAL                                ,,001 - TEJIDO PUNTO                            ,B35001221,TEJANO PREMIUM TIRO ALTO TP ESENCIALES,
012 - DICIEMBRE                               , ,,003 - YOYO                                    ,005 - ESENCIAL                                ,,001 - TEJIDO PUNTO                            ,B35001241,JOGGER TIRO ALTO TP COLOR ESENCIALES,
012 - DICIEMBRE                               , ,,003 - YOYO                                    ,005 - ESENCIAL                                ,,001 - TEJIDO PUNTO                            ,B35001295,BODY PREMIUM MS TP FONDO ENTERO ESENCIA,
012 - DICIEMBRE                               , ,,003 - YOYO                                    ,004 - ESENCIAL MODA                           ,,001 - TEJIDO PUNTO                            ,B35002141,JOGGER TIRO ALTO TEEN COLOR ESENCIALES,
012 - DICIEMBRE                               , ,,003 - YOYO                                    ,005 - ESENCIAL                                ,000 - JEANS                                   ,005 - DENIM                                   ,B35002221,TEJANO TIRO ALTO TP ESENCIALES,001 - PRODUCCION INTERNA TELA NACIONALIZADA
012 - DICIEMBRE                               , ,,003 - YOYO                                    ,005 - ESENCIAL                                ,,005 - DENIM                                   ,B35005248,CAMISETA PREMIUM TIRAS TP ESENCIALES,
012 - DICIEMBRE                               , ,,003 - YOYO                                    ,005 - ESENCIAL                                ,,005 - DENIM                                   ,B35006246,PERFECT TIRO ALTO TP  ESENCIALES,
012 - DICIEMBRE                               , ,,003 - YOYO                                    ,005 - ESENCIAL                                ,,005 - DENIM                                   ,B35006247,COOL TIRO ALTO TP COLOR BASICO,
012 - DICIEMBRE                               , ,,003 - YOYO                                    ,005 - ESENCIAL                                ,,005 - DENIM                                   ,B35006252,CAMISETA MS TP FONDO ENTERO ESENCIALES,
012 - DICIEMBRE                               , ,,003 - YOYO                                    ,005 - ESENCIAL                                ,,005 - DENIM                                   ,B35007124,CHAQUETA ML TEEN DENIM BASICO,
012 - DICIEMBRE                               , ,,003 - YOYO                                    ,005 - ESENCIAL                                ,,005 - DENIM                                   ,B35008124,CHAQUETA ML COLOR BASICO,
012 - DICIEMBRE                               , ,,003 - YOYO                                    ,005 - ESENCIAL                                ,,005 - DENIM                                   ,B35008291,RETROMOM TIRO ALTO TP ESENCIALES,
012 - DICIEMBRE                               , ,,003 - YOYO                                    ,005 - ESENCIAL                                ,,005 - DENIM                                   ,B35009191,RETROMOM TIRO ALTO TEEN ESENCIALES,
012 - DICIEMBRE                               , ,,003 - YOYO                                    ,004 - ESENCIAL MODA                           ,,005 - DENIM                                   ,B35010109,BUSO ML CON CAPUCHA SILUETA CAJON BASIC,
012 - DICIEMBRE                               , ,,003 - YOYO                                    ,005 - ESENCIAL                                ,,005 - DENIM                                   ,B35010252,CAMISETA PREMIUM MS TP ESCOTE ESPALDA E,
012 - DICIEMBRE                               , ,,003 - YOYO                                    ,005 - ESENCIAL                                ,,005 - DENIM                                   ,B35010291,RETROMOM TIRO BAJO TP  ESENCIALES,
012 - DICIEMBRE                               , ,,003 - YOYO                                    ,005 - ESENCIAL                                ,,005 - DENIM                                   ,B35011291,RETROMOM TIRO ALTO TP ESENCIALES,
012 - DICIEMBRE                               , ,,003 - YOYO                                    ,005 - ESENCIAL                                ,,005 - DENIM                                   ,B35015224,CHAQUETA ML TP ESENCIALES,
012 - DICIEMBRE                               , ,,003 - YOYO                                    ,005 - ESENCIAL                                ,,005 - DENIM                                   ,MY0004827,RETRO,
012 - DICIEMBRE                               , ,,003 - YOYO                                    ,005 - ESENCIAL                                ,,005 - DENIM                                   ,MY0004828,RETRO,
012 - DICIEMBRE                               , ,,003 - YOYO                                    ,005 - ESENCIAL                                ,,005 - DENIM                                   ,MY0004829,RETRO,
012 - DICIEMBRE                               , ,,003 - YOYO                                    ,005 - ESENCIAL                                ,,005 - DENIM                                   ,MY0004830,RETRO,
012 - DICIEMBRE                               , ,,003 - YOYO                                    ,004 - ESENCIAL MODA                           ,,005 - DENIM                                   ,B35019149,CAMISETA MC TEEN CON ESTAMPADO ESENCIAL,
012 - DICIEMBRE                               , ,,003 - YOYO                                    ,005 - ESENCIAL                                ,,005 - DENIM                                   ,B35025249,CAMISETA MC TP FONDO ENTERO ESENCIALES,
012 - DICIEMBRE                               , ,,003 - YOYO                                    ,005 - ESENCIAL                                ,,005 - DENIM                                   ,B35026149,CAMISETA MC TEEN FONDO ENTERO ESENCIALE,
012 - DICIEMBRE                               , ,,003 - YOYO                                    ,004 - ESENCIAL MODA                           ,,005 - DENIM                                   ,B35032249,CAMISETA MC TP CON ESTAMPADO ESENCIALES,
012 - DICIEMBRE                               , ,,003 - YOYO                                    ,005 - ESENCIAL                                ,,005 - DENIM                                   ,B35034201,PANTALON TIRO ALTO TP ESENCIALES,
012 - DICIEMBRE                               , ,,003 - YOYO                                    ,004 - ESENCIAL MODA                           ,,005 - DENIM                                   ,B35043249,CAMISETA MC TP CON ESTAMPADO ESENCIALES,
012 - DICIEMBRE                               , ,,003 - YOYO                                    ,004 - ESENCIAL MODA                           ,001 - CAMISETA                                ,001 - TEJIDO PUNTO                            ,B35048249,CAMISETA MC TP CON ESTAMPADO ESENCIALES,001 - PRODUCCION INTERNA TELA NACIONALIZADA
012 - DICIEMBRE                               , ,,003 - YOYO                                    ,004 - ESENCIAL MODA                           ,,001 - TEJIDO PUNTO                            ,B35049249,CAMISETA MC TP CON ESTAMPADO ESENCIALES,
012 - DICIEMBRE                               , ,,003 - YOYO                                    ,005 - ESENCIAL                                ,,001 - TEJIDO PUNTO                            ,B35052249,CAMISETA MC TP OVERSIZED ESTAMPADO EN F,
012 - DICIEMBRE                               , ,,003 - YOYO                                    ,005 - ESENCIAL                                ,,001 - TEJIDO PUNTO                            ,B35054202,COOL DESCADERADO TIRO BAJO ESENCIALES,
012 - DICIEMBRE                               , ,,003 - YOYO                                    ,005 - ESENCIAL                                ,,001 - TEJIDO PUNTO                            ,B35054249,CAMISETA MC TP TIPO POLO ESENCIALES,
012 - DICIEMBRE                               , ,,003 - YOYO                                    ,008 - MODA                                    ,,001 - TEJIDO PUNTO                            ,B36161701,CONJUNTO ML TEEN PLUS TRES PRENDAS DEPO,
012 - DICIEMBRE                               , ,,003 - YOYO                                    ,008 - MODA                                    ,,001 - TEJIDO PUNTO                            ,B38002737,ENTERIZO TIRAS TP CORTO CON CORREA EN C,
012 - DICIEMBRE                               , ,,003 - YOYO                                    ,008 - MODA                                    ,,001 - TEJIDO PUNTO                            ,B38039217,PANTALON TIRO ALTO TP CON BOLSILLOS CAR,
012 - DICIEMBRE                               , ,,003 - YOYO                                    ,008 - MODA                                    ,,001 - TEJIDO PUNTO                            ,B38049216,JOGGER TP CON CORTES EN FRENTE Y BOL PA,
012 - DICIEMBRE                               , ,,003 - YOYO                                    ,008 - MODA                                    ,,001 - TEJIDO PUNTO                            ,B38051716,JOGGER TP CON CORTES EN FRENTE Y BOL PA,
012 - DICIEMBRE                               , ,,003 - YOYO                                    ,008 - MODA                                    ,,001 - TEJIDO PUNTO                            ,B38052223,VESTIDO TIRAS TEEN PLUS FULL PRINT,
012 - DICIEMBRE                               , ,,003 - YOYO                                    ,008 - MODA                                    ,,001 - TEJIDO PUNTO                            ,B38052721,VESTIDO M/SISA TEEN PLUS COLOR CORTO,
012 - DICIEMBRE                               , ,,003 - YOYO                                    ,008 - MODA                                    ,,001 - TEJIDO PUNTO                            ,B38055723,VESTIDO TIRAS TEEN PLUS ESTAMADO FULL P,
012 - DICIEMBRE                               , ,,003 - YOYO                                    ,008 - MODA                                    ,,001 - TEJIDO PUNTO                            ,B38057723,VESTIDO TIRAS TEEN PLUS CON ENCAJE EN E,
012 - DICIEMBRE                               , ,,003 - YOYO                                    ,008 - MODA                                    ,,001 - TEJIDO PUNTO                            ,B38058217,PANTALON TIRO ALTO TP CON BOLSILLOS PAR,
012 - DICIEMBRE                               , ,,003 - YOYO                                    ,008 - MODA                                    ,,001 - TEJIDO PUNTO                            ,B38058221,VESTIDO MS TP CON CORTES EN FRENTE CORT,
012 - DICIEMBRE                               , ,,003 - YOYO                                    ,008 - MODA                                    ,,001 - TEJIDO PUNTO                            ,B38061221,VESTIDO MS TP CORTO CON ABERTURA EN COS,
012 - DICIEMBRE                               , ,,003 - YOYO                                    ,008 - MODA                                    ,,001 - TEJIDO PUNTO                            ,B38061223,VESTIDO TIRAS TP LARGO BRILLANTE,
012 - DICIEMBRE                               , ,,003 - YOYO                                    ,008 - MODA                                    ,,001 - TEJIDO PUNTO                            ,B38062721,VESTIDO MS TP CON BRILLO Y ABERTURA EN,
012 - DICIEMBRE                               , ,,003 - YOYO                                    ,008 - MODA                                    ,,001 - TEJIDO PUNTO                            ,B38063217,PANTALON TP  CON CORTES EN CENTRO,
012 - DICIEMBRE                               , ,,003 - YOYO                                    ,008 - MODA                                    ,,001 - TEJIDO PUNTO                            ,B38063721,VESTIDO MS TP CON BRILLO Y ABERTURA EN,
012 - DICIEMBRE                               , ,,003 - YOYO                                    ,008 - MODA                                    ,,001 - TEJIDO PUNTO                            ,B38064221,VESTIDO MS TP CON ABERTURA EN FRENTE CO,
012 - DICIEMBRE                               , ,,003 - YOYO                                    ,008 - MODA                                    ,,001 - TEJIDO PUNTO                            ,B38069723,VESTIDO TIRAS TP CORTO BRILLOS,
012 - DICIEMBRE                               , ,,003 - YOYO                                    ,008 - MODA                                    ,,001 - TEJIDO PUNTO                            ,B38076717,PANTALON TIRO ALTO TP EN CORDOROY,
012 - DICIEMBRE                               , ,,003 - YOYO                                    ,008 - MODA                                    ,,001 - TEJIDO PUNTO                            ,B38078217,PANTALON TIRO ALTO TP ABERTURA EN COSTA,
012 - DICIEMBRE                               , ,,003 - YOYO                                    ,008 - MODA                                    ,,001 - TEJIDO PUNTO                            ,B38080217,PANTALON TIRO ALTO TP CON DETALLE EN CO,
012 - DICIEMBRE                               , ,,003 - YOYO                                    ,008 - MODA                                    ,,001 - TEJIDO PUNTO                            ,B38081217,PANTALON TIRO ALTO TP CON SESGO DECORAT,
012 - DICIEMBRE                               , ,,003 - YOYO                                    ,008 - MODA                                    ,,001 - TEJIDO PUNTO                            ,B38083217,PANTALON TIRO ALTO CON BOLSILLOS CARGO,
012 - DICIEMBRE                               , ,,003 - YOYO                                    ,008 - MODA                                    ,,001 - TEJIDO PUNTO                            ,B38084217,PANTALON TP CON ELÁSTICO EXPUESTO EN PR,
012 - DICIEMBRE                               , ,,003 - YOYO                                    ,008 - MODA                                    ,,001 - TEJIDO PUNTO                            ,B38084719,VESTIDO MC TP LAV COLOR CON CINTURON,
012 - DICIEMBRE                               , ,,003 - YOYO                                    ,008 - MODA                                    ,,001 - TEJIDO PUNTO                            ,B38087217,PANTALON TIRO ALTO TP PRETINA RECOGIDA,
012 - DICIEMBRE                               , ,,003 - YOYO                                    ,008 - MODA                                    ,,001 - TEJIDO PUNTO                            ,B38094219,VESTIDO MC TP DOBLE PRENDA BRILLANTE,
012 - DICIEMBRE                               , ,,003 - YOYO                                    ,008 - MODA                                    ,,001 - TEJIDO PUNTO                            ,B38379201,FALDA CORTA TEEN PLUS CON TABLAS,
012 - DICIEMBRE                               , ,,003 - YOYO                                    ,008 - MODA                                    ,,001 - TEJIDO PUNTO                            ,B38381701,FALDA T/ALTO TEEN PLUS PARACHUTE CON AB,
012 - DICIEMBRE                               , ,,003 - YOYO                                    ,008 - MODA                                    ,,001 - TEJIDO PUNTO                            ,B38399701,FALDA TP CON TABLAS SHORT INTERNO,
012 - DICIEMBRE                               , ,,003 - YOYO                                    ,008 - MODA                                    ,,001 - TEJIDO PUNTO                            ,MY0004825,BUZO CERRADO OVERSIZE CON TACHES,
012 - DICIEMBRE                               , ,,003 - YOYO                                    ,008 - MODA                                    ,,001 - TEJIDO PUNTO                            ,MY0004826,CHAQUETA DENIM CROP CUELLO CONTRASTE,
012 - DICIEMBRE                               , ,,003 - YOYO                                    ,008 - MODA                                    ,,001 - TEJIDO PUNTO                            ,MY0004823,BUZO ABIERTO CUELLO ALTO CON CIERRE,
011 - NOVIEMBRE                               , ,043 - 4NOV3                                   ,003 - YOYO                                    ,008 - MODA                                    ,004 - SOBRETODOS                              ,005 - DENIM                                   ,MY0004824,CHALECO MANGA SISA LAV CLARO,001 - PRODUCCION INTERNA TELA NACIONALIZADA
011 - NOVIEMBRE                               , ,,003 - YOYO                                    ,008 - MODA                                    ,,005 - DENIM                                   ,B48017201,FALDA TEEN PLUS DE TABLAS CON HEBILLA C,
011 - NOVIEMBRE                               , ,,003 - YOYO                                    ,008 - MODA                                    ,,005 - DENIM                                   ,X30001258,ENTERIZO STRAPLESS TEEN PLUS LAV MEDIO,
011 - NOVIEMBRE                               , ,,003 - YOYO                                    ,008 - MODA                                    ,,005 - DENIM                                   ,X30001260,ENTERIZO MC TEEN PLUS LAV MEDIO,
011 - NOVIEMBRE                               , ,,003 - YOYO                                    ,008 - MODA                                    ,,005 - DENIM                                   ,X30001272,RETROMOM DESCADERADO  TP LAV CLARO,
011 - NOVIEMBRE                               , ,,003 - YOYO                                    ,008 - MODA                                    ,,005 - DENIM                                   ,X30001276,BLOOM TIRO ALTO TP LAV MEDIO,
011 - NOVIEMBRE                               , ,,003 - YOYO                                    ,008 - MODA                                    ,,005 - DENIM                                   ,X30001277,COOL PREMIUM DESCADERADO TIRO BAJO TP L,
011 - NOVIEMBRE                               , ,,003 - YOYO                                    ,008 - MODA                                    ,,005 - DENIM                                   ,X30001278,PANTALON CARGO DESCADERADO TP NEGRO,
011 - NOVIEMBRE                               , ,,003 - YOYO                                    ,008 - MODA                                    ,,005 - DENIM                                   ,X30002272,RETROMOM DESCADERADO TP LAV MEDIO,
011 - NOVIEMBRE                               , ,,003 - YOYO                                    ,008 - MODA                                    ,,005 - DENIM                                   ,X30003272,RETROMOM  DESCADERADO TP LAV MEDIO,
011 - NOVIEMBRE                               , ,,003 - YOYO                                    ,008 - MODA                                    ,,005 - DENIM                                   ,X30009149,TEJANO TIRO MEDIO TEEN LAV CLARO,
011 - NOVIEMBRE                               , ,,003 - YOYO                                    ,008 - MODA                                    ,,005 - DENIM                                   ,X30010149,TEJANO TIRO MEDIO TEEN BOTA CAMPANA,
011 - NOVIEMBRE                               , ,,003 - YOYO                                    ,008 - MODA                                    ,,005 - DENIM                                   ,X30010242,BAGGY TIRO ALTO TEEN PLUS LAV CLARO CON,
011 - NOVIEMBRE                               , ,,003 - YOYO                                    ,008 - MODA                                    ,,005 - DENIM                                   ,X30011142,BAGGY T/ALTO TEEN COLOR,
011 - NOVIEMBRE                               , ,,003 - YOYO                                    ,008 - MODA                                    ,,005 - DENIM                                   ,X30012142,BAGGY TIRO ALTO TEEN LAV CLARO,
011 - NOVIEMBRE                               , ,,003 - YOYO                                    ,008 - MODA                                    ,,005 - DENIM                                   ,X30012249,TEJANO TIRO ALTO TP LAVADO MEDIO,
011 - NOVIEMBRE                               , ,,003 - YOYO                                    ,008 - MODA                                    ,,005 - DENIM                                   ,X30013142,BAGGY TIRO ALTO TEEN LAV MEDIO OSCURO,
011 - NOVIEMBRE                               , ,,003 - YOYO                                    ,008 - MODA                                    ,,005 - DENIM                                   ,X30013249,TEJANO TIRO ALTO TP LAV NEGRO,
011 - NOVIEMBRE                               , ,,003 - YOYO                                    ,008 - MODA                                    ,,005 - DENIM                                   ,X30014242,BAGGY TIRO ALTO TP LAV COLOR,
011 - NOVIEMBRE                               , ,,003 - YOYO                                    ,008 - MODA                                    ,,005 - DENIM                                   ,X30015249,TEJANO PREMIUM TIRO ALTO TP LAV NEGRO,
011 - NOVIEMBRE                               , ,,003 - YOYO                                    ,008 - MODA                                    ,,005 - DENIM                                   ,X30017249,TEJANO T/ALTO TP LAV MEDIO CON BOLSILLO,
011 - NOVIEMBRE                               , ,,003 - YOYO                                    ,008 - MODA                                    ,,005 - DENIM                                   ,X30020124,JOGGER TIRO ALTO TEEN LAV COLOR,
011 - NOVIEMBRE                               , ,,003 - YOYO                                    ,008 - MODA                                    ,,005 - DENIM                                   ,X30020249,TEJANO TIRO ALTO TP LAV CLARO,
011 - NOVIEMBRE                               , ,,003 - YOYO                                    ,008 - MODA                                    ,,005 - DENIM                                   ,X30021249,TEJANO TIRO ALTO TP LAV CLARO,
011 - NOVIEMBRE                               , ,,003 - YOYO                                    ,008 - MODA                                    ,,005 - DENIM                                   ,X30022249,TEJANO PREMIUM TIRO ALTO TEEN PLUS NEGR,
011 - NOVIEMBRE                               , ,,003 - YOYO                                    ,008 - MODA                                    ,,005 - DENIM                                   ,X30023124,JOGGER TIRO ALTO TEEN LAV MEDIO OSCURO,
011 - NOVIEMBRE                               , ,,003 - YOYO                                    ,008 - MODA                                    ,,005 - DENIM                                   ,X30023249,TEJANO TIRO ALTO TP LAV MEDIO CON APLIQ,
011 - NOVIEMBRE                               , ,,003 - YOYO                                    ,008 - MODA                                    ,,005 - DENIM                                   ,X30024124,JOGGER TIRO ALTO TEEN LAV COLOR,
011 - NOVIEMBRE                               , ,,003 - YOYO                                    ,008 - MODA                                    ,,005 - DENIM                                   ,X30024249,TEJANO TIRO ALTO TP LAV MEDIO,
011 - NOVIEMBRE                               , ,,003 - YOYO                                    ,008 - MODA                                    ,,005 - DENIM                                   ,X30025124,JOGGER PREMIUM TIRO ALTO TEEN,
011 - NOVIEMBRE                               , ,,003 - YOYO                                    ,008 - MODA                                    ,,005 - DENIM                                   ,X30025249,TEJANO PREMIUM TIRO ALTO TP LAV NEGRO,
011 - NOVIEMBRE                               , ,,003 - YOYO                                    ,008 - MODA                                    ,,005 - DENIM                                   ,X30026224,JOGGER TIRO ALTO TP,
011 - NOVIEMBRE                               , ,,003 - YOYO                                    ,008 - MODA                                    ,,005 - DENIM                                   ,X30026249,TEJANO TIRO ALTO TP LAV CLARO,
011 - NOVIEMBRE                               , ,,003 - YOYO                                    ,008 - MODA                                    ,,005 - DENIM                                   ,X30027249,TEJANO TIRO ALTO TP LAV MEDIO OSCURO,
011 - NOVIEMBRE                               , ,,003 - YOYO                                    ,008 - MODA                                    ,,005 - DENIM                                   ,X30029224,JOGGER TIRO ALTO TP LAV  NEGRO,
011 - NOVIEMBRE                               , ,,003 - YOYO                                    ,008 - MODA                                    ,,005 - DENIM                                   ,X30030145,JARDINERA TEEN LAV COLOR,
011 - NOVIEMBRE                               , ,,003 - YOYO                                    ,008 - MODA                                    ,,005 - DENIM                                   ,X30047223,FALDA TIRO ALTO TP LAV COLOR,
011 - NOVIEMBRE                               , ,,003 - YOYO                                    ,008 - MODA                                    ,,005 - DENIM                                   ,X30047244,OVERALL LARGO TP COLOR,
011 - NOVIEMBRE                               , ,,003 - YOYO                                    ,008 - MODA                                    ,,005 - DENIM                                   ,X30048223,FALDA TIRO ALTO TP EN CORDURY CORTO,
011 - NOVIEMBRE                               , ,,003 - YOYO                                    ,008 - MODA                                    ,,005 - DENIM                                   ,X30049123,FALDA T/ALTO TEEN LAV CLARO CON PRENSES,
011 - NOVIEMBRE                               , ,,003 - YOYO                                    ,008 - MODA                                    ,,005 - DENIM                                   ,X30049244,OVERALL LARGO TP LAV COLOR,
011 - NOVIEMBRE                               , ,,003 - YOYO                                    ,008 - MODA                                    ,,005 - DENIM                                   ,X30050123,FALDA TIRO ALTO TEEN COLOR EN CORDUROY,
011 - NOVIEMBRE                               , ,,003 - YOYO                                    ,008 - MODA                                    ,,005 - DENIM                                   ,X30050134,CARGO TIRO ALTO TEEN LAV MEDIO,
011 - NOVIEMBRE                               , ,,003 - YOYO                                    ,008 - MODA                                    ,,005 - DENIM                                   ,X30051244,OVERALL LARGO TP LAV MEDIO,
011 - NOVIEMBRE                               , ,,003 - YOYO                                    ,008 - MODA                                    ,,005 - DENIM                                   ,X30052147,FALDA SHORT TIRO ALTO TEEN LAV COLOR,
011 - NOVIEMBRE                               , ,,003 - YOYO                                    ,008 - MODA                                    ,,005 - DENIM                                   ,X30053223,FALDA TIRO ALTO TP DE TABLAS CORTA,
011 - NOVIEMBRE                               , ,,003 - YOYO                                    ,008 - MODA                                    ,,005 - DENIM                                   ,X30054223,FALDA TIRO ALTO TP COLOR CORTA,
011 - NOVIEMBRE                               , ,,003 - YOYO                                    ,008 - MODA                                    ,,005 - DENIM                                   ,X30054247,FALDA SHORT TIRO ALTO TP  CON ABERTURAS,
011 - NOVIEMBRE                               , ,,003 - YOYO                                    ,008 - MODA                                    ,,005 - DENIM                                   ,X30055123,FALDA TIRO ALTO TEEN LAV COLOR CON SHOR,
011 - NOVIEMBRE                               , ,,003 - YOYO                                    ,008 - MODA                                    ,,005 - DENIM                                   ,X30056223,FALDA TIRO ALTO TP CON SHORT INTERNO,
011 - NOVIEMBRE                               , ,,003 - YOYO                                    ,008 - MODA                                    ,,005 - DENIM                                   ,X30056246,OVERALL CORTO TP LAV MEDIO,
011 - NOVIEMBRE                               , ,,003 - YOYO                                    ,008 - MODA                                    ,,005 - DENIM                                   ,X30057223,FALDA TIRO ALTO TEEN PLUS LAV MEDIO,
011 - NOVIEMBRE                               , ,,003 - YOYO                                    ,008 - MODA                                    ,,005 - DENIM                                   ,X30057246,OVERALL CORTO TP LAV MEDIO,
011 - NOVIEMBRE                               , ,,003 - YOYO                                    ,008 - MODA                                    ,,005 - DENIM                                   ,X30059223,FALDA TIRO ALTO TP MARFIL,
011 - NOVIEMBRE                               , ,,003 - YOYO                                    ,008 - MODA                                    ,,005 - DENIM                                   ,X30060223,FALDA TIRO ALTO TP LAV MEDIO,
011 - NOVIEMBRE                               , ,,003 - YOYO                                    ,008 - MODA                                    ,,005 - DENIM                                   ,X30061223,FALDA TIRO ALTO TP LAV   CON SHORT INTE,
011 - NOVIEMBRE                               , ,,003 - YOYO                                    ,008 - MODA                                    ,,005 - DENIM                                   ,X30061247,FALDA SHORT TIRO ALTO TP NEGRO,
011 - NOVIEMBRE                               , ,,003 - YOYO                                    ,008 - MODA                                    ,,005 - DENIM                                   ,X30062223,FALDA TIRO ALTO TP LAV CLARO,
011 - NOVIEMBRE                               , ,,003 - YOYO                                    ,008 - MODA                                    ,,005 - DENIM                                   ,X30063223,FALDA TIRO ALTO TP COLOR NEGRO,
011 - NOVIEMBRE                               , ,,003 - YOYO                                    ,008 - MODA                                    ,,005 - DENIM                                   ,X30064247,FALDA SHORT TIRO ALTO TP LAV MEDIO OSCU,
011 - NOVIEMBRE                               , ,,003 - YOYO                                    ,008 - MODA                                    ,,005 - DENIM                                   ,X30064737,CRAZY PREMIUM T/ALTO TEEN PLUS,
011 - NOVIEMBRE                               , ,,003 - YOYO                                    ,008 - MODA                                    ,,005 - DENIM                                   ,X30065147,FALDA SHORT TIRO ALTO TEEN COLOR,
011 - NOVIEMBRE                               , ,,003 - YOYO                                    ,008 - MODA                                    ,,005 - DENIM                                   ,X30065223,FALDA TIRO ALTO TP LAV  CLARO,
011 - NOVIEMBRE                               , ,,003 - YOYO                                    ,008 - MODA                                    ,,005 - DENIM                                   ,X30065234,PANTALON CARGO TIRO ALTO TEEN PLUS LAV,
011 - NOVIEMBRE                               , ,,003 - YOYO                                    ,008 - MODA                                    ,,005 - DENIM                                   ,X30066223,FALDA TIRO ALTO TP LAV MEDIO CON SHORT,
011 - NOVIEMBRE                               , ,,003 - YOYO                                    ,008 - MODA                                    ,,005 - DENIM                                   ,X30067134,PANTALON CARGO TIRO ALTO TEEN LAV CLARO,
011 - NOVIEMBRE                               , ,,003 - YOYO                                    ,008 - MODA                                    ,,005 - DENIM                                   ,X30067223,FALDA TIRO MEDIO TP COLOR MARFIL,
011 - NOVIEMBRE                               , ,,003 - YOYO                                    ,008 - MODA                                    ,,005 - DENIM                                   ,X30068223,FALDA TIRO ALTO TP LAV CLARO,
011 - NOVIEMBRE                               , ,,003 - YOYO                                    ,008 - MODA                                    ,,005 - DENIM                                   ,X30068234,PANTALON CARGO TIRO ALTO TP CON AJUSTE,
011 - NOVIEMBRE                               , ,,003 - YOYO                                    ,008 - MODA                                    ,,005 - DENIM                                   ,X30068237,CRAZY PREMIUM T/ALTO TP LAV MEDIO CON A,
011 - NOVIEMBRE                               , ,,003 - YOYO                                    ,008 - MODA                                    ,,005 - DENIM                                   ,X30068247,FALDA SHORT TIRO ALTO LAV MEDIO,
011 - NOVIEMBRE                               , ,,003 - YOYO                                    ,008 - MODA                                    ,,005 - DENIM                                   ,X30069223,FALDA TIRO ALTO TP CON SHORT INTERNO,
011 - NOVIEMBRE                               , ,,003 - YOYO                                    ,008 - MODA                                    ,,005 - DENIM                                   ,X30069234,PANTALON CARGO TIRO ALTO TP,
011 - NOVIEMBRE                               , ,,003 - YOYO                                    ,008 - MODA                                    ,,005 - DENIM                                   ,X30070134,PANTALON CARGO TIRO ALTO TEEN LAVADO CL,
011 - NOVIEMBRE                               , ,,003 - YOYO                                    ,008 - MODA                                    ,,005 - DENIM                                   ,X30070223,FALDA TIRO MEDIO TP LAV MEDIO OSCURO,
011 - NOVIEMBRE                               , ,,003 - YOYO                                    ,008 - MODA                                    ,,005 - DENIM                                   ,X30070237,CRAZY PREMIUM TIRO ALTO TP CON FILETE E,
011 - NOVIEMBRE                               , ,,003 - YOYO                                    ,008 - MODA                                    ,,005 - DENIM                                   ,X30071134,PANTALON CARGO TIRO ALTO TEEN,
011 - NOVIEMBRE                               , ,,003 - YOYO                                    ,008 - MODA                                    ,,005 - DENIM                                   ,X30071223,FALDA PREMIUM TIRO ALTO TP LAV MEDIO CO,
011 - NOVIEMBRE                               , ,,003 - YOYO                                    ,008 - MODA                                    ,,005 - DENIM                                   ,X30071237,CRAZY  PREMIUM T/ALTO TP LAV MEDIO OSCU,
011 - NOVIEMBRE                               , ,,003 - YOYO                                    ,008 - MODA                                    ,,005 - DENIM                                   ,X30072222,MOM JEAN T/ALTO TP LAV CLARO BALLOON,
011 - NOVIEMBRE                               , ,,003 - YOYO                                    ,008 - MODA                                    ,,005 - DENIM                                   ,X30072223,FALDA TIRO ALTO TP LV MEDIO CON APLIQUE,
011 - NOVIEMBRE                               , ,,003 - YOYO                                    ,008 - MODA                                    ,,005 - DENIM                                   ,X30072234,PANTALON CARGO TIRO ALTO TP,
011 - NOVIEMBRE                               , ,,003 - YOYO                                    ,008 - MODA                                    ,,005 - DENIM                                   ,X30072237,CRAZY PREMIUM TIRO ALTO TP LAV MEDIO OS,
011 - NOVIEMBRE                               , ,,003 - YOYO                                    ,008 - MODA                                    ,,005 - DENIM                                   ,X30073223,FALDA TIRO ALTO TP LAV COLOR NEGRO,
011 - NOVIEMBRE                               , ,,003 - YOYO                                    ,008 - MODA                                    ,,005 - DENIM                                   ,X30073234,PANTALON CARGO TIRO ALTO TP LAV COLOR,
011 - NOVIEMBRE                               , ,,003 - YOYO                                    ,008 - MODA                                    ,,005 - DENIM                                   ,X30073237,CRAZY PREMIUM TIRO ALTO TP LAV MEDIO,
011 - NOVIEMBRE                               , ,,003 - YOYO                                    ,008 - MODA                                    ,,005 - DENIM                                   ,X30073247,FALDA SHORT TIRO ALTO TP LAV CLARO,
011 - NOVIEMBRE                               , ,,003 - YOYO                                    ,008 - MODA                                    ,,005 - DENIM                                   ,X30074223,FALDA TIRO MEDIO TP LAV MEDIO,
011 - NOVIEMBRE                               , ,,003 - YOYO                                    ,008 - MODA                                    ,,005 - DENIM                                   ,X30074234,PANTALON CARGO TIRO ALTO TP LAV COLOR,
011 - NOVIEMBRE                               , ,,003 - YOYO                                    ,008 - MODA                                    ,,005 - DENIM                                   ,X30074247,FALDA SHORT TIRO ALTO LAV COLOR,
011 - NOVIEMBRE                               , ,,003 - YOYO                                    ,008 - MODA                                    ,,005 - DENIM                                   ,X30075134,PANTALON CARGO TIRO ALTO TEEN  LAV MEDI,
011 - NOVIEMBRE                               , ,,003 - YOYO                                    ,008 - MODA                                    ,,005 - DENIM                                   ,X30075223,FALDA TIRO MEDIO TP LAV MEDIO,
011 - NOVIEMBRE                               , ,,003 - YOYO                                    ,008 - MODA                                    ,,005 - DENIM                                   ,X30075247,FALDA SHORT TIRO ALTO TP LAV CLARO,
011 - NOVIEMBRE                               , ,,003 - YOYO                                    ,008 - MODA                                    ,,005 - DENIM                                   ,X30076122,MOM JEAN TIRO ALTO TEEN LAV MEDIO,
011 - NOVIEMBRE                               , ,,003 - YOYO                                    ,008 - MODA                                    ,,005 - DENIM                                   ,X30076223,FALDA TIRO ALTO TP LAV CLARO,
011 - NOVIEMBRE                               , ,,003 - YOYO                                    ,008 - MODA                                    ,,005 - DENIM                                   ,X30076234,PANTALON CARGO TIRO ALTO TP LAV MEDIO O,
011 - NOVIEMBRE                               , ,,003 - YOYO                                    ,008 - MODA                                    ,,005 - DENIM                                   ,X30076247,FALDA SHORT TIRO ALTO TP LAV MEDIO,
011 - NOVIEMBRE                               , ,,003 - YOYO                                    ,008 - MODA                                    ,,005 - DENIM                                   ,X30077223,FALDA CON SHORT INTERNO TIRO ALTO TP LA,
011 - NOVIEMBRE                               , ,,003 - YOYO                                    ,008 - MODA                                    ,,005 - DENIM                                   ,X30077234,PANTALON CARGO TIRO ALTO TP LAV MEDIO O,
011 - NOVIEMBRE                               , ,,003 - YOYO                                    ,008 - MODA                                    ,,005 - DENIM                                   ,X30078122,MOM JEAN TIRO ALTO TEEN LAVADO NEGRO,
011 - NOVIEMBRE                               , ,,003 - YOYO                                    ,008 - MODA                                    ,,005 - DENIM                                   ,X30078223,FALDA TIRO MEDIO CON SHORT INTERNO TP L,
011 - NOVIEMBRE                               , ,,003 - YOYO                                    ,008 - MODA                                    ,,005 - DENIM                                   ,X30078234,PANTALON CARGO TIRO ALTO TP LAV NEGRO,
011 - NOVIEMBRE                               , ,,003 - YOYO                                    ,008 - MODA                                    ,,005 - DENIM                                   ,X30078247,FALDA SHORT TIRO MEDIO TP LAV MEDIO,
011 - NOVIEMBRE                               , ,,003 - YOYO                                    ,008 - MODA                                    ,,005 - DENIM                                   ,X30079122,MOM JEAN TIRO ALTO TEEN LAV MEDIO,
011 - NOVIEMBRE                               , ,,003 - YOYO                                    ,008 - MODA                                    ,,005 - DENIM                                   ,X30079247,FALDA SHORT TIRO MEDIO TP LAV MEDIO,
011 - NOVIEMBRE                               , ,,003 - YOYO                                    ,008 - MODA                                    ,,005 - DENIM                                   ,X30080247,FALDA SHORT TIRO ALTO TP LAV CLARO,
011 - NOVIEMBRE                               , ,,003 - YOYO                                    ,008 - MODA                                    ,,005 - DENIM                                   ,X30081122,MOM JEAN TIRO ALTO TEEN LAVADO MEDIO,
011 - NOVIEMBRE                               , ,,003 - YOYO                                    ,008 - MODA                                    ,,005 - DENIM                                   ,X30081134,PANTALON CARGO TIRO ALTO TEEN LAV MEDIO,
011 - NOVIEMBRE                               , ,,003 - YOYO                                    ,008 - MODA                                    ,,005 - DENIM                                   ,X30081247,FALDA SHORT TIRO ALTO TP LAV CLARO,
011 - NOVIEMBRE                               , ,,003 - YOYO                                    ,008 - MODA                                    ,,005 - DENIM                                   ,X30082222,MOM JEAN  T/ALTO TEEN PLUS LAV MEDIO BO,
011 - NOVIEMBRE                               , ,,003 - YOYO                                    ,008 - MODA                                    ,,005 - DENIM                                   ,X30082234,PANTALON CARGO T/ALTO TP  CON BOLSILLOS,
011 - NOVIEMBRE                               , ,,003 - YOYO                                    ,008 - MODA                                    ,,005 - DENIM                                   ,X30083222,MOM JEAN TIRO ALTO TEEN PLUS LAV  NEGRO,
011 - NOVIEMBRE                               , ,,003 - YOYO                                    ,008 - MODA                                    ,,005 - DENIM                                   ,X30083234,CARGO TIRO ALTO TP LAV MEDIO TEJANO,
011 - NOVIEMBRE                               , ,,003 - YOYO                                    ,008 - MODA                                    ,,005 - DENIM                                   ,X30084134,PANTALON CARGO T/ALTO TEEN LAV MEDIO OS,
011 - NOVIEMBRE                               , ,,003 - YOYO                                    ,008 - MODA                                    ,,005 - DENIM                                   ,X30085222,MOM JEAN TIRO ALTO TP LAV CLARO,
011 - NOVIEMBRE                               , ,,003 - YOYO                                    ,008 - MODA                                    ,,005 - DENIM                                   ,X30086222,MOM JEAN TIRO ALTO TP LAV CLARO COSTADO,
011 - NOVIEMBRE                               , ,,003 - YOYO                                    ,008 - MODA                                    ,,005 - DENIM                                   ,X30087222,MOM JEAN TIRO MEDIO  TP LAV CLARO,
011 - NOVIEMBRE                               , ,,003 - YOYO                                    ,008 - MODA                                    ,,005 - DENIM                                   ,X30087234,PANTALON CARGO TIRO ALTO TP LAV MEDIO,
011 - NOVIEMBRE                               , ,,003 - YOYO                                    ,008 - MODA                                    ,,005 - DENIM                                   ,X30088222,MOMJEAN TIRO ALTO TP LAV CLARO CON PARC,
011 - NOVIEMBRE                               , ,,003 - YOYO                                    ,008 - MODA                                    ,,005 - DENIM                                   ,X30088234,PANTALON CARGO TIRO ALTO TP LAV COLOR,
011 - NOVIEMBRE                               , ,,003 - YOYO                                    ,008 - MODA                                    ,,005 - DENIM                                   ,X30089234,PANTALON CARGO TIRO ALTO TP LAV MEDIO,
011 - NOVIEMBRE                               , ,,003 - YOYO                                    ,008 - MODA                                    ,,005 - DENIM                                   ,X30090222,MOMJEAN TIRO ALTO TP LAV CLARO,
011 - NOVIEMBRE                               , ,,003 - YOYO                                    ,008 - MODA                                    ,,005 - DENIM                                   ,X30090234,PANTALON CARGO TIRO ALTO TP LAV MEDIO O,
011 - NOVIEMBRE                               , ,,003 - YOYO                                    ,008 - MODA                                    ,,005 - DENIM                                   ,X30095234,PANTALON CARGO TIRO ALTO TP LAV MEDIO O,
011 - NOVIEMBRE                               , ,,003 - YOYO                                    ,008 - MODA                                    ,,005 - DENIM                                   ,X30096256,RETROMOM T/ALTO TEEN PLUS COLOR,
011 - NOVIEMBRE                               , ,,003 - YOYO                                    ,008 - MODA                                    ,,005 - DENIM                                   ,X30097234,PANTALON CARGO TIRO ALTO TP LAV MEDIO,
011 - NOVIEMBRE                               , ,,003 - YOYO                                    ,008 - MODA                                    ,,005 - DENIM                                   ,X30099234,PANTALON CARGO TIRO ALTO TP LAV MEDIO,
011 - NOVIEMBRE                               , ,,003 - YOYO                                    ,008 - MODA                                    ,,005 - DENIM                                   ,X30100234,PANTALON CARGO TIRO ALTO TP LAV COLOR,
011 - NOVIEMBRE                               , ,,003 - YOYO                                    ,008 - MODA                                    ,,005 - DENIM                                   ,X30101234,PANTALON CARGO TIRO ALTO TP LAV MEDIO,
011 - NOVIEMBRE                               , ,,003 - YOYO                                    ,008 - MODA                                    ,,005 - DENIM                                   ,X30102234,PANTALON CARGO TIRO ALTO TP LAV CLARO,
011 - NOVIEMBRE                               , ,,003 - YOYO                                    ,008 - MODA                                    ,,005 - DENIM                                   ,X30103234,PANTALON CARGO TIRO ALTO TP LAV MEDIO,
011 - NOVIEMBRE                               , ,,003 - YOYO                                    ,008 - MODA                                    ,,005 - DENIM                                   ,X30104234,PANTALON CARGO TIRO ALTO TP LAV MEDIO,
011 - NOVIEMBRE                               , ,,003 - YOYO                                    ,008 - MODA                                    ,,005 - DENIM                                   ,X30105234,PANTALON CARGO T/ALTO TP LAV CLARO CON,
011 - NOVIEMBRE                               , ,,003 - YOYO                                    ,008 - MODA                                    ,,005 - DENIM                                   ,X30106234,PANTALON CARGO TIRO ALTO TP LAV MEDIO,
011 - NOVIEMBRE                               , ,,003 - YOYO                                    ,008 - MODA                                    ,,005 - DENIM                                   ,X30106256,RETROMOM TIRO ALTO TEEN PLUS LAV COLOR,
011 - NOVIEMBRE                               , ,,003 - YOYO                                    ,008 - MODA                                    ,,005 - DENIM                                   ,X30107234,PANTALON CARGO TIRO ALTO TP LAV COLOR,
011 - NOVIEMBRE                               , ,,003 - YOYO                                    ,008 - MODA                                    ,,005 - DENIM                                   ,X30108234,PANTALON CARGO TIRO ALTO TP LAV NEGRO,
011 - NOVIEMBRE                               , ,,003 - YOYO                                    ,008 - MODA                                    ,,005 - DENIM                                   ,X30109234,PANTALON CARGO TIRO ALTO TP DE COLOR,
011 - NOVIEMBRE                               , ,,003 - YOYO                                    ,008 - MODA                                    ,,005 - DENIM                                   ,X30109256,RETROMOM TIRO ALTO TEEN PLUS LAV COLOR,
011 - NOVIEMBRE                               , ,,003 - YOYO                                    ,008 - MODA                                    ,,005 - DENIM                                   ,X30110156,RETROMOM TIRO ALTO TEEN LAV COLOR,
011 - NOVIEMBRE                               , ,,003 - YOYO                                    ,008 - MODA                                    ,,005 - DENIM                                   ,X30110234,PANTALON CARGO TIRO ALTO TP,
011 - NOVIEMBRE                               , ,,003 - YOYO                                    ,008 - MODA                                    ,,005 - DENIM                                   ,X30111156,RETROMOM TIRO ALTO TEEN CON BOLSILLO EN,
011 - NOVIEMBRE                               , ,,003 - YOYO                                    ,008 - MODA                                    ,,005 - DENIM                                   ,X30111234,PANTALON CARGO TIRO ALTO TP LAV MEDIO O,
011 - NOVIEMBRE                               , ,,003 - YOYO                                    ,008 - MODA                                    ,,005 - DENIM                                   ,X30112156,RETROMOM TIRO ALTO TEEN LAV MEDIO EFECT,
011 - NOVIEMBRE                               , ,,003 - YOYO                                    ,008 - MODA                                    ,,005 - DENIM                                   ,X30112234,PANTALON CARGO TIRO MEDIO TP CON CORTES,
011 - NOVIEMBRE                               , ,,003 - YOYO                                    ,008 - MODA                                    ,,005 - DENIM                                   ,X30113234,PANTALON CARGO TIRO ALTO TP LAV NEGRO,
011 - NOVIEMBRE                               , ,,003 - YOYO                                    ,008 - MODA                                    ,,005 - DENIM                                   ,X30114234,PANTALON CARGO TIRO ALTO  TP LAV MEDIO,
011 - NOVIEMBRE                               , ,,003 - YOYO                                    ,008 - MODA                                    ,,005 - DENIM                                   ,X30115234,PANTALON CARGO TIRO ALTO TP LAV MEDIO,
011 - NOVIEMBRE                               , ,,003 - YOYO                                    ,008 - MODA                                    ,,005 - DENIM                                   ,X30115256,RETROMOM TIRO ALTO TP LAV MEDIO EFECTO,
011 - NOVIEMBRE                               , ,,003 - YOYO                                    ,008 - MODA                                    ,,005 - DENIM                                   ,X30116234,PANTALON CARGO TIRO ALTO TP LAV MEDIO O,
011 - NOVIEMBRE                               , ,,003 - YOYO                                    ,008 - MODA                                    ,,005 - DENIM                                   ,X30117234,PANTALON CARGO TIRO ALTO TP LAV MEDIO,
011 - NOVIEMBRE                               , ,,003 - YOYO                                    ,008 - MODA                                    ,,005 - DENIM                                   ,X30118156,RETROMOM TIRO ALTO TEEN LAV MEDIO CON B,
011 - NOVIEMBRE                               , ,,003 - YOYO                                    ,008 - MODA                                    ,,005 - DENIM                                   ,X30118234,PANTALON CARGO TIRO BAJO TP LAV MEDIO,
011 - NOVIEMBRE                               , ,,003 - YOYO                                    ,008 - MODA                                    ,,005 - DENIM                                   ,X30119156,RETROMOM TIRO ALTO TEEN LAV MEDIO OSCUR,
011 - NOVIEMBRE                               , ,,003 - YOYO                                    ,008 - MODA                                    ,,005 - DENIM                                   ,X30119234,PANTALON CARGO TIRO BAJO TP LAV MEDIO O,
011 - NOVIEMBRE                               , ,,003 - YOYO                                    ,008 - MODA                                    ,,005 - DENIM                                   ,X30120234,PANTALON CARGO TIRO BAJO TP LAV MEDIO,
011 - NOVIEMBRE                               , ,,003 - YOYO                                    ,008 - MODA                                    ,,005 - DENIM                                   ,X30121234,PANTALON CARGO TIRO MEDIO TP LAV VERDE,
011 - NOVIEMBRE                               , ,,003 - YOYO                                    ,008 - MODA                                    ,,005 - DENIM                                   ,X30121256,RETROMOM TIRO ALTO TP LAV CLARO,
011 - NOVIEMBRE                               , ,,003 - YOYO                                    ,008 - MODA                                    ,,005 - DENIM                                   ,X30122256,RETROMOM TIRO ALTO TP LAVADO MEDIO,
011 - NOVIEMBRE                               , ,,003 - YOYO                                    ,008 - MODA                                    ,,005 - DENIM                                   ,X30124256,RETROMOM T/ALTO TP LAV MEDIO CON BOLSIL,
011 - NOVIEMBRE                               , ,,003 - YOYO                                    ,008 - MODA                                    ,,005 - DENIM                                   ,X30125256,RETROMOM TIRO ALTO TP LAV MEDIO OSCURO,
011 - NOVIEMBRE                               , ,,003 - YOYO                                    ,008 - MODA                                    ,,005 - DENIM                                   ,X30126156,RETROMOM TIRO ALTO TEEN LAV CLARO,
011 - NOVIEMBRE                               , ,,003 - YOYO                                    ,008 - MODA                                    ,,005 - DENIM                                   ,X30127239,PERFECT PREMIUM TIRO ALTO TP NEGRO,
011 - NOVIEMBRE                               , ,,003 - YOYO                                    ,008 - MODA                                    ,,005 - DENIM                                   ,X30127256,RETROMOM TIRO ALTO TP LAV OSCURO,
011 - NOVIEMBRE                               , ,,003 - YOYO                                    ,008 - MODA                                    ,,005 - DENIM                                   ,X30128256,RETROMOM TIRO ALTO TP LAV COLOR,
011 - NOVIEMBRE                               , ,,003 - YOYO                                    ,008 - MODA                                    ,,005 - DENIM                                   ,X30129256,RETROMOM TIRO ALTO TP LAV MEDIO OSCURO,
011 - NOVIEMBRE                               , ,,003 - YOYO                                    ,008 - MODA                                    ,,005 - DENIM                                   ,X30130256,RETROMOM TIRO ALTO TP LAV MEDIO,
011 - NOVIEMBRE                               , ,,003 - YOYO                                    ,008 - MODA                                    ,,005 - DENIM                                   ,X30131156,RETROMOM TIRO ALTO TEEN LAV MEDIO,
011 - NOVIEMBRE                               , ,,003 - YOYO                                    ,008 - MODA                                    ,,005 - DENIM                                   ,X30132256,RETROMOM TIRO ALTO TP LAV MEDIO,
011 - NOVIEMBRE                               , ,,003 - YOYO                                    ,008 - MODA                                    ,,005 - DENIM                                   ,X30133256,RETROMOM TIRO BAJO TP LAV MEDIO OSCURO,
011 - NOVIEMBRE                               , ,,003 - YOYO                                    ,008 - MODA                                    ,,005 - DENIM                                   ,X30135256,RETROMOM SUPER TIRO ALTO TP LAV MEDIO O,
011 - NOVIEMBRE                               , ,,003 - YOYO                                    ,008 - MODA                                    ,,005 - DENIM                                   ,X30136256,RETROMOM TIRO BAJO TP DESCADERADO,
011 - NOVIEMBRE                               , ,,003 - YOYO                                    ,008 - MODA                                    ,,005 - DENIM                                   ,X30137256,RETROMOM TIRO ALTO TP LAV NEGRO,
011 - NOVIEMBRE                               , ,,003 - YOYO                                    ,008 - MODA                                    ,,005 - DENIM                                   ,X30138236,COOL TIRO ALTO TP  LAV MEDIO BOTA TUBO,
011 - NOVIEMBRE                               , ,,003 - YOYO                                    ,008 - MODA                                    ,,005 - DENIM                                   ,X30138256,RETROMOM TIRO BAJO TP LAV MEDIO DESCADE,
011 - NOVIEMBRE                               , ,,003 - YOYO                                    ,008 - MODA                                    ,,005 - DENIM                                   ,X30139236,COOL TIRO ALTO TP LAV MEDIO CON HILADIL,
011 - NOVIEMBRE                               , ,,003 - YOYO                                    ,008 - MODA                                    ,,005 - DENIM                                   ,X30139256,RETROMOM TIRO ALTO TP LAV MEDIO OSCURO,
011 - NOVIEMBRE                               , ,,003 - YOYO                                    ,008 - MODA                                    ,,005 - DENIM                                   ,X30140236,COOL TIRO ALTO TP LAV MEDIO OSCURO,
011 - NOVIEMBRE                               , ,,003 - YOYO                                    ,008 - MODA                                    ,,005 - DENIM                                   ,X30140256,RETROMOM TIRO ALTO TP LAV COLOR,
011 - NOVIEMBRE                               , ,,003 - YOYO                                    ,008 - MODA                                    ,,005 - DENIM                                   ,X30141236,COOL TIRO BAJO TP LAV MEDIO,
011 - NOVIEMBRE                               , ,,003 - YOYO                                    ,008 - MODA                                    ,,005 - DENIM                                   ,X30141256,RETROMOM T/ALTO TP LAV NEGRO,
011 - NOVIEMBRE                               , ,,003 - YOYO                                    ,008 - MODA                                    ,,005 - DENIM                                   ,X30142256,RETROMOM TIRO ALTO TP LAV MEDIO OSCURO,
011 - NOVIEMBRE                               , ,,003 - YOYO                                    ,008 - MODA                                    ,,005 - DENIM                                   ,X30143236,COOL TIRO ALTO TP COLOR,
011 - NOVIEMBRE                               , ,,003 - YOYO                                    ,008 - MODA                                    ,,005 - DENIM                                   ,X30143256,RETROMOM TIRO ALTO TP LAV CLARO,
011 - NOVIEMBRE                               , ,,003 - YOYO                                    ,008 - MODA                                    ,,005 - DENIM                                   ,X30144236,COOL TIRO ALTO TP LAV MEDIO,
011 - NOVIEMBRE                               , ,,003 - YOYO                                    ,008 - MODA                                    ,,005 - DENIM                                   ,X30144256,RETROMOM TIRO MEDIO LAV  MEDIO CON APLI,
011 - NOVIEMBRE                               , ,,003 - YOYO                                    ,008 - MODA                                    ,,005 - DENIM                                   ,X30145256,RETROMOM TIRO MEDIO TP LAV CLARO,
011 - NOVIEMBRE                               , ,,003 - YOYO                                    ,008 - MODA                                    ,,005 - DENIM                                   ,X30146256,RETROMOM TIRO ALTO TP LAV MEDIO,
011 - NOVIEMBRE                               , ,,003 - YOYO                                    ,008 - MODA                                    ,,005 - DENIM                                   ,X30147256,RETROMOM TIRO ALTO TP LAV COLOR,
011 - NOVIEMBRE                               , ,,003 - YOYO                                    ,008 - MODA                                    ,,005 - DENIM                                   ,X30148256,RETROMOM TIRO ALTO TP LAV MEDIO OSCURO,
011 - NOVIEMBRE                               , ,,003 - YOYO                                    ,008 - MODA                                    ,,005 - DENIM                                   ,X30149256,RETROMOM TIRO ALTO TP LAV MEDIO CON BRI,
011 - NOVIEMBRE                               , ,,003 - YOYO                                    ,008 - MODA                                    ,,005 - DENIM                                   ,X30150256,RETROMOM TIRO MEDIO TP LAV MEDIO OSCURO,
011 - NOVIEMBRE                               , ,,003 - YOYO                                    ,008 - MODA                                    ,,005 - DENIM                                   ,X30151256,RETROMOM TIRO ALTO TP LAV MEDIO,
011 - NOVIEMBRE                               , ,,003 - YOYO                                    ,008 - MODA                                    ,,005 - DENIM                                   ,X30152256,RETROMOM TIRO ALTO TP LAV COLOR CON ACC,
011 - NOVIEMBRE                               , ,,003 - YOYO                                    ,008 - MODA                                    ,,005 - DENIM                                   ,X30153256,RETROMOM TIRO ALTO TP LAV NEGRO,
011 - NOVIEMBRE                               , ,,003 - YOYO                                    ,008 - MODA                                    ,,005 - DENIM                                   ,X30154256,RETROMOM TIRO ALTO TP LAV MEDIO OSCURO,
011 - NOVIEMBRE                               , ,,003 - YOYO                                    ,008 - MODA                                    ,,005 - DENIM                                   ,X30155256,RETROMOM TIRO ALTO TP LAV CLARO,
011 - NOVIEMBRE                               , ,,003 - YOYO                                    ,008 - MODA                                    ,,005 - DENIM                                   ,X30156256,RETROMOM TIRO ALTO TP LAV NEGRO,
011 - NOVIEMBRE                               , ,,003 - YOYO                                    ,008 - MODA                                    ,,005 - DENIM                                   ,X30157256,RETROMOM TIRO ALTO TP LAV MEDIO CON DIR,
011 - NOVIEMBRE                               , ,,003 - YOYO                                    ,008 - MODA                                    ,,005 - DENIM                                   ,X30158256,RETROMOM TIRO MEDIO TP LAV MEDIO OSCURO,
011 - NOVIEMBRE                               , ,,003 - YOYO                                    ,008 - MODA                                    ,,005 - DENIM                                   ,X30159256,RETROMOM TIRO ALTO TP LAV MEDIO,
011 - NOVIEMBRE                               , ,,003 - YOYO                                    ,008 - MODA                                    ,,005 - DENIM                                   ,X30160256,MAXI RETRO TIRO BAJO TP LAV MEDIO,
011 - NOVIEMBRE                               , ,,003 - YOYO                                    ,008 - MODA                                    ,,005 - DENIM                                   ,X30161256,RETROMOM  TIRO ALTO TP LAV MEDIO,
011 - NOVIEMBRE                               , ,,003 - YOYO                                    ,008 - MODA                                    ,,005 - DENIM                                   ,X30164256,MAXI RETRO TIRO BAJO TP LAV NEGRO,
011 - NOVIEMBRE                               , ,,003 - YOYO                                    ,008 - MODA                                    ,,005 - DENIM                                   ,X30215203,BERMUDA TIRO  MEDIO TP LAV MEDIO,
011 - NOVIEMBRE                               , ,,003 - YOYO                                    ,008 - MODA                                    ,,005 - DENIM                                   ,X30217203,BERMUDA TIRO BAJO TP LAV CLARO,
011 - NOVIEMBRE                               , ,,003 - YOYO                                    ,008 - MODA                                    ,,005 - DENIM                                   ,X30218203,BERMUDA TIRO BAJO TP LAV  MEDIO,
011 - NOVIEMBRE                               , ,,003 - YOYO                                    ,008 - MODA                                    ,,005 - DENIM                                   ,X30673733,SHORT TIRO ALTO TEEN PLUS LAV MEDIO,
011 - NOVIEMBRE                               , ,,003 - YOYO                                    ,008 - MODA                                    ,,005 - DENIM                                   ,X30687233,SHORT TIRO ALTO TEEN PLUS LAV COLOR,
011 - NOVIEMBRE                               , ,,003 - YOYO                                    ,008 - MODA                                    ,,005 - DENIM                                   ,X30708233,SHORT T/ALTO TP LAV MEDIO OSCURO BOTA D,
011 - NOVIEMBRE                               , ,,003 - YOYO                                    ,008 - MODA                                    ,,005 - DENIM                                   ,X30711133,SHORT TIRO ALTO TEEN LAV MEDIO,
011 - NOVIEMBRE                               , ,,003 - YOYO                                    ,008 - MODA                                    ,,005 - DENIM                                   ,X30713133,SHORT TIRO ALTO TEEN  LAV COLOR,
011 - NOVIEMBRE                               , ,,003 - YOYO                                    ,008 - MODA                                    ,,005 - DENIM                                   ,X30729233,SHORT TIRO ALTO TP LAV CLARO CON LASER,
011 - NOVIEMBRE                               , ,,003 - YOYO                                    ,008 - MODA                                    ,,005 - DENIM                                   ,X30732233,SHORT TIRO ALTO TP LAV CLARO,
011 - NOVIEMBRE                               , ,,003 - YOYO                                    ,008 - MODA                                    ,,005 - DENIM                                   ,X30735233,SHORT T/ALTO TP  COLOR CON BOLSILLOS,
011 - NOVIEMBRE                               , ,,003 - YOYO                                    ,008 - MODA                                    ,,005 - DENIM                                   ,X30736133,SHORT TIRO ALTO TEEN LAV COLOR,
011 - NOVIEMBRE                               , ,,003 - YOYO                                    ,008 - MODA                                    ,,005 - DENIM                                   ,X30737133,SHORT TIRO ALTO TEEN LAV MEDIO OSCURO,
011 - NOVIEMBRE                               , ,,003 - YOYO                                    ,008 - MODA                                    ,,005 - DENIM                                   ,X30739233,SHORT TIRO ALTO TP LAV MEDIO,
011 - NOVIEMBRE                               , ,,003 - YOYO                                    ,008 - MODA                                    ,,005 - DENIM                                   ,X30746233,SHORT TIRO ALTO TP LAV MEDIO OSCURO,
011 - NOVIEMBRE                               , ,,003 - YOYO                                    ,008 - MODA                                    ,,005 - DENIM                                   ,X30747233,SHORT TIRO ALTO TP LAV MEDIO,
011 - NOVIEMBRE                               , ,,003 - YOYO                                    ,008 - MODA                                    ,,005 - DENIM                                   ,X30748233,SHORT TIRO ALTO TP LAV CLARO,
011 - NOVIEMBRE                               , ,,003 - YOYO                                    ,008 - MODA                                    ,,005 - DENIM                                   ,X30749233,SHORT TIRO ALTO TP LAV MEDIO CON ESTREL,
011 - NOVIEMBRE                               , ,,003 - YOYO                                    ,008 - MODA                                    ,,005 - DENIM                                   ,X30750233,SHORT T/ALTO TP  COLOR CON BOLSILLOS,
011 - NOVIEMBRE                               , ,,003 - YOYO                                    ,008 - MODA                                    ,,005 - DENIM                                   ,X30751233,SHORT TIRO ALTO TP LAV NEGRO,
011 - NOVIEMBRE                               , ,,003 - YOYO                                    ,008 - MODA                                    ,,005 - DENIM                                   ,X30753233,SHORT TIRO ALTO TP LAV CLARO CON ACCESO,
011 - NOVIEMBRE                               , ,,003 - YOYO                                    ,008 - MODA                                    ,,005 - DENIM                                   ,X30754233,SHORT TIRO ALTO TP LAV MEDIO OSCURO CON,
011 - NOVIEMBRE                               , ,,003 - YOYO                                    ,008 - MODA                                    ,,005 - DENIM                                   ,X30756233,SHORT TIRO ALTO TP LAV MARFIL CON APLIQ,
011 - NOVIEMBRE                               , ,,003 - YOYO                                    ,008 - MODA                                    ,,005 - DENIM                                   ,X30757233,SHORT TIRO ALTO TP LAV CLARO,
011 - NOVIEMBRE                               , ,,003 - YOYO                                    ,008 - MODA                                    ,,005 - DENIM                                   ,X30758233,SHORT TIRO ALTO TP LAV CLARO,
011 - NOVIEMBRE                               , ,,003 - YOYO                                    ,008 - MODA                                    ,,005 - DENIM                                   ,X30759233,SHORT TIRO ALTO TP LAV COLOR,
011 - NOVIEMBRE                               , ,,003 - YOYO                                    ,008 - MODA                                    ,,005 - DENIM                                   ,X30760233,SHORT TIRO ALTO TEEN LAVADO CLARO CON L,
011 - NOVIEMBRE                               , ,,003 - YOYO                                    ,008 - MODA                                    ,,005 - DENIM                                   ,X30761233,SHORT DESCADERADO TP LAV CLARO,
011 - NOVIEMBRE                               , ,,003 - YOYO                                    ,008 - MODA                                    ,,005 - DENIM                                   ,X30762233,SHORT TIRO ALTO TP  COLOR NEGRO,
011 - NOVIEMBRE                               , ,,003 - YOYO                                    ,008 - MODA                                    ,,005 - DENIM                                   ,X30763233,SHORT TIRO ALTO TP LAV MEDIO,
011 - NOVIEMBRE                               , ,,003 - YOYO                                    ,008 - MODA                                    ,,005 - DENIM                                   ,X30764233,SHORT TIRO MEDIO TP LAV MEDIO OSCURO,
011 - NOVIEMBRE                               , ,,003 - YOYO                                    ,008 - MODA                                    ,,005 - DENIM                                   ,X30766233,SHORT TIRO ALTO TP NEGRO,
011 - NOVIEMBRE                               , ,,003 - YOYO                                    ,008 - MODA                                    ,,005 - DENIM                                   ,X30767233,SHORT T/BAJO TP LAV MEDIO OSCURO,
011 - NOVIEMBRE                               , ,,003 - YOYO                                    ,008 - MODA                                    ,016 - TOP -BODY                               ,001 - TEJIDO PUNTO                            ,X31003723,BODY PREMIUM ML TP ABERTURA EN COSTADOS,001 - PRODUCCION INTERNA TELA NACIONALIZADA
011 - NOVIEMBRE                               , ,,003 - YOYO                                    ,008 - MODA                                    ,,001 - TEJIDO PUNTO                            ,X31005725,BODY TIRAS TP ESCOTE CUADRADO ESTAMAPDO,
011 - NOVIEMBRE                               , ,,003 - YOYO                                    ,008 - MODA                                    ,,001 - TEJIDO PUNTO                            ,X31006725,BODY PREMIUM TIRAS TP CON ABERTURAS EN,
011 - NOVIEMBRE                               , ,,003 - YOYO                                    ,008 - MODA                                    ,,001 - TEJIDO PUNTO                            ,X31007717,CAMISETA PREMIUM STRAPLESS TP CON TIRAS,
011 - NOVIEMBRE                               , ,,003 - YOYO                                    ,008 - MODA                                    ,,001 - TEJIDO PUNTO                            ,X31010722,BODY MC TP CON ABERTURA EN COSTADO,
011 - NOVIEMBRE                               , ,,003 - YOYO                                    ,008 - MODA                                    ,,001 - TEJIDO PUNTO                            ,X31012722,BODY MC TP ABERTURA EN CENTRO,
011 - NOVIEMBRE                               , ,,003 - YOYO                                    ,008 - MODA                                    ,,001 - TEJIDO PUNTO                            ,X31013222,BODY PREMIUM MC TP CON SESGOS EN CONTRA,
011 - NOVIEMBRE                               , ,,003 - YOYO                                    ,008 - MODA                                    ,,001 - TEJIDO PUNTO                            ,X31014222,BODY PREMIUM MC TP CUELLO BANDEJA,
011 - NOVIEMBRE                               , ,,003 - YOYO                                    ,008 - MODA                                    ,,001 - TEJIDO PUNTO                            ,X31014724,BODY PREMIUM MS TP CON CIERRE EN FRENTE,
011 - NOVIEMBRE                               , ,,003 - YOYO                                    ,008 - MODA                                    ,,001 - TEJIDO PUNTO                            ,X31015724,BODY MS TP FONDO ENTERO,
011 - NOVIEMBRE                               , ,,003 - YOYO                                    ,008 - MODA                                    ,,001 - TEJIDO PUNTO                            ,X31016724,BODY MS TP CON SESGOS EN CONTRASTE,
011 - NOVIEMBRE                               , ,,003 - YOYO                                    ,008 - MODA                                    ,,001 - TEJIDO PUNTO                            ,X31017724,BODY PREMIUM MS TP CON SESGOS EN CONTRA,
011 - NOVIEMBRE                               , ,,003 - YOYO                                    ,008 - MODA                                    ,,001 - TEJIDO PUNTO                            ,X31018724,BODY MS TP CON ESCOTE EN ESPALDA,
011 - NOVIEMBRE                               , ,,003 - YOYO                                    ,008 - MODA                                    ,016 - TOP -BODY                               ,001 - TEJIDO PUNTO                            ,X31019724,BODY MS TP CON ESCOTE EN ESPALDA DOBLE,001 - PRODUCCION INTERNA TELA NACIONALIZADA
011 - NOVIEMBRE                               , ,,003 - YOYO                                    ,008 - MODA                                    ,,001 - TEJIDO PUNTO                            ,X31080712,CAMISETA PREMIUM TIRAS TP CON MORITAS E,
012 - DICIEMBRE                               , ,045 - 4DIC1                                   ,003 - YOYO                                    ,008 - MODA                                    ,001 - CAMISETA                                ,001 - TEJIDO PUNTO                            ,MY0004725,T-SHIRT MANGA CORTA EST FRENTE,
012 - DICIEMBRE                               , ,045 - 4DIC1                                   ,003 - YOYO                                    ,008 - MODA                                    ,001 - CAMISETA                                ,001 - TEJIDO PUNTO                            ,MY0004726,T-SHIRT MANGA CORTA ESTAMPADO FRENTE,
012 - DICIEMBRE                               , ,045 - 4DIC1                                   ,003 - YOYO                                    ,004 - ESENCIAL MODA                           ,001 - CAMISETA                                ,001 - TEJIDO PUNTO                            ,MY0004727,T-SHIRT MANGA CORTA ESENCIAL MODA,
012 - DICIEMBRE                               , ,046 - 4DIC2                                   ,003 - YOYO                                    ,008 - MODA                                    ,004 - SOBRETODOS                              ,001 - TEJIDO PUNTO                            ,MY0004728,BUZO ABIERTO OVERSIZED CAPUCHA,
012 - DICIEMBRE                               , ,,003 - YOYO                                    ,008 - MODA                                    ,,001 - TEJIDO PUNTO                            ,X31093112,CAMISETA TIRAS TEEN CON BOTONES EN FREN,
012 - DICIEMBRE                               , ,,003 - YOYO                                    ,008 - MODA                                    ,,001 - TEJIDO PUNTO                            ,X31094712,CAMISETA TIRAS TEEN PLUS CON BLOQUES DE,
012 - DICIEMBRE                               , ,,003 - YOYO                                    ,008 - MODA                                    ,,001 - TEJIDO PUNTO                            ,X31097212,CAMISETA TIRAS TP CON RECTILINEO EN ESC,
012 - DICIEMBRE                               , ,,003 - YOYO                                    ,008 - MODA                                    ,,001 - TEJIDO PUNTO                            ,X31107212,CAMISETA PREMIUM TIRAS TP AJUSTADA,
012 - DICIEMBRE                               , ,,003 - YOYO                                    ,008 - MODA                                    ,,001 - TEJIDO PUNTO                            ,X31111712,CAMISETA TIRAS TP CRUZADAS CON TACHES,
012 - DICIEMBRE                               , ,,003 - YOYO                                    ,008 - MODA                                    ,,001 - TEJIDO PUNTO                            ,X31112715,CAMISETA ML TP CON ABERTURA EN FRENTE E,
012 - DICIEMBRE                               , ,,003 - YOYO                                    ,008 - MODA                                    ,,001 - TEJIDO PUNTO                            ,X31113212,CAMISETA TIRAS TP TIPO PAÑOLETA,
012 - DICIEMBRE                               , ,,003 - YOYO                                    ,008 - MODA                                    ,,001 - TEJIDO PUNTO                            ,X31113715,CAMISETA ML TP EN MALLA,
012 - DICIEMBRE                               , ,,003 - YOYO                                    ,008 - MODA                                    ,,001 - TEJIDO PUNTO                            ,X31116215,CAMISETA ML TP CON ESCOTE EN V,
012 - DICIEMBRE                               , ,,003 - YOYO                                    ,008 - MODA                                    ,,001 - TEJIDO PUNTO                            ,X31121215,CAMISETA PREMIUM ML TP CON SESGOS EN FR,
012 - DICIEMBRE                               , ,,003 - YOYO                                    ,008 - MODA                                    ,,001 - TEJIDO PUNTO                            ,X31123215,CAMISETA ML TP CON TOP INTERNO,
012 - DICIEMBRE                               , ,,003 - YOYO                                    ,008 - MODA                                    ,,001 - TEJIDO PUNTO                            ,X31124715,CAMISETA PREMIUM ML TP CUELLO RECTILINE,
012 - DICIEMBRE                               , ,045 - 4DIC1                                   ,003 - YOYO                                    ,008 - MODA                                    ,002 - BLUSA-CAMISA,002 - TEJIDO PLANO                            ,MY0004711,BLUSA TIRAS AMARRE EN FRENTE,
012 - DICIEMBRE                               , ,045 - 4DIC1                                   ,003 - YOYO                                    ,008 - MODA                                    ,001 - CAMISETA                                ,001 - TEJIDO PUNTO                            ,MY0004713,CAMISETA MANGA CORTA CONTRASTE,
012 - DICIEMBRE                               , ,045 - 4DIC1                                   ,003 - YOYO                                    ,008 - MODA                                    ,001 - CAMISETA                                ,001 - TEJIDO PUNTO                            ,MY0004714,POLO MANGA CORTA OVERSIZED,
012 - DICIEMBRE                               , ,045 - 4DIC1                                   ,003 - YOYO                                    ,008 - MODA                                    ,016 - TOP -BODY                               ,001 - TEJIDO PUNTO                            ,MY0004715,TOP MANGA CORTA ESCOTE ESPALDA,
012 - DICIEMBRE                               , ,,003 - YOYO                                    ,008 - MODA                                    ,,001 - TEJIDO PUNTO                            ,X31125215,CAMISETA ML TP ESCOTE BANDEJA CON TOP I,
012 - DICIEMBRE                               , ,,003 - YOYO                                    ,008 - MODA                                    ,,001 - TEJIDO PUNTO                            ,X31126715,CAMISETA ML TP EN MALLA DOBLE PRENDA CO,
012 - DICIEMBRE                               , ,,003 - YOYO                                    ,008 - MODA                                    ,,001 - TEJIDO PUNTO                            ,X31127215,CAMISETA ML TP CON ABERTURA EN ESPALDA,
012 - DICIEMBRE                               , ,,003 - YOYO                                    ,008 - MODA                                    ,,001 - TEJIDO PUNTO                            ,X31128715,CAMISETA ML TP DOBLE PRENDA CON  ESTAMP,
012 - DICIEMBRE                               , ,,003 - YOYO                                    ,008 - MODA                                    ,,001 - TEJIDO PUNTO                            ,X31129215,CAMISETA ML TP RUEDO ASIMETRICO,
012 - DICIEMBRE                               , ,,003 - YOYO                                    ,008 - MODA                                    ,,001 - TEJIDO PUNTO                            ,X31130715,CAMISETA ML TP CON AMARRE EN ESPALDA,
012 - DICIEMBRE                               , ,,003 - YOYO                                    ,008 - MODA                                    ,,001 - TEJIDO PUNTO                            ,X31131715,CAMISETA ML TP CON APLIQUE EN CINTURA,
012 - DICIEMBRE                               , ,,003 - YOYO                                    ,008 - MODA                                    ,,001 - TEJIDO PUNTO                            ,X31132215,CAMISETA ML TP CON ABERTURA EN HOMBROS,
012 - DICIEMBRE                               , ,,003 - YOYO                                    ,008 - MODA                                    ,,001 - TEJIDO PUNTO                            ,X31134215,CAMISETA ML TP CUELLO BANDEJA,
012 - DICIEMBRE                               , ,,003 - YOYO                                    ,008 - MODA                                    ,,001 - TEJIDO PUNTO                            ,X31237113,CAMISETA MS TEEN CON DEGRADADO POR LAVA,
012 - DICIEMBRE                               , ,,003 - YOYO                                    ,008 - MODA                                    ,,001 - TEJIDO PUNTO                            ,X31238213,CAMISETA MS TP EN TELA EFECTO MALLA CRO,
012 - DICIEMBRE                               , ,,003 - YOYO                                    ,008 - MODA                                    ,,001 - TEJIDO PUNTO                            ,X31244713,CAMISETA MS TP DE RAYAS CROP,
012 - DICIEMBRE                               , ,,003 - YOYO                                    ,008 - MODA                                    ,,001 - TEJIDO PUNTO                            ,X31247213,CAMISETA MS TEEN PLUS CON FRENTE ESTAMP,
012 - DICIEMBRE                               , ,,003 - YOYO                                    ,008 - MODA                                    ,,001 - TEJIDO PUNTO                            ,X31256113,CAMISETA MS TEEN EN RIB DE RAYAS CON BO,
012 - DICIEMBRE                               , ,,003 - YOYO                                    ,008 - MODA                                    ,,001 - TEJIDO PUNTO                            ,X31259213,CAMISETA PREMIUM MS TP CON ABERTURA EN,
012 - DICIEMBRE                               , ,,003 - YOYO                                    ,008 - MODA                                    ,,001 - TEJIDO PUNTO                            ,X31261713,CAMISETA PREMIUM MS TP DOBLE PRENDA,
012 - DICIEMBRE                               , ,,003 - YOYO                                    ,008 - MODA                                    ,,001 - TEJIDO PUNTO                            ,X31265213,CAMISETA MS TP CON HOMBRO PEQUEÑO Y EST,
012 - DICIEMBRE                               , ,,003 - YOYO                                    ,008 - MODA                                    ,,001 - TEJIDO PUNTO                            ,X31270713,CAMISETA MS TP CON FRENTE ESTAMPADO,
012 - DICIEMBRE                               , ,,003 - YOYO                                    ,008 - MODA                                    ,,001 - TEJIDO PUNTO                            ,X31302213,CAMISETA MS TP CON ESTAMPADO EN FRENTE,
012 - DICIEMBRE                               , ,,003 - YOYO                                    ,008 - MODA                                    ,,001 - TEJIDO PUNTO                            ,X31306713,CAMISETA MS TP CON MALLA EN ESPALDA,
012 - DICIEMBRE                               , ,,003 - YOYO                                    ,008 - MODA                                    ,,001 - TEJIDO PUNTO                            ,X31308713,CAMISETA PREMIUM MS TP CON ABERTURA EN,
012 - DICIEMBRE                               , ,,003 - YOYO                                    ,008 - MODA                                    ,,001 - TEJIDO PUNTO                            ,X31312213,CAMISETA MS TP CON CUELLO Y PERILLA EN,
012 - DICIEMBRE                               , ,,003 - YOYO                                    ,008 - MODA                                    ,,001 - TEJIDO PUNTO                            ,X31316713,CAMISETA PREMIUM MS TP CON RUEDO IRREGU,
012 - DICIEMBRE                               , ,,003 - YOYO                                    ,008 - MODA                                    ,,001 - TEJIDO PUNTO                            ,X31317713,CAMISETA MS TP CON HOMBRO DESCUBIERTO Y,
012 - DICIEMBRE                               , ,,003 - YOYO                                    ,008 - MODA                                    ,,001 - TEJIDO PUNTO                            ,X31318713,CAMISETA MS TP CON CIERRE Y PIEZAS EN C,
012 - DICIEMBRE                               , ,,003 - YOYO                                    ,008 - MODA                                    ,,001 - TEJIDO PUNTO                            ,X31319713,CAMISETA MS TP DOBLE PRENDA CON BRILLO,
012 - DICIEMBRE                               , ,,003 - YOYO                                    ,008 - MODA                                    ,,001 - TEJIDO PUNTO                            ,X31320713,CAMISETA MS TP EN CONTRASTE CON PUNTA E,
012 - DICIEMBRE                               , ,,003 - YOYO                                    ,008 - MODA                                    ,,001 - TEJIDO PUNTO                            ,X31322713,CAMISETA MS  TP CON CIERRE EN ESCOTE,
012 - DICIEMBRE                               , ,,003 - YOYO                                    ,008 - MODA                                    ,,001 - TEJIDO PUNTO                            ,X31324713,CAMISETA MS TP ESCOTE EN V,
012 - DICIEMBRE                               , ,,003 - YOYO                                    ,008 - MODA                                    ,,001 - TEJIDO PUNTO                            ,X31325213,CAMISETA MS TP CON CUELLO ALTO,
012 - DICIEMBRE                               , ,,003 - YOYO                                    ,008 - MODA                                    ,,001 - TEJIDO PUNTO                            ,X31326713,CAMISETA PREMIUM MS TP ESCOTE EN V,
012 - DICIEMBRE                               , ,,003 - YOYO                                    ,008 - MODA                                    ,,001 - TEJIDO PUNTO                            ,X31327213,CAMISETA MS TP CON ABERTURA EN HOMBRE C,
012 - DICIEMBRE                               , ,,003 - YOYO                                    ,008 - MODA                                    ,,001 - TEJIDO PUNTO                            ,X31328213,CAMISETA MS TP CON ABERTURA EN HOMBRO,
012 - DICIEMBRE                               , ,,003 - YOYO                                    ,008 - MODA                                    ,,001 - TEJIDO PUNTO                            ,X31329213,CAMISETA MS TP CON HERRAJE  EN ESCOTE,
012 - DICIEMBRE                               , ,,003 - YOYO                                    ,008 - MODA                                    ,,001 - TEJIDO PUNTO                            ,X31330213,CAMISETA PREMIUM MS TP DOBLE PRENDA,
012 - DICIEMBRE                               , ,,003 - YOYO                                    ,008 - MODA                                    ,,001 - TEJIDO PUNTO                            ,X31333213,CAMISETA PREMIUM MS TP CON ESCOTE EN ES,
012 - DICIEMBRE                               , ,,003 - YOYO                                    ,008 - MODA                                    ,,001 - TEJIDO PUNTO                            ,X31334713,CAMISETA PREMIUM MS TP CON CIERRE,
012 - DICIEMBRE                               , ,,003 - YOYO                                    ,008 - MODA                                    ,,001 - TEJIDO PUNTO                            ,X31650714,CAMISETA MC TEEN PLUS OVERSIZE ESTAMPAD,
012 - DICIEMBRE                               , ,,003 - YOYO                                    ,008 - MODA                                    ,,001 - TEJIDO PUNTO                            ,X31691114,CAMISETA MC TEEN CON ABERTURA EN COSTAD,
012 - DICIEMBRE                               , ,,003 - YOYO                                    ,008 - MODA                                    ,,001 - TEJIDO PUNTO                            ,X31700714,CAMISETA MC TP CON RECOGIDO EN COSTADOS,
012 - DICIEMBRE                               , ,,003 - YOYO                                    ,008 - MODA                                    ,,001 - TEJIDO PUNTO                            ,X31701114,CAMISETA MC TEEN MANGA RANGLAN EN CONST,
012 - DICIEMBRE                               , ,,003 - YOYO                                    ,008 - MODA                                    ,,001 - TEJIDO PUNTO                            ,X31705714,CAMISETA MC TEEN PLUS OVERSIZE,
012 - DICIEMBRE                               , ,,003 - YOYO                                    ,008 - MODA                                    ,,001 - TEJIDO PUNTO                            ,X31721114,CAMISETA MC TEEN ESTAMAPO FRENTE,
012 - DICIEMBRE                               , ,,003 - YOYO                                    ,008 - MODA                                    ,,001 - TEJIDO PUNTO                            ,X31722214,CAMISETA MC TP CON SESGO EN CUELLO,
012 - DICIEMBRE                               , ,,003 - YOYO                                    ,008 - MODA                                    ,,001 - TEJIDO PUNTO                            ,X31731214,CAMISETA PREMIUM MC TP ESTAMPADA,
012 - DICIEMBRE                               , ,,003 - YOYO                                    ,008 - MODA                                    ,,001 - TEJIDO PUNTO                            ,X31732714,CAMISETA PREMIUM MC TP ESTAMPADO FRENTE,
012 - DICIEMBRE                               , ,,003 - YOYO                                    ,008 - MODA                                    ,,001 - TEJIDO PUNTO                            ,X31738714,CAMISETA MC TP OVERSIZED CON ESTAMPADO,
012 - DICIEMBRE                               , ,,003 - YOYO                                    ,008 - MODA                                    ,,001 - TEJIDO PUNTO                            ,X31739214,CAMISETA MC TP EN RIB  CON MINI RUCHE E,
012 - DICIEMBRE                               , ,,003 - YOYO                                    ,008 - MODA                                    ,,001 - TEJIDO PUNTO                            ,X31750214,CAMISETA PREMIUM MC TP CON CONTRASTE EN,
012 - DICIEMBRE                               , ,,003 - YOYO                                    ,008 - MODA                                    ,,001 - TEJIDO PUNTO                            ,X31753114,CAMISETA MC TEEN ESTAMPADO EN FRENTE,
012 - DICIEMBRE                               , ,,003 - YOYO                                    ,008 - MODA                                    ,,001 - TEJIDO PUNTO                            ,X31755714,CAMISETA MC TP POLO CON CUELLO EN CONTR,
012 - DICIEMBRE                               , ,,003 - YOYO                                    ,008 - MODA                                    ,,001 - TEJIDO PUNTO                            ,X31766714,CAMISETA MC TP CON MARQUILLA EN FRENTE,
012 - DICIEMBRE                               , ,,003 - YOYO                                    ,008 - MODA                                    ,,001 - TEJIDO PUNTO                            ,X31767114,CAMISETA MC TEEN CON MANGAS EN CONTRAST,
012 - DICIEMBRE                               , ,,003 - YOYO                                    ,008 - MODA                                    ,,001 - TEJIDO PUNTO                            ,X31775714,CAMISETA MC TP DOBLE PRENDA CON ELASTIC,
012 - DICIEMBRE                               , ,,003 - YOYO                                    ,008 - MODA                                    ,,001 - TEJIDO PUNTO                            ,X31779214,CAMISETA MC TP ESTAMPADO PUNTO CORAZON,
012 - DICIEMBRE                               , ,,003 - YOYO                                    ,008 - MODA                                    ,,001 - TEJIDO PUNTO                            ,X31781714,CAMISETA MC TP  CON CIERRE EN ESCOTE,
012 - DICIEMBRE                               , ,,003 - YOYO                                    ,008 - MODA                                    ,001 - CAMISETA                                ,999 - NO APLICA                               ,X31786214,CAMISETA MC TP CON ESTAMPADO EN FRENTE,001 - PRODUCCION INTERNA TELA NACIONALIZADA
012 - DICIEMBRE                               , ,,003 - YOYO                                    ,008 - MODA                                    ,,999 - NO APLICA                               ,X31793714,CAMISETA PREMIUM MC,
012 - DICIEMBRE                               , ,,003 - YOYO                                    ,008 - MODA                                    ,,999 - NO APLICA                               ,X31796214,CAMISETA MC TP CON RECOGIDO EN COSTADOS,
011 - NOVIEMBRE                               , ,043 - 4NOV3                                   ,003 - YOYO                                    ,008 - MODA                                    ,016 - TOP -BODY                               ,001 - TEJIDO PUNTO                            ,MY0004681,TOP MANGA SISA CUELLO HALTER,
011 - NOVIEMBRE                               , ,043 - 4NOV3                                   ,003 - YOYO                                    ,008 - MODA                                    ,016 - TOP -BODY                               ,001 - TEJIDO PUNTO                            ,MY0004682,TOP TIRAS BRILLO,
011 - NOVIEMBRE                               , ,043 - 4NOV3                                   ,003 - YOYO                                    ,008 - MODA                                    ,008 - PANTALONES                              ,001 - TEJIDO PUNTO                            ,MY0004683,PANTALON MODA ESTRELLAS EN COSTADOS,
011 - NOVIEMBRE                               , ,043 - 4NOV3                                   ,003 - YOYO                                    ,008 - MODA                                    ,008 - PANTALONES                              ,002 - TEJIDO PLANO                            ,MY0004684,PANTALON MODA CON PAÑOLETA,
011 - NOVIEMBRE                               , ,,003 - YOYO                                    ,008 - MODA                                    ,,002 - TEJIDO PLANO                            ,X31797214,CAMISETA MC TP CON ESTAMPADO EN FRENTE,
011 - NOVIEMBRE                               , ,,003 - YOYO                                    ,008 - MODA                                    ,,002 - TEJIDO PLANO                            ,X31798714,CAMISETA PREMIUM MC TP CON CORTES EN CO,
011 - NOVIEMBRE                               , ,,003 - YOYO                                    ,008 - MODA                                    ,,002 - TEJIDO PLANO                            ,X31799214,CAMISETA MC TP CON ESTAMPADO FRENTE Y E,
011 - NOVIEMBRE                               , ,,003 - YOYO                                    ,008 - MODA                                    ,,002 - TEJIDO PLANO                            ,X31806214,CAMISETA MC TP OVERSIZED ESTAMPADO EN F,
011 - NOVIEMBRE                               , ,,003 - YOYO                                    ,008 - MODA                                    ,,002 - TEJIDO PLANO                            ,X31808714,CAMISETA MC TP CON APLIQUE DE PERLAS EN,
011 - NOVIEMBRE                               , ,,003 - YOYO                                    ,008 - MODA                                    ,,002 - TEJIDO PLANO                            ,X31809214,CAMISETA MC TP CON ABERTURA EN FRENTE,
011 - NOVIEMBRE                               , ,,003 - YOYO                                    ,008 - MODA                                    ,,002 - TEJIDO PLANO                            ,X31815214,CAMISETA MC TP ESTAMPADO FRENTE AMARRE,
011 - NOVIEMBRE                               , ,,003 - YOYO                                    ,008 - MODA                                    ,,002 - TEJIDO PLANO                            ,X31817214,CAMISETA MC TP CON MALLA IMITACION DOBL,
011 - NOVIEMBRE                               , ,,003 - YOYO                                    ,008 - MODA                                    ,,002 - TEJIDO PLANO                            ,X31819714,CAMISETA MC TP CON CONTRASTE DE COLOR E,
011 - NOVIEMBRE                               , ,,003 - YOYO                                    ,008 - MODA                                    ,,002 - TEJIDO PLANO                            ,X31820714,CAMISETA MC TP TIPO POLO EN CONTRASTE,
011 - NOVIEMBRE                               , ,,003 - YOYO                                    ,008 - MODA                                    ,,002 - TEJIDO PLANO                            ,X31821714,CAMISETA MC TP CON ESTAMPADO FRENTE Y E,
011 - NOVIEMBRE                               , ,,003 - YOYO                                    ,008 - MODA                                    ,,002 - TEJIDO PLANO                            ,X31822714,CAMISETA MC TP DOBLE PRENDA BRILLOS,
011 - NOVIEMBRE                               , ,,003 - YOYO                                    ,008 - MODA                                    ,,002 - TEJIDO PLANO                            ,MY0004707,M,
011 - NOVIEMBRE                               , ,,003 - YOYO                                    ,008 - MODA                                    ,,002 - TEJIDO PLANO                            ,MY0004708,M,
012 - DICIEMBRE                               , ,045 - 4DIC1                                   ,003 - YOYO                                    ,008 - MODA                                    ,004 - SOBRETODOS                              ,001 - TEJIDO PUNTO                            ,MY0004709,BUZO CERRADO ESTAMPADO FRENTE Y ESPALDA,
012 - DICIEMBRE                               , ,045 - 4DIC1                                   ,003 - YOYO                                    ,008 - MODA                                    ,002 - BLUSA-CAMISA,002 - TEJIDO PLANO                            ,MY0004710,CAMISA MANGA CORTA EST ESPALDA,
012 - DICIEMBRE                               , ,,003 - YOYO                                    ,008 - MODA                                    ,,002 - TEJIDO PLANO                            ,X31831714,CAMISETA MC TP CON APLIQUE PIEDRAS BRIL,
012 - DICIEMBRE                               , ,,003 - YOYO                                    ,008 - MODA                                    ,,002 - TEJIDO PLANO                            ,X31832214,CAMISETA PREMIUM MC TP CON RECOGIDO EN,
012 - DICIEMBRE                               , ,,003 - YOYO                                    ,008 - MODA                                    ,,002 - TEJIDO PLANO                            ,X31833714,CAMISETA MC TP CON MANGAS EN CONTRASTE,
012 - DICIEMBRE                               , ,,003 - YOYO                                    ,008 - MODA                                    ,,002 - TEJIDO PLANO                            ,X31836214,CAMISETA PREMIUM MC TP CON CUELLO EN CO,
012 - DICIEMBRE                               , ,,003 - YOYO                                    ,008 - MODA                                    ,,002 - TEJIDO PLANO                            ,X31837214,CAMISETA MC TP CON ESPALDA Y FRENTE  ES,
012 - DICIEMBRE                               , ,,003 - YOYO                                    ,008 - MODA                                    ,,002 - TEJIDO PLANO                            ,X31838714,CAMISETA MC TP CON SESGOS,
012 - DICIEMBRE                               , ,,003 - YOYO                                    ,008 - MODA                                    ,,002 - TEJIDO PLANO                            ,X31839714,CAMISETA MC TP CON CIERRE EN ESCOTE,
012 - DICIEMBRE                               , ,,003 - YOYO                                    ,008 - MODA                                    ,,002 - TEJIDO PLANO                            ,X31840214,CAMISETA PREMIUM MC TP CON APLIQUE Y ES,
012 - DICIEMBRE                               , ,,003 - YOYO                                    ,008 - MODA                                    ,,002 - TEJIDO PLANO                            ,X31841714,CAMISETA MC TP CUELLO EN V CON ESTAMPAD,
012 - DICIEMBRE                               , ,,003 - YOYO                                    ,008 - MODA                                    ,,002 - TEJIDO PLANO                            ,X31842714,CAMISETA MC TP CON ESTAMPADO EN FRENTE,
012 - DICIEMBRE                               , ,,003 - YOYO                                    ,008 - MODA                                    ,,002 - TEJIDO PLANO                            ,MY0004004,CAMISETA MC TP CON BORDADO EN FRENTE,
012 - DICIEMBRE                               , ,,003 - YOYO                                    ,008 - MODA                                    ,,002 - TEJIDO PLANO                            ,X31844714,CAMISETA MC TP CON SESGOS Y DOBLE PREND,
012 - DICIEMBRE                               , ,046 - 4DIC2                                   ,003 - YOYO                                    ,008 - MODA                                    ,016 - TOP -BODY                               ,001 - TEJIDO PUNTO                            ,MY0004733,TOP MANGA CORTA CORTE EN BUSTO,
012 - DICIEMBRE                               , ,046 - 4DIC2                                   ,003 - YOYO                                    ,008 - MODA                                    ,016 - TOP -BODY                               ,001 - TEJIDO PUNTO                            ,MY0004734,TOP MANGA CORTA ESTAMPADO FRENTE,
012 - DICIEMBRE                               , ,,003 - YOYO                                    ,008 - MODA                                    ,,001 - TEJIDO PUNTO                            ,X31847714,CAMISETA MC TP ESTAMPADA OVERSIZED,
012 - DICIEMBRE                               , ,,003 - YOYO                                    ,008 - MODA                                    ,,001 - TEJIDO PUNTO                            ,X31848714,CAMISETA PREMIUM MC TP CON FRENTE ESTAM,
012 - DICIEMBRE                               , ,,003 - YOYO                                    ,008 - MODA                                    ,,001 - TEJIDO PUNTO                            ,X31849714,CAMISETA MC TP CON ABERTURA Y AMARRE EN,
012 - DICIEMBRE                               , ,,003 - YOYO                                    ,008 - MODA                                    ,,001 - TEJIDO PUNTO                            ,X31850714,CAMISETA MC TP OVERSIZE ESTAMPADO FRENT,
012 - DICIEMBRE                               , ,,003 - YOYO                                    ,008 - MODA                                    ,,001 - TEJIDO PUNTO                            ,X31852714,CAMISETA MC TP  CON MALLA EN LA ESPALDA,
012 - DICIEMBRE                               , ,,003 - YOYO                                    ,008 - MODA                                    ,,001 - TEJIDO PUNTO                            ,X31855214,CAMISETA MC TP OVERSIZED CON ESTAMPADO,
012 - DICIEMBRE                               , ,,003 - YOYO                                    ,008 - MODA                                    ,,001 - TEJIDO PUNTO                            ,X31856214,CAMISETA MC TP CON TOP INTERNO,
012 - DICIEMBRE                               , ,,003 - YOYO                                    ,008 - MODA                                    ,,001 - TEJIDO PUNTO                            ,X31857214,CAMISETA MC TP OVERSIZED CON ESTAMPADO,
012 - DICIEMBRE                               , ,,003 - YOYO                                    ,008 - MODA                                    ,,001 - TEJIDO PUNTO                            ,X31858214,CAMISETA MC TP CON RUEDO AMPLIO ESTMAPA,
012 - DICIEMBRE                               , ,,003 - YOYO                                    ,008 - MODA                                    ,,001 - TEJIDO PUNTO                            ,X31859214,CAMISETA MC TP OVERSIZED CON ESTAMPADO,
012 - DICIEMBRE                               , ,,003 - YOYO                                    ,008 - MODA                                    ,,001 - TEJIDO PUNTO                            ,X31860214,CAMISETA MC TP CON RUEDO AMPLIO ESTMAPA,
012 - DICIEMBRE                               , ,,003 - YOYO                                    ,008 - MODA                                    ,,001 - TEJIDO PUNTO                            ,X31861214,CAMISETA MC TP CON RECOGIDO EN FRENTE,
012 - DICIEMBRE                               , ,,003 - YOYO                                    ,008 - MODA                                    ,,001 - TEJIDO PUNTO                            ,X31862714,CAMISETA PREMIUM MC TP CON SESGOS EN CO,
012 - DICIEMBRE                               , ,,003 - YOYO                                    ,008 - MODA                                    ,,001 - TEJIDO PUNTO                            ,X31863714,CAMISETA MC TP ESTAMPADO EN FRENTE,
012 - DICIEMBRE                               , ,,003 - YOYO                                    ,008 - MODA                                    ,,001 - TEJIDO PUNTO                            ,X31865214,CAMISETA PREMIUM MC TP ESCOTE SEMI CUAD,
012 - DICIEMBRE                               , ,,003 - YOYO                                    ,008 - MODA                                    ,,001 - TEJIDO PUNTO                            ,X31865714,CAMISETA MC TP CON CONTRASTE DE COLOR E,
012 - DICIEMBRE                               , ,,003 - YOYO                                    ,008 - MODA                                    ,001 - CAMISETA                                ,001 - TEJIDO PUNTO                            ,X31866214,CAMISETA MC TP A RAYAS,001 - PRODUCCION INTERNA TELA NACIONALIZADA
012 - DICIEMBRE                               , ,,003 - YOYO                                    ,008 - MODA                                    ,,001 - TEJIDO PUNTO                            ,X31867214,CAMISETA MC TP MANGA RODADA ESTAMPADA,
012 - DICIEMBRE                               , ,,003 - YOYO                                    ,008 - MODA                                    ,,001 - TEJIDO PUNTO                            ,X31870214,CAMISETA  MC TP ESTAMPADO EN RUEDO,
012 - DICIEMBRE                               , ,,003 - YOYO                                    ,008 - MODA                                    ,,001 - TEJIDO PUNTO                            ,X31871214,CAMISETA MC TP ESTAMPADO EN FRENTE,
012 - DICIEMBRE                               , ,,003 - YOYO                                    ,008 - MODA                                    ,,001 - TEJIDO PUNTO                            ,X32036103,BLUSA MS TEEN TIPO PARACHUTE CON TANCAS,
012 - DICIEMBRE                               , ,,003 - YOYO                                    ,008 - MODA                                    ,,001 - TEJIDO PUNTO                            ,X32038203,BLUSA MS TP CON BOLSILLOS CARGO EN FREN,
012 - DICIEMBRE                               , ,,003 - YOYO                                    ,008 - MODA                                    ,,001 - TEJIDO PUNTO                            ,X32040705,BLUSA ML TEEN PLUS OVERSIZED,
012 - DICIEMBRE                               , ,,003 - YOYO                                    ,008 - MODA                                    ,,001 - TEJIDO PUNTO                            ,X32042205,BLUSA ML TEEN PLUS CON ELASTICO EN MANG,
012 - DICIEMBRE                               , ,,003 - YOYO                                    ,008 - MODA                                    ,,001 - TEJIDO PUNTO                            ,X32047205,BLUSA ML TEEN PLUS CON APLIQUE EN FRENT,
012 - DICIEMBRE                               , ,,003 - YOYO                                    ,008 - MODA                                    ,,001 - TEJIDO PUNTO                            ,X32048209,BLUSA TIRAS TP CON CORTES EN FRENTE,
012 - DICIEMBRE                               , ,,003 - YOYO                                    ,008 - MODA                                    ,,001 - TEJIDO PUNTO                            ,X32050209,BLUSA TIRAS TP CON BORBADO EN FRENTE,
012 - DICIEMBRE                               , ,,003 - YOYO                                    ,008 - MODA                                    ,,001 - TEJIDO PUNTO                            ,X32052705,BLUSA ML TP CON ESTAMPADO EN BOLSILLO,
012 - DICIEMBRE                               , ,,003 - YOYO                                    ,008 - MODA                                    ,,001 - TEJIDO PUNTO                            ,X32053705,BLUSA ML TP CON ELASTICO EN CINTURA,
012 - DICIEMBRE                               , ,,003 - YOYO                                    ,008 - MODA                                    ,,001 - TEJIDO PUNTO                            ,X32054709,BLUSA TIRAS TP CON CORTES EN FRENTE,
012 - DICIEMBRE                               , ,,003 - YOYO                                    ,008 - MODA                                    ,,001 - TEJIDO PUNTO                            ,X32055205,BLUSA ML TP CON APLIQUES EN FRENTE,
012 - DICIEMBRE                               , ,,003 - YOYO                                    ,008 - MODA                                    ,,001 - TEJIDO PUNTO                            ,X32055209,BLUSA TIRAS TP NIDO DE ABEJA EN ESPALDA,
012 - DICIEMBRE                               , ,,003 - YOYO                                    ,008 - MODA                                    ,,001 - TEJIDO PUNTO                            ,X32056705,BLUSA ML TP  CON MOÑO EN FRENTE,
012 - DICIEMBRE                               , ,,003 - YOYO                                    ,008 - MODA                                    ,,001 - TEJIDO PUNTO                            ,X32057705,BLUSA ML TP  EN MALLA,
012 - DICIEMBRE                               , ,,003 - YOYO                                    ,008 - MODA                                    ,,001 - TEJIDO PUNTO                            ,X32058709,BLUSA TIRAS TP CON LACE UP EN ESPALDA,
012 - DICIEMBRE                               , ,,003 - YOYO                                    ,008 - MODA                                    ,,001 - TEJIDO PUNTO                            ,X32150704,BLUSA MC TEEN PLUS DENIM CON BROCHES LA,
012 - DICIEMBRE                               , ,,003 - YOYO                                    ,008 - MODA                                    ,,001 - TEJIDO PUNTO                            ,X32154704,BLUSA MC TEEN PLUS CROP,
012 - DICIEMBRE                               , ,,003 - YOYO                                    ,008 - MODA                                    ,,001 - TEJIDO PUNTO                            ,X32155104,BLUSA MC TEEN MANGA BOMBACHA,
012 - DICIEMBRE                               , ,,003 - YOYO                                    ,008 - MODA                                    ,,001 - TEJIDO PUNTO                            ,X32158204,BLUSA MC TP CON MANGA BOMBACHA,
012 - DICIEMBRE                               , ,,003 - YOYO                                    ,008 - MODA                                    ,,001 - TEJIDO PUNTO                            ,X32168204,BLUSA MC TP CON CUELLO EN RECTILINEO,
012 - DICIEMBRE                               , ,,003 - YOYO                                    ,008 - MODA                                    ,,001 - TEJIDO PUNTO                            ,X32175704,BLUSA MC TP DOBLE PRENDA CON BOTONES,
012 - DICIEMBRE                               , ,,003 - YOYO                                    ,008 - MODA                                    ,,001 - TEJIDO PUNTO                            ,X32176704,BLUSA MC TP CON CORTES EN MALLA Y ABERT,
012 - DICIEMBRE                               , ,,003 - YOYO                                    ,008 - MODA                                    ,,001 - TEJIDO PUNTO                            ,X32178704,BLUSA MC TP CON CORTES EN CENTRO,
012 - DICIEMBRE                               , ,,003 - YOYO                                    ,008 - MODA                                    ,,001 - TEJIDO PUNTO                            ,X32181704,BLUSA MC TP CON RECOGIDO AJUSTABLE EN C,
012 - DICIEMBRE                               , ,,003 - YOYO                                    ,008 - MODA                                    ,,001 - TEJIDO PUNTO                            ,X32182204,BLUSA MC TP CON CIERRE Y BOLSILLO EN FR,
012 - DICIEMBRE                               , ,,003 - YOYO                                    ,008 - MODA                                    ,,001 - TEJIDO PUNTO                            ,X32185204,BLUSA MC TP CON BOTONES EN FRENTE,
012 - DICIEMBRE                               , ,,003 - YOYO                                    ,008 - MODA                                    ,,001 - TEJIDO PUNTO                            ,X32186704,BLUSA MC TP CON APLIQUE EN BOLSILLO,
012 - DICIEMBRE                               , ,,003 - YOYO                                    ,008 - MODA                                    ,,001 - TEJIDO PUNTO                            ,X32187204,BLUSA MC TP CON BOLSILLOS EN FRENTE,
012 - DICIEMBRE                               , ,,003 - YOYO                                    ,003 - OPORTUNIDADES                           ,,001 - TEJIDO PUNTO                            ,X33001111,TEJANO PREMIUM TIRO MEDIO TEEN LAV MEDI,
012 - DICIEMBRE                               , ,,003 - YOYO                                    ,003 - OPORTUNIDADES                           ,,001 - TEJIDO PUNTO                            ,X33001135,PANTALON CARGO T/ALTO TEEN PUNTA DE PRE,
012 - DICIEMBRE                               , ,,003 - YOYO                                    ,003 - OPORTUNIDADES                           ,,001 - TEJIDO PUNTO                            ,X33002240,VESTIDO TIRAS TEEN PLUS CORTO PUNTA DE,
012 - DICIEMBRE                               , ,,003 - YOYO                                    ,003 - OPORTUNIDADES                           ,,001 - TEJIDO PUNTO                            ,X33004247,MOM JEAN TIRO ALTO TP LAV COLOR PUNTA D,
012 - DICIEMBRE                               , ,,003 - YOYO                                    ,003 - OPORTUNIDADES                           ,,001 - TEJIDO PUNTO                            ,X33005247,MOM JEAN TIRO ALTO TP LAV CLARO PUNTA D,
012 - DICIEMBRE                               , ,,003 - YOYO                                    ,003 - OPORTUNIDADES                           ,,001 - TEJIDO PUNTO                            ,X33006247,MOM JEAN TIRO ALTO TP LAV MEDIO PUNTA D,
012 - DICIEMBRE                               , ,,003 - YOYO                                    ,003 - OPORTUNIDADES                           ,,001 - TEJIDO PUNTO                            ,X33007756,CAMISETA TIRAS TP CON CONTRASTE PUNTA D,
012 - DICIEMBRE                               , ,,003 - YOYO                                    ,003 - OPORTUNIDADES                           ,,001 - TEJIDO PUNTO                            ,X33009234,RETROMOM T/A TP PUNTA DE PRECIO MEGA BA,
012 - DICIEMBRE                               , ,,003 - YOYO                                    ,003 - OPORTUNIDADES                           ,,001 - TEJIDO PUNTO                            ,X33010134,RETROMOM TIRO ALTO TEEN LAV CLARO PUNTA,
012 - DICIEMBRE                               , ,,003 - YOYO                                    ,003 - OPORTUNIDADES                           ,,001 - TEJIDO PUNTO                            ,X33010148,PERFECT PREMIUM TIRO MEDIO TEEN NEGRO P,
012 - DICIEMBRE                               , ,,003 - YOYO                                    ,003 - OPORTUNIDADES                           ,,001 - TEJIDO PUNTO                            ,X33010256,CAMISETA TIRAS TP CON LASER EN FRENTE P,
012 - DICIEMBRE                               , ,,003 - YOYO                                    ,003 - OPORTUNIDADES                           ,,001 - TEJIDO PUNTO                            ,X33011234,RETROMOM TIRO ALTO TP PUNTA DE PRECIO,
012 - DICIEMBRE                               , ,,003 - YOYO                                    ,003 - OPORTUNIDADES                           ,,001 - TEJIDO PUNTO                            ,X33012234,RETROMOM TIRO ALTO TP LAV CLARO PUNTA D,
012 - DICIEMBRE                               , ,,003 - YOYO                                    ,003 - OPORTUNIDADES                           ,,001 - TEJIDO PUNTO                            ,X33012756,CAMISETA PREMIUM TIRAS TP PUNTA DE PREC,
012 - DICIEMBRE                               , ,,003 - YOYO                                    ,003 - OPORTUNIDADES                           ,,001 - TEJIDO PUNTO                            ,X33027133,SHORT T/ALTO TEEN LAV MEDIO OSCURO PUNT,
012 - DICIEMBRE                               , ,,003 - YOYO                                    ,003 - OPORTUNIDADES                           ,,001 - TEJIDO PUNTO                            ,X33031233,SHORT TIRO ALTO TP LAV CLARO PUNTA DE P,
012 - DICIEMBRE                               , ,,003 - YOYO                                    ,003 - OPORTUNIDADES                           ,,001 - TEJIDO PUNTO                            ,X33034233,SHORT TIRO MEDIO TP LAV CLARO PUNTA DE,
012 - DICIEMBRE                               , ,,003 - YOYO                                    ,003 - OPORTUNIDADES                           ,,001 - TEJIDO PUNTO                            ,X33035233,SHORT TIRO ALTO TP LAV CLARO PUNTA DE P,
012 - DICIEMBRE                               , ,,003 - YOYO                                    ,003 - OPORTUNIDADES                           ,,001 - TEJIDO PUNTO                            ,X33046755,CAMISETA MS TP ABERTURA EN CENTRO PUNTA,
012 - DICIEMBRE                               , ,,003 - YOYO                                    ,003 - OPORTUNIDADES                           ,,001 - TEJIDO PUNTO                            ,X33049755,CAMISETA MS TP CON ESTAMPADO FRENTE  PU,
012 - DICIEMBRE                               , ,,003 - YOYO                                    ,003 - OPORTUNIDADES                           ,,001 - TEJIDO PUNTO                            ,X33121753,CAMISETA MC TP ESTAMPADA SPECIAL,
012 - DICIEMBRE                               , ,,003 - YOYO                                    ,003 - OPORTUNIDADES                           ,,001 - TEJIDO PUNTO                            ,X33133153,CAMISETA MC TEEN ESTAMPADO EN FRENTE SP,
012 - DICIEMBRE                               , ,,003 - YOYO                                    ,003 - OPORTUNIDADES                           ,,001 - TEJIDO PUNTO                            ,X33140153,CAMISETA MC TEEN ESTAMPADA  PUNTA DE PR,
012 - DICIEMBRE                               , ,,003 - YOYO                                    ,003 - OPORTUNIDADES                           ,,001 - TEJIDO PUNTO                            ,X33142153,CAMISETA MC TEEN ESTAMPADA  PUNTA DE PR,
012 - DICIEMBRE                               , ,,003 - YOYO                                    ,003 - OPORTUNIDADES                           ,,001 - TEJIDO PUNTO                            ,X33146753,CAMISETA MC TP PUNTA DE PRECIO,
012 - DICIEMBRE                               , ,,003 - YOYO                                    ,003 - OPORTUNIDADES                           ,,001 - TEJIDO PUNTO                            ,X33147153,CAMISETA MC TEEN PUNTA DE PRECIO,
012 - DICIEMBRE                               , ,,003 - YOYO                                    ,003 - OPORTUNIDADES                           ,,001 - TEJIDO PUNTO                            ,X33158753,CAMISETA MC TP FRENTE ESTAMPADO PUNTA D,
012 - DICIEMBRE                               , ,,003 - YOYO                                    ,003 - OPORTUNIDADES                           ,,001 - TEJIDO PUNTO                            ,X33159153,CAMISETA MC TEEN ESTAMPADA EN FRENTE PU,
012 - DICIEMBRE                               , ,,003 - YOYO                                    ,003 - OPORTUNIDADES                           ,,001 - TEJIDO PUNTO                            ,X33161153,CAMISETA MC TEEN CON CONTRASTES PUNTA D,
012 - DICIEMBRE                               , ,,003 - YOYO                                    ,003 - OPORTUNIDADES                           ,,001 - TEJIDO PUNTO                            ,X33175753,CAMISETA MC TP ABERTURA EN CENTRO PUNTA,
012 - DICIEMBRE                               , ,,003 - YOYO                                    ,003 - OPORTUNIDADES                           ,,001 - TEJIDO PUNTO                            ,X33176253,CAMISETA PREMIUM MC TP CON ESTAMPADO PU,
012 - DICIEMBRE                               , ,,003 - YOYO                                    ,003 - OPORTUNIDADES                           ,,001 - TEJIDO PUNTO                            ,X33177753,CAMISETA MC TP ESTAMPADA EN FRENTE PUNT,
012 - DICIEMBRE                               , ,,003 - YOYO                                    ,003 - OPORTUNIDADES                           ,,001 - TEJIDO PUNTO                            ,X33178253,CAMISETA PREMIUM MC TP ESCOTE BANDEJA P,
012 - DICIEMBRE                               , ,,003 - YOYO                                    ,008 - MODA                                    ,,001 - TEJIDO PUNTO                            ,X34016715,CARDIGAN ML TP CON BOTONES EN FRENTE,
011 - NOVIEMBRE                               , ,044 - 4NOV4                                   ,003 - YOYO                                    ,008 - MODA                                    ,016 - TOP -BODY                               ,001 - TEJIDO PUNTO                            ,MY0004691,TOP MANGA CORTA ESTAMPADO EN FRENTE,
011 - NOVIEMBRE                               , ,044 - 4NOV4                                   ,003 - YOYO                                    ,008 - MODA                                    ,016 - TOP -BODY                               ,001 - TEJIDO PUNTO                            ,MY0004692,TOP MANGA CORTA EST FRENTE,
011 - NOVIEMBRE                               , ,044 - 4NOV4                                   ,003 - YOYO                                    ,008 - MODA                                    ,016 - TOP -BODY                               ,001 - TEJIDO PUNTO                            ,MY0004693,TOP MANGA CORTA CADENA EN LATERALES,
011 - NOVIEMBRE                               , ,044 - 4NOV4                                   ,003 - YOYO                                    ,008 - MODA                                    ,008 - PANTALONES                              ,001 - TEJIDO PUNTO                            ,MY0004695,PANTALON MODA TIRO ALTO,
011 - NOVIEMBRE                               , ,,003 - YOYO                                    ,008 - MODA                                    ,,001 - TEJIDO PUNTO                            ,X34229704,BUZO ML TP BORDADO Y ESTAMPADO EN FRENT,
011 - NOVIEMBRE                               , ,,003 - YOYO                                    ,008 - MODA                                    ,,001 - TEJIDO PUNTO                            ,X34232204,BUZO ML TP BORDADO EN MANGA Y FRENTE,
011 - NOVIEMBRE                               , ,,003 - YOYO                                    ,008 - MODA                                    ,,001 - TEJIDO PUNTO                            ,X34233704,BUZO ML TP CON MOÑO EN ESPALDA,
011 - NOVIEMBRE                               , ,,003 - YOYO                                    ,008 - MODA                                    ,,001 - TEJIDO PUNTO                            ,X34234204,BUZO ML TP CON VIVOS  Y CIERRE EN FRENT,
011 - NOVIEMBRE                               , ,,003 - YOYO                                    ,008 - MODA                                    ,,001 - TEJIDO PUNTO                            ,X34235204,BUZO ML TP CON BORDADO EN FRENTE,
011 - NOVIEMBRE                               , ,,003 - YOYO                                    ,008 - MODA                                    ,,001 - TEJIDO PUNTO                            ,X34236204,BUZO ML TP CON CIERRE EN FRENTE DOBLE C,
011 - NOVIEMBRE                               , ,,003 - YOYO                                    ,008 - MODA                                    ,,001 - TEJIDO PUNTO                            ,X34237704,BUZO ML TP ESTAMPADO EN FRENTE CROP,
011 - NOVIEMBRE                               , ,,003 - YOYO                                    ,008 - MODA                                    ,,001 - TEJIDO PUNTO                            ,X34244202,CHALECO MS TP LAV MEDIO,
011 - NOVIEMBRE                               , ,,003 - YOYO                                    ,008 - MODA                                    ,004 - SOBRETODOS                              ,002 - TEJIDO PLANO                            ,X34245201,CHAQUETA ML TEEN PLUS COLOR,001 - PRODUCCION INTERNA TELA NACIONALIZADA
011 - NOVIEMBRE                               , ,,003 - YOYO                                    ,008 - MODA                                    ,,002 - TEJIDO PLANO                            ,X34252202,CHALECO MS TP CRUZADO EN FRENTE,
011 - NOVIEMBRE                               , ,043 - 4NOV3                                   ,003 - YOYO                                    ,008 - MODA                                    ,001 - CAMISETA                                ,001 - TEJIDO PUNTO                            ,MY0004667,T-SHIRT MANGA CORTA EST FRENTE,
011 - NOVIEMBRE                               , ,043 - 4NOV3                                   ,003 - YOYO                                    ,008 - MODA                                    ,016 - TOP -BODY                               ,001 - TEJIDO PUNTO                            ,MY0004668,TOP MANGA CORTA TOP INTERNO,
011 - NOVIEMBRE                               , ,043 - 4NOV3                                   ,003 - YOYO                                    ,008 - MODA                                    ,016 - TOP -BODY                               ,001 - TEJIDO PUNTO                            ,MY0004669,BODY TIRAS ABERTURAS EN COSTADO,
011 - NOVIEMBRE                               , ,043 - 4NOV3                                   ,003 - YOYO                                    ,008 - MODA                                    ,016 - TOP -BODY                               ,001 - TEJIDO PUNTO                            ,MY0004670,TOP MANGA LARGA IMITACIÓN DOBLE PRENDA,
011 - NOVIEMBRE                               , ,,003 - YOYO                                    ,008 - MODA                                    ,,001 - TEJIDO PUNTO                            ,X34254702,CHALECO MS TP LAV CLARO,
011 - NOVIEMBRE                               , ,,003 - YOYO                                    ,008 - MODA                                    ,,001 - TEJIDO PUNTO                            ,X34256202,CHALECO MS TP LAVADO MEDIO,
011 - NOVIEMBRE                               , ,,003 - YOYO                                    ,008 - MODA                                    ,,001 - TEJIDO PUNTO                            ,X34280701,CHAQUETA ML TEEN PLUS EN CORDUROY,
011 - NOVIEMBRE                               , ,,003 - YOYO                                    ,008 - MODA                                    ,,001 - TEJIDO PUNTO                            ,X34292701,CHAQUETA ML TP CON BLOQUES DE COLOR,
011 - NOVIEMBRE                               , ,,003 - YOYO                                    ,008 - MODA                                    ,,001 - TEJIDO PUNTO                            ,X34293201,CHAQUETA ML TP CON BOLSILLOS EN FRENTE,
011 - NOVIEMBRE                               , ,,003 - YOYO                                    ,008 - MODA                                    ,,001 - TEJIDO PUNTO                            ,X34304105,CHOMPA TEEN ESTAMPADO EN FRENTE,
011 - NOVIEMBRE                               , ,,003 - YOYO                                    ,008 - MODA                                    ,,001 - TEJIDO PUNTO                            ,X34309701,CHAQUETA ML TP FAJON Y PUÑOS EN RECTILI,
011 - NOVIEMBRE                               , ,,003 - YOYO                                    ,008 - MODA                                    ,,001 - TEJIDO PUNTO                            ,X34311201,CHAQUETA ML TP CON ELASTICO EN CINTURA,
011 - NOVIEMBRE                               , ,,003 - YOYO                                    ,008 - MODA                                    ,,001 - TEJIDO PUNTO                            ,X34312201,CHAQUETA ML  TP LAV MEDIO,
011 - NOVIEMBRE                               , ,,003 - YOYO                                    ,008 - MODA                                    ,,001 - TEJIDO PUNTO                            ,X34313705,CHOMPA ML TP CON PIEZAS EN CONTRASTE Y,
011 - NOVIEMBRE                               , ,,003 - YOYO                                    ,008 - MODA                                    ,,001 - TEJIDO PUNTO                            ,X34316705,CHOMPA ML TP CON BOLSILLOS EN FRENTE,
011 - NOVIEMBRE                               , ,,003 - YOYO                                    ,008 - MODA                                    ,004 - SOBRETODOS                              ,001 - TEJIDO PUNTO                            ,X34318705,BUZO ML TP EN CONTRASTE CON ESTAMPADO,001 - PRODUCCION INTERNA TELA NACIONALIZADA
011 - NOVIEMBRE                               , ,,003 - YOYO                                    ,008 - MODA                                    ,,001 - TEJIDO PUNTO                            ,X34319205,CHOMPA  ML TP CON APLIQUES EN MANGA,
011 - NOVIEMBRE                               , ,,003 - YOYO                                    ,005 - ESENCIAL                                ,,001 - TEJIDO PUNTO                            ,X35001121,TEJANO TIRO MEDIO TEEN ESENCIALES,
011 - NOVIEMBRE                               , ,,003 - YOYO                                    ,005 - ESENCIAL                                ,,001 - TEJIDO PUNTO                            ,X35001221,TEJANO PREMIUM TIRO ALTO TP ESENCIALES,
011 - NOVIEMBRE                               , ,,003 - YOYO                                    ,005 - ESENCIAL                                ,,001 - TEJIDO PUNTO                            ,X35001230,BODY PREMIUM MC TP ESENCIALES,
011 - NOVIEMBRE                               , ,,003 - YOYO                                    ,005 - ESENCIAL                                ,,001 - TEJIDO PUNTO                            ,X35001241,JOGGER TIRO ALTO TP COLOR ESENCIALES,
011 - NOVIEMBRE                               , ,,003 - YOYO                                    ,005 - ESENCIAL                                ,,001 - TEJIDO PUNTO                            ,X35001295,BODY PREMIUM MS TP FONDO ENTERO ESENCIA,
011 - NOVIEMBRE                               , ,,003 - YOYO                                    ,004 - ESENCIAL MODA                           ,,001 - TEJIDO PUNTO                            ,X35002141,JOGGER TIRO ALTO TEEN COLOR ESENCIALES,
011 - NOVIEMBRE                               , ,,003 - YOYO                                    ,005 - ESENCIAL                                ,,001 - TEJIDO PUNTO                            ,X35002221,TEJANO TIRO ALTO TP ESENCIALES,
011 - NOVIEMBRE                               , ,,003 - YOYO                                    ,005 - ESENCIAL                                ,,001 - TEJIDO PUNTO                            ,X35002295,BODY MS TP ESTAMPADO EN FRENTE ESENCIAL,
011 - NOVIEMBRE                               , ,,003 - YOYO                                    ,004 - ESENCIAL MODA                           ,,001 - TEJIDO PUNTO                            ,X35005149,CAMISETA MC TEEN CON ESTAMPADO ESENCIAL,
011 - NOVIEMBRE                               , ,,003 - YOYO                                    ,005 - ESENCIAL                                ,,001 - TEJIDO PUNTO                            ,X35005248,CAMISETA PREMIUM TIRAS TP ESENCIALES,
012 - DICIEMBRE                               , ,046 - 4DIC2                                   ,003 - YOYO                                    ,008 - MODA                                    ,002 - BLUSA-CAMISA,002 - TEJIDO PLANO                            ,MY0004729,CAMISA MANGA CORTA CIERRE EN FRENTE,
012 - DICIEMBRE                               , ,046 - 4DIC2                                   ,003 - YOYO                                    ,008 - MODA                                    ,016 - TOP -BODY                               ,001 - TEJIDO PUNTO                            ,MY0004731,TOP MANGA CORTA RECOGIDO EN PRETINA,
012 - DICIEMBRE                               , ,046 - 4DIC2                                   ,003 - YOYO                                    ,008 - MODA                                    ,001 - CAMISETA                                ,001 - TEJIDO PUNTO                            ,MY0004732,T-SHIRT MANGA CORTA OVERSIZED ESTAMPADO,
012 - DICIEMBRE                               , ,,003 - YOYO                                    ,005 - ESENCIAL                                ,,001 - TEJIDO PUNTO                            ,X35006246,PERFECT TIRO ALTO TP  ESENCIALES,
012 - DICIEMBRE                               , ,,003 - YOYO                                    ,005 - ESENCIAL                                ,,001 - TEJIDO PUNTO                            ,X35006247,COOL TIRO ALTO TP COLOR BASICO,
012 - DICIEMBRE                               , ,,003 - YOYO                                    ,005 - ESENCIAL                                ,,001 - TEJIDO PUNTO                            ,X35006252,CAMISETA MS TP FONDO ENTERO ESENCIALES,
012 - DICIEMBRE                               , ,,003 - YOYO                                    ,005 - ESENCIAL                                ,,001 - TEJIDO PUNTO                            ,X35007146,PERFECT TIRO MEDIO TEEN ESENCIALES,
012 - DICIEMBRE                               , ,,003 - YOYO                                    ,005 - ESENCIAL                                ,,001 - TEJIDO PUNTO                            ,X35008124,CHAQUETA ML COLOR BASICO,
012 - DICIEMBRE                               , ,,003 - YOYO                                    ,005 - ESENCIAL                                ,,001 - TEJIDO PUNTO                            ,X35008291,RETROMOM TIRO ALTO TP ESENCIALES,
012 - DICIEMBRE                               , ,,003 - YOYO                                    ,005 - ESENCIAL                                ,,001 - TEJIDO PUNTO                            ,X35009191,RETROMOM TIRO ALTO TEEN ESENCIALES,
012 - DICIEMBRE                               , ,,003 - YOYO                                    ,005 - ESENCIAL                                ,,001 - TEJIDO PUNTO                            ,X35010252,CAMISETA PREMIUM MS TP ESCOTE ESPALDA E,
012 - DICIEMBRE                               , ,,003 - YOYO                                    ,005 - ESENCIAL                                ,000 - JEANS                                   ,005 - DENIM                                   ,X35010291,RETROMOM TIRO BAJO TP  ESENCIALES,001 - PRODUCCION INTERNA TELA NACIONALIZADA
012 - DICIEMBRE                               , ,,003 - YOYO                                    ,005 - ESENCIAL                                ,,005 - DENIM                                   ,X35011291,RETROMOM TIRO ALTO TP ESENCIALES,
012 - DICIEMBRE                               , ,,003 - YOYO                                    ,004 - ESENCIAL MODA                           ,,005 - DENIM                                   ,X35012249,CAMISETA MC TP CON ESTAMPADO ESENCIALES,
012 - DICIEMBRE                               , ,,003 - YOYO                                    ,005 - ESENCIAL                                ,,005 - DENIM                                   ,X35014724,CHAQUETA ML TP ESENCIALES,
008 - AGOSTO                                  , ,031 - 3AGO3                                   ,003 - YOYO                                    ,008 - MODA                                    ,002 - BLUSA-CAMISA,002 - TEJIDO PLANO                            ,YY0004441,BLUSA MC TP CIERRE DOBLE CABEZA,001 - PRODUCCION INTERNA TELA NACIONALIZADA
010 - OCTUBRE                                 , ,040 - 4OCT4                                   ,003 - YOYO                                    ,008 - MODA                                    ,004 - SOBRETODOS                              ,001 - TEJIDO PUNTO                            ,MY0004475,BUZO ABIERTO CON CHOMPA EST ESPALDA,001 - PRODUCCION INTERNA TELA NACIONALIZADA
010 - OCTUBRE                                 , ,040 - 4OCT4                                   ,003 - YOYO                                    ,008 - MODA                                    ,002 - BLUSA-CAMISA,001 - TEJIDO PUNTO                            ,MY0004476,BLUSA MANGA CORTA CON CIERRE EN FRENTE,001 - PRODUCCION INTERNA TELA NACIONALIZADA
010 - OCTUBRE                                 , ,040 - 4OCT4                                   ,003 - YOYO                                    ,004 - ESENCIAL MODA                           ,016 - TOP -BODY                               ,001 - TEJIDO PUNTO                            ,35001230EM,BODY MANGA CORTA ESENCIAL MODA,
010 - OCTUBRE                                 , ,,003 - YOYO                                    ,005 - ESENCIAL                                ,,001 - TEJIDO PUNTO                            ,X35015224,CHAQUETA ML TP ESENCIALES,
010 - OCTUBRE                                 , ,,003 - YOYO                                    ,004 - ESENCIAL MODA                           ,,001 - TEJIDO PUNTO                            ,X35016149,CAMISETA MC TEEN CON ESTAMPADO ESENCIAL,
010 - OCTUBRE                                 , ,,003 - YOYO                                    ,004 - ESENCIAL MODA                           ,,001 - TEJIDO PUNTO                            ,X35016209,CHOMPA ML TP CON CIERRE EN FRENTE ESENC,
010 - OCTUBRE                                 , ,,003 - YOYO                                    ,005 - ESENCIAL                                ,,001 - TEJIDO PUNTO                            ,X35016211,BIKER TIRO ALTO TP ESENCIALES,
010 - OCTUBRE                                 , ,,003 - YOYO                                    ,005 - ESENCIAL                                ,,001 - TEJIDO PUNTO                            ,X35017209,CHOMPA ML TP CON CIERRE EN FRENTE ESENC,
010 - OCTUBRE                                 , ,,003 - YOYO                                    ,005 - ESENCIAL                                ,,001 - TEJIDO PUNTO                            ,X35023249,CAMISETA PREMIUM MC TP FONDO ENTERO ESE,
010 - OCTUBRE                                 , ,,003 - YOYO                                    ,005 - ESENCIAL                                ,,001 - TEJIDO PUNTO                            ,X35024149,CAMISETA MC TEEN FONDO ENTERO ESENCIALE,
010 - OCTUBRE                                 , ,,003 - YOYO                                    ,004 - ESENCIAL MODA                           ,,001 - TEJIDO PUNTO                            ,X35027249,CAMISETA MC TP CON ESTAMPADO ESENCIALES,
010 - OCTUBRE                                 , ,,003 - YOYO                                    ,004 - ESENCIAL MODA                           ,001 - CAMISETA                                ,001 - TEJIDO PUNTO                            ,X35031249,CAMISETA MC TP CON ESTAMPADO ESENCIALES,001 - PRODUCCION INTERNA TELA NACIONALIZADA
010 - OCTUBRE                                 , ,,003 - YOYO                                    ,004 - ESENCIAL MODA                           ,,001 - TEJIDO PUNTO                            ,X35032249,CAMISETA MC TP CON ESTAMPADO ESENCIALES,
010 - OCTUBRE                                 , ,,003 - YOYO                                    ,004 - ESENCIAL MODA                           ,,001 - TEJIDO PUNTO                            ,X35033201,PANTALON TIRO ALTO TP ESENCIALES CON ES,
010 - OCTUBRE                                 , ,,003 - YOYO                                    ,005 - ESENCIAL                                ,,001 - TEJIDO PUNTO                            ,X35034201,PANTALON TIRO ALTO TP ESENCIALES,
010 - OCTUBRE                                 , ,,003 - YOYO                                    ,004 - ESENCIAL MODA                           ,,001 - TEJIDO PUNTO                            ,X35036749,CAMISETA MC TP CON ESTAMPADO ESENCIALES,
010 - OCTUBRE                                 , ,,003 - YOYO                                    ,004 - ESENCIAL MODA                           ,,001 - TEJIDO PUNTO                            ,X35043249,CAMISETA MC TP CON ESTAMPADO ESENCIALES,
010 - OCTUBRE                                 , ,,003 - YOYO                                    ,004 - ESENCIAL MODA                           ,,001 - TEJIDO PUNTO                            ,X35044249,CAMISETA MC TP CON ESTAMPADO ESENCIALES,
010 - OCTUBRE                                 , ,,003 - YOYO                                    ,004 - ESENCIAL MODA                           ,,001 - TEJIDO PUNTO                            ,X35048249,CAMISETA MC TP CON ESTAMPADO ESENCIALES,
010 - OCTUBRE                                 , ,,003 - YOYO                                    ,004 - ESENCIAL MODA                           ,,001 - TEJIDO PUNTO                            ,X35049249,CAMISETA MC TP CON ESTAMPADO ESENCIALES,
010 - OCTUBRE                                 , ,,003 - YOYO                                    ,005 - ESENCIAL                                ,,001 - TEJIDO PUNTO                            ,X35050249,CAMISETA MC TP ESENCIALES,
010 - OCTUBRE                                 , ,,003 - YOYO                                    ,005 - ESENCIAL                                ,,001 - TEJIDO PUNTO                            ,X35051249,CAMISETA MC TP ESCOTE V ESENCIALES,
010 - OCTUBRE                                 , ,,003 - YOYO                                    ,005 - ESENCIAL                                ,,001 - TEJIDO PUNTO                            ,X35052249,CAMISETA MC TP OVERSIZED ESTAMPADO EN F,
010 - OCTUBRE                                 , ,,003 - YOYO                                    ,005 - ESENCIAL                                ,,001 - TEJIDO PUNTO                            ,X35054202,COOL DESCADERADO TIRO BAJO ESENCIALES,
010 - OCTUBRE                                 , ,,003 - YOYO                                    ,005 - ESENCIAL                                ,,001 - TEJIDO PUNTO                            ,X35054249,CAMISETA MC TP TIPO POLO ESENCIALES,
010 - OCTUBRE                                 , ,,003 - YOYO                                    ,008 - MODA                                    ,,001 - TEJIDO PUNTO                            ,X36030213,BIKER TEEN PLUS CON PRETINA CRUZADA,
010 - OCTUBRE                                 , ,,003 - YOYO                                    ,008 - MODA                                    ,,001 - TEJIDO PUNTO                            ,X38002737,ENTERIZO TIRAS TP CORTO CON CORREA EN C,
010 - OCTUBRE                                 , ,,003 - YOYO                                    ,008 - MODA                                    ,,001 - TEJIDO PUNTO                            ,X38039217,PANTALON TIRO ALTO TP CON BOLSILLOS CAR,
010 - OCTUBRE                                 , ,,003 - YOYO                                    ,008 - MODA                                    ,,001 - TEJIDO PUNTO                            ,X38044217,PANTALON TIRO ALTO TP CON JARETA EN LA,
010 - OCTUBRE                                 , ,,003 - YOYO                                    ,008 - MODA                                    ,,001 - TEJIDO PUNTO                            ,X38045117,PANTALON TIRO ALTO TEEN LAV COLOR,
010 - OCTUBRE                                 , ,,003 - YOYO                                    ,008 - MODA                                    ,,001 - TEJIDO PUNTO                            ,X38045118,CONJUNTO TIRAS TEEN FONDO ENTERO FALDA,
010 - OCTUBRE                                 , ,,003 - YOYO                                    ,008 - MODA                                    ,,001 - TEJIDO PUNTO                            ,X38047718,CONJUNTO ML TP BRILLOS Y FALDA CORTA,
010 - OCTUBRE                                 , ,,003 - YOYO                                    ,008 - MODA                                    ,,001 - TEJIDO PUNTO                            ,X38048117,PANTALON TIRO ALTO TEEN DE COLOR,
010 - OCTUBRE                                 , ,,003 - YOYO                                    ,008 - MODA                                    ,,001 - TEJIDO PUNTO                            ,X38049216,JOGGER TP CON CORTES EN FRENTE Y BOL PA,
010 - OCTUBRE                                 , ,,003 - YOYO                                    ,008 - MODA                                    ,,001 - TEJIDO PUNTO                            ,X38049217,PANTALON TIRO ALTO TP DE COLOR,
010 - OCTUBRE                                 , ,,003 - YOYO                                    ,008 - MODA                                    ,,001 - TEJIDO PUNTO                            ,X38050217,PANTALON JOGGER  T/ALTO TP COLOR MODA,
010 - OCTUBRE                                 , ,,003 - YOYO                                    ,008 - MODA                                    ,,001 - TEJIDO PUNTO                            ,X38051716,JOGGER TP CON CORTES EN FRENTE Y BOL PA,
006 - JUNIO                                   , ,024 - 2JUN4                                   ,003 - YOYO                                    ,009 - CONSCIENTE,008 - PANTALONES                              ,002 - TEJIDO PLANO                            ,YY0004344,PANTALON TIRO ALTO CON PRETINA ELASTICA,001 - PRODUCCION INTERNA TELA NACIONALIZADA
006 - JUNIO                                   , ,024 - 2JUN4                                   ,003 - YOYO                                    ,009 - CONSCIENTE,002 - BLUSA-CAMISA,002 - TEJIDO PLANO                            ,YY0004345,CAMISA MANGA CORTA CON BOLSILLOS,
006 - JUNIO                                   , ,024 - 2JUN4                                   ,003 - YOYO                                    ,009 - CONSCIENTE,003 - CORTOS                                  ,005 - DENIM                                   ,YY0004346,FALDA SHORT TIRO ALTO AZUL MEDIO,001 - PRODUCCION INTERNA TELA NACIONALIZADA
006 - JUNIO                                   , ,,003 - YOYO                                    ,008 - MODA                                    ,,005 - DENIM                                   ,X38052223,VESTIDO TIRAS TEEN PLUS FULL PRINT,
006 - JUNIO                                   , ,,003 - YOYO                                    ,008 - MODA                                    ,,005 - DENIM                                   ,X38052721,VESTIDO M/SISA TEEN PLUS COLOR CORTO,
006 - JUNIO                                   , ,,003 - YOYO                                    ,008 - MODA                                    ,,005 - DENIM                                   ,X38053217,PANTALON TIRO ALTO TP COLOR,
006 - JUNIO                                   , ,,003 - YOYO                                    ,008 - MODA                                    ,,005 - DENIM                                   ,X38055117,PANTALON TIRO ALTO TEEN PRETINA CON ELA,
006 - JUNIO                                   , ,,003 - YOYO                                    ,008 - MODA                                    ,,005 - DENIM                                   ,X38058217,PANTALON TIRO ALTO TP CON BOLSILLOS PAR,
006 - JUNIO                                   , ,,003 - YOYO                                    ,008 - MODA                                    ,,005 - DENIM                                   ,X38058221,VESTIDO MS TP CON CORTES EN FRENTE CORT,
006 - JUNIO                                   , ,,003 - YOYO                                    ,008 - MODA                                    ,,005 - DENIM                                   ,X38061217,PANTALON TIRO ALTO TPEN TELA EFECTO TEJ,
006 - JUNIO                                   , ,,003 - YOYO                                    ,008 - MODA                                    ,,005 - DENIM                                   ,X38061223,VESTIDO TIRAS TP LARGO BRILLANTE,
006 - JUNIO                                   , ,,003 - YOYO                                    ,008 - MODA                                    ,,005 - DENIM                                   ,X38062721,VESTIDO MS TP CON BRILLO Y ABERTURA EN,
006 - JUNIO                                   , ,,003 - YOYO                                    ,008 - MODA                                    ,,005 - DENIM                                   ,X38063123,VESTIDO TIRAS TEEN FULL PRINT CON BOELR,
006 - JUNIO                                   , ,,003 - YOYO                                    ,008 - MODA                                    ,,005 - DENIM                                   ,X38064217,PANTALON TIRO ALTO TP DE COLOR,
006 - JUNIO                                   , ,,003 - YOYO                                    ,008 - MODA                                    ,,005 - DENIM                                   ,X38064221,VESTIDO MS TP CON ABERTURA EN FRENTE CO,
006 - JUNIO                                   , ,,003 - YOYO                                    ,008 - MODA                                    ,,005 - DENIM                                   ,X38065123,VESTIDO TIRAS CORTO TEEN CON BOLSILLOS,
006 - JUNIO                                   , ,,003 - YOYO                                    ,008 - MODA                                    ,,005 - DENIM                                   ,X38065221,VESTIDO MS TP CON ABERTURA EN CINTURA Y,
006 - JUNIO                                   , ,,003 - YOYO                                    ,008 - MODA                                    ,,005 - DENIM                                   ,X38066217,PANTALON TIRO ALTO TP MODA,
006 - JUNIO                                   , ,,003 - YOYO                                    ,008 - MODA                                    ,,005 - DENIM                                   ,X38066721,VESTIDO MS TP ABERTURA EN LATERALES PIE,
006 - JUNIO                                   , ,,003 - YOYO                                    ,008 - MODA                                    ,,005 - DENIM                                   ,X38067717,PANTALON TIRO ALTO TP CON BOTA CAMPANA,
006 - JUNIO                                   , ,,003 - YOYO                                    ,008 - MODA                                    ,,005 - DENIM                                   ,X38068217,PANTALON TIRO ALTO TP CON BOLSILLOS EN,
006 - JUNIO                                   , ,,003 - YOYO                                    ,008 - MODA                                    ,,005 - DENIM                                   ,X38069723,VESTIDO TIRAS TP CORTO BRILLOS,
006 - JUNIO                                   , ,,003 - YOYO                                    ,008 - MODA                                    ,,005 - DENIM                                   ,X38071217,PANTALON  TIRO ALTO CON SESGOS EN COSTA,
006 - JUNIO                                   , ,,003 - YOYO                                    ,008 - MODA                                    ,,005 - DENIM                                   ,X38071223,VESTIDO TIRAS TP CON RECOGIDO EN FRENTE,
006 - JUNIO                                   , ,,003 - YOYO                                    ,008 - MODA                                    ,,005 - DENIM                                   ,X38072717,PANTALON TIRO ALTO TP CON SESGOS EN COS,
006 - JUNIO                                   , ,,003 - YOYO                                    ,008 - MODA                                    ,,005 - DENIM                                   ,X38075219,VESTIDO MC TEEN PLUS OVERSIZED CON HILA,
006 - JUNIO                                   , ,,003 - YOYO                                    ,008 - MODA                                    ,,005 - DENIM                                   ,X38075717,PANTALON TIRO ALTO TP CON BOLSILLOS EN,
011 - NOVIEMBRE                               , ,041 - 4NOV1                                   ,003 - YOYO                                    ,008 - MODA                                    ,010 - PRENDAS DE MODA                         ,001 - TEJIDO PUNTO                            ,MY0004449,VESTIDO,001 - PRODUCCION INTERNA TELA NACIONALIZADA
011 - NOVIEMBRE                               , ,,003 - YOYO                                    ,008 - MODA                                    ,,001 - TEJIDO PUNTO                            ,X38076717,PANTALON TIRO ALTO TP EN CORDOROY,
011 - NOVIEMBRE                               , ,,003 - YOYO                                    ,008 - MODA                                    ,,001 - TEJIDO PUNTO                            ,X38077717,PANTALON TIRO ALTO TP DOBLE PRETINA,
011 - NOVIEMBRE                               , ,,003 - YOYO                                    ,008 - MODA                                    ,,001 - TEJIDO PUNTO                            ,X38078217,PANTALON TIRO ALTO TP ABERTURA EN COSTA,
011 - NOVIEMBRE                               , ,,003 - YOYO                                    ,008 - MODA                                    ,,001 - TEJIDO PUNTO                            ,X38079717,PANTALON TIRO ALTO TP DE MODA CON BROCH,
011 - NOVIEMBRE                               , ,,003 - YOYO                                    ,008 - MODA                                    ,,001 - TEJIDO PUNTO                            ,X38080217,PANTALON TIRO ALTO TP CON DETALLE EN CO,
011 - NOVIEMBRE                               , ,,003 - YOYO                                    ,008 - MODA                                    ,,001 - TEJIDO PUNTO                            ,X38081217,PANTALON TIRO ALTO TP CON SESGO DECORAT,
011 - NOVIEMBRE                               , ,,003 - YOYO                                    ,008 - MODA                                    ,,001 - TEJIDO PUNTO                            ,X38081219,VESTIDO MC TEEN PLUS  MANGA BOMBACHA,
011 - NOVIEMBRE                               , ,,003 - YOYO                                    ,008 - MODA                                    ,,001 - TEJIDO PUNTO                            ,X38082217,PANTALON  TP CON BOLSILLOS EN COSTADO,
011 - NOVIEMBRE                               , ,,003 - YOYO                                    ,008 - MODA                                    ,,001 - TEJIDO PUNTO                            ,X38083217,PANTALON TIRO ALTO CON BOLSILLOS CARGO,
011 - NOVIEMBRE                               , ,,003 - YOYO                                    ,008 - MODA                                    ,,001 - TEJIDO PUNTO                            ,X38084217,PANTALON TP CON ELÁSTICO EXPUESTO EN PR,
011 - NOVIEMBRE                               , ,,003 - YOYO                                    ,008 - MODA                                    ,,001 - TEJIDO PUNTO                            ,X38084719,VESTIDO MC TP LAV COLOR CON CINTURON,
011 - NOVIEMBRE                               , ,,003 - YOYO                                    ,008 - MODA                                    ,,001 - TEJIDO PUNTO                            ,X38085119,VESTIDO MC TEEN EN MALLA CON BRILLO CON,
011 - NOVIEMBRE                               , ,,003 - YOYO                                    ,008 - MODA                                    ,,001 - TEJIDO PUNTO                            ,X38085217,PANTALON TP CON ELÁSTICO EN PRETINA,
011 - NOVIEMBRE                               , ,,003 - YOYO                                    ,008 - MODA                                    ,,001 - TEJIDO PUNTO                            ,X38086717,PANTALON TP CON BOLSILLOS CARGO,
011 - NOVIEMBRE                               , ,,003 - YOYO                                    ,008 - MODA                                    ,,001 - TEJIDO PUNTO                            ,X38087217,PANTALON TIRO ALTO TP PRETINA RECOGIDA,
011 - NOVIEMBRE                               , ,,003 - YOYO                                    ,008 - MODA                                    ,,001 - TEJIDO PUNTO                            ,X38090219,VESTIDO MC TP DOBLE PRENDA CORTO AJUSTA,
011 - NOVIEMBRE                               , ,,003 - YOYO                                    ,008 - MODA                                    ,,001 - TEJIDO PUNTO                            ,X38092219,VESTIDO MC TP CON CUELLO Y SESGO EN CON,
011 - NOVIEMBRE                               , ,,003 - YOYO                                    ,008 - MODA                                    ,,001 - TEJIDO PUNTO                            ,X38094219,VESTIDO MC TP DOBLE PRENDA BRILLANTE,
011 - NOVIEMBRE                               , ,,003 - YOYO                                    ,008 - MODA                                    ,,001 - TEJIDO PUNTO                            ,X38095719,VESTIDO MC TP ESTAMPADO EN FRENTE,
011 - NOVIEMBRE                               , ,,003 - YOYO                                    ,008 - MODA                                    ,,001 - TEJIDO PUNTO                            ,X38395701,FALDA TP NEGRA CORTA,
011 - NOVIEMBRE                               , ,,003 - YOYO                                    ,008 - MODA                                    ,,001 - TEJIDO PUNTO                            ,X38397701,FALDA CORTA  TP CON TABLAS,
011 - NOVIEMBRE                               , ,,003 - YOYO                                    ,008 - MODA                                    ,,001 - TEJIDO PUNTO                            ,X38399701,FALDA TP CON TABLAS SHORT INTERNO,
011 - NOVIEMBRE                               , ,,003 - YOYO                                    ,008 - MODA                                    ,,001 - TEJIDO PUNTO                            ,X38404204,SHORT TP FULL PRINT RAYAS CON CORDON  A,
010 - OCTUBRE                                 ,09-SEPTIEMBRE,039 - 4OCT3                                   ,003 - YOYO                                    ,008 - MODA                                    ,001 - CAMISETA                                ,001 - TEJIDO PUNTO                            ,MY0004415,POLO MANGA CORTA CROP,001 - PRODUCCION INTERNA TELA NACIONALIZADA
010 - OCTUBRE                                 ,09-SEPTIEMBRE,039 - 4OCT3                                   ,003 - YOYO                                    ,008 - MODA                                    ,001 - CAMISETA                                ,001 - TEJIDO PUNTO                            ,MY0004416,TSHIRT MANGA CORTA OVERSIZED,001 - PRODUCCION INTERNA TELA NACIONALIZADA
006 - JUNIO                                   , ,024 - 2JUN4                                   ,003 - YOYO                                    ,009 - CONSCIENTE,004 - SOBRETODOS                              ,002 - TEJIDO PLANO                            ,YY0004348,CHALECO MANGA SISA IMITACION BOLSILLOS,
003 - MARZO                                   , ,009 - 1MAR1                                   ,003 - YOYO                                    ,008 - MODA                                    ,000 - JEANS                                   ,005 - DENIM                                   ,X30019249,TEJANO TIRO ALTO TP LAV OSCURO,001 - PRODUCCION INTERNA TELA NACIONALIZADA
003 - MARZO                                   , ,,003 - YOYO                                    ,008 - MODA                                    ,,005 - DENIM                                   ,X48017201,FALDA TEEN PLUS DE TABLAS CON HEBILLA C,
011 - NOVIEMBRE                               , ,041 - 4NOV1                                   ,003 - YOYO                                    ,008 - MODA                                    ,008 - PANTALONES                              ,002 - TEJIDO PLANO                            ,MY0004362,RETROMOM TIRO MEDIO COLOR CAFE,001 - PRODUCCION INTERNA TELA NACIONALIZADA
006 - JUNIO                                   , ,024 - 2JUN4                                   ,003 - YOYO                                    ,009 - CONSCIENTE,004 - SOBRETODOS                              ,005 - DENIM                                   ,0004377,CHALECO MANGA SISA CON BOLSILLOS DELA,
010 - OCTUBRE                                 ,09-SEPTIEMBRE,040 - 4OCT4                                   ,003 - YOYO                                    ,008 - MODA                                    ,001 - CAMISETA                                ,001 - TEJIDO PUNTO                            ,MY0004478,CAMISETA MANGA CORTA EN CONTRASTE EST,001 - PRODUCCION INTERNA TELA NACIONALIZADA
006 - JUNIO                                   , ,024 - 2JUN4                                   ,003 - YOYO                                    ,009 - CONSCIENTE,003 - CORTOS                                  ,002 - TEJIDO PLANO                            ,0004498,BERMUDA TIRO ALTO,
011 - NOVIEMBRE                               , ,043 - 4NOV3                                   ,003 - YOYO                                    ,008 - MODA                                    ,000 - JEANS                                   ,005 - DENIM                                   ,MY0004512,RETROMOM TIRO BAJO LAV MEDIO,001 - PRODUCCION INTERNA TELA NACIONALIZADA
003 - MARZO                                   , ,,003 - YOYO                                    ,008 - MODA                                    ,010 - PRENDAS DE MODA                         ,001 - TEJIDO PUNTO                            ,X38400701,FALDA TIRO BAJO TP SHORT INTERNO CORTA,
010 - OCTUBRE                                 , ,,003 - YOYO                                    ,008 - MODA                                    ,002 - BLUSA-CAMISA,999 - NO APLICA                               ,X32179204,BLUSA MC TP CON DETALLE EN HOMBROS,
010 - OCTUBRE                                 , ,,003 - YOYO                                    ,008 - MODA                                    ,010 - PRENDAS DE MODA                         ,001 - TEJIDO PUNTO                            ,X38059221,VESTIDO MS TP CON ABERTURA EN COSTADOS,
006 - JUNIO                                   , ,,003 - YOYO                                    ,008 - MODA                                    ,006 - DEPORTIVOS                              ,999 - NO APLICA                               ,X36161701,CONJUNTO ML TEEN PLUS TRES PRENDAS DEPO,
005 - MAYO                                    , ,,003 - YOYO                                    ,008 - MODA                                    ,008 - PANTALONES                              ,999 - NO APLICA                               ,X38051717,PANTALON TP CON BOLSILLOS EN COSTADO,
007 - JULIO                                   , ,,003 - YOYO                                    ,008 - MODA                                    ,008 - PANTALONES                              ,005 - DENIM                                   ,X38060217,PANTALON TIRO ALTO TP DE COLOR,
003 - MARZO                                   , ,,003 - YOYO                                    ,008 - MODA                                    ,000 - JEANS                                   ,002 - TEJIDO PLANO                            ,X30163256,RETROMOM TIRO ALTO TP LAV CLARO,
004 - ABRIL                                   , ,,003 - YOYO                                    ,008 - MODA                                    ,002 - BLUSA-CAMISA,002 - TEJIDO PLANO                            ,X32058205,BLUSA ML TP CON AMARRE EN FRENTE,
004 - ABRIL                                   , ,,003 - YOYO                                    ,008 - MODA                                    ,002 - BLUSA-CAMISA,002 - TEJIDO PLANO                            ,X32188204,BLUSA MC TP CON DETALLE EN HOMBROS,
004 - ABRIL                                   , ,,003 - YOYO                                    ,008 - MODA                                    ,015 - TEJIDO                                  ,001 - TEJIDO PUNTO                            ,X34259702,CHALECO MS TP CON BOTON EN FRENTE,
010 - OCTUBRE                                 , ,,003 - YOYO                                    ,008 - MODA                                    ,010 - PRENDAS DE MODA                         ,002 - TEJIDO PLANO                            ,X38091219,VESTIDO MC TP CON ABERTURA  EN COSTADOS,
008 - AGOSTO                                  , ,,003 - YOYO                                    ,008 - MODA                                    ,008 - PANTALONES                              ,002 - TEJIDO PLANO                            ,X38063217,PANTALON TP  CON CORTES EN CENTRO,
004 - ABRIL                                   , ,,003 - YOYO                                    ,008 - MODA                                    ,003 - CORTOS                                  ,999 - NO APLICA                               ,X30082247,FALDA SHORT TIRO ALTO TP LAV MEDIO,
010 - OCTUBRE                                 , ,,003 - YOYO                                    ,008 - MODA                                    ,002 - BLUSA-CAMISA,002 - TEJIDO PLANO                            ,X32053209,BLUSA TIRAS TP CON OJALILLO,
010 - OCTUBRE                                 , ,,003 - YOYO                                    ,008 - MODA                                    ,016 - TOP -BODY                               ,999 - NO APLICA                               ,X31011722,BODY MC TP DOBLE PRENDA CON TOP INTERNO,
001 - ENERO                                   , ,,003 - YOYO                                    ,008 - MODA                                    ,003 - CORTOS                                  ,005 - DENIM                                   ,B30061247,FALDA SHORT TIRO ALTO TP NEGRO,
003 - MARZO                                   , ,,003 - YOYO                                    ,008 - MODA                                    ,001 - CAMISETA                                ,001 - TEJIDO PUNTO                            ,B31870214,CAMISETA  MC TP ESTAMPADO EN RUEDO,
004 - ABRIL                                   , ,,003 - YOYO                                    ,008 - MODA                                    ,002 - BLUSA-CAMISA,002 - TEJIDO PLANO                            ,B32058205,BLUSA ML TP CON AMARRE EN FRENTE,
010 - OCTUBRE                                 , ,040 - 4OCT4                                   ,003 - YOYO                                    ,008 - MODA                                    ,016 - TOP -BODY                               ,001 - TEJIDO PUNTO                            ,MY0004635,BODY MANGA LARGA CON ABERTURA EN ESPALDA,001 - PRODUCCION INTERNA TELA NACIONALIZADA
011 - NOVIEMBRE                               , ,,003 - YOYO                                    ,008 - MODA                                    ,010 - PRENDAS DE MODA                         ,999 - NO APLICA                               ,X38060721,VESTIDO MS TP CON CIERRE EN FRENTE EN R,
004 - ABRIL                                   , ,,003 - YOYO                                    ,008 - MODA                                    ,000 - JEANS                                   ,002 - TEJIDO PLANO                            ,X30162256,RETROMOM TIRO BAJO TP LAV MEDIO OSCURO,
003 - MARZO                                   , ,,003 - YOYO                                    ,008 - MODA                                    ,000 - JEANS                                   ,002 - TEJIDO PLANO                            ,B30163256,RETROMOM TIRO ALTO TP LAV CLARO,
008 - AGOSTO                                  , ,,003 - YOYO                                    ,008 - MODA                                    ,001 - CAMISETA                                ,999 - NO APLICA                               ,X31772214,CAMISETA PREMIUM MC TP ELASTICO EN CINT,
011 - NOVIEMBRE                               , ,,003 - YOYO                                    ,008 - MODA                                    ,001 - CAMISETA                                ,999 - NO APLICA                               ,B317798714,CAMISETA PREMIUM MC TP CON CORTES EN CO,
010 - OCTUBRE                                 , ,040 - 4OCT4                                   ,003 - YOYO                                    ,008 - MODA                                    ,001 - CAMISETA                                ,001 - TEJIDO PUNTO                            ,MY0004606,POLO MANGA CORTA REGULAR,001 - PRODUCCION INTERNA TELA NACIONALIZADA
012 - DICIEMBRE                               , ,,003 - YOYO                                    ,008 - MODA                                    ,002 - BLUSA-CAMISA,999 - NO APLICA                               ,B32046705,BLUSA ML TEEN PLUS CON ESTAMAPDO EN ESP,
004 - ABRIL                                   , ,014 - 2ABR2                                   ,003 - YOYO                                    ,008 - MODA                                    ,008 - PANTALONES                              ,002 - TEJIDO PLANO                            ,YY0004661,PANTALON CARGO TIRO ALTO TP LAV COLOR,001 - PRODUCCION INTERNA TELA NACIONALIZADA
010 - OCTUBRE                                 , ,,003 - YOYO                                    ,008 - MODA                                    ,001 - CAMISETA                                ,001 - TEJIDO PUNTO                            ,X31120215,CAMISETA ML EN RIB CON PERILLA,
006 - JUNIO                                   , ,,003 - YOYO                                    ,008 - MODA                                    ,001 - CAMISETA                                ,999 - NO APLICA                               ,X31656214,CAMISETA MC TEEN PLUS CON ESTAMPADO EN,
004 - ABRIL                                   , ,,003 - YOYO                                    ,008 - MODA                                    ,001 - CAMISETA                                ,999 - NO APLICA                               ,X31736114,CAMISETA MC TEEN CON CUELLO Y MANGAS EN,
004 - ABRIL                                   , ,,003 - YOYO                                    ,008 - MODA                                    ,010 - PRENDAS DE MODA                         ,002 - TEJIDO PLANO                            ,B30052244,OVERALL LARGO TP LAV CLARO,
010 - OCTUBRE                                 , ,,003 - YOYO                                    ,008 - MODA                                    ,003 - CORTOS                                  ,005 - DENIM                                   ,B30059223,FALDA TIRO ALTO TP MARFIL,
001 - ENERO                                   , ,,003 - YOYO                                    ,008 - MODA                                    ,003 - CORTOS                                  ,005 - DENIM                                   ,B30076223,FALDA TIRO ALTO TP LAV CLARO,
004 - ABRIL                                   , ,,003 - YOYO                                    ,008 - MODA                                    ,003 - CORTOS                                  ,999 - NO APLICA                               ,B30082247,FALDA SHORT TIRO ALTO TP LAV MEDIO,
003 - MARZO                                   , ,,003 - YOYO                                    ,008 - MODA                                    ,000 - JEANS                                   ,002 - TEJIDO PLANO                            ,B30119234,PANTALON CARGO TIRO BAJO TP LAV MEDIO O,
003 - MARZO                                   , ,,003 - YOYO                                    ,008 - MODA                                    ,000 - JEANS                                   ,002 - TEJIDO PLANO                            ,B30120234,PANTALON CARGO TIRO BAJO TP LAV MEDIO,
004 - ABRIL                                   , ,,003 - YOYO                                    ,008 - MODA                                    ,000 - JEANS                                   ,999 - NO APLICA                               ,B30121234,PANTALON CARGO TIRO MEDIO TP LAV VERDE,
004 - ABRIL                                   , ,,003 - YOYO                                    ,008 - MODA                                    ,,999 - NO APLICA                               ,MY0004628,CAMISETA OVERSIZED,
002 - FEBRERO                                 , ,006 - 1FEB2                                   ,003 - YOYO                                    ,005 - ESENCIAL                                ,016 - TOP -BODY                               ,001 - TEJIDO PUNTO                            ,B35002295,BODY SISA ESTAMPADO EN FRENTE ESENCIAL,001 - PRODUCCION INTERNA TELA NACIONALIZADA
011 - NOVIEMBRE                               , ,,003 - YOYO                                    ,004 - ESENCIAL MODA                           ,001 - CAMISETA                                ,999 - NO APLICA                               ,B35044249,CAMISETA MC TP CON ESTAMPADO ESENCIALES,
012 - DICIEMBRE                               , ,,003 - YOYO                                    ,004 - ESENCIAL MODA                           ,001 - CAMISETA                                ,999 - NO APLICA                               ,X35044749,CAMISETA MC TP CON ESTAMPADO ESENCIALES,
007 - JULIO                                   , ,,003 - YOYO                                    ,008 - MODA                                    ,008 - PANTALONES                              ,999 - NO APLICA                               ,X38056217,PANTALON TIRO ALTO TP PRETINA RECOGIDA,
007 - JULIO                                   , ,,003 - YOYO                                    ,008 - MODA                                    ,008 - PANTALONES                              ,999 - NO APLICA                               ,B38061217,PANTALON TIRO ALTO TPEN TELA EFECTO TEJ,
010 - OCTUBRE                                 , ,,003 - YOYO                                    ,008 - MODA                                    ,008 - PANTALONES                              ,002 - TEJIDO PLANO                            ,B38068217,PANTALON TIRO ALTO TP CON BOLSILLOS EN,
004 - ABRIL                                   , ,,003 - YOYO                                    ,008 - MODA                                    ,008 - PANTALONES                              ,001 - TEJIDO PUNTO                            ,B38088217,PANTALON TP CON ABERTURA EN LATERAL,
004 - ABRIL                                   , ,,003 - YOYO                                    ,008 - MODA                                    ,,001 - TEJIDO PUNTO                            ,MY0004685,FALDA CON SHORT INTERNO,
003 - MARZO                                   , ,,003 - YOYO                                    ,008 - MODA                                    ,001 - CAMISETA                                ,001 - TEJIDO PUNTO                            ,X31868714,CAMISETA MC TP CON ESTAMPADO EN FRENTE,
012 - DICIEMBRE                               , ,,003 - YOYO                                    ,008 - MODA                                    ,002 - BLUSA-CAMISA,002 - TEJIDO PLANO                            ,X32131104,BLUSA MC TEEN FONDO ENTERO MANGA BOMBAC,
011 - NOVIEMBRE                               , ,043 - 4NOV3                                   ,003 - YOYO                                    ,008 - MODA                                    ,016 - TOP -BODY                               ,001 - TEJIDO PUNTO                            ,MY0004686,BODY MANGA SISA CON TOP INTERNO,
012 - DICIEMBRE                               , ,045 - 4DIC1                                   ,003 - YOYO                                    ,008 - MODA                                    ,001 - CAMISETA                                ,001 - TEJIDO PUNTO                            ,MY0004712,CAMISETA MANGA CORTA DOBLE PRENDA,
012 - DICIEMBRE                               , ,045 - 4DIC1                                   ,003 - YOYO                                    ,008 - MODA                                    ,016 - TOP -BODY                               ,001 - TEJIDO PUNTO                            ,MY0004730,TOP MANGA LARGA TOP INTERNO,
010 - OCTUBRE                                 , ,,003 - YOYO                                    ,008 - MODA                                    ,002 - BLUSA-CAMISA,002 - TEJIDO PLANO                            ,B32055209,BLUSA TIRAS TP NIDO DE ABEJA EN ESPALDA,
010 - OCTUBRE                                 , ,,003 - YOYO                                    ,008 - MODA                                    ,,002 - TEJIDO PLANO                            ,X38043118,CONJUNTO TIRAS TEEN FULL PRINT RAYAS,
011 - NOVIEMBRE                               , ,043 - 4NOV3                                   ,003 - YOYO                                    ,008 - MODA                                    ,001 - CAMISETA                                ,001 - TEJIDO PUNTO                            ,MY0004687,T-SHIRT MANGA CORTA RAYAS,
011 - NOVIEMBRE                               , ,043 - 4NOV3                                   ,003 - YOYO                                    ,008 - MODA                                    ,001 - CAMISETA                                ,001 - TEJIDO PUNTO                            ,MY0004688,T-SHIRT MANGA LARGA DOBLE PRENDA,
011 - NOVIEMBRE                               , ,044 - 4NOV4                                   ,003 - YOYO                                    ,008 - MODA                                    ,002 - BLUSA-CAMISA,002 - TEJIDO PLANO                            ,MY0004689,BLUSA MANGA SISA ABERUTRAS EN COSTADOS,
004 - ABRIL                                   , ,,003 - YOYO                                    ,008 - MODA                                    ,008 - PANTALONES                              ,002 - TEJIDO PLANO                            ,B38085217,PANTALON TP CON ELÁSTICO EN PRETINA,
012 - DICIEMBRE                               , ,,003 - YOYO                                    ,008 - MODA                                    ,000 - JEANS                                   ,005 - DENIM                                   ,B30089222,MOM JEAN TIRO ALTO TP LAV MEDIO,
004 - ABRIL                                   , ,,003 - YOYO                                    ,008 - MODA                                    ,003 - CORTOS                                  ,002 - TEJIDO PLANO                            ,B30081247,FALDA SHORT TIRO ALTO TP LAV CLARO,
012 - DICIEMBRE                               , ,045 - 4DIC1                                   ,003 - YOYO                                    ,008 - MODA                                    ,016 - TOP -BODY                               ,001 - TEJIDO PUNTO                            ,MY0004716,TOP MANGA CORTA ESCOTE V,
012 - DICIEMBRE                               , ,,003 - YOYO                                    ,008 - MODA                                    ,,001 - TEJIDO PUNTO                            ,MY0000121,BLUSA MANGA SISA CON CUELLO NERU,
012 - DICIEMBRE                               , ,,003 - YOYO                                    ,008 - MODA                                    ,001 - CAMISETA                                ,001 - TEJIDO PUNTO                            ,X31843214,CAMISETA MC TP CON BORDADO EN FRENTE,
011 - NOVIEMBRE                               , ,043 - 4NOV3                                   ,003 - YOYO                                    ,008 - MODA                                    ,004 - SOBRETODOS                              ,005 - DENIM                                   ,MY0004777,CHAQUETA MANGA LARGA LAV NEGRO MEDIO,001 - PRODUCCION INTERNA TELA NACIONALIZADA
010 - OCTUBRE                                 , ,040 - 4OCT4                                   ,003 - YOYO                                    ,008 - MODA                                    ,003 - CORTOS                                  ,005 - DENIM                                   ,MY0004822,BERMUDA TIRO BAJO LAV MEDIO OSCURO,001 - PRODUCCION INTERNA TELA NACIONALIZADA
010 - OCTUBRE                                 , ,,003 - YOYO                                    ,008 - MODA                                    ,,005 - DENIM                                   ,MY0004806,BUZO CERRADO CAPUCHA OVERSIZE CON TACHES,
010 - OCTUBRE                                 , ,,003 - YOYO                                    ,008 - MODA                                    ,,005 - DENIM                                   ,MY0004809,CAMISETA MANGA CORTA ESPALDA ABIERTA,
010 - OCTUBRE                                 , ,,003 - YOYO                                    ,008 - MODA                                    ,,005 - DENIM                                   ,MY0004810,CAMISETA CUELLO REDONDO OVERSIZE CORTES,
010 - OCTUBRE                                 , ,,003 - YOYO                                    ,008 - MODA                                    ,,005 - DENIM                                   ,MY0004811,TOP SIN MANGA CON ABERTURA,
010 - OCTUBRE                                 , ,,003 - YOYO                                    ,008 - MODA                                    ,,005 - DENIM                                   ,MY0004812,CAMISETA DOBLE PRENDA OVERSIZE,
010 - OCTUBRE                                 , ,,003 - YOYO                                    ,008 - MODA                                    ,,005 - DENIM                                   ,MY0004813,TOP MANGA SISA CON ABERTURAS,
010 - OCTUBRE                                 , ,,003 - YOYO                                    ,008 - MODA                                    ,,005 - DENIM                                   ,MY0004814,BODY CUELLO BANDEJA SIN MANGAS,
010 - OCTUBRE                                 , ,,003 - YOYO                                    ,008 - MODA                                    ,,005 - DENIM                                   ,MY0004815,CAMISETA CUELLO REDONDO CROO OVERSIZE,
010 - OCTUBRE                                 , ,,003 - YOYO                                    ,008 - MODA                                    ,,005 - DENIM                                   ,MY0004816,CAMISETA CUELLO REDONDO CORTE ASIMETRICO,
010 - OCTUBRE                                 , ,,003 - YOYO                                    ,008 - MODA                                    ,,005 - DENIM                                   ,MY0004817,CAMISETA POLO CROP OVERSIZE,
010 - OCTUBRE                                 , ,,003 - YOYO                                    ,008 - MODA                                    ,,005 - DENIM                                   ,MY0004818,CAMISETA POLO MANGA CROP OVERSIZE,
012 - DICIEMBRE                               , ,,003 - YOYO                                    ,008 - MODA                                    ,001 - CAMISETA                                ,999 - NO APLICA                               ,X31703114,CAMISETA MC TEEN CON RECTILINEO EN CUEL,
001 - ENERO                                   , ,,003 - YOYO                                    ,008 - MODA                                    ,001 - CAMISETA                                ,999 - NO APLICA                               ,X31717214,CAMISETA MC TP ESTAMPADO EN FRENTE,
011 - NOVIEMBRE                               , ,,003 - YOYO                                    ,008 - MODA                                    ,001 - CAMISETA                                ,999 - NO APLICA                               ,X31804714,CAMISETA MC TP ESTAMPADO EN FRENTE Y LA,
