MES,MES ADELANTO,GRUPO DE ENTREGA,MARCA,TIPO DE LINEA,TIPO DE MATERIAL,REFERENCIA,DESC. ITEM,TIPO DE ABASTECIMIENTO,PRIORIDAD
JULIO, ,027 - 3JUL3                                   ,STOP,008 - MODA                                    ,005 - DENIM                                   ,ST0000255,VAQUERO TIRO ALTO LAVADO OSCURO,001 - PRODUCCION INTERNA TELA NACIONALIZADA   ,Normal
JULIO, ,026 - 3JUL2                                   ,STOP,008 - MODA                                    ,005 - DENIM                                   ,ST0000261,BERMUDA TIRO ALTO LAV OSCURO,001 - PRODUCCION INTERNA TELA NACIONALIZADA   ,Normal
AGOSTO, ,031 - 3AGO3                                   ,STOP,008 - MODA                                    ,005 - DENIM                                   ,ST0000640,CAMISA MANGA LARGA LAV OSCURO,001 - PRODUCCION INTERNA TELA NACIONALIZADA   ,Normal
OCTUBRE, ,040 - 4OCT4                                   ,STOP,009 - CONSCIENTE,002 - TEJIDO PLANO                            ,MS0001048,CAMISA MANGA CORTA SEMIAJUSTADA,001 - PRODUCCION INTERNA TELA NACIONALIZADA   ,Normal
JULIO, ,027 - 3JUL3                                   ,STOP,008 - MODA                                    ,002 - TEJIDO PLANO                            ,ST0000298,BLUSA MANGA LARGA CON VOLUMEN,001 - PRODUCCION INTERNA TELA NACIONALIZADA   ,Normal
JULIO, ,027 - 3JUL3                                   ,STOP,008 - MODA                                    ,001 - TEJIDO PUNTO                            ,ST0000304,CAMISETA MANGA CORTA ESTAMPADO FRENTE,001 - PRODUCCION INTERNA TELA NACIONALIZADA   ,Normal
JULIO, ,025 - 3JUL1                                   ,STOP,008 - MODA                                    ,002 - TEJIDO PLANO                            ,ST0000311,FALDA SHORT TIRO ALTO MARFIL,001 - PRODUCCION INTERNA TELA NACIONALIZADA   ,Normal
MARZO, ,038 - 4OCT2                                   ,STOP,005 - ESENCIAL                                ,001 - TEJIDO PUNTO                            ,15001953,BODY PREMIUM MANGA LARGA ESENCIAL,001 - PRODUCCION INTERNA TELA NACIONALIZADA   ,Normal
JUNIO, ,021 - 2JUN1                                   ,STOP,008 - MODA                                    ,005 - DENIM                                   ,ST0001299,CHAQUETA ML LAV CLARO CON JARETA,001 - PRODUCCION INTERNA TELA NACIONALIZADA   ,Normal
JUNIO, ,021 - 2JUN1                                   ,STOP,008 - MODA                                    ,005 - DENIM                                   ,MS0004612,BLUSA CUELLO HALTER,,Normal
JULIO, ,027 - 3JUL3                                   ,STOP,008 - MODA                                    ,002 - TEJIDO PLANO                            ,ST0000316,RETROJEAN TIRO ALTO MARFIL,001 - PRODUCCION INTERNA TELA NACIONALIZADA   ,Normal
AGOSTO, ,031 - 3AGO3                                   ,STOP,008 - MODA                                    ,005 - DENIM                                   ,MS0004919,PALAZZO T/ALTO REPROGRAMACIÓN,001 - PRODUCCION INTERNA TELA NACIONALIZADA   ,Normal
SEPTIEMBRE,07-JULIO,033 - 3SEP1                                   ,STOP,008 - MODA                                    ,005 - DENIM                                   ,ST0000351,BERMUDA TIRO ALTO NEGRO,001 - PRODUCCION INTERNA TELA NACIONALIZADA   ,Prioridad Alta
SEPTIEMBRE,08-AGOSTO,035 - 3SEP3                                   ,STOP,008 - MODA                                    ,005 - DENIM                                   ,ST0000352,BERMUDA TIRO ALTO LAV MEDIO,001 - PRODUCCION INTERNA TELA NACIONALIZADA   ,Prioridad Alta
SEPTIEMBRE,07-JULIO,033 - 3SEP1                                   ,STOP,008 - MODA                                    ,005 - DENIM                                   ,ST0000353,SHORT TIRO ALTO LAV OSCURO,001 - PRODUCCION INTERNA TELA NACIONALIZADA   ,Prioridad Alta
OCTUBRE,09-SEPTIEMBRE,039 - 4OCT3                                   ,STOP,004 - ESENCIAL MODA                           ,001 - TEJIDO PUNTO                            ,MS0004667,T-SHIRT MANGA CORTA EST  ESENCIAL  MODA,001 - PRODUCCION INTERNA TELA NACIONALIZADA   ,Prioridad Alta
SEPTIEMBRE, ,047 - 4DIC3                                   ,STOP,005 - ESENCIAL                                ,005 - DENIM                                   ,15001904,BERMUDA T/ALTO ESENCIAL,001 - PRODUCCION INTERNA TELA NACIONALIZADA   ,Normal
DICIEMBRE, ,045 - 4DIC1                                   ,STOP,005 - ESENCIAL                                ,005 - DENIM                                   ,15001921,TEJANO T/ALTO ESENCIAL,001 - PRODUCCION INTERNA TELA NACIONALIZADA   ,Normal
FEBRERO, ,002 - 1ENE2                                   ,STOP,004 - ESENCIAL MODA                           ,001 - TEJIDO PUNTO                            ,15001950,CAMISETA PREMIUM MANGA LARGA ESENCIAL,001 - PRODUCCION INTERNA TELA NACIONALIZADA   ,Normal
SEPTIEMBRE, ,035 - 3SEP3                                   ,STOP,008 - MODA                                    ,001 - TEJIDO PUNTO                            ,MS0000996,TOP MANGA SISA LOGO EN ALTA,001 - PRODUCCION INTERNA TELA NACIONALIZADA   ,Normal
SEPTIEMBRE, ,035 - 3SEP3                                   ,STOP,008 - MODA                                    ,001 - TEJIDO PUNTO                            ,MS0000998,BODY MANGA SISA NUDO EN FRENTE,001 - PRODUCCION INTERNA TELA NACIONALIZADA   ,Normal
SEPTIEMBRE, ,035 - 3SEP3                                   ,STOP,008 - MODA                                    ,001 - TEJIDO PUNTO                            ,ST0000999,CAMISETA MANGA CORTA CUELLO EFECTO DENIM,001 - PRODUCCION INTERNA TELA NACIONALIZADA   ,Normal
SEPTIEMBRE, ,035 - 3SEP3                                   ,STOP,008 - MODA                                    ,001 - TEJIDO PUNTO                            ,MS0001000,CAMISETA MANGA 3/4,001 - PRODUCCION INTERNA TELA NACIONALIZADA   ,Normal
SEPTIEMBRE, ,035 - 3SEP3                                   ,STOP,008 - MODA                                    ,001 - TEJIDO PUNTO                            ,MS0001001,PANTALON TIRO ALTO,001 - PRODUCCION INTERNA TELA NACIONALIZADA   ,Normal
NOVIEMBRE, ,041 - 4NOV1                                   ,STOP,004 - ESENCIAL MODA                           ,001 - TEJIDO PUNTO                            ,MS0004691,T-SHIRT MANGA CORTA EST  ESENCIAL  MODA,001 - PRODUCCION INTERNA TELA NACIONALIZADA   ,Normal
NOVIEMBRE, ,042 - 4NOV2                                   ,STOP,003 - OPORTUNIDADES                           ,001 - TEJIDO PUNTO                            ,MS0004692,T-SHIRT MANGA CORTA ESTAMPADA OPORT,001 - PRODUCCION INTERNA TELA NACIONALIZADA   ,Normal
JULIO, ,027 - 3JUL3                                   ,STOP,008 - MODA                                    ,001 - TEJIDO PUNTO                            ,ST0000885,CAMISETA MANGA CORTA A RAYAS ESTAMPADA,001 - PRODUCCION INTERNA TELA NACIONALIZADA   ,Normal
JULIO, ,027 - 3JUL3                                   ,STOP,008 - MODA                                    ,001 - TEJIDO PUNTO                            ,MS0004814,EJECUTIVO ESENCIAL BOTA RECTA,,Normal
JULIO, ,027 - 3JUL3                                   ,STOP,008 - MODA                                    ,005 - DENIM                                   ,ST0000315,RETROJEAN TIRO ALTO LAVADO CLARO,001 - PRODUCCION INTERNA TELA NACIONALIZADA   ,Normal
ABRIL, ,016 - 2ABR4                                   ,STOP,008 - MODA                                    ,002 - TEJIDO PLANO                            ,B10088855,RETROJEAN T/ALTO NEGRO CON CORTES LATERA,001 - PRODUCCION INTERNA TELA NACIONALIZADA   ,Normal
JULIO, ,027 - 3JUL3                                   ,STOP,008 - MODA                                    ,001 - TEJIDO PUNTO                            ,ST0000299,TOP MANGA LARGA CON FILETE EXPUESTO,001 - PRODUCCION INTERNA TELA NACIONALIZADA   ,Normal
JULIO, ,027 - 3JUL3                                   ,STOP,008 - MODA                                    ,001 - TEJIDO PUNTO                            ,ST0000300,CAMISETA MANGA CORTA CUELLO EN V,001 - PRODUCCION INTERNA TELA NACIONALIZADA   ,Normal
JULIO, ,027 - 3JUL3                                   ,STOP,008 - MODA                                    ,001 - TEJIDO PUNTO                            ,ST0000301,BODY MANGA LARGA TELA EN ENCAJE,001 - PRODUCCION INTERNA TELA NACIONALIZADA   ,Normal
JULIO, ,027 - 3JUL3                                   ,STOP,008 - MODA                                    ,001 - TEJIDO PUNTO                            ,ST0000302,TOP MANGA SISA CUELLO DRAPEADO,001 - PRODUCCION INTERNA TELA NACIONALIZADA   ,Normal
SEPTIEMBRE, ,033 - 3SEP1                                   ,STOP,008 - MODA                                    ,002 - TEJIDO PLANO                            ,MS0000886,CAMISA MANGA LARGA CORAZONES BORDADOS,001 - PRODUCCION INTERNA TELA NACIONALIZADA   ,Normal
SEPTIEMBRE,08-AGOSTO,033 - 3SEP1                                   ,STOP,008 - MODA                                    ,002 - TEJIDO PLANO                            ,ST0000887,CAMISA MANGA 3/4 BOLSILLO CORAZÓN,001 - PRODUCCION INTERNA TELA NACIONALIZADA   ,Prioridad Alta
OCTUBRE,08-AGOSTO,038 - 4OCT2                                   ,STOP,008 - MODA                                    ,002 - TEJIDO PLANO                            ,MS0000888,BLUSA MANGA SISA CON CORTES,001 - PRODUCCION INTERNA TELA NACIONALIZADA   ,Prioridad Alta
SEPTIEMBRE, ,033 - 3SEP1                                   ,STOP,008 - MODA                                    ,002 - TEJIDO PLANO                            ,MS0000889,BLUSA MANGA SISA CORAZON EN POSTERIOR,001 - PRODUCCION INTERNA TELA NACIONALIZADA   ,Normal
SEPTIEMBRE, ,033 - 3SEP1                                   ,STOP,004 - ESENCIAL MODA                           ,001 - TEJIDO PUNTO                            ,ST0000890,CAMISETA MANGA CORTA ESTAMPADO FRENTE,001 - PRODUCCION INTERNA TELA NACIONALIZADA   ,Normal
SEPTIEMBRE,08-AGOSTO,033 - 3SEP1                                   ,STOP,003 - OPORTUNIDADES                           ,001 - TEJIDO PUNTO                            ,MS0000891,CAMISETA MANGA CORTA ESTAMPADO FRENTE,001 - PRODUCCION INTERNA TELA NACIONALIZADA   ,Prioridad Alta
SEPTIEMBRE,08-AGOSTO,033 - 3SEP1                                   ,STOP,008 - MODA                                    ,001 - TEJIDO PUNTO                            ,ST0000892,CAMISETA MANGA CORTA ESTAMPADO,001 - PRODUCCION INTERNA TELA NACIONALIZADA   ,Prioridad Alta
SEPTIEMBRE,08-AGOSTO,033 - 3SEP1                                   ,STOP,008 - MODA                                    ,001 - TEJIDO PUNTO                            ,ST0000893,TOP MANGA CORTA  CON CORTES,001 - PRODUCCION INTERNA TELA NACIONALIZADA   ,Prioridad Alta
SEPTIEMBRE, ,033 - 3SEP1                                   ,STOP,008 - MODA                                    ,001 - TEJIDO PUNTO                            ,ST0000894,CAMISETA POLO  MANGA CORTA TEJIDA,001 - PRODUCCION INTERNA TELA NACIONALIZADA   ,Normal
SEPTIEMBRE, ,033 - 3SEP1                                   ,STOP,008 - MODA                                    ,001 - TEJIDO PUNTO                            ,ST0000895,CAMISETA MANGA CORTA RUEDO EN ENCAJE,001 - PRODUCCION INTERNA TELA NACIONALIZADA   ,Normal
SEPTIEMBRE, ,033 - 3SEP1                                   ,STOP,008 - MODA                                    ,001 - TEJIDO PUNTO                            ,ST0000896,BODY MANGA SISA DRAPEADO,001 - PRODUCCION INTERNA TELA NACIONALIZADA   ,Normal
SEPTIEMBRE, ,033 - 3SEP1                                   ,STOP,008 - MODA                                    ,001 - TEJIDO PUNTO                            ,MS0000897,TOP STRAPPLE CON HERRAJE CORAZÓN,001 - PRODUCCION INTERNA TELA NACIONALIZADA   ,Normal
SEPTIEMBRE,08-AGOSTO,033 - 3SEP1                                   ,STOP,008 - MODA                                    ,001 - TEJIDO PUNTO                            ,ST0000898,TOP MANGA LARGA EN MESH ESTAMPADO,001 - PRODUCCION INTERNA TELA NACIONALIZADA   ,Prioridad Alta
JULIO, ,027 - 3JUL3                                   ,STOP,008 - MODA                                    ,002 - TEJIDO PLANO                            ,ST0000305,VESTIDO MANGA SISA CORTO  ESTAMPADO,001 - PRODUCCION INTERNA TELA NACIONALIZADA   ,Normal
JULIO, ,027 - 3JUL3                                   ,STOP,004 - ESENCIAL MODA                           ,002 - TEJIDO PLANO                            ,ST0000306,CAMISA MANGA 3/4,001 - PRODUCCION INTERNA TELA NACIONALIZADA   ,Normal
JULIO, ,026 - 3JUL2                                   ,STOP,004 - ESENCIAL MODA                           ,001 - TEJIDO PUNTO                            ,ST0000307,BODY PREMIUM MANGA SISA DOBLE FAZ,001 - PRODUCCION INTERNA TELA NACIONALIZADA   ,Normal
JULIO, ,026 - 3JUL2                                   ,STOP,004 - ESENCIAL MODA                           ,001 - TEJIDO PUNTO                            ,MS0000308,CAMISETA PREMIUM MANGA CORTA,001 - PRODUCCION INTERNA TELA NACIONALIZADA   ,Normal
JULIO, ,026 - 3JUL2                                   ,STOP,008 - MODA                                    ,005 - DENIM                                   ,ST0000312,LEVANTACOLA TIRO ALTO LAVADO CLARO,001 - PRODUCCION INTERNA TELA NACIONALIZADA   ,Normal
JULIO, ,026 - 3JUL2                                   ,STOP,008 - MODA                                    ,005 - DENIM                                   ,ST0000313,TEJANO TIRO ALTO LAVADO OSCURO,001 - PRODUCCION INTERNA TELA NACIONALIZADA   ,Normal
JULIO, ,027 - 3JUL3                                   ,STOP,003 - OPORTUNIDADES                           ,005 - DENIM                                   ,ST0000314,VAQUERO TIRO ALTO LAV MEDIO OSCURO,001 - PRODUCCION INTERNA TELA NACIONALIZADA   ,Normal
AGOSTO,07-JULIO,029 - 3AGO1                                   ,STOP,008 - MODA                                    ,002 - TEJIDO PLANO                            ,ST0000359,BLUSA MANGA LARGA CON AMARRE EN FRENTE,001 - PRODUCCION INTERNA TELA NACIONALIZADA   ,Prioridad Alta
AGOSTO, ,029 - 3AGO1                                   ,STOP,008 - MODA                                    ,002 - TEJIDO PLANO                            ,ST0000831,BLUSA MANGA LARGA CON AMARRE EN FRENTE,001 - PRODUCCION INTERNA TELA NACIONALIZADA   ,Normal
AGOSTO, ,031 - 3AGO3                                   ,STOP,008 - MODA                                    ,002 - TEJIDO PLANO                            ,ST0000391,PANTALON PALAZZO TIRO ALTO COLOR NEGRO,001 - PRODUCCION INTERNA TELA NACIONALIZADA   ,Normal
AGOSTO, ,031 - 3AGO3                                   ,STOP,008 - MODA                                    ,002 - TEJIDO PLANO                            ,0000807,BERMUDA TIRO MEDIO LAV OSCURO,,Normal
JULIO, ,027 - 3JUL3                                   ,STOP,008 - MODA                                    ,005 - DENIM                                   ,ST0000317,RETROJEAN TIRO ALTO LAVADO CLARO,001 - PRODUCCION INTERNA TELA NACIONALIZADA   ,Normal
JULIO, ,027 - 3JUL3                                   ,STOP,008 - MODA                                    ,005 - DENIM                                   ,ST0000318,SHORT TIRO ALTO LAVADO CLARO,001 - PRODUCCION INTERNA TELA NACIONALIZADA   ,Normal
JULIO, ,027 - 3JUL3                                   ,STOP,003 - OPORTUNIDADES                           ,005 - DENIM                                   ,ST0000319,SHORT TIRO ALTO LAV MEDIO OSCURO,001 - PRODUCCION INTERNA TELA NACIONALIZADA   ,Normal
OCTUBRE,09-SEPTIEMBRE,038 - 4OCT2                                   ,STOP,008 - MODA                                    ,002 - TEJIDO PLANO                            ,MS0001050,VAQUERO TIRO ALTO ANIMAL PRINT,001 - PRODUCCION INTERNA TELA NACIONALIZADA   ,Prioridad Alta
JULIO, ,027 - 3JUL3                                   ,STOP,008 - MODA                                    ,005 - DENIM                                   ,ST0000256,CULOTTE TIRO ALTO,001 - PRODUCCION INTERNA TELA NACIONALIZADA   ,Normal
JULIO, ,025 - 3JUL1                                   ,STOP,008 - MODA                                    ,005 - DENIM                                   ,MS0000257,CARGO TIRO ALTO LAV MEDIO OSCURO,001 - PRODUCCION INTERNA TELA NACIONALIZADA   ,Normal
OCTUBRE,09-SEPTIEMBRE,037 - 4OCT1                                   ,STOP,008 - MODA                                    ,002 - TEJIDO PLANO                            ,MS0000258,RETROJEAN TIRO ALTO BLANCO,001 - PRODUCCION INTERNA TELA NACIONALIZADA   ,Prioridad Alta
DICIEMBRE, ,046 - 4DIC2                                   ,STOP,008 - MODA                                    ,002 - TEJIDO PLANO                            ,MS0005082,FALDA SHORT T/ALTO MARFIL,001 - PRODUCCION INTERNA TELA NACIONALIZADA   ,Normal
JULIO, ,027 - 3JUL3                                   ,STOP,008 - MODA                                    ,002 - TEJIDO PLANO                            ,ST0000262,BERMUDA TIRO ALTO MARFIL,001 - PRODUCCION INTERNA TELA NACIONALIZADA   ,Normal
JULIO, ,025 - 3JUL1                                   ,STOP,008 - MODA                                    ,002 - TEJIDO PLANO                            ,ST0000264,SHORT TIRO ALTO COLOR BLANCO,001 - PRODUCCION INTERNA TELA NACIONALIZADA   ,Normal
JULIO, ,025 - 3JUL1                                   ,STOP,008 - MODA                                    ,005 - DENIM                                   ,ST0000265,FALDA SHORT TIRO ALTO COLOR NEGRO,001 - PRODUCCION INTERNA TELA NACIONALIZADA   ,Normal
JULIO, ,025 - 3JUL1                                   ,STOP,008 - MODA                                    ,002 - TEJIDO PLANO                            ,ST0000267,CAMISA MANGA LARGA CON CORTES EN FRENTE,001 - PRODUCCION INTERNA TELA NACIONALIZADA   ,Normal
JULIO, ,025 - 3JUL1                                   ,STOP,008 - MODA                                    ,002 - TEJIDO PLANO                            ,MS0000269,CAMISA MANGA 3/4  CHARRETERA EN HOMBRO,001 - PRODUCCION INTERNA TELA NACIONALIZADA   ,Normal
JULIO, ,025 - 3JUL1                                   ,STOP,008 - MODA                                    ,002 - TEJIDO PLANO                            ,ST0000271,BLUSA MANGA SISA CUELLO HALTER,001 - PRODUCCION INTERNA TELA NACIONALIZADA   ,Normal
JULIO, ,025 - 3JUL1                                   ,STOP,008 - MODA                                    ,001 - TEJIDO PUNTO                            ,ST0000273,TOP MANGA LARGA  HERRAJE EN HOMBRO,001 - PRODUCCION INTERNA TELA NACIONALIZADA   ,Normal
JULIO, ,025 - 3JUL1                                   ,STOP,008 - MODA                                    ,001 - TEJIDO PUNTO                            ,ST0000274,TOP MANGA CORTA CUELLO OJAL,001 - PRODUCCION INTERNA TELA NACIONALIZADA   ,Normal
JULIO, ,025 - 3JUL1                                   ,STOP,008 - MODA                                    ,001 - TEJIDO PUNTO                            ,ST0000277,BODY MANGA CORTA RECOGIDO COSTADOS,001 - PRODUCCION INTERNA TELA NACIONALIZADA   ,Normal
JULIO, ,025 - 3JUL1                                   ,STOP,008 - MODA                                    ,001 - TEJIDO PUNTO                            ,ST0000278,BODY MANGA SISA CON HEBILLA EN HOMBRO,001 - PRODUCCION INTERNA TELA NACIONALIZADA   ,Normal
JULIO, ,025 - 3JUL1                                   ,STOP,008 - MODA                                    ,002 - TEJIDO PLANO                            ,ST0000280,PANTALON TIRO ALTO,001 - PRODUCCION INTERNA TELA NACIONALIZADA   ,Normal
JULIO, ,025 - 3JUL1                                   ,STOP,003 - OPORTUNIDADES                           ,001 - TEJIDO PUNTO                            ,ST0000282,CAMISETA MANGA CORTA ESTAMPADO FRENTE,001 - PRODUCCION INTERNA TELA NACIONALIZADA   ,Normal
JULIO, ,025 - 3JUL1                                   ,STOP,004 - ESENCIAL MODA                           ,001 - TEJIDO PUNTO                            ,ST0000283,CAMISETA MANGA CORTA ESTAMPADO EN FRENTE,001 - PRODUCCION INTERNA TELA NACIONALIZADA   ,Normal
JULIO, ,026 - 3JUL2                                   ,STOP,008 - MODA                                    ,002 - TEJIDO PLANO                            ,ST0000284,BLUSA MANGA LARGA CUELLO EN V,001 - PRODUCCION INTERNA TELA NACIONALIZADA   ,Normal
JULIO, ,026 - 3JUL2                                   ,STOP,008 - MODA                                    ,002 - TEJIDO PLANO                            ,ST0000285,CAMISA MANGA 3/4 CON ESCALERILLAS,001 - PRODUCCION INTERNA TELA NACIONALIZADA   ,Normal
JULIO, ,026 - 3JUL2                                   ,STOP,008 - MODA                                    ,001 - TEJIDO PUNTO                            ,MS0000287,BLUSA MANGA SISA PINZAS EN FRENTE,001 - PRODUCCION INTERNA TELA NACIONALIZADA   ,Normal
JULIO, ,026 - 3JUL2                                   ,STOP,008 - MODA                                    ,001 - TEJIDO PUNTO                            ,ST0000289,TOP MANGA LARGA BOLILLO EN CUELLO,001 - PRODUCCION INTERNA TELA NACIONALIZADA   ,Normal
JULIO, ,026 - 3JUL2                                   ,STOP,008 - MODA                                    ,001 - TEJIDO PUNTO                            ,ST0000290,CAMISETA MANGA CORTA CON BOLEROS,001 - PRODUCCION INTERNA TELA NACIONALIZADA   ,Normal
JULIO, ,026 - 3JUL2                                   ,STOP,008 - MODA                                    ,001 - TEJIDO PUNTO                            ,MS0000292,CAMISETA MANGA CORTA GOLAS EN CUELLO,001 - PRODUCCION INTERNA TELA NACIONALIZADA   ,Normal
JULIO, ,026 - 3JUL2                                   ,STOP,003 - OPORTUNIDADES                           ,001 - TEJIDO PUNTO                            ,ST0000294,CAMISETA MANGA CORTA ESTAMPADO EN FRENTE,001 - PRODUCCION INTERNA TELA NACIONALIZADA   ,Normal
JULIO, ,025 - 3JUL1                                   ,STOP,008 - MODA                                    ,002 - TEJIDO PLANO                            ,ST0000309,RETROJEAN TIRO ALTO COLOR VINOTINTO,001 - PRODUCCION INTERNA TELA NACIONALIZADA   ,Normal
SEPTIEMBRE,07-JULIO,034 - 3SEP2                                   ,STOP,008 - MODA                                    ,002 - TEJIDO PLANO                            ,MS0000899,CHAQUETA MANGA LARGA BOMBER,001 - PRODUCCION INTERNA TELA NACIONALIZADA   ,Prioridad Alta
OCTUBRE, ,037 - 4OCT1                                   ,STOP,008 - MODA                                    ,005 - DENIM                                   ,MS0000251,LEVANTACOLA TIRO ALTO LAV CLARO,001 - PRODUCCION INTERNA TELA NACIONALIZADA   ,Normal
JULIO, ,025 - 3JUL1                                   ,STOP,008 - MODA                                    ,002 - TEJIDO PLANO                            ,ST0000310,RETROJEAN TIRO ALTO COLOR,001 - PRODUCCION INTERNA TELA NACIONALIZADA   ,Normal
JULIO, ,025 - 3JUL1                                   ,STOP,008 - MODA                                    ,002 - TEJIDO PLANO                            ,11287813,CAMISETA PREMIUM MS CON ESCOTE IRREGULAR,,Normal
JULIO, ,027 - 3JUL3                                   ,STOP,008 - MODA                                    ,005 - DENIM                                   ,ST0000320,CAMISA MANGA CORTA LAV CLARO,001 - PRODUCCION INTERNA TELA NACIONALIZADA   ,Normal
SEPTIEMBRE, ,034 - 3SEP2                                   ,STOP,008 - MODA                                    ,002 - TEJIDO PLANO                            ,MS0000900,CHALECO MANGA SISA CORTE DIAGONAL,001 - PRODUCCION INTERNA TELA NACIONALIZADA   ,Normal
SEPTIEMBRE, ,034 - 3SEP2                                   ,STOP,008 - MODA                                    ,002 - TEJIDO PLANO                            ,ST0000901,BLUSA MANGA CORTA CUELLO CAMISERO EN V,001 - PRODUCCION INTERNA TELA NACIONALIZADA   ,Normal
SEPTIEMBRE, ,034 - 3SEP2                                   ,STOP,008 - MODA                                    ,002 - TEJIDO PLANO                            ,ST0000902,CAMISA MANGA CORTA A RAYAS,,Normal
SEPTIEMBRE, ,034 - 3SEP2                                   ,STOP,008 - MODA                                    ,002 - TEJIDO PLANO                            ,MS0000903,BLUSA TIRAS BAMBI PRINT,001 - PRODUCCION INTERNA TELA NACIONALIZADA   ,Normal
SEPTIEMBRE, ,034 - 3SEP2                                   ,STOP,008 - MODA                                    ,002 - TEJIDO PLANO                            ,ST0000904,BLUSA MANGA 3/4 CRUZADA FRENTE,001 - PRODUCCION INTERNA TELA NACIONALIZADA   ,Normal
SEPTIEMBRE, ,034 - 3SEP2                                   ,STOP,008 - MODA                                    ,001 - TEJIDO PUNTO                            ,ST0000905,T-SHIRT  MANGA CORTA ESTAMPADA,001 - PRODUCCION INTERNA TELA NACIONALIZADA   ,Normal
SEPTIEMBRE, ,034 - 3SEP2                                   ,STOP,004 - ESENCIAL MODA                           ,001 - TEJIDO PUNTO                            ,ST0000906,CAMISETA MANGA CORTA ESTAMPADA,001 - PRODUCCION INTERNA TELA NACIONALIZADA   ,Normal
SEPTIEMBRE, ,034 - 3SEP2                                   ,STOP,008 - MODA                                    ,001 - TEJIDO PUNTO                            ,MS0000907,TOP MANGA CORTA RECOGIDO COSTADOS,001 - PRODUCCION INTERNA TELA NACIONALIZADA   ,Normal
SEPTIEMBRE, ,034 - 3SEP2                                   ,STOP,008 - MODA                                    ,003 - TEJIDO MIXTO                            ,MS0000908,BODY MANGA SISA TIPO CAMISERO,001 - PRODUCCION INTERNA TELA NACIONALIZADA   ,Normal
SEPTIEMBRE, ,034 - 3SEP2                                   ,STOP,008 - MODA                                    ,003 - TEJIDO MIXTO                            ,MS0000909,BLUSA MANGA SISA EN GLOBO,,Normal
SEPTIEMBRE, ,034 - 3SEP2                                   ,STOP,008 - MODA                                    ,001 - TEJIDO PUNTO                            ,ST0000910,BODY MANGA CORTA CUELLO EN V,001 - PRODUCCION INTERNA TELA NACIONALIZADA   ,Normal
SEPTIEMBRE,08-AGOSTO,034 - 3SEP2                                   ,STOP,008 - MODA                                    ,001 - TEJIDO PUNTO                            ,ST0000911,TOP M3/4 CUELLO ASIMETRICO,001 - PRODUCCION INTERNA TELA NACIONALIZADA   ,Prioridad Alta
SEPTIEMBRE, ,034 - 3SEP2                                   ,STOP,008 - MODA                                    ,002 - TEJIDO PLANO                            ,MS0000912,PANTALON TIRO ALTO RECOGIDO EN BOTA,001 - PRODUCCION INTERNA TELA NACIONALIZADA   ,Normal
JULIO, ,027 - 3JUL3                                   ,STOP,008 - MODA                                    ,005 - DENIM                                   ,ST0000260,RETROJEAN TIRO ALTO LAV OSCURO,001 - PRODUCCION INTERNA TELA NACIONALIZADA   ,Normal
JULIO, ,026 - 3JUL2                                   ,STOP,004 - ESENCIAL MODA                           ,001 - TEJIDO PUNTO                            ,ST0000295,CAMISETA MANGA CORTA CON ESTAMPADO,001 - PRODUCCION INTERNA TELA NACIONALIZADA   ,Normal
JULIO, ,026 - 3JUL2                                   ,STOP,008 - MODA                                    ,001 - TEJIDO PUNTO                            ,ST0000296,CAMISETA MANGA CORTA CON ESTAMPADO,001 - PRODUCCION INTERNA TELA NACIONALIZADA   ,Normal
OCTUBRE, ,040 - 4OCT4                                   ,STOP,009 - CONSCIENTE,005 - DENIM                                   ,MS0001049,BLUSA MANGA SISA TIPO CORSET,001 - PRODUCCION INTERNA TELA NACIONALIZADA   ,Normal
SEPTIEMBRE, ,035 - 3SEP3                                   ,STOP,008 - MODA                                    ,002 - TEJIDO PLANO                            ,ST0000913,BLUSA MANGA CORTA BOLSILLOS FRENTE,001 - PRODUCCION INTERNA TELA NACIONALIZADA   ,Normal
OCTUBRE,07-JULIO,039 - 4OCT3                                   ,STOP,008 - MODA                                    ,005 - DENIM                                   ,MS0000323,ESCULTOR TIRO ALTO LAV OSCURO,001 - PRODUCCION INTERNA TELA NACIONALIZADA   ,Prioridad Alta
AGOSTO, ,029 - 3AGO1                                   ,STOP,008 - MODA                                    ,005 - DENIM                                   ,MS0000324,LEVANTACOLA TIRO ALTO LAV MEDIO,001 - PRODUCCION INTERNA TELA NACIONALIZADA   ,Normal
AGOSTO,07-JULIO,030 - 3AGO2                                   ,STOP,008 - MODA                                    ,005 - DENIM                                   ,ST0000325,TEJANO TIRO ALTO LAV MEDIO OSCURO,001 - PRODUCCION INTERNA TELA NACIONALIZADA   ,Prioridad Alta
AGOSTO, ,031 - 3AGO3                                   ,STOP,008 - MODA                                    ,005 - DENIM                                   ,ST0000326,VAQUERO TIRO ALTO LAV MEDIO,001 - PRODUCCION INTERNA TELA NACIONALIZADA   ,Normal
AGOSTO,07-JULIO,030 - 3AGO2                                   ,STOP,008 - MODA                                    ,005 - DENIM                                   ,ST0000327,MOM JEAN TIRO ALTO LAV CLARO,001 - PRODUCCION INTERNA TELA NACIONALIZADA   ,Prioridad Alta
AGOSTO,07-JULIO,029 - 3AGO1                                   ,STOP,008 - MODA                                    ,005 - DENIM                                   ,ST0000328,CULOTTE TIRO ALTO LAV MEDIO OSCURO,001 - PRODUCCION INTERNA TELA NACIONALIZADA   ,Prioridad Alta
SEPTIEMBRE, ,035 - 3SEP3                                   ,STOP,008 - MODA                                    ,002 - TEJIDO PLANO                            ,ST0000329,RETROJEAN TIRO ALTO BLANCO,001 - PRODUCCION INTERNA TELA NACIONALIZADA   ,Normal
SEPTIEMBRE, ,035 - 3SEP3                                   ,STOP,008 - MODA                                    ,005 - DENIM                                   ,ST0000330,RETROJEAN TIRO ALTO LAV CLARO,001 - PRODUCCION INTERNA TELA NACIONALIZADA   ,Normal
AGOSTO,07-JULIO,029 - 3AGO1                                   ,STOP,008 - MODA                                    ,005 - DENIM                                   ,ST0000331,BAGGY TIRO ALTO LAV CLARO,001 - PRODUCCION INTERNA TELA NACIONALIZADA   ,Prioridad Alta
AGOSTO,07-JULIO,031 - 3AGO3                                   ,STOP,008 - MODA                                    ,005 - DENIM                                   ,ST0000332,BERMUDA TIRO MEDIO LAV CLARO,001 - PRODUCCION INTERNA TELA NACIONALIZADA   ,Prioridad Alta
AGOSTO, ,029 - 3AGO1                                   ,STOP,008 - MODA                                    ,005 - DENIM                                   ,ST0000333,SHORT TIRO ALTO LAV MEDIO OSCURO,001 - PRODUCCION INTERNA TELA NACIONALIZADA   ,Normal
SEPTIEMBRE,07-JULIO,034 - 3SEP2                                   ,STOP,008 - MODA                                    ,005 - DENIM                                   ,ST0000334,OVERALL LARGO LAV OSCURO,001 - PRODUCCION INTERNA TELA NACIONALIZADA   ,Prioridad Alta
AGOSTO,07-JULIO,030 - 3AGO2                                   ,STOP,008 - MODA                                    ,005 - DENIM                                   ,ST0000335,OVERALL CORTO NEGRO,001 - PRODUCCION INTERNA TELA NACIONALIZADA   ,Prioridad Alta
SEPTIEMBRE, ,033 - 3SEP1                                   ,STOP,008 - MODA                                    ,005 - DENIM                                   ,MS0000336,ESCULTOR TIRO ALTO LAV CLARO,001 - PRODUCCION INTERNA TELA NACIONALIZADA   ,Normal
OCTUBRE, ,037 - 4OCT1                                   ,STOP,008 - MODA                                    ,005 - DENIM                                   ,MS0000337,ELASTIK TIRO ALTO LAV MEDIO,001 - PRODUCCION INTERNA TELA NACIONALIZADA   ,Normal
SEPTIEMBRE,08-AGOSTO,033 - 3SEP1                                   ,STOP,008 - MODA                                    ,005 - DENIM                                   ,MS0000338,LEVANTACOLA TIRO ALTO NEGRO,001 - PRODUCCION INTERNA TELA NACIONALIZADA   ,Prioridad Alta
SEPTIEMBRE,07-JULIO,035 - 3SEP3                                   ,STOP,008 - MODA                                    ,005 - DENIM                                   ,ST0000339,CAPRI TIRO ALTO NEGRO,001 - PRODUCCION INTERNA TELA NACIONALIZADA   ,Prioridad Alta
SEPTIEMBRE,08-AGOSTO,035 - 3SEP3                                   ,STOP,008 - MODA                                    ,005 - DENIM                                   ,ST0000340,TEJANO TIRO ALTO LAV OSCURO,001 - PRODUCCION INTERNA TELA NACIONALIZADA   ,Prioridad Alta
SEPTIEMBRE,08-AGOSTO,033 - 3SEP1                                   ,STOP,008 - MODA                                    ,005 - DENIM                                   ,ST0000341,VAQUERO TIRO ALTO LAV MEDIO OSCURO,001 - PRODUCCION INTERNA TELA NACIONALIZADA   ,Prioridad Alta
SEPTIEMBRE,08-AGOSTO,034 - 3SEP2                                   ,STOP,008 - MODA                                    ,002 - TEJIDO PLANO                            ,ST0000342,VAQUERO TIRO ALTO BLANCO,001 - PRODUCCION INTERNA TELA NACIONALIZADA   ,Prioridad Alta
SEPTIEMBRE,08-AGOSTO,034 - 3SEP2                                   ,STOP,008 - MODA                                    ,005 - DENIM                                   ,ST0000343,MOM JEAN TIRO ALTO LAV MEDIO OSCURO,001 - PRODUCCION INTERNA TELA NACIONALIZADA   ,Prioridad Alta
SEPTIEMBRE,08-AGOSTO,033 - 3SEP1                                   ,STOP,008 - MODA                                    ,005 - DENIM                                   ,ST0000344,CULOTTE TIRO ALTO LAV CLARO,001 - PRODUCCION INTERNA TELA NACIONALIZADA   ,Prioridad Alta
SEPTIEMBRE,08-AGOSTO,035 - 3SEP3                                   ,STOP,008 - MODA                                    ,002 - TEJIDO PLANO                            ,ST0000345,JOGGER TIRO ALTO NEGRO,001 - PRODUCCION INTERNA TELA NACIONALIZADA   ,Prioridad Alta
OCTUBRE,09-SEPTIEMBRE,039 - 4OCT3                                   ,STOP,008 - MODA                                    ,005 - DENIM                                   ,MS0000346,CARGO TIRO ALTO NEGRO,001 - PRODUCCION INTERNA TELA NACIONALIZADA   ,Prioridad Alta
OCTUBRE,09-SEPTIEMBRE,038 - 4OCT2                                   ,STOP,008 - MODA                                    ,005 - DENIM                                   ,ST0000347,RETROJEAN TIRO ALTO LAV MEDIO OSCURO,001 - PRODUCCION INTERNA TELA NACIONALIZADA   ,Prioridad Alta
SEPTIEMBRE,07-JULIO,034 - 3SEP2                                   ,STOP,008 - MODA                                    ,005 - DENIM                                   ,ST0000348,RETROJEAN TIRO ALTO LAV OSCURO,001 - PRODUCCION INTERNA TELA NACIONALIZADA   ,Prioridad Alta
NOVIEMBRE, ,041 - 4NOV1                                   ,STOP,008 - MODA                                    ,005 - DENIM                                   ,MS0000349,RETROJEAN TIRO ALTO LAV MEDIO OSCURO,001 - PRODUCCION INTERNA TELA NACIONALIZADA   ,Normal
SEPTIEMBRE,07-JULIO,034 - 3SEP2                                   ,STOP,008 - MODA                                    ,005 - DENIM                                   ,ST0000350,BERMUDA TIRO ALTO LAV MEDIO,001 - PRODUCCION INTERNA TELA NACIONALIZADA   ,Prioridad Alta
JULIO, ,027 - 3JUL3                                   ,STOP,008 - MODA                                    ,003 - TEJIDO MIXTO                            ,ST0000297,CAMISA MANGA LARGA CON BOLERO EN PUÑO,001 - PRODUCCION INTERNA TELA NACIONALIZADA   ,Normal
JULIO, ,027 - 3JUL3                                   ,STOP,004 - ESENCIAL MODA                           ,001 - TEJIDO PUNTO                            ,ST0000303,CAMISETA MANGA CORTA ESTAMPADO,001 - PRODUCCION INTERNA TELA NACIONALIZADA   ,Normal
JULIO, ,027 - 3JUL3                                   ,STOP,008 - MODA                                    ,002 - TEJIDO PLANO                            ,ST0000355,CHALECO MANGA SISA MARFIL,001 - PRODUCCION INTERNA TELA NACIONALIZADA   ,Normal
SEPTIEMBRE, ,035 - 3SEP3                                   ,STOP,008 - MODA                                    ,002 - TEJIDO PLANO                            ,MS0000914,BLUSA MANGA LARGA RECOGIDO CINTURA,001 - PRODUCCION INTERNA TELA NACIONALIZADA   ,Normal
SEPTIEMBRE, ,035 - 3SEP3                                   ,STOP,008 - MODA                                    ,001 - TEJIDO PUNTO                            ,MS0000915,CAMISETA MANGA CORTA EN GLOBO,001 - PRODUCCION INTERNA TELA NACIONALIZADA   ,Normal
SEPTIEMBRE, ,035 - 3SEP3                                   ,STOP,008 - MODA                                    ,002 - TEJIDO PLANO                            ,MS0000916,CAMISA MANGA LARGA TIPO GLOBO,001 - PRODUCCION INTERNA TELA NACIONALIZADA   ,Normal
SEPTIEMBRE,08-AGOSTO,035 - 3SEP3                                   ,STOP,008 - MODA                                    ,002 - TEJIDO PLANO                            ,ST0000917,CAMISA MANGA 3/4 MANGAS RECOGIDAS,001 - PRODUCCION INTERNA TELA NACIONALIZADA   ,Prioridad Alta
SEPTIEMBRE,08-AGOSTO,035 - 3SEP3                                   ,STOP,004 - ESENCIAL MODA                           ,001 - TEJIDO PUNTO                            ,ST0000918,CAMISETA MANGA CORTA ESTAMPADO,001 - PRODUCCION INTERNA TELA NACIONALIZADA   ,Prioridad Alta
SEPTIEMBRE, ,035 - 3SEP3                                   ,STOP,004 - ESENCIAL MODA                           ,001 - TEJIDO PUNTO                            ,MS0000919,CAMISETA MANGA CORTA ESTAMPADA,,Normal
SEPTIEMBRE,08-AGOSTO,035 - 3SEP3                                   ,STOP,008 - MODA                                    ,001 - TEJIDO PUNTO                            ,MS0000920,CAMISETA MANGA CORTA RUEDO DIAGONAL,001 - PRODUCCION INTERNA TELA NACIONALIZADA   ,Prioridad Alta
SEPTIEMBRE, ,035 - 3SEP3                                   ,STOP,008 - MODA                                    ,001 - TEJIDO PUNTO                            ,0004553,OVERALL LARGO,,Normal
OCTUBRE, ,040 - 4OCT4                                   ,YOYO,003 - OPORTUNIDADES                           ,001 - TEJIDO PUNTO                            ,MS0004932,T-SHIRT MANGA CORTA ESTAMPADA,001 - PRODUCCION INTERNA TELA NACIONALIZADA   ,Normal
DICIEMBRE, ,003 - 1ENE3                                   ,STOP,005 - ESENCIAL                                ,002 - TEJIDO PLANO                            ,15001994,EJECUTIVO T/ALTO BOTA TUBO ESENCIAL,001 - PRODUCCION INTERNA TELA NACIONALIZADA   ,Normal
ENERO, ,040 - 4OCT4                                   ,STOP,005 - ESENCIAL                                ,005 - DENIM                                   ,15002842,LEVANTACOLA T/ALTO ESENCIAL,001 - PRODUCCION INTERNA TELA NACIONALIZADA   ,Normal
FEBRERO, ,005 - 1FEB1                                   ,STOP,005 - ESENCIAL                                ,005 - DENIM                                   ,15002965,LIPOJEAN T/ALTO ESENCIAL,001 - PRODUCCION INTERNA TELA NACIONALIZADA   ,Normal
OCTUBRE, ,040 - 4OCT4                                   ,STOP,009 - CONSCIENTE,002 - TEJIDO PLANO                            ,MS0001191,BLUSA MANGA SISA CUELLO REDONDO CROP,001 - PRODUCCION INTERNA TELA NACIONALIZADA   ,Normal
ABRIL, ,040 - 4OCT4                                   ,STOP,008 - MODA                                    ,005 - DENIM                                   ,10141802,CAPRI T/ ALTO CON RUEDO DESFLECADO,,Normal
MARZO, ,040 - 4OCT4                                   ,STOP,008 - MODA                                    ,005 - DENIM                                   ,10063818,LEVANTACOLA T/ALTO BOTA TUBO,,Normal
SEPTIEMBRE,07-JULIO,033 - 3SEP1                                   ,STOP,008 - MODA                                    ,005 - DENIM                                   ,ST0000354,FALDA SHORT TIRO ALTO LAV CLARO,001 - PRODUCCION INTERNA TELA NACIONALIZADA   ,Prioridad Alta
AGOSTO, ,029 - 3AGO1                                   ,STOP,008 - MODA                                    ,999 - NO APLICA                               ,ST0000356,CAMISA MANGA 3/4 CON TACHES EN CORTE FRE,001 - PRODUCCION INTERNA TELA NACIONALIZADA   ,Normal
AGOSTO, ,029 - 3AGO1                                   ,STOP,008 - MODA                                    ,002 - TEJIDO PLANO                            ,ST0000357,CAMISA MANGA CORTA CORTE EN FRENTE,001 - PRODUCCION INTERNA TELA NACIONALIZADA   ,Normal
AGOSTO, ,029 - 3AGO1                                   ,STOP,008 - MODA                                    ,002 - TEJIDO PLANO                            ,MS0000830,ESCULTOR T/ALTO LAV NEGRO OSCURO,,Normal
AGOSTO,07-JULIO,030 - 3AGO2                                   ,STOP,008 - MODA                                    ,002 - TEJIDO PLANO                            ,ST0000360,CAMISA MANGA 3/4 OJALETES EN FRENTE,001 - PRODUCCION INTERNA TELA NACIONALIZADA   ,Prioridad Alta
AGOSTO, ,031 - 3AGO3                                   ,STOP,008 - MODA                                    ,001 - TEJIDO PUNTO                            ,ST0000361,TOP MANGA CORTA CORTES EN FRENTE,001 - PRODUCCION INTERNA TELA NACIONALIZADA   ,Normal
AGOSTO, ,030 - 3AGO2                                   ,STOP,008 - MODA                                    ,001 - TEJIDO PUNTO                            ,ST0000362,BODY MANGA SISA CON SESGOS,001 - PRODUCCION INTERNA TELA NACIONALIZADA   ,Normal
AGOSTO,07-JULIO,029 - 3AGO1                                   ,STOP,008 - MODA                                    ,001 - TEJIDO PUNTO                            ,ST0000363,CAMISETA MANGA CORTA CON TACHES,001 - PRODUCCION INTERNA TELA NACIONALIZADA   ,Prioridad Alta
AGOSTO,07-JULIO,029 - 3AGO1                                   ,STOP,004 - ESENCIAL MODA                           ,001 - TEJIDO PUNTO                            ,ST0000364,T-SHIRT MANGA CORTA ESENCIAL MODA EST,001 - PRODUCCION INTERNA TELA NACIONALIZADA   ,Prioridad Alta
AGOSTO,07-JULIO,029 - 3AGO1                                   ,STOP,008 - MODA                                    ,001 - TEJIDO PUNTO                            ,ST0000365,T-SHIRT MANGA CORTA  CON FOIL,001 - PRODUCCION INTERNA TELA NACIONALIZADA   ,Prioridad Alta
AGOSTO,07-JULIO,030 - 3AGO2                                   ,STOP,003 - OPORTUNIDADES                           ,001 - TEJIDO PUNTO                            ,ST0000366,T-SHIRT MANGA CORTA ESTAMPADA OPOR,001 - PRODUCCION INTERNA TELA NACIONALIZADA   ,Prioridad Alta
AGOSTO,07-JULIO,030 - 3AGO2                                   ,STOP,008 - MODA                                    ,001 - TEJIDO PUNTO                            ,ST0000367,T-SHIRT MANGA CORTA ESTAMPADA FREN Y ESP,001 - PRODUCCION INTERNA TELA NACIONALIZADA   ,Prioridad Alta
AGOSTO,07-JULIO,031 - 3AGO3                                   ,STOP,008 - MODA                                    ,001 - TEJIDO PUNTO                            ,ST0000368,T-SHIRT MANGA CORTA ESTAMPADA,001 - PRODUCCION INTERNA TELA NACIONALIZADA   ,Prioridad Alta
AGOSTO,07-JULIO,031 - 3AGO3                                   ,STOP,008 - MODA                                    ,001 - TEJIDO PUNTO                            ,ST0000369,T-SHIRT  MANGA CORTA ESTAMPADA,001 - PRODUCCION INTERNA TELA NACIONALIZADA   ,Prioridad Alta
AGOSTO, ,031 - 3AGO3                                   ,STOP,008 - MODA                                    ,001 - TEJIDO PUNTO                            ,ST0000370,TOP CUELLO BANDEJA CON TACHES,001 - PRODUCCION INTERNA TELA NACIONALIZADA   ,Normal
AGOSTO,07-JULIO,031 - 3AGO3                                   ,STOP,008 - MODA                                    ,001 - TEJIDO PUNTO                            ,ST0000371,CAMISETA MANGA CORTA TACHES EN FRENTE ,001 - PRODUCCION INTERNA TELA NACIONALIZADA   ,Prioridad Alta
AGOSTO, ,031 - 3AGO3                                   ,STOP,008 - MODA                                    ,001 - TEJIDO PUNTO                            ,ST0000372,TOP MANGA SISA CON BROCHES  EN FRENTE,001 - PRODUCCION INTERNA TELA NACIONALIZADA   ,Normal
AGOSTO,07-JULIO,030 - 3AGO2                                   ,STOP,008 - MODA                                    ,001 - TEJIDO PUNTO                            ,ST0000373,TOP MANGA CORTA CON  RECOGIDOS FRENTE,001 - PRODUCCION INTERNA TELA NACIONALIZADA   ,Prioridad Alta
AGOSTO, ,030 - 3AGO2                                   ,STOP,008 - MODA                                    ,001 - TEJIDO PUNTO                            ,ST0000374,CAMISETA MANGA CORTA CON FLECOS,001 - PRODUCCION INTERNA TELA NACIONALIZADA   ,Normal
AGOSTO,07-JULIO,030 - 3AGO2                                   ,STOP,008 - MODA                                    ,001 - TEJIDO PUNTO                            ,ST0000375,TOP MANGA LARGA CON TACHES ESCOTE,001 - PRODUCCION INTERNA TELA NACIONALIZADA   ,Prioridad Alta
AGOSTO, ,031 - 3AGO3                                   ,STOP,008 - MODA                                    ,002 - TEJIDO PLANO                            ,ST0000376,BLUSA  MANGA CORTA ESCOTE ESPALDA,001 - PRODUCCION INTERNA TELA NACIONALIZADA   ,Normal
AGOSTO, ,031 - 3AGO3                                   ,STOP,008 - MODA                                    ,002 - TEJIDO PLANO                            ,MS0000378,BODY HERRAJE EN HOMBRO,,Normal
AGOSTO,07-JULIO,029 - 3AGO1                                   ,STOP,008 - MODA                                    ,002 - TEJIDO PLANO                            ,MS0000379,BLUSA  MANGA SISA ABERTURA COSTADOS,001 - PRODUCCION INTERNA TELA NACIONALIZADA   ,Prioridad Alta
AGOSTO,07-JULIO,031 - 3AGO3                                   ,STOP,008 - MODA                                    ,002 - TEJIDO PLANO                            ,ST0000380,RETROJEAN TIRO ALTO ANIMAL PRINT,001 - PRODUCCION INTERNA TELA NACIONALIZADA   ,Prioridad Alta
AGOSTO,07-JULIO,029 - 3AGO1                                   ,STOP,008 - MODA                                    ,002 - TEJIDO PLANO                            ,ST0000381,FALDA TIRO ALTO TIPO CARGO,001 - PRODUCCION INTERNA TELA NACIONALIZADA   ,Prioridad Alta
AGOSTO, ,029 - 3AGO1                                   ,STOP,008 - MODA                                    ,005 - DENIM                                   ,ST0000382,CHALECO MANGA SISA  DENIM,001 - PRODUCCION INTERNA TELA NACIONALIZADA   ,Normal
AGOSTO,07-JULIO,029 - 3AGO1                                   ,STOP,008 - MODA                                    ,005 - DENIM                                   ,ST0000383,CHAQUETA MANGA LARGA DENIM,001 - PRODUCCION INTERNA TELA NACIONALIZADA   ,Prioridad Alta
AGOSTO,07-JULIO,030 - 3AGO2                                   ,STOP,008 - MODA                                    ,005 - DENIM                                   ,ST0000384,CAMISA MANGA LARGA DENIM,001 - PRODUCCION INTERNA TELA NACIONALIZADA   ,Prioridad Alta
AGOSTO, ,030 - 3AGO2                                   ,STOP,008 - MODA                                    ,002 - TEJIDO PLANO                            ,MS0000385,BLUSA MANGA TIRAS CAFÉ,001 - PRODUCCION INTERNA TELA NACIONALIZADA   ,Normal
AGOSTO, ,030 - 3AGO2                                   ,STOP,008 - MODA                                    ,005 - DENIM                                   ,ST0000386,VAQUERO TIRO MEDIO LAV MEDIO,001 - PRODUCCION INTERNA TELA NACIONALIZADA   ,Normal
NOVIEMBRE, ,043 - 4NOV3                                   ,STOP,008 - MODA                                    ,005 - DENIM                                   ,MS0000387,VAQUERO TIRO ALTO LAV MEDIO,,Normal
AGOSTO,07-JULIO,029 - 3AGO1                                   ,STOP,008 - MODA                                    ,005 - DENIM                                   ,ST0000388,BERMUDA TIPO JORT TIRO MEDIO LAV OSCURO,001 - PRODUCCION INTERNA TELA NACIONALIZADA   ,Prioridad Alta
AGOSTO, ,030 - 3AGO2                                   ,STOP,008 - MODA                                    ,005 - DENIM                                   ,ST0000389,FALDA SHORT TIRO ALTO LAV MEDIO,001 - PRODUCCION INTERNA TELA NACIONALIZADA   ,Normal
AGOSTO, ,029 - 3AGO1                                   ,STOP,008 - MODA                                    ,002 - TEJIDO PLANO                            ,ST0000390,PANTALON TIRO ALTO CAFE,001 - PRODUCCION INTERNA TELA NACIONALIZADA   ,Normal
JULIO, ,027 - 3JUL3                                   ,STOP,008 - MODA                                    ,005 - DENIM                                   ,ST0000253,CAPRI TIRO ALTO LAVADO CLARO,001 - PRODUCCION INTERNA TELA NACIONALIZADA   ,Normal
FEBRERO, ,047 - 4DIC3                                   ,STOP,005 - ESENCIAL                                ,001 - TEJIDO PUNTO                            ,15002995,BODY MS FONDO ENTERO DOBLE FAZ  ESENCIAL,001 - PRODUCCION INTERNA TELA NACIONALIZADA   ,Normal
NOVIEMBRE, ,003 - 1ENE3                                   ,STOP,005 - ESENCIAL                                ,005 - DENIM                                   ,15003842,LEVANTACOLA T/ALTO ESENCIAL,001 - PRODUCCION INTERNA TELA NACIONALIZADA   ,Normal
JUNIO, ,047 - 4DIC3                                   ,STOP,005 - ESENCIAL                                ,005 - DENIM                                   ,15003965,LIPOJEAN PREMIUM T/ALTO ESENCIAL,001 - PRODUCCION INTERNA TELA NACIONALIZADA   ,Normal
SEPTIEMBRE, ,034 - 3SEP2                                   ,STOP,008 - MODA                                    ,005 - DENIM                                   ,ST0000971,CULOTTE TIRO ALTO LAV MEDIO,001 - PRODUCCION INTERNA TELA NACIONALIZADA   ,Normal
DICIEMBRE, ,046 - 4DIC2                                   ,STOP,008 - MODA                                    ,002 - TEJIDO PLANO                            ,MS0005080,CULOTTE T/ALTO,001 - PRODUCCION INTERNA TELA NACIONALIZADA   ,Normal
OCTUBRE, ,039 - 4OCT3                                   ,STOP,008 - MODA                                    ,005 - DENIM                                   ,MS0000972,OVERALL LARGO LAV MEDIO,001 - PRODUCCION INTERNA TELA NACIONALIZADA   ,Normal
SEPTIEMBRE, ,035 - 3SEP3                                   ,STOP,008 - MODA                                    ,005 - DENIM                                   ,MS0000973,VAQUERO TIRO MEDIO LAV CLARO,001 - PRODUCCION INTERNA TELA NACIONALIZADA   ,Normal
SEPTIEMBRE, ,035 - 3SEP3                                   ,STOP,008 - MODA                                    ,005 - DENIM                                   ,ST0000975,MOM TIRO ALTO LAV OSCURO,001 - PRODUCCION INTERNA TELA NACIONALIZADA   ,Normal
SEPTIEMBRE, ,033 - 3SEP1                                   ,STOP,008 - MODA                                    ,002 - TEJIDO PLANO                            ,ST0000995,PAÑOLETA ESTAMPADA STOP X KABA,001 - PRODUCCION INTERNA TELA NACIONALIZADA   ,Normal
OCTUBRE, ,039 - 4OCT3                                   ,STOP,008 - MODA                                    ,001 - TEJIDO PUNTO                            ,MS0004668,T-SHIRT MANGA CORTA ESTAMPADA,001 - PRODUCCION INTERNA TELA NACIONALIZADA   ,Normal
JUNIO, ,023 - 2JUN3                                   ,STOP,008 - MODA                                    ,002 - TEJIDO PLANO                            ,ST0001464,RETRO JEAN TIRO ALTO CAFE,,Normal
ABRIL, ,016 - 2ABR4                                   ,STOP,008 - MODA                                    ,002 - TEJIDO PLANO                            ,X10039948,CULOTT T/ALTO BLANCO BORDADO EN BOTA,001 - PRODUCCION INTERNA TELA NACIONALIZADA   ,Normal
OCTUBRE, ,040 - 4OCT4                                   ,STOP,008 - MODA                                    ,001 - TEJIDO PUNTO                            ,MS0004935,BODY MANGA CORTA TEXTURA,001 - PRODUCCION INTERNA TELA NACIONALIZADA   ,Normal
OCTUBRE, ,040 - 4OCT4                                   ,STOP,008 - MODA                                    ,001 - TEJIDO PUNTO                            ,MS0000833,ESCULTOR T/ALTO LAV MEDIO OSCURO,,Normal
OCTUBRE, ,040 - 4OCT4                                   ,STOP,008 - MODA                                    ,001 - TEJIDO PUNTO                            ,MS0000834,REDUCTOR T/ALTO LAV CLARO,,Normal
OCTUBRE, ,040 - 4OCT4                                   ,STOP,008 - MODA                                    ,001 - TEJIDO PUNTO                            ,MS0000835,ELASTIK T/ALTO LAV CLARO,,Normal
OCTUBRE, ,040 - 4OCT4                                   ,STOP,008 - MODA                                    ,001 - TEJIDO PUNTO                            ,MS0000836,LEVANTACOLA T/ALTO LAV MEDIO OSCURO,,Normal
OCTUBRE, ,038 - 4OCT2                                   ,STOP,008 - MODA                                    ,002 - TEJIDO PLANO                            ,MS0000837,LEVANTACOLA T/ALTO LAV OSCUROje,,Normal
OCTUBRE,09-SEPTIEMBRE,037 - 4OCT1                                   ,STOP,008 - MODA                                    ,005 - DENIM                                   ,MS0000838,CULOTTE  T/ALTO LAV MEDIO OSCURO,001 - PRODUCCION INTERNA TELA NACIONALIZADA   ,Prioridad Alta
OCTUBRE,09-SEPTIEMBRE,038 - 4OCT2                                   ,STOP,008 - MODA                                    ,005 - DENIM                                   ,MS0000839,TEJANO T/ALTO LAV CLARO,001 - PRODUCCION INTERNA TELA NACIONALIZADA   ,Prioridad Alta
OCTUBRE,09-SEPTIEMBRE,039 - 4OCT3                                   ,STOP,008 - MODA                                    ,005 - DENIM                                   ,ST0000840,TEJANO T/ALTO COLOR NEGRO,001 - PRODUCCION INTERNA TELA NACIONALIZADA   ,Prioridad Alta
OCTUBRE,09-SEPTIEMBRE,037 - 4OCT1                                   ,STOP,008 - MODA                                    ,005 - DENIM                                   ,ST0000841,VAQUERO T/MEDIO LAV OSCURO,001 - PRODUCCION INTERNA TELA NACIONALIZADA   ,Prioridad Alta
OCTUBRE,09-SEPTIEMBRE,039 - 4OCT3                                   ,STOP,008 - MODA                                    ,005 - DENIM                                   ,ST0000842,VAQUERO T/ALTO LAV CLARO,001 - PRODUCCION INTERNA TELA NACIONALIZADA   ,Prioridad Alta
OCTUBRE, ,038 - 4OCT2                                   ,STOP,008 - MODA                                    ,005 - DENIM                                   ,MS0000843,MOM JEAN T/ALTO LAV CLARO,001 - PRODUCCION INTERNA TELA NACIONALIZADA   ,Normal
JUNIO, ,022 - 2JUN2                                   ,STOP,008 - MODA                                    ,005 - DENIM                                   ,10025947,FALDA SHORT PREMIUM CORTA NEGRO CORTES E,001 - PRODUCCION INTERNA TELA NACIONALIZADA   ,Normal
JUNIO, ,023 - 2JUN3                                   ,STOP,008 - MODA                                    ,002 - TEJIDO PLANO                            ,10026947,FALDA SHORT T/ALTO BLANCA CON BOLSILLOS,001 - PRODUCCION INTERNA TELA NACIONALIZADA   ,Normal
DICIEMBRE, ,016 - 2ABR4                                   ,STOP,008 - MODA                                    ,005 - DENIM                                   ,10034948,CULOTT PREMIUM T/ALTO LAV MEDIO CON ACCE,001 - PRODUCCION INTERNA TELA NACIONALIZADA   ,Normal
NOVIEMBRE, ,010 - 1MAR2                                   ,STOP,008 - MODA                                    ,005 - DENIM                                   ,10036949,TEJANO T/ALTO LAV/OSCURO BOLSILLOS CON T,001 - PRODUCCION INTERNA TELA NACIONALIZADA   ,Normal
ABRIL, ,016 - 2ABR4                                   ,STOP,008 - MODA                                    ,002 - TEJIDO PLANO                            ,10039948,CULOTT T/ALTO BLANCO BORDADO EN BOTA,001 - PRODUCCION INTERNA TELA NACIONALIZADA   ,Normal
JUNIO, ,021 - 2JUN1                                   ,STOP,008 - MODA                                    ,005 - DENIM                                   ,10040848,CULLOTT T/ALTO LAV CLARO CON CINTURON,001 - PRODUCCION INTERNA TELA NACIONALIZADA   ,Normal
MAYO, ,018 - 2MAY2                                   ,STOP,008 - MODA                                    ,005 - DENIM                                   ,10042944,ENTERIZO LARGO ML LAV CLARO,001 - PRODUCCION INTERNA TELA NACIONALIZADA   ,Normal
ABRIL, ,013 - 2ABR1                                   ,STOP,008 - MODA                                    ,005 - DENIM                                   ,10044849,TEJANO T/ALTO LAV MEDIO CON DETALLE EN C,001 - PRODUCCION INTERNA TELA NACIONALIZADA   ,Normal
ABRIL, ,016 - 2ABR4                                   ,STOP,008 - MODA                                    ,005 - DENIM                                   ,10045949,TEJANO FLARE T/ALTO LAV CLARO CORTO,001 - PRODUCCION INTERNA TELA NACIONALIZADA   ,Normal
ABRIL, ,016 - 2ABR4                                   ,STOP,008 - MODA                                    ,005 - DENIM                                   ,10046949,TEJANO T/ALTO ENTREP CORTO,001 - PRODUCCION INTERNA TELA NACIONALIZADA   ,Normal
JUNIO, ,022 - 2JUN2                                   ,STOP,008 - MODA                                    ,005 - DENIM                                   ,10047949,TEJANO T/ALTO LAV OSCURO BOTA ESPECIAL,001 - PRODUCCION INTERNA TELA NACIONALIZADA   ,Normal
ABRIL, ,014 - 2ABR2                                   ,STOP,008 - MODA                                    ,005 - DENIM                                   ,10060918,LEVANTACOLA T/ALTO LAV OSCURO CON CORREA,001 - PRODUCCION INTERNA TELA NACIONALIZADA   ,Normal
SEPTIEMBRE, ,014 - 2ABR2                                   ,STOP,008 - MODA                                    ,005 - DENIM                                   ,10005934,PANTALON CARGO T/ALTO BOTA RECTA,,Normal
ABRIL, ,016 - 2ABR4                                   ,STOP,008 - MODA                                    ,005 - DENIM                                   ,10061818,LEVANTACOLA T/ALTO LAV MED OSC DETALLE E,001 - PRODUCCION INTERNA TELA NACIONALIZADA   ,Normal
MAYO, ,020 - 2MAY4                                   ,STOP,008 - MODA                                    ,005 - DENIM                                   ,10062818,LEVANTACOLA T/ALO NEGRO BOTA TUBO,001 - PRODUCCION INTERNA TELA NACIONALIZADA   ,Normal
JUNIO, ,021 - 2JUN1                                   ,STOP,008 - MODA                                    ,005 - DENIM                                   ,10064818,LEVANTACOLA  T/ALTO LAV MEDIO OSCURO CO,001 - PRODUCCION INTERNA TELA NACIONALIZADA   ,Normal
ABRIL, ,014 - 2ABR2                                   ,STOP,008 - MODA                                    ,005 - DENIM                                   ,10065918,LEVANTACOLA T/ALTO LAV MEDIO CON BOLSILL,001 - PRODUCCION INTERNA TELA NACIONALIZADA   ,Normal
NOVIEMBRE, ,013 - 2ABR1                                   ,STOP,008 - MODA                                    ,005 - DENIM                                   ,10074955,RETROJEAN T/ALTO  CON CORTES EN FRENTE,001 - PRODUCCION INTERNA TELA NACIONALIZADA   ,Normal
ABRIL, ,013 - 2ABR1                                   ,STOP,008 - MODA                                    ,002 - TEJIDO PLANO                            ,10078834,PANTALON CARGO T/MEDIO COLOR BOTA ANCHA,001 - PRODUCCION INTERNA TELA NACIONALIZADA   ,Normal
MAYO, ,017 - 2MAY1                                   ,STOP,008 - MODA                                    ,005 - DENIM                                   ,10079834,CARGO T/ALTO LAV CLARO CON CORD,001 - PRODUCCION INTERNA TELA NACIONALIZADA   ,Normal
ABRIL, ,014 - 2ABR2                                   ,STOP,008 - MODA                                    ,005 - DENIM                                   ,10080916,ELASTIK  PREMUIM T/ALTO L/MED OSCURO CON,001 - PRODUCCION INTERNA TELA NACIONALIZADA   ,Normal
ABRIL, ,016 - 2ABR4                                   ,STOP,008 - MODA                                    ,005 - DENIM                                   ,10081934,CARGO T/ALTO LAV CLARO CON BOLS,001 - PRODUCCION INTERNA TELA NACIONALIZADA   ,Normal
JUNIO, ,023 - 2JUN3                                   ,STOP,008 - MODA                                    ,005 - DENIM                                   ,10082934,CARGO PREMIUM T/ALTO NEGRO CON DESGASTE,001 - PRODUCCION INTERNA TELA NACIONALIZADA   ,Normal
ABRIL, ,013 - 2ABR1                                   ,STOP,008 - MODA                                    ,002 - TEJIDO PLANO                            ,10087855,RETROJEAN T/ALTO COLOR MARFIL CON CINTUR,001 - PRODUCCION INTERNA TELA NACIONALIZADA   ,Normal
ABRIL, ,016 - 2ABR4                                   ,STOP,008 - MODA                                    ,002 - TEJIDO PLANO                            ,10088855,RETROJEAN T/ALTO NEGRO CON CORTES LATERA,001 - PRODUCCION INTERNA TELA NACIONALIZADA   ,Normal
JUNIO, ,021 - 2JUN1                                   ,STOP,008 - MODA                                    ,001 - TEJIDO PUNTO                            ,ST0004561,BLUSA MANGA LARGA TELA EFECTO TEJIDO,,Normal
SEPTIEMBRE,08-AGOSTO,033 - 3SEP1                                   ,STOP,008 - MODA                                    ,001 - TEJIDO PUNTO                            ,ST0004563,CAMISETA MANGA CORTA ESTAMPADA FRENTE,001 - PRODUCCION INTERNA TELA NACIONALIZADA   ,Prioridad Alta
SEPTIEMBRE,08-AGOSTO,033 - 3SEP1                                   ,STOP,008 - MODA                                    ,001 - TEJIDO PUNTO                            ,MS0004564,T-SHIRT MANGA CORTA ESTAMPADO FRENTE,001 - PRODUCCION INTERNA TELA NACIONALIZADA   ,Prioridad Alta
ABRIL, ,013 - 2ABR1                                   ,STOP,008 - MODA                                    ,002 - TEJIDO PLANO                            ,10089855,RETROJEAN T/ALTO COLOR NATURAL CON CINTU,001 - PRODUCCION INTERNA TELA NACIONALIZADA   ,Normal
ABRIL, ,014 - 2ABR2                                   ,STOP,008 - MODA                                    ,005 - DENIM                                   ,10090955,RETROJEAN T/ALTO LAV CLARO CORTE EN DELA,001 - PRODUCCION INTERNA TELA NACIONALIZADA   ,Normal
ABRIL, ,016 - 2ABR4                                   ,STOP,008 - MODA                                    ,002 - TEJIDO PLANO                            ,10091955,RETROJEAN T/ALTO MARFIL DETALLE EN COSTA,001 - PRODUCCION INTERNA TELA NACIONALIZADA   ,Normal
MAYO, ,020 - 2MAY4                                   ,STOP,008 - MODA                                    ,005 - DENIM                                   ,10092855,RETROJEAN T/ALTO LAV MEDIO A RAYAS,001 - PRODUCCION INTERNA TELA NACIONALIZADA   ,Normal
ABRIL, ,016 - 2ABR4                                   ,STOP,008 - MODA                                    ,005 - DENIM                                   ,10093955,RETROJEAN T/ALTO  LAV MEDIO OSCURO IDEOL,001 - PRODUCCION INTERNA TELA NACIONALIZADA   ,Normal
MAYO, ,017 - 2MAY1                                   ,STOP,008 - MODA                                    ,005 - DENIM                                   ,10094955,RETROJEAN T/ALTO LAV CLARO CON DETALLE E,001 - PRODUCCION INTERNA TELA NACIONALIZADA   ,Normal
MAYO, ,017 - 2MAY1                                   ,STOP,008 - MODA                                    ,005 - DENIM                                   ,10095955,RETROJEAN T/ALTO LAV CLARO CON DETALLE E,001 - PRODUCCION INTERNA TELA NACIONALIZADA   ,Normal
JUNIO, ,021 - 2JUN1                                   ,STOP,008 - MODA                                    ,002 - TEJIDO PLANO                            ,10096855,PANTALON RETROJEAN T/MEDIO COLOR MARFIL,001 - PRODUCCION INTERNA TELA NACIONALIZADA   ,Normal
ABRIL, ,016 - 2ABR4                                   ,STOP,008 - MODA                                    ,005 - DENIM                                   ,10097855,RETROJEAN T/ALTO LAV CLARO IDEOLOGIA,001 - PRODUCCION INTERNA TELA NACIONALIZADA   ,Normal
MAYO, ,020 - 2MAY4                                   ,STOP,008 - MODA                                    ,005 - DENIM                                   ,10098855,RETROJEAN T/ALTO LAV MEDIO CON DETALLE E,001 - PRODUCCION INTERNA TELA NACIONALIZADA   ,Normal
MAYO, ,018 - 2MAY2                                   ,STOP,008 - MODA                                    ,005 - DENIM                                   ,10099955,RETROJEAN T/ALTO TELA CON EFECTO BORDADO,001 - PRODUCCION INTERNA TELA NACIONALIZADA   ,Normal
MAYO, ,018 - 2MAY2                                   ,STOP,008 - MODA                                    ,005 - DENIM                                   ,10100855,RETROJEAN T/ALTO LAVADO MEDIO,,Normal
ABRIL, ,016 - 2ABR4                                   ,STOP,008 - MODA                                    ,005 - DENIM                                   ,10138914,ESCULTOR T/ALTO LAV MEDIO OSCURO CIERRE,001 - PRODUCCION INTERNA TELA NACIONALIZADA   ,Normal
MAYO, ,017 - 2MAY1                                   ,STOP,008 - MODA                                    ,005 - DENIM                                   ,10139914,ESCULTOR T/ALTO LAV OSCURO CORTE EN FREN,001 - PRODUCCION INTERNA TELA NACIONALIZADA   ,Normal
ABRIL, ,013 - 2ABR1                                   ,STOP,008 - MODA                                    ,005 - DENIM                                   ,10142802,CAPRI T/ALTO LAVADO OSCURO CON CORTE EN,001 - PRODUCCION INTERNA TELA NACIONALIZADA   ,Normal
MAYO, ,018 - 2MAY2                                   ,STOP,008 - MODA                                    ,002 - TEJIDO PLANO                            ,10143902,CAPRI T/ALTO TEÑIDO CON BOLSILLO,001 - PRODUCCION INTERNA TELA NACIONALIZADA   ,Normal
NOVIEMBRE, ,016 - 2ABR4                                   ,STOP,008 - MODA                                    ,005 - DENIM                                   ,10154803,BERMUDA T/ALTO LAV CLARO CON TACHES BOLS,001 - PRODUCCION INTERNA TELA NACIONALIZADA   ,Normal
ABRIL, ,016 - 2ABR4                                   ,STOP,008 - MODA                                    ,005 - DENIM                                   ,10172903,BERMUDA T/ALTO LAV MEDIO CON RELOJERA,001 - PRODUCCION INTERNA TELA NACIONALIZADA   ,Normal
ABRIL, ,016 - 2ABR4                                   ,STOP,008 - MODA                                    ,005 - DENIM                                   ,10173903,BERMUDA T/ALTO LAV MEDIO CON BOLSILLOS,001 - PRODUCCION INTERNA TELA NACIONALIZADA   ,Normal
MARZO, ,012 - 1MAR4                                   ,STOP,008 - MODA                                    ,005 - DENIM                                   ,10174803,BERMUDA T/ALTO LAV MEDIO CON LASER,001 - PRODUCCION INTERNA TELA NACIONALIZADA   ,Normal
MAYO, ,020 - 2MAY4                                   ,STOP,008 - MODA                                    ,005 - DENIM                                   ,10175803,BERMUDA T/ALTO LAV MEDIO CON SESGOS EN C,001 - PRODUCCION INTERNA TELA NACIONALIZADA   ,Normal
JUNIO, ,023 - 2JUN3                                   ,STOP,008 - MODA                                    ,002 - TEJIDO PLANO                            ,10176903,BERMUDA T/ALTO BLANCO CON BOLSILLOS,001 - PRODUCCION INTERNA TELA NACIONALIZADA   ,Normal
MAYO, ,018 - 2MAY2                                   ,STOP,008 - MODA                                    ,002 - TEJIDO PLANO                            ,10177903,BERMUDA T/BAJO BLANCO CON TELA TEXTURIZA,001 - PRODUCCION INTERNA TELA NACIONALIZADA   ,Normal
JUNIO, ,021 - 2JUN1                                   ,STOP,008 - MODA                                    ,005 - DENIM                                   ,10178803,BERMUDA T/ALTO LAV MEDIO CON BOTA DESFLE,001 - PRODUCCION INTERNA TELA NACIONALIZADA   ,Normal
JUNIO, ,021 - 2JUN1                                   ,STOP,008 - MODA                                    ,006 - CUERO-SINTETICO                         ,10179803,BERMUDA T/ALTO NEGRO EN TELA EFECTO,001 - PRODUCCION INTERNA TELA NACIONALIZADA   ,Normal
NOVIEMBRE, ,016 - 2ABR4                                   ,STOP,008 - MODA                                    ,005 - DENIM                                   ,10296813,VAQUERO T/ALTO LAV CLARO BOTA TUBO,001 - PRODUCCION INTERNA TELA NACIONALIZADA   ,Normal
ABRIL, ,016 - 2ABR4                                   ,STOP,008 - MODA                                    ,005 - DENIM                                   ,10312913,VAQUERO T/ALTO LAV MEDIO OSCURO  DETALLE,001 - PRODUCCION INTERNA TELA NACIONALIZADA   ,Normal
MAYO, ,020 - 2MAY4                                   ,STOP,008 - MODA                                    ,005 - DENIM                                   ,10313813,VAQUERO T/MEDIO LAV OSCURO CON CINTURON,001 - PRODUCCION INTERNA TELA NACIONALIZADA   ,Normal
MAYO, ,017 - 2MAY1                                   ,STOP,008 - MODA                                    ,002 - TEJIDO PLANO                            ,10314913,VAQUERO T/ALTO COLOR CON DETALLE EN COST,001 - PRODUCCION INTERNA TELA NACIONALIZADA   ,Normal
ABRIL, ,013 - 2ABR1                                   ,STOP,008 - MODA                                    ,005 - DENIM                                   ,10315813,VAQUERO T/ALTO NEGRO DETALLE EN PRETINA,001 - PRODUCCION INTERNA TELA NACIONALIZADA   ,Normal
JUNIO, ,022 - 2JUN2                                   ,STOP,008 - MODA                                    ,005 - DENIM                                   ,10317913,VAQUERO T/ALTO LAV MEDIO CON CORTES EN C,001 - PRODUCCION INTERNA TELA NACIONALIZADA   ,Normal
JUNIO, ,023 - 2JUN3                                   ,STOP,008 - MODA                                    ,005 - DENIM                                   ,10318913,VAQUERO T/ALTO LAV MEDIO CON LASER,001 - PRODUCCION INTERNA TELA NACIONALIZADA   ,Normal
ENERO, ,016 - 2ABR4                                   ,STOP,008 - MODA                                    ,005 - DENIM                                   ,10356933,SHORT T/ALTO LAV MEDIO CON CORDON EN PRE,001 - PRODUCCION INTERNA TELA NACIONALIZADA   ,Normal
ABRIL, ,016 - 2ABR4                                   ,STOP,008 - MODA                                    ,002 - TEJIDO PLANO                            ,10366933,SHORT T/MEDIO MARFIL ESTAMPADO CON BOLSI,001 - PRODUCCION INTERNA TELA NACIONALIZADA   ,Normal
MAYO, ,018 - 2MAY2                                   ,STOP,008 - MODA                                    ,005 - DENIM                                   ,10367933,SHORT T/ALTO LAV MEDIO OSCURO DETALLE EN,001 - PRODUCCION INTERNA TELA NACIONALIZADA   ,Normal
JUNIO, ,021 - 2JUN1                                   ,STOP,008 - MODA                                    ,005 - DENIM                                   ,10368833,SHORT T/ALTO LAV CLARO CON LASER,001 - PRODUCCION INTERNA TELA NACIONALIZADA   ,Normal
SEPTIEMBRE,08-AGOSTO,034 - 3SEP2                                   ,STOP,008 - MODA                                    ,001 - TEJIDO PUNTO                            ,MS0004567,CAMISETA MANGA CORTA ESTAMPADA,001 - PRODUCCION INTERNA TELA NACIONALIZADA   ,Prioridad Alta
JUNIO, ,022 - 2JUN2                                   ,STOP,008 - MODA                                    ,002 - TEJIDO PLANO                            ,10369933,SHORT  T/ALTO COLOR CON PRETINA PROLONGA,001 - PRODUCCION INTERNA TELA NACIONALIZADA   ,Normal
MAYO, ,017 - 2MAY1                                   ,STOP,008 - MODA                                    ,001 - TEJIDO PUNTO                            ,11008923,BODY ML CUELLO BANDEJA EN MALLA,001 - PRODUCCION INTERNA TELA NACIONALIZADA   ,Normal
MAYO, ,017 - 2MAY1                                   ,STOP,008 - MODA                                    ,001 - TEJIDO PUNTO                            ,11017925,BODY TIRAS CON ESPALDA ESCOTADA,,Normal
JUNIO, ,021 - 2JUN1                                   ,STOP,008 - MODA                                    ,001 - TEJIDO PUNTO                            ,11018825,BODY TIRAS EN MALLA CON DRAPEADO,001 - PRODUCCION INTERNA TELA NACIONALIZADA   ,Normal
JUNIO, ,018 - 2MAY2                                   ,STOP,008 - MODA                                    ,001 - TEJIDO PUNTO                            ,11119912,TOP TIRAS ESCOTE EN V TELA CON TEXTURA,001 - PRODUCCION INTERNA TELA NACIONALIZADA   ,Normal
JUNIO, ,023 - 2JUN3                                   ,STOP,008 - MODA                                    ,001 - TEJIDO PUNTO                            ,11137915,TOP MANGA LARGA EN MALLA CON PUNTOS,001 - PRODUCCION INTERNA TELA NACIONALIZADA   ,Normal
JUNIO, ,023 - 2JUN3                                   ,STOP,008 - MODA                                    ,001 - TEJIDO PUNTO                            ,11138915,TOP MANGA LARGA EN MALLA CON PUNTOS,001 - PRODUCCION INTERNA TELA NACIONALIZADA   ,Normal
JUNIO, ,023 - 2JUN3                                   ,STOP,008 - MODA                                    ,001 - TEJIDO PUNTO                            ,11139915,TOP ML IMITACIÓN DOBLE PRENDA,001 - PRODUCCION INTERNA TELA NACIONALIZADA   ,Normal
JUNIO, ,023 - 2JUN3                                   ,STOP,008 - MODA                                    ,001 - TEJIDO PUNTO                            ,11282913,CAMISETA MS CUELLO REDONDO CON LETIN,,Normal
JUNIO, ,021 - 2JUN1                                   ,STOP,008 - MODA                                    ,001 - TEJIDO PUNTO                            ,11291813,TOP PREMIUM MS CON INSUMOS DORADOS,001 - PRODUCCION INTERNA TELA NACIONALIZADA   ,Normal
JUNIO, ,021 - 2JUN1                                   ,STOP,008 - MODA                                    ,001 - TEJIDO PUNTO                            ,11292813,BODY MS DRAPEADO,001 - PRODUCCION INTERNA TELA NACIONALIZADA   ,Normal
ABRIL, ,013 - 2ABR1                                   ,STOP,008 - MODA                                    ,001 - TEJIDO PUNTO                            ,11765814,CAMISETA T-SHIRT MC CON ESTAMPADO,001 - PRODUCCION INTERNA TELA NACIONALIZADA   ,Normal
NOVIEMBRE, ,041 - 4NOV1                                   ,STOP,008 - MODA                                    ,005 - DENIM                                   ,ST0004806,RETROJEAN T/ALTO LAV CLARO,,Normal
MAYO, ,016 - 2ABR4                                   ,STOP,008 - MODA                                    ,001 - TEJIDO PUNTO                            ,11773914,CAMISETA MC ESTAMPADA Y PUNTADA DECORATI,001 - PRODUCCION INTERNA TELA NACIONALIZADA   ,Normal
MAYO, ,016 - 2ABR4                                   ,STOP,008 - MODA                                    ,001 - TEJIDO PUNTO                            ,11776914,CAMISETA PREMIUM MC CON ESTAMPADO EN FRE,,Normal
MAYO, ,017 - 2MAY1                                   ,STOP,008 - MODA                                    ,001 - TEJIDO PUNTO                            ,11777914,CAMISETA MC ESTAMPADA FRENTE Y ESPALDA,001 - PRODUCCION INTERNA TELA NACIONALIZADA   ,Normal
MAYO, ,020 - 2MAY4                                   ,STOP,008 - MODA                                    ,001 - TEJIDO PUNTO                            ,11783814,CAMISETA T-SHIRT MC ESTAMPADO EN FRENTE,001 - PRODUCCION INTERNA TELA NACIONALIZADA   ,Normal
JUNIO, ,023 - 2JUN3                                   ,STOP,008 - MODA                                    ,001 - TEJIDO PUNTO                            ,11784914,TOP PREMIUM MC CON RECOGIDO EN ESCOTE,001 - PRODUCCION INTERNA TELA NACIONALIZADA   ,Normal
ABRIL, ,013 - 2ABR1                                   ,STOP,008 - MODA                                    ,001 - TEJIDO PUNTO                            ,11785814,CAMISETA MC ASIMETRICA CON OJALETES,001 - PRODUCCION INTERNA TELA NACIONALIZADA   ,Normal
ABRIL, ,013 - 2ABR1                                   ,STOP,008 - MODA                                    ,001 - TEJIDO PUNTO                            ,11786814,CAMISETA MC ESTAMPADA MUNDIAL,,Normal
MAYO, ,020 - 2MAY4                                   ,STOP,008 - MODA                                    ,001 - TEJIDO PUNTO                            ,11787814,CAMISETA T-SHIRT MC CON ESTAMPADO,001 - PRODUCCION INTERNA TELA NACIONALIZADA   ,Normal
JUNIO, ,023 - 2JUN3                                   ,STOP,008 - MODA                                    ,001 - TEJIDO PUNTO                            ,11788914,CAMISETA MC ASIMETRICA ESTAMPADA DE PUNT,001 - PRODUCCION INTERNA TELA NACIONALIZADA   ,Normal
MAYO, ,020 - 2MAY4                                   ,STOP,008 - MODA                                    ,001 - TEJIDO PUNTO                            ,11789814,CAMISETA MC ESTAMPADA MUNDIAL,001 - PRODUCCION INTERNA TELA NACIONALIZADA   ,Normal
JUNIO, ,021 - 2JUN1                                   ,STOP,008 - MODA                                    ,001 - TEJIDO PUNTO                            ,11790814,CAMISETA MC CON TACHES DECORATIVOS,001 - PRODUCCION INTERNA TELA NACIONALIZADA   ,Normal
JUNIO, ,022 - 2JUN2                                   ,STOP,008 - MODA                                    ,001 - TEJIDO PUNTO                            ,11791914,CAMISETA MC A RAYAS CON ESCOTE EN GOTA,001 - PRODUCCION INTERNA TELA NACIONALIZADA   ,Normal
JULIO, ,022 - 2JUN2                                   ,STOP,008 - MODA                                    ,001 - TEJIDO PUNTO                            ,X11646814,CAMISETA MC CON RUEDO ANCHO Y ABERTURA,,Normal
JUNIO, ,021 - 2JUN1                                   ,STOP,008 - MODA                                    ,001 - TEJIDO PUNTO                            ,11792814,CAMISETA T-SHIRT MC CON ESTAMPADO,001 - PRODUCCION INTERNA TELA NACIONALIZADA   ,Normal
JUNIO, ,022 - 2JUN2                                   ,STOP,008 - MODA                                    ,001 - TEJIDO PUNTO                            ,11793914,CAMISETA MC ESTAMPADA CON RIB,001 - PRODUCCION INTERNA TELA NACIONALIZADA   ,Normal
JUNIO, ,023 - 2JUN3                                   ,STOP,008 - MODA                                    ,002 - TEJIDO PLANO                            ,12093903,BLUSA MS ESCOTE EN V,001 - PRODUCCION INTERNA TELA NACIONALIZADA   ,Normal
ABRIL, ,016 - 2ABR4                                   ,STOP,008 - MODA                                    ,002 - TEJIDO PLANO                            ,12113909,BLUSA TIRAS CON BOTONES EN FRENTE,001 - PRODUCCION INTERNA TELA NACIONALIZADA   ,Normal
MAYO, ,018 - 2MAY2                                   ,STOP,008 - MODA                                    ,005 - DENIM                                   ,12114909,BLUSA TIRAS CON BOTONES EN FRENTE,001 - PRODUCCION INTERNA TELA NACIONALIZADA   ,Normal
MAYO, ,017 - 2MAY1                                   ,STOP,008 - MODA                                    ,002 - TEJIDO PLANO                            ,12115909,BLUSA TIRAS CON AMARRE EN CINTURA,001 - PRODUCCION INTERNA TELA NACIONALIZADA   ,Normal
ABRIL, ,014 - 2ABR2                                   ,STOP,008 - MODA                                    ,002 - TEJIDO PLANO                            ,12155906,CAMISA M3/4 CON BOTONES Y ESTAMPADO,001 - PRODUCCION INTERNA TELA NACIONALIZADA   ,Normal
ABRIL, ,016 - 2ABR4                                   ,STOP,008 - MODA                                    ,002 - TEJIDO PLANO                            ,12157906,BLUSA M3/4 CON CHARRETERA Y BOTONES,001 - PRODUCCION INTERNA TELA NACIONALIZADA   ,Normal
ABRIL, ,016 - 2ABR4                                   ,STOP,008 - MODA                                    ,002 - TEJIDO PLANO                            ,12158906,BLUSA M3/4 CON CUELLO Y ESCOTE EN V,001 - PRODUCCION INTERNA TELA NACIONALIZADA   ,Normal
JUNIO, ,021 - 2JUN1                                   ,STOP,008 - MODA                                    ,002 - TEJIDO PLANO                            ,12159806,BLUSA M3/4 CUELLO Y PUÑOS CON RECTILINEO,001 - PRODUCCION INTERNA TELA NACIONALIZADA   ,Normal
MAYO, ,018 - 2MAY2                                   ,STOP,008 - MODA                                    ,005 - DENIM                                   ,12159906,BLUSA M/3/4 LAV CLARO CON BOLSILLOS,001 - PRODUCCION INTERNA TELA NACIONALIZADA   ,Normal
ABRIL, ,014 - 2ABR2                                   ,STOP,008 - MODA                                    ,002 - TEJIDO PLANO                            ,12160906,BLUSA M3/4 CON PUÑO ANCHO,001 - PRODUCCION INTERNA TELA NACIONALIZADA   ,Normal
MAYO, ,017 - 2MAY1                                   ,STOP,008 - MODA                                    ,002 - TEJIDO PLANO                            ,12161906,BLUSA M3/4 BOMBACHAS OJALILLO ESTAMPADO,001 - PRODUCCION INTERNA TELA NACIONALIZADA   ,Normal
MAYO, ,020 - 2MAY4                                   ,STOP,008 - MODA                                    ,002 - TEJIDO PLANO                            ,12228805,BLUSA ML CON JARETAS EN FRENTE PARA RECO,001 - PRODUCCION INTERNA TELA NACIONALIZADA   ,Normal
MAYO, ,020 - 2MAY4                                   ,STOP,008 - MODA                                    ,002 - TEJIDO PLANO                            ,12229905,BLUSA ML OJALILLO,,Normal
ABRIL, ,014 - 2ABR2                                   ,STOP,008 - MODA                                    ,002 - TEJIDO PLANO                            ,12231905,BLUSA ML CON BOLILLOS EN FRENTE,001 - PRODUCCION INTERNA TELA NACIONALIZADA   ,Normal
JUNIO, ,022 - 2JUN2                                   ,STOP,008 - MODA                                    ,002 - TEJIDO PLANO                            ,12232905,BLUSA ML A RAYAS,001 - PRODUCCION INTERNA TELA NACIONALIZADA   ,Normal
MAYO, ,017 - 2MAY1                                   ,STOP,008 - MODA                                    ,005 - DENIM                                   ,12233905,CAMISA M/LARGA LAV OSCURO CON BROCHES,001 - PRODUCCION INTERNA TELA NACIONALIZADA   ,Normal
JUNIO, ,022 - 2JUN2                                   ,STOP,008 - MODA                                    ,005 - DENIM                                   ,12234905,BLUSA ML LAV MEDIO CON CIERRE EN FRENTE,001 - PRODUCCION INTERNA TELA NACIONALIZADA   ,Normal
JUNIO, ,022 - 2JUN2                                   ,STOP,008 - MODA                                    ,002 - TEJIDO PLANO                            ,12235905,CAMISA ML EN TELA A RAYAS CON TAPAS,001 - PRODUCCION INTERNA TELA NACIONALIZADA   ,Normal
JUNIO, ,022 - 2JUN2                                   ,STOP,008 - MODA                                    ,002 - TEJIDO PLANO                            ,12464904,BLUSA MC TIPO CAJON DETALLE EN ESPALDA,,Normal
MAYO, ,020 - 2MAY4                                   ,STOP,008 - MODA                                    ,002 - TEJIDO PLANO                            ,12466804,BLUSA MC CON TEXTURA,001 - PRODUCCION INTERNA TELA NACIONALIZADA   ,Normal
MAYO, ,020 - 2MAY4                                   ,STOP,008 - MODA                                    ,002 - TEJIDO PLANO                            ,12467804,CAMISA MANGA CORTA TELA CON EFECTO,001 - PRODUCCION INTERNA TELA NACIONALIZADA   ,Normal
JUNIO, ,023 - 2JUN3                                   ,STOP,008 - MODA                                    ,002 - TEJIDO PLANO                            ,12468904,BLUSA MC CON CREMALLERA DOBLE CABEZA EN,001 - PRODUCCION INTERNA TELA NACIONALIZADA   ,Normal
JUNIO, ,021 - 2JUN1                                   ,STOP,003 - OPORTUNIDADES                           ,001 - TEJIDO PUNTO                            ,13131853,CAMISETA MC EST OPORTUNIDADES,001 - PRODUCCION INTERNA TELA NACIONALIZADA   ,Normal
ABRIL, ,016 - 2ABR4                                   ,STOP,008 - MODA                                    ,001 - TEJIDO PUNTO                            ,14171904,BUSO ML CON DETALLE EN MANGA,001 - PRODUCCION INTERNA TELA NACIONALIZADA   ,Normal
MAYO, ,017 - 2MAY1                                   ,STOP,008 - MODA                                    ,002 - TEJIDO PLANO                            ,14211902,CHALECO MS CON AMARRE EN FRENTE,001 - PRODUCCION INTERNA TELA NACIONALIZADA   ,Normal
ABRIL, ,016 - 2ABR4                                   ,STOP,008 - MODA                                    ,002 - TEJIDO PLANO                            ,14212802,CHALECO MS CRUDO CON CRUCE EN FRENTE,001 - PRODUCCION INTERNA TELA NACIONALIZADA   ,Normal
ABRIL, ,014 - 2ABR2                                   ,STOP,008 - MODA                                    ,002 - TEJIDO PLANO                            ,14213902,CHALECO MS CON BOTONES EN FRENTE,001 - PRODUCCION INTERNA TELA NACIONALIZADA   ,Normal
MARZO, ,012 - 1MAR4                                   ,STOP,008 - MODA                                    ,002 - TEJIDO PLANO                            ,14214902,CHALECO MS FORRADO CON CORTES,001 - PRODUCCION INTERNA TELA NACIONALIZADA   ,Normal
MAYO, ,017 - 2MAY1                                   ,STOP,008 - MODA                                    ,005 - DENIM                                   ,14215902,CHALECO MS LAV OSCURO CON BOTONES,001 - PRODUCCION INTERNA TELA NACIONALIZADA   ,Normal
JUNIO, ,021 - 2JUN1                                   ,STOP,008 - MODA                                    ,002 - TEJIDO PLANO                            ,14216802,CHALECO MS CON BOTON SOL EN FRENTE,001 - PRODUCCION INTERNA TELA NACIONALIZADA   ,Normal
ABRIL, ,013 - 2ABR1                                   ,STOP,008 - MODA                                    ,002 - TEJIDO PLANO                            ,14365801,CHAQUETA ML VERDE EST TEXTURIZADA,001 - PRODUCCION INTERNA TELA NACIONALIZADA   ,Normal
ABRIL, ,014 - 2ABR2                                   ,STOP,008 - MODA                                    ,002 - TEJIDO PLANO                            ,14366901,CHAQUETA ML CRUDO CON ESTAMPADO,001 - PRODUCCION INTERNA TELA NACIONALIZADA   ,Normal
MAYO, ,017 - 2MAY1                                   ,STOP,008 - MODA                                    ,002 - TEJIDO PLANO                            ,14367901,CHAQUETA ML MARFIL CON DETALLE EN CUELLO,001 - PRODUCCION INTERNA TELA NACIONALIZADA   ,Normal
MAYO, ,017 - 2MAY1                                   ,STOP,008 - MODA                                    ,002 - TEJIDO PLANO                            ,14368901,CHAQUETA ML LAV MEDIO EN TELA BORDADA,,Normal
OCTUBRE,09-SEPTIEMBRE,040 - 4OCT4                                   ,STOP,008 - MODA                                    ,001 - TEJIDO PUNTO                            ,MS0004669,T-SHIRT  MANGA CORTA ESTAMPADA,001 - PRODUCCION INTERNA TELA NACIONALIZADA   ,Prioridad Alta
OCTUBRE,09-SEPTIEMBRE,040 - 4OCT4                                   ,STOP,008 - MODA                                    ,001 - TEJIDO PUNTO                            ,MS0004670,T-SHIRT MANGA CORTA ESTAMPADA,001 - PRODUCCION INTERNA TELA NACIONALIZADA   ,Prioridad Alta
DICIEMBRE, ,040 - 4OCT4                                   ,STOP,005 - ESENCIAL                                ,005 - DENIM                                   ,15002994,EJECUTIVO T/ALTO BOTA 21 ESENCIALES,,Normal
DICIEMBRE, ,040 - 4OCT4                                   ,STOP,005 - ESENCIAL                                ,005 - DENIM                                   ,15020849,CAMISETA MC CON ESTAMPADO EN FRENTE ESEN,,Normal
DICIEMBRE, ,040 - 4OCT4                                   ,STOP,005 - ESENCIAL                                ,005 - DENIM                                   ,15021949,CAMISETA MC ESTAMPADA ESENCIAL MODA,,Normal
MAYO, ,020 - 2MAY4                                   ,STOP,008 - MODA                                    ,002 - TEJIDO PLANO                            ,18003833,ENTERIZO CORTO MC MARFIL CON BOLSILLOS,001 - PRODUCCION INTERNA TELA NACIONALIZADA   ,Normal
MAYO, ,017 - 2MAY1                                   ,STOP,008 - MODA                                    ,005 - DENIM                                   ,18003936,ENTERIZO MS LARGO LAV OSCURO CRUZADO EN,001 - PRODUCCION INTERNA TELA NACIONALIZADA   ,Normal
ABRIL, ,014 - 2ABR2                                   ,STOP,008 - MODA                                    ,001 - TEJIDO PUNTO                            ,18011921,VESTIDO MS CORTO CON PUNTERAS EN ESCOTE,001 - PRODUCCION INTERNA TELA NACIONALIZADA   ,Normal
MAYO, ,018 - 2MAY2                                   ,STOP,008 - MODA                                    ,005 - DENIM                                   ,18058923,VESTIDO TIRAS LARGO LAV MEDIO,001 - PRODUCCION INTERNA TELA NACIONALIZADA   ,Normal
MAYO, ,018 - 2MAY2                                   ,STOP,008 - MODA                                    ,005 - DENIM                                   ,18059923,VESTIDO TIRAS LARGO FORRADO EN BLONDA,,Normal
ABRIL, ,014 - 2ABR2                                   ,STOP,008 - MODA                                    ,002 - TEJIDO PLANO                            ,18119917,PANTALÓN T/ALTO CON BOLSILLOS CARGO,001 - PRODUCCION INTERNA TELA NACIONALIZADA   ,Normal
MAYO, ,018 - 2MAY2                                   ,STOP,008 - MODA                                    ,002 - TEJIDO PLANO                            ,18120917,PANTALON T/ALTO CON ABERTURA EN COSTADOS,001 - PRODUCCION INTERNA TELA NACIONALIZADA   ,Normal
JUNIO, ,021 - 2JUN1                                   ,STOP,008 - MODA                                    ,002 - TEJIDO PLANO                            ,19020851,PAÑOLETA ESTAMPADA,001 - PRODUCCION INTERNA TELA NACIONALIZADA   ,Normal
NOVIEMBRE, ,042 - 4NOV2                                   ,STOP,008 - MODA                                    ,001 - TEJIDO PUNTO                            ,MS0004694,T-SHIRT  MANGA CORTA CON TECNICA Y BORDA,,Normal
NOVIEMBRE, ,041 - 4NOV1                                   ,STOP,008 - MODA                                    ,001 - TEJIDO PUNTO                            ,MS0004695,CAMISETA MANGA CORTA DETALLE CUELLO,,Normal
NOVIEMBRE, ,041 - 4NOV1                                   ,STOP,008 - MODA                                    ,001 - TEJIDO PUNTO                            ,MS0004696,TOP TIRAS  DRAPEADO CON APLIQUES EN ESCO,001 - PRODUCCION INTERNA TELA NACIONALIZADA   ,Normal
NOVIEMBRE, ,041 - 4NOV1                                   ,STOP,008 - MODA                                    ,001 - TEJIDO PUNTO                            ,MS0004697,CAMISETA MANGA SISA CON TEXTURA,001 - PRODUCCION INTERNA TELA NACIONALIZADA   ,Normal
JUNIO, ,041 - 4NOV1                                   ,STOP,008 - MODA                                    ,002 - TEJIDO PLANO                            ,10014947,FALDA SHORT  T/ALTO MARFIL CON SOLAPA,,Normal
FEBRERO, ,041 - 4NOV1                                   ,STOP,008 - MODA                                    ,002 - TEJIDO PLANO                            ,10014949,TEJANO T/ALTO LAV MEDIO CON DETALLE EN,,Normal
SEPTIEMBRE, ,041 - 4NOV1                                   ,STOP,008 - MODA                                    ,005 - DENIM                                   ,10015918,LEVANTACOLA PREMIUM T/ALTO LAV OSCURO,,Normal
JUNIO, ,041 - 4NOV1                                   ,STOP,008 - MODA                                    ,005 - DENIM                                   ,10015924,JOGGER T/ALTO LAV OSCURO CON PINZAS EN,,Normal
NOVIEMBRE, ,041 - 4NOV1                                   ,STOP,008 - MODA                                    ,005 - DENIM                                   ,10015942,BAGGY TIRO ALTO DE COLOR,,Normal
NOVIEMBRE, ,041 - 4NOV1                                   ,STOP,008 - MODA                                    ,005 - DENIM                                   ,10015946,OVERALL CORTO COLOR CON GUARDA POLVO,,Normal
SEPTIEMBRE, ,041 - 4NOV1                                   ,STOP,008 - MODA                                    ,005 - DENIM                                   ,10015947,FALDA SHORT T/ALTO LAV MEDIO CON CRUCE,,Normal
MARZO, ,041 - 4NOV1                                   ,STOP,008 - MODA                                    ,005 - DENIM                                   ,10015949,TEJANO T/ALTO LAV OSCURO CON DETALLE EN,,Normal
OCTUBRE, ,041 - 4NOV1                                   ,STOP,008 - MODA                                    ,005 - DENIM                                   ,10016918,LEVANTACOLA T/ALTO COLOR CON BOLSILLOS,,Normal
AGOSTO, ,041 - 4NOV1                                   ,STOP,008 - MODA                                    ,005 - DENIM                                   ,10016924,JOGGER T/ALTO LAV CLARO TAPAS EN DELANT,,Normal
SEPTIEMBRE, ,041 - 4NOV1                                   ,STOP,008 - MODA                                    ,005 - DENIM                                   ,10016942,BAGGY T/ALTO COLOR CON ELASTICO EN CINT,,Normal
DICIEMBRE, ,041 - 4NOV1                                   ,STOP,008 - MODA                                    ,005 - DENIM                                   ,10016946,OVERALL CORTO T/ALTO LAV MEDIO OSCURO,,Normal
MAYO, ,020 - 2MAY4                                   ,STOP,008 - MODA                                    ,005 - DENIM                                   ,10016947,FALDA SHORT T/ALTO CON DELANTERO IRREGU,,Normal
FEBRERO, ,020 - 2MAY4                                   ,STOP,008 - MODA                                    ,005 - DENIM                                   ,10016949,TEJANO LEVANTACOLA T/ALTO LAV MEDIO CON,,Normal
NOVIEMBRE, ,020 - 2MAY4                                   ,STOP,008 - MODA                                    ,005 - DENIM                                   ,10017818,LEVANTACOLA T/ALTO NEGRO CON DETALLE EN,,Normal
OCTUBRE, ,020 - 2MAY4                                   ,STOP,008 - MODA                                    ,005 - DENIM                                   ,10017824,JOGGER T/ALTO COLOR BOLSILLOS EN COSTAD,,Normal
ABRIL, ,020 - 2MAY4                                   ,STOP,008 - MODA                                    ,002 - TEJIDO PLANO                            ,10017946,OVERALL CORTO LAV MEDIO CON ROTOS,,Normal
DICIEMBRE, ,020 - 2MAY4                                   ,STOP,008 - MODA                                    ,005 - DENIM                                   ,10017947,FALDA SHORT T/ALTO COLOR CON TAPA EN FR,,Normal
MARZO, ,020 - 2MAY4                                   ,STOP,008 - MODA                                    ,005 - DENIM                                   ,10017949,TEJANO LEVANTACOLA T/ALTO LAV OSCURO,,Normal
OCTUBRE, ,020 - 2MAY4                                   ,STOP,008 - MODA                                    ,005 - DENIM                                   ,10018818,LEVANTACOLA TIRO ALTO CON DETALLE EN CO,,Normal
ENERO, ,020 - 2MAY4                                   ,STOP,008 - MODA                                    ,002 - TEJIDO PLANO                            ,10018824,JOGGER T/ALTO LAV CLARO DETALLE EN BOTA,,Normal
NOVIEMBRE, ,020 - 2MAY4                                   ,STOP,008 - MODA                                    ,005 - DENIM                                   ,10018942,BAGGY PREMIUM T/ALTO LAV OSCURO CON PIN,,Normal
DICIEMBRE, ,020 - 2MAY4                                   ,STOP,008 - MODA                                    ,005 - DENIM                                   ,10018947,FALDA SHORT COLOR CON BOTONES EN COSTAD,,Normal
MAYO, ,020 - 2MAY4                                   ,STOP,008 - MODA                                    ,005 - DENIM                                   ,10018949,TEJANO T/ALTO COLOR BOTA AMPLIA,,Normal
DICIEMBRE, ,020 - 2MAY4                                   ,STOP,008 - MODA                                    ,002 - TEJIDO PLANO                            ,10019818,LEVANTACOLA T/ALTO NEGRO EN TELA EFECTO,,Normal
DICIEMBRE, ,020 - 2MAY4                                   ,STOP,008 - MODA                                    ,005 - DENIM                                   ,10019847,FALDA SHORT CORTA LAV MEDIO CORTES EN D,,Normal
MAYO, ,020 - 2MAY4                                   ,STOP,008 - MODA                                    ,005 - DENIM                                   ,10019849,TEJANO T/MEDIO CON LAV MEDIO OSCURO TAC,,Normal
NOVIEMBRE, ,020 - 2MAY4                                   ,STOP,008 - MODA                                    ,005 - DENIM                                   ,10020834,CARGO JOGGER TIRO ALTO SINTETICO,,Normal
DICIEMBRE, ,020 - 2MAY4                                   ,STOP,008 - MODA                                    ,005 - DENIM                                   ,10020918,LEVANTACOLA T/ALTO LAV CLARO BOTONES EX,,Normal
FEBRERO, ,020 - 2MAY4                                   ,STOP,008 - MODA                                    ,005 - DENIM                                   ,10020949,TEJANO T/ALTO OSCURO EN COURDUROY,,Normal
DICIEMBRE, ,020 - 2MAY4                                   ,STOP,008 - MODA                                    ,005 - DENIM                                   ,10021834,PANTALON CARGO T/ALTO EFECTO CUERO,,Normal
FEBRERO, ,020 - 2MAY4                                   ,STOP,008 - MODA                                    ,005 - DENIM                                   ,10021918,LEVANTACOLA T/ALTO LAV OSCURO CON BOTA,,Normal
FEBRERO, ,020 - 2MAY4                                   ,STOP,008 - MODA                                    ,005 - DENIM                                   ,10021947,FALDA SHORT T/ALTO LAVADO MEDIO DENIM,,Normal
MAYO, ,020 - 2MAY4                                   ,STOP,008 - MODA                                    ,005 - DENIM                                   ,10021949,TEJANO T/ALTO LAV CLARO CON DOBLE BOTON,,Normal
DICIEMBRE, ,020 - 2MAY4                                   ,STOP,008 - MODA                                    ,005 - DENIM                                   ,10022848,CULOTT T/ALTO NEGRO CON BOLSILLOS BOTA,,Normal
MAYO, ,020 - 2MAY4                                   ,STOP,008 - MODA                                    ,005 - DENIM                                   ,10022849,TEJANO T/ALTO LAV MEDIO OSCURO DETALLE,,Normal
JULIO, ,020 - 2MAY4                                   ,STOP,008 - MODA                                    ,005 - DENIM                                   ,10022918,LEVANTACOLA T/ALTO LAV OSCURO DETALLE E,,Normal
DICIEMBRE, ,020 - 2MAY4                                   ,STOP,008 - MODA                                    ,005 - DENIM                                   ,10023834,CARGO TIRO ALTO LAVADO MEDIO,,Normal
MAYO, ,003 - 1ENE3                                   ,STOP,005 - ESENCIAL                                ,001 - TEJIDO PUNTO                            ,15004852,TOP MANGA SISA EN RIB ESENCIAL,001 - PRODUCCION INTERNA TELA NACIONALIZADA   ,Normal
SEPTIEMBRE, ,045 - 4DIC1                                   ,STOP,005 - ESENCIAL                                ,005 - DENIM                                   ,15004921,TEJANO LEVANTACOLA ESENCIAL,001 - PRODUCCION INTERNA TELA NACIONALIZADA   ,Normal
MARZO, ,047 - 4DIC3                                   ,STOP,005 - ESENCIAL                                ,005 - DENIM                                   ,15004942,LEVANTACOLA T/ALTO BOTA RECTA ESENCIAL,001 - PRODUCCION INTERNA TELA NACIONALIZADA   ,Normal
MARZO, ,010 - 1MAR2                                   ,STOP,005 - ESENCIAL                                ,002 - TEJIDO PLANO                            ,15004956,CAMISA MANGA 3/4 ESENCIAL,001 - PRODUCCION INTERNA TELA NACIONALIZADA   ,Normal
JULIO, ,045 - 4DIC1                                   ,STOP,005 - ESENCIAL                                ,005 - DENIM                                   ,15005821,TEJANO PREMIUM LEVANTACOLA T/ALTO ESENCI,001 - PRODUCCION INTERNA TELA NACIONALIZADA   ,Normal
MARZO, ,041 - 4NOV1                                   ,STOP,004 - ESENCIAL MODA                           ,002 - TEJIDO PLANO                            ,15005955,CAMISA MANGA LARGA FONDO ENTERO ESENCIAL,001 - PRODUCCION INTERNA TELA NACIONALIZADA   ,Normal
MARZO, ,010 - 1MAR2                                   ,STOP,004 - ESENCIAL MODA                           ,002 - TEJIDO PLANO                            ,15005956,CAMISA MANGA 3/4 DENIM ESENCIAL,001 - PRODUCCION INTERNA TELA NACIONALIZADA   ,Normal
NOVIEMBRE, ,003 - 1ENE3                                   ,STOP,005 - ESENCIAL                                ,005 - DENIM                                   ,15006942,LEVANTACOLA T/ALTO BOTA RECTA ESENCIAL,001 - PRODUCCION INTERNA TELA NACIONALIZADA   ,Normal
OCTUBRE, ,038 - 4OCT2                                   ,STOP,005 - ESENCIAL                                ,001 - TEJIDO PUNTO                            ,15006949,CAMISETA MANGA CORTA FONDO ENTERO,,Normal
ENERO, ,047 - 4DIC3                                   ,STOP,005 - ESENCIAL                                ,001 - TEJIDO PUNTO                            ,15006952,TOP PREMIUM MANGA SISA ESENCIAL,001 - PRODUCCION INTERNA TELA NACIONALIZADA   ,Normal
NOVIEMBRE, ,042 - 4NOV2                                   ,STOP,005 - ESENCIAL                                ,001 - TEJIDO PUNTO                            ,15007949,CAMISETA T-SHIRT MANGA CORTA  ESENCIAL,001 - PRODUCCION INTERNA TELA NACIONALIZADA   ,Normal
OCTUBRE, ,040 - 4OCT4                                   ,STOP,009 - CONSCIENTE,001 - TEJIDO PUNTO                            ,MS0001192,CAMISETA MANGA CORTE CON RUCHES,001 - PRODUCCION INTERNA TELA NACIONALIZADA   ,Normal
JUNIO, ,022 - 2JUN2                                   ,STOP,008 - MODA                                    ,002 - TEJIDO PLANO                            ,ST0004605,BLUSA M3/4 CON PERILLA INTERRUMPIDA,001 - PRODUCCION INTERNA TELA NACIONALIZADA   ,Normal
JUNIO, ,023 - 2JUN3                                   ,STOP,008 - MODA                                    ,002 - TEJIDO PLANO                            ,ST0004606,VESTIDO TIRAS CORTO TELA DE PUNTOS,001 - PRODUCCION INTERNA TELA NACIONALIZADA   ,Normal
JUNIO, ,023 - 2JUN3                                   ,STOP,008 - MODA                                    ,005 - DENIM                                   ,ST0004607,ENTERIZO CORTO LAV OSCURO CON CIERRE,001 - PRODUCCION INTERNA TELA NACIONALIZADA   ,Normal
JULIO,01-ENERO,025 - 3JUL1                                   ,STOP,008 - MODA                                    ,005 - DENIM                                   ,ST0000254,TEJANO TIRO ALTO LAVADO MEDIO,001 - PRODUCCION INTERNA TELA NACIONALIZADA   ,Prioridad Alta
NOVIEMBRE, ,043 - 4NOV3                                   ,STOP,008 - MODA                                    ,001 - TEJIDO PUNTO                            ,MS0005096,TOP MANGA CORTA SOLIDO,001 - PRODUCCION INTERNA TELA NACIONALIZADA   ,Normal
NOVIEMBRE, ,043 - 4NOV3                                   ,STOP,008 - MODA                                    ,001 - TEJIDO PUNTO                            ,MS0005097,TOP MANGA CORTA ESTAMPADO,001 - PRODUCCION INTERNA TELA NACIONALIZADA   ,Normal
NOVIEMBRE, ,043 - 4NOV3                                   ,STOP,008 - MODA                                    ,001 - TEJIDO PUNTO                            ,MS0005098,TOP MANGA SISA ABERTURA FRENTE,001 - PRODUCCION INTERNA TELA NACIONALIZADA   ,Normal
NOVIEMBRE, ,043 - 4NOV3                                   ,STOP,008 - MODA                                    ,001 - TEJIDO PUNTO                            ,MS0005099,BODY SIN HOMBROS CUELLO DRAPEADO,001 - PRODUCCION INTERNA TELA NACIONALIZADA   ,Normal
NOVIEMBRE, ,044 - 4NOV4                                   ,STOP,008 - MODA                                    ,001 - TEJIDO PUNTO                            ,MS0005100,TOP MANGA LARGA ESPALDA DRAPEADA,001 - PRODUCCION INTERNA TELA NACIONALIZADA   ,Normal
NOVIEMBRE, ,044 - 4NOV4                                   ,STOP,008 - MODA                                    ,002 - TEJIDO PLANO                            ,MS0005112,BARREL T/ALTO MARFIL,001 - PRODUCCION INTERNA TELA NACIONALIZADA   ,Normal
NOVIEMBRE, ,044 - 4NOV4                                   ,STOP,008 - MODA                                    ,005 - DENIM                                   ,MS0005114,FALDA SHORT T/ALTO COLOR NEGRO,001 - PRODUCCION INTERNA TELA NACIONALIZADA   ,Normal
OCTUBRE,09-SEPTIEMBRE,038 - 4OCT2                                   ,STOP,008 - MODA                                    ,005 - DENIM                                   ,MS0000844,CULOTTE T/ALTO LAV OSCURO,001 - PRODUCCION INTERNA TELA NACIONALIZADA   ,Prioridad Alta
ABRIL, ,010 - 1MAR2                                   ,STOP,005 - ESENCIAL                                ,001 - TEJIDO PUNTO                            ,15007952,TOP MANGA SISA ESENCIAL,001 - PRODUCCION INTERNA TELA NACIONALIZADA   ,Normal
SEPTIEMBRE, ,003 - 1ENE3                                   ,STOP,004 - ESENCIAL MODA                           ,001 - TEJIDO PUNTO                            ,15008849,TOP MANGA CORTA  DOBLE FAZ ESENCIAL,001 - PRODUCCION INTERNA TELA NACIONALIZADA   ,Normal
OCTUBRE, ,044 - 4NOV4                                   ,STOP,004 - ESENCIAL MODA                           ,005 - DENIM                                   ,15008888,RETROJEAN T/ALTO ESENCIAL,001 - PRODUCCION INTERNA TELA NACIONALIZADA   ,Normal
MARZO, ,010 - 1MAR2                                   ,STOP,005 - ESENCIAL                                ,001 - TEJIDO PUNTO                            ,15008952,TOP PREMIUM SISA ESENCIAL,001 - PRODUCCION INTERNA TELA NACIONALIZADA   ,Normal
DICIEMBRE, ,003 - 1ENE3                                   ,STOP,004 - ESENCIAL MODA                           ,001 - TEJIDO PUNTO                            ,15009949,CAMISETA MANGA CORTA CON RUCHE ESENCIAL,001 - PRODUCCION INTERNA TELA NACIONALIZADA   ,Normal
OCTUBRE, ,038 - 4OCT2                                   ,STOP,008 - MODA                                    ,005 - DENIM                                   ,MS0001002,CHAQUETA M/LARGA LAV OSCURO,001 - PRODUCCION INTERNA TELA NACIONALIZADA   ,Normal
OCTUBRE,09-SEPTIEMBRE,038 - 4OCT2                                   ,STOP,008 - MODA                                    ,005 - DENIM                                   ,MS0001003,VAQUERO TIRO MEDIO ESTAMPADO,001 - PRODUCCION INTERNA TELA NACIONALIZADA   ,Prioridad Alta
OCTUBRE,09-SEPTIEMBRE,040 - 4OCT4                                   ,STOP,008 - MODA                                    ,005 - DENIM                                   ,MS0001004,VAQUERO TIRO ALTO LAV OSCURO,001 - PRODUCCION INTERNA TELA NACIONALIZADA   ,Prioridad Alta
OCTUBRE, ,040 - 4OCT4                                   ,STOP,008 - MODA                                    ,005 - DENIM                                   ,MS0001005,LEVANTACOLA TIRO ALTO LAV OSCURO,,Normal
OCTUBRE,09-SEPTIEMBRE,039 - 4OCT3                                   ,STOP,008 - MODA                                    ,005 - DENIM                                   ,ST0001006,RETRO TIRO MEDIO LAV OSCURO,001 - PRODUCCION INTERNA TELA NACIONALIZADA   ,Prioridad Alta
OCTUBRE, ,040 - 4OCT4                                   ,STOP,008 - MODA                                    ,005 - DENIM                                   ,MS0001007,RETRO TRO ALTO LAV NEGRO MEDIO,001 - PRODUCCION INTERNA TELA NACIONALIZADA   ,Normal
OCTUBRE, ,040 - 4OCT4                                   ,STOP,009 - CONSCIENTE,002 - TEJIDO PLANO                            ,MS0001045,CHALECO MANGA SISA ESCOTE V TEJIDO,001 - PRODUCCION INTERNA TELA NACIONALIZADA   ,Normal
OCTUBRE, ,040 - 4OCT4                                   ,STOP,009 - CONSCIENTE,002 - TEJIDO PLANO                            ,MS0001046,CHALECO CUELLO CUADRADO CON CROCHETA,001 - PRODUCCION INTERNA TELA NACIONALIZADA   ,Normal
OCTUBRE, ,040 - 4OCT4                                   ,STOP,009 - CONSCIENTE,002 - TEJIDO PLANO                            ,MS0001047,BLUSA MANGA SISA CON ESCOTE CUADRADO,001 - PRODUCCION INTERNA TELA NACIONALIZADA   ,Normal
OCTUBRE, ,039 - 4OCT3                                   ,STOP,008 - MODA                                    ,001 - TEJIDO PUNTO                            ,MS0004672,BODY MANGA SISA CUELLO HALTER,001 - PRODUCCION INTERNA TELA NACIONALIZADA   ,Normal
ABRIL, ,039 - 4OCT3                                   ,STOP,008 - MODA                                    ,005 - DENIM                                   ,X10141802,CAPRI T/ ALTO CON RUEDO DESFLECADO,,Normal
NOVIEMBRE, ,042 - 4NOV2                                   ,STOP,008 - MODA                                    ,001 - TEJIDO PUNTO                            ,MS0004699,BODY MANGA CORTA DRAPEADA EN ESCOTE,001 - PRODUCCION INTERNA TELA NACIONALIZADA   ,Normal
MAYO, ,018 - 2MAY2                                   ,STOP,008 - MODA                                    ,002 - TEJIDO PLANO                            ,X10143902,CAPRI T/ALTO TEÑIDO CON BOLSILLO,001 - PRODUCCION INTERNA TELA NACIONALIZADA   ,Normal
MAYO, ,018 - 2MAY2                                   ,STOP,008 - MODA                                    ,002 - TEJIDO PLANO                            ,MS0001015,BLAZER MANGA LARGA CUELLO SPORT,,Normal
OCTUBRE, ,037 - 4OCT1                                   ,STOP,008 - MODA                                    ,002 - TEJIDO PLANO                            ,MS0001016,CAMISA  MANGA 3/4 RAYAS,001 - PRODUCCION INTERNA TELA NACIONALIZADA   ,Normal
OCTUBRE, ,037 - 4OCT1                                   ,STOP,008 - MODA                                    ,002 - TEJIDO PLANO                            ,MS0001017,CAMISA MANGA LARGA BOLSILLOS FRENTE,001 - PRODUCCION INTERNA TELA NACIONALIZADA   ,Normal
OCTUBRE, ,038 - 4OCT2                                   ,STOP,008 - MODA                                    ,002 - TEJIDO PLANO                            ,MS0001018,CAMISA MANGA 3/4 CORTES FRENTE,001 - PRODUCCION INTERNA TELA NACIONALIZADA   ,Normal
OCTUBRE, ,038 - 4OCT2                                   ,STOP,008 - MODA                                    ,002 - TEJIDO PLANO                            ,MS0001019,CAMISA MANGA CORTA CON  BOLSILLOS,,Normal
OCTUBRE, ,038 - 4OCT2                                   ,STOP,008 - MODA                                    ,002 - TEJIDO PLANO                            ,MS0001021,CAMISA MANGA 3/4 ESTAMPADA,001 - PRODUCCION INTERNA TELA NACIONALIZADA   ,Normal
OCTUBRE,09-SEPTIEMBRE,037 - 4OCT1                                   ,STOP,008 - MODA                                    ,001 - TEJIDO PUNTO                            ,ST0001022,CAMISETA MANGA CORTA ESTAMPADA,001 - PRODUCCION INTERNA TELA NACIONALIZADA   ,Prioridad Alta
OCTUBRE,09-SEPTIEMBRE,037 - 4OCT1                                   ,STOP,008 - MODA                                    ,001 - TEJIDO PUNTO                            ,MS0001023,CAMISETA MANGA CORTA DOBLE PRENDA,001 - PRODUCCION INTERNA TELA NACIONALIZADA   ,Prioridad Alta
OCTUBRE,09-SEPTIEMBRE,037 - 4OCT1                                   ,STOP,008 - MODA                                    ,001 - TEJIDO PUNTO                            ,MS0001024,CAMISETA MANGA CORTA BOTONES EN HOMBRO,001 - PRODUCCION INTERNA TELA NACIONALIZADA   ,Prioridad Alta
OCTUBRE,09-SEPTIEMBRE,037 - 4OCT1                                   ,STOP,004 - ESENCIAL MODA                           ,001 - TEJIDO PUNTO                            ,ST0001025,CAMISETA MANGA CORTA ESTAMPADO FRENTE,001 - PRODUCCION INTERNA TELA NACIONALIZADA   ,Prioridad Alta
OCTUBRE,09-SEPTIEMBRE,038 - 4OCT2                                   ,STOP,003 - OPORTUNIDADES                           ,001 - TEJIDO PUNTO                            ,ST0001026,CAMISETA MANGA CORTA ESTAMPADO FRENTE,001 - PRODUCCION INTERNA TELA NACIONALIZADA   ,Prioridad Alta
OCTUBRE, ,038 - 4OCT2                                   ,STOP,003 - OPORTUNIDADES                           ,001 - TEJIDO PUNTO                            ,MS0000630,RETROJEAN TIRO ALTO ANIMAL PTINT,,Normal
AGOSTO,07-JULIO,031 - 3AGO3                                   ,STOP,008 - MODA                                    ,002 - TEJIDO PLANO                            ,ST0000631,SHORT TIRO ALTO ANIMAL PRINT,001 - PRODUCCION INTERNA TELA NACIONALIZADA   ,Prioridad Alta
AGOSTO, ,030 - 3AGO2                                   ,STOP,008 - MODA                                    ,005 - DENIM                                   ,0004840,FALDA SHORT TIRO ALTO LAV MEDIO,,Normal
MAYO, ,017 - 2MAY1                                   ,STOP,008 - MODA                                    ,005 - DENIM                                   ,X10139914,ESCULTOR T/ALTO LAV OSCURO CORTE EN FREN,001 - PRODUCCION INTERNA TELA NACIONALIZADA   ,Normal
MAYO, ,017 - 2MAY1                                   ,STOP,008 - MODA                                    ,005 - DENIM                                   ,X10019924,JOGGER T/ALTO LAV CLARO CON ELASTICO,001 - PRODUCCION INTERNA TELA NACIONALIZADA   ,Normal
ABRIL, ,016 - 2ABR4                                   ,STOP,008 - MODA                                    ,002 - TEJIDO PLANO                            ,B10366933,SHORT T/MEDIO MARFIL ESTAMPADO CON BOLSI,001 - PRODUCCION INTERNA TELA NACIONALIZADA   ,Normal
ABRIL, ,016 - 2ABR4                                   ,STOP,008 - MODA                                    ,002 - TEJIDO PLANO                            ,130039285,CELUJEAN T/ALTO ROMANTICA CON BOLSILLOS,,Normal
ABRIL, ,016 - 2ABR4                                   ,STOP,008 - MODA                                    ,002 - TEJIDO PLANO                            ,120819091,BLUSA TIRAS CROP CON CORTES Y NIDO DE A,,Normal
ABRIL, ,016 - 2ABR4                                   ,STOP,008 - MODA                                    ,002 - TEJIDO PLANO                            ,X15001922,TEJANO T/ALTO ESENCIAL CORTO,,Normal
ABRIL, ,016 - 2ABR4                                   ,STOP,008 - MODA                                    ,002 - TEJIDO PLANO                            ,B15001922,TEJANO T/ALTO ESENCIAL CORTO,,Normal
ABRIL, ,016 - 2ABR4                                   ,STOP,008 - MODA                                    ,005 - DENIM                                   ,10001850,PALAZZO T/ALTO DETALLE EN COSTADOS BOTA,001 - PRODUCCION INTERNA TELA NACIONALIZADA   ,Normal
JUNIO, ,023 - 2JUN3                                   ,STOP,008 - MODA                                    ,005 - DENIM                                   ,10002950,PALAZZO T/ALTO LAV MEDIO ENTREP LARGO,001 - PRODUCCION INTERNA TELA NACIONALIZADA   ,Normal
JUNIO, ,023 - 2JUN3                                   ,STOP,008 - MODA                                    ,005 - DENIM                                   ,10003950,PALAZZO T/ALTO LAV MEDIO  DETALLE EN BOT,001 - PRODUCCION INTERNA TELA NACIONALIZADA   ,Normal
JUNIO, ,023 - 2JUN3                                   ,STOP,008 - MODA                                    ,005 - DENIM                                   ,10004972,RETROJEAN DESCADERADO LAV CLARO DETALLE,001 - PRODUCCION INTERNA TELA NACIONALIZADA   ,Normal
OCTUBRE, ,039 - 4OCT3                                   ,STOP,008 - MODA                                    ,001 - TEJIDO PUNTO                            ,MS0004673,TOP MANGA CORTA CON BOTONES EN MANGA,001 - PRODUCCION INTERNA TELA NACIONALIZADA   ,Normal
OCTUBRE,09-SEPTIEMBRE,039 - 4OCT3                                   ,STOP,008 - MODA                                    ,001 - TEJIDO PUNTO                            ,MS0004674,TOP MANGA LARGA HERRAJE PASADOR FRENTE,001 - PRODUCCION INTERNA TELA NACIONALIZADA   ,Prioridad Alta
OCTUBRE, ,039 - 4OCT3                                   ,STOP,008 - MODA                                    ,001 - TEJIDO PUNTO                            ,MS0004675,TOP MANGA CORTA CON APLIQUES ESCOTE,001 - PRODUCCION INTERNA TELA NACIONALIZADA   ,Normal
OCTUBRE, ,039 - 4OCT3                                   ,STOP,008 - MODA                                    ,001 - TEJIDO PUNTO                            ,MS0004676,C,,Normal
JUNIO, ,022 - 2JUN2                                   ,STOP,008 - MODA                                    ,005 - DENIM                                   ,10019842,BAGGY T/ALTO LAV CLARO CON CINTURON,001 - PRODUCCION INTERNA TELA NACIONALIZADA   ,Normal
MAYO, ,017 - 2MAY1                                   ,STOP,008 - MODA                                    ,005 - DENIM                                   ,10019924,JOGGER T/ALTO LAV CLARO CON ELASTICO,001 - PRODUCCION INTERNA TELA NACIONALIZADA   ,Normal
MAYO, ,017 - 2MAY1                                   ,STOP,008 - MODA                                    ,002 - TEJIDO PLANO                            ,10020924,PANTALON JOGGER T/ALTO ARENA ELASTICO EN,001 - PRODUCCION INTERNA TELA NACIONALIZADA   ,Normal
MAYO, ,018 - 2MAY2                                   ,STOP,008 - MODA                                    ,005 - DENIM                                   ,10022947,FALDA SHORT T/ALTO LAV CLARO CON ABERTUR,001 - PRODUCCION INTERNA TELA NACIONALIZADA   ,Normal
ABRIL, ,014 - 2ABR2                                   ,STOP,008 - MODA                                    ,002 - TEJIDO PLANO                            ,10024947,FALDA SHORT T/ALTO MARFIL,001 - PRODUCCION INTERNA TELA NACIONALIZADA   ,Normal
OCTUBRE, ,040 - 4OCT4                                   ,STOP,008 - MODA                                    ,001 - TEJIDO PUNTO                            ,MS0004942,BLUSA  TIRAS ESTAMPADA CON PIEDRAS,,Normal
OCTUBRE, ,040 - 4OCT4                                   ,STOP,008 - MODA                                    ,001 - TEJIDO PUNTO                            ,MS0000985,PAÑOLETA IDEOLOGIA,,Normal
AGOSTO, ,030 - 3AGO2                                   ,STOP,008 - MODA                                    ,002 - TEJIDO PLANO                            ,ST0000986,PAÑOLETA IDEOLOGIA,001 - PRODUCCION INTERNA TELA NACIONALIZADA   ,Normal
AGOSTO, ,031 - 3AGO3                                   ,STOP,008 - MODA                                    ,002 - TEJIDO PLANO                            ,ST0000987,PAÑOLETA IDEOLOGIA,001 - PRODUCCION INTERNA TELA NACIONALIZADA   ,Normal
OCTUBRE,09-SEPTIEMBRE,040 - 4OCT4                                   ,STOP,008 - MODA                                    ,005 - DENIM                                   ,MS0000846,JOGGER T/ALTO COLOR,001 - PRODUCCION INTERNA TELA NACIONALIZADA   ,Prioridad Alta
OCTUBRE, ,037 - 4OCT1                                   ,STOP,008 - MODA                                    ,005 - DENIM                                   ,MS0000847,CARGO T/ALTO LAV MEDIO OSCURO,001 - PRODUCCION INTERNA TELA NACIONALIZADA   ,Normal
OCTUBRE,09-SEPTIEMBRE,040 - 4OCT4                                   ,STOP,008 - MODA                                    ,005 - DENIM                                   ,MS0000848,CARGO T/BAJO LAV NEGRO,001 - PRODUCCION INTERNA TELA NACIONALIZADA   ,Prioridad Alta
OCTUBRE, ,040 - 4OCT4                                   ,STOP,008 - MODA                                    ,005 - DENIM                                   ,MS0000849,RETROJEAN T/MEDIO LAV OSCURO,,Normal
OCTUBRE, ,040 - 4OCT4                                   ,STOP,008 - MODA                                    ,005 - DENIM                                   ,MS0000850,RETROJEAN T/ALTO LAV CLARO,,Normal
OCTUBRE,09-SEPTIEMBRE,039 - 4OCT3                                   ,STOP,008 - MODA                                    ,005 - DENIM                                   ,ST0000851,BERMUDA T/MEDIO LAV MEDIO,001 - PRODUCCION INTERNA TELA NACIONALIZADA   ,Prioridad Alta
OCTUBRE, ,039 - 4OCT3                                   ,STOP,008 - MODA                                    ,005 - DENIM                                   ,MS0000852,SHORT T/ALTO LAV MEDIO OSCURO,,Normal
OCTUBRE,09-SEPTIEMBRE,039 - 4OCT3                                   ,STOP,008 - MODA                                    ,005 - DENIM                                   ,ST0000853,FALDA SHORT T/MEDIO LAV NEGRO,001 - PRODUCCION INTERNA TELA NACIONALIZADA   ,Prioridad Alta
OCTUBRE,09-SEPTIEMBRE,039 - 4OCT3                                   ,STOP,008 - MODA                                    ,005 - DENIM                                   ,MS0000854,OVERALL LARGO LAV CLARO,001 - PRODUCCION INTERNA TELA NACIONALIZADA   ,Prioridad Alta
NOVIEMBRE,09-SEPTIEMBRE,043 - 4NOV3                                   ,STOP,008 - MODA                                    ,005 - DENIM                                   ,MS0000855,ESCULTOR T/ALTO LAV CLARO,001 - PRODUCCION INTERNA TELA NACIONALIZADA   ,Prioridad Alta
NOVIEMBRE, ,043 - 4NOV3                                   ,STOP,008 - MODA                                    ,005 - DENIM                                   ,MS0000856,ESCULTOR T/ALTO LAV NEGRO,,Normal
NOVIEMBRE, ,043 - 4NOV3                                   ,STOP,008 - MODA                                    ,005 - DENIM                                   ,MS0000857,ELASTIK T/ALTO MEDIO OSCURO,,Normal
NOVIEMBRE,09-SEPTIEMBRE,042 - 4NOV2                                   ,STOP,008 - MODA                                    ,005 - DENIM                                   ,MS0000858,LEVANTACOLA T/ALTO LAV MEDIO,001 - PRODUCCION INTERNA TELA NACIONALIZADA   ,Prioridad Alta
NOVIEMBRE,09-SEPTIEMBRE,044 - 4NOV4                                   ,STOP,008 - MODA                                    ,005 - DENIM                                   ,MS0000859,LEVANTACOLA T/ALTO LAV MEDIO OSCURO,001 - PRODUCCION INTERNA TELA NACIONALIZADA   ,Prioridad Alta
MARZO, ,010 - 1MAR2                                   ,STOP,004 - ESENCIAL MODA                           ,001 - TEJIDO PUNTO                            ,15010809,BUZO ABIERTO CON CAPUCHA ESENCIAL,001 - PRODUCCION INTERNA TELA NACIONALIZADA   ,Normal
JUNIO, ,022 - 2JUN2                                   ,STOP,008 - MODA                                    ,005 - DENIM                                   ,ST0001277,RETROJEAN T/ALTO LAV CLARO BOTA DESFLECA,001 - PRODUCCION INTERNA TELA NACIONALIZADA   ,Normal
JUNIO, ,022 - 2JUN2                                   ,STOP,008 - MODA                                    ,005 - DENIM                                   ,ST0001279,BERMUDA T/ALTO TONO MEDIO BOTA DESFLECAD,001 - PRODUCCION INTERNA TELA NACIONALIZADA   ,Normal
JUNIO, ,021 - 2JUN1                                   ,STOP,008 - MODA                                    ,005 - DENIM                                   ,ST0001282,RETROJEAN T/MEDIO LAV MEDIO BOTA DESFLEC,001 - PRODUCCION INTERNA TELA NACIONALIZADA   ,Normal
JUNIO, ,023 - 2JUN3                                   ,STOP,008 - MODA                                    ,005 - DENIM                                   ,ST0001283,RETROJEAN T/MEDIO LAV CLARO CON ABERTURA,001 - PRODUCCION INTERNA TELA NACIONALIZADA   ,Normal
AGOSTO, ,031 - 3AGO3                                   ,STOP,008 - MODA                                    ,001 - TEJIDO PUNTO                            ,ST0000845,T-SHIRT  MANGA CORTA ESTAMPADA,001 - PRODUCCION INTERNA TELA NACIONALIZADA   ,Normal
MARZO, ,010 - 1MAR2                                   ,STOP,005 - ESENCIAL                                ,005 - DENIM                                   ,15015814,SHORT T/ALTO ESENCIAL,001 - PRODUCCION INTERNA TELA NACIONALIZADA   ,Normal
JULIO, ,047 - 4DIC3                                   ,STOP,004 - ESENCIAL MODA                           ,001 - TEJIDO PUNTO                            ,15010949,CAMISETA PREMIUM MANGA CORTA ESENCIAL,001 - PRODUCCION INTERNA TELA NACIONALIZADA   ,Normal
MARZO, ,010 - 1MAR2                                   ,STOP,005 - ESENCIAL                                ,001 - TEJIDO PUNTO                            ,15013949,CAMISETA T SHIRT MANGA CORTA ESENCIAL,001 - PRODUCCION INTERNA TELA NACIONALIZADA   ,Normal
SEPTIEMBRE, ,003 - 1ENE3                                   ,STOP,004 - ESENCIAL MODA                           ,005 - DENIM                                   ,15014824,CHAQUETA DENIM ESENCIAL,001 - PRODUCCION INTERNA TELA NACIONALIZADA   ,Normal
ABRIL, ,047 - 4DIC3                                   ,STOP,005 - ESENCIAL                                ,005 - DENIM                                   ,15015824,CHAQUETA DENIM NEGRA ESENCIAL,001 - PRODUCCION INTERNA TELA NACIONALIZADA   ,Normal
ABRIL, ,047 - 4DIC3                                   ,STOP,005 - ESENCIAL                                ,005 - DENIM                                   ,MS0000966,CHAQUETA M/LARGA ESTAMPADA,,Normal
SEPTIEMBRE, ,034 - 3SEP2                                   ,STOP,008 - MODA                                    ,005 - DENIM                                   ,ST0000967,LEVANTACOLA TIRO ALTO LAV OSCURO,001 - PRODUCCION INTERNA TELA NACIONALIZADA   ,Normal
SEPTIEMBRE, ,034 - 3SEP2                                   ,STOP,008 - MODA                                    ,002 - TEJIDO PLANO                            ,ST0000968,BAGGY TIRO ALTO MARFIL,001 - PRODUCCION INTERNA TELA NACIONALIZADA   ,Normal
SEPTIEMBRE, ,034 - 3SEP2                                   ,STOP,008 - MODA                                    ,005 - DENIM                                   ,ST0000969,MOM TIRO ALTO CAFE,001 - PRODUCCION INTERNA TELA NACIONALIZADA   ,Normal
SEPTIEMBRE, ,034 - 3SEP2                                   ,STOP,008 - MODA                                    ,005 - DENIM                                   ,ST0000970,SHORT TIRO MEDIO CAFE,001 - PRODUCCION INTERNA TELA NACIONALIZADA   ,Normal
OCTUBRE, ,039 - 4OCT3                                   ,STOP,008 - MODA                                    ,005 - DENIM                                   ,MS0001008,CULOTTE TIRO ALTO LAV MEDIO OSCURO,001 - PRODUCCION INTERNA TELA NACIONALIZADA   ,Normal
OCTUBRE,09-SEPTIEMBRE,039 - 4OCT3                                   ,STOP,008 - MODA                                    ,002 - TEJIDO PLANO                            ,MS0001009,BARREL  TIRO ALTO BLANCO,001 - PRODUCCION INTERNA TELA NACIONALIZADA   ,Prioridad Alta
OCTUBRE,09-SEPTIEMBRE,037 - 4OCT1                                   ,STOP,008 - MODA                                    ,005 - DENIM                                   ,ST0001010,RETRO TIRO ALTO LAV CLARO,001 - PRODUCCION INTERNA TELA NACIONALIZADA   ,Prioridad Alta
OCTUBRE, ,038 - 4OCT2                                   ,STOP,008 - MODA                                    ,005 - DENIM                                   ,ST0001011,BARREL TIRO ALTO LAV MEDIO OSCURO,001 - PRODUCCION INTERNA TELA NACIONALIZADA   ,Normal
NOVIEMBRE, ,042 - 4NOV2                                   ,STOP,008 - MODA                                    ,005 - DENIM                                   ,MS0004701,TOP TIRA CON RECOGIDO EN FRENTE,001 - PRODUCCION INTERNA TELA NACIONALIZADA   ,Normal
NOVIEMBRE, ,042 - 4NOV2                                   ,STOP,008 - MODA                                    ,001 - TEJIDO PUNTO                            ,MS0004702,BODY MANGA LARGA CRUZADO,001 - PRODUCCION INTERNA TELA NACIONALIZADA   ,Normal
NOVIEMBRE, ,041 - 4NOV1                                   ,STOP,008 - MODA                                    ,002 - TEJIDO PLANO                            ,MS0004703,PANTALON TIRO MEDIO CON RECOGIDO COST,001 - PRODUCCION INTERNA TELA NACIONALIZADA   ,Normal
NOVIEMBRE, ,042 - 4NOV2                                   ,STOP,008 - MODA                                    ,002 - TEJIDO PLANO                            ,MS0004704,VESTIDO MANGA 3/4   LARGO  CON CINTURON,001 - PRODUCCION INTERNA TELA NACIONALIZADA   ,Normal
AGOSTO, ,031 - 3AGO3                                   ,STOP,008 - MODA                                    ,002 - TEJIDO PLANO                            ,ST0000621,JOGGER TIRO ALTO COLOR CAFE OSCURO,001 - PRODUCCION INTERNA TELA NACIONALIZADA   ,Normal
AGOSTO, ,031 - 3AGO3                                   ,STOP,008 - MODA                                    ,002 - TEJIDO PLANO                            ,MS0000623,CAMISETA MANGA CORTA,,Normal
AGOSTO, ,031 - 3AGO3                                   ,STOP,008 - MODA                                    ,002 - TEJIDO PLANO                            ,MS0000624,CAMISETA MANGA CORTA,,Normal
NOVIEMBRE,09-SEPTIEMBRE,043 - 4NOV3                                   ,STOP,008 - MODA                                    ,005 - DENIM                                   ,MS0000860,CAPRI T/ALTO LAV NEGRO,001 - PRODUCCION INTERNA TELA NACIONALIZADA   ,Prioridad Alta
AGOSTO, ,045 - 4DIC1                                   ,STOP,005 - ESENCIAL                                ,005 - DENIM                                   ,15015944,VAQUERO T/ALTO  BOTA RECTA ESENCIAL,001 - PRODUCCION INTERNA TELA NACIONALIZADA   ,Normal
MARZO, ,010 - 1MAR2                                   ,STOP,005 - ESENCIAL                                ,005 - DENIM                                   ,15017944,VAQUERO T/ALTO BOTA TUBO ESENCIAL,001 - PRODUCCION INTERNA TELA NACIONALIZADA   ,Normal
ENERO, ,044 - 4NOV4                                   ,STOP,005 - ESENCIAL                                ,002 - TEJIDO PLANO                            ,15059901,PANTALON TIRO ALTO ESENCIAL,001 - PRODUCCION INTERNA TELA NACIONALIZADA   ,Normal
NOVIEMBRE,09-SEPTIEMBRE,041 - 4NOV1                                   ,STOP,008 - MODA                                    ,005 - DENIM                                   ,MS0000861,TEJANO T/BAJO LAV MEDIO,001 - PRODUCCION INTERNA TELA NACIONALIZADA   ,Prioridad Alta
NOVIEMBRE,09-SEPTIEMBRE,044 - 4NOV4                                   ,STOP,008 - MODA                                    ,005 - DENIM                                   ,MS0000862,TEJANO T/MEDIO LAV MEDIO OSCURO,001 - PRODUCCION INTERNA TELA NACIONALIZADA   ,Prioridad Alta
NOVIEMBRE,09-SEPTIEMBRE,042 - 4NOV2                                   ,STOP,008 - MODA                                    ,005 - DENIM                                   ,MS0000863,VAQUERO T/ALTO LAV MEDIO OSCURO,001 - PRODUCCION INTERNA TELA NACIONALIZADA   ,Prioridad Alta
NOVIEMBRE,09-SEPTIEMBRE,043 - 4NOV3                                   ,STOP,008 - MODA                                    ,005 - DENIM                                   ,MS0000864,VAQUERO T/MEDIO LAV NEGRO,001 - PRODUCCION INTERNA TELA NACIONALIZADA   ,Prioridad Alta
NOVIEMBRE,09-SEPTIEMBRE,043 - 4NOV3                                   ,STOP,008 - MODA                                    ,005 - DENIM                                   ,MS0000865,CULOTTE T/ALTO LAV MEDIO,001 - PRODUCCION INTERNA TELA NACIONALIZADA   ,Prioridad Alta
NOVIEMBRE,09-SEPTIEMBRE,044 - 4NOV4                                   ,STOP,008 - MODA                                    ,005 - DENIM                                   ,MS0000866,JOGGER T/ALTO LAV CLARO,001 - PRODUCCION INTERNA TELA NACIONALIZADA   ,Prioridad Alta
NOVIEMBRE,09-SEPTIEMBRE,041 - 4NOV1                                   ,STOP,008 - MODA                                    ,005 - DENIM                                   ,MS0000867,CARGO T/ALTO LAV MEDIO,001 - PRODUCCION INTERNA TELA NACIONALIZADA   ,Prioridad Alta
NOVIEMBRE, ,041 - 4NOV1                                   ,STOP,008 - MODA                                    ,005 - DENIM                                   ,MS0000868,RETROJEAN T/ALTO LAV CLARO,,Normal
NOVIEMBRE,09-SEPTIEMBRE,043 - 4NOV3                                   ,STOP,008 - MODA                                    ,005 - DENIM                                   ,MS0000869,RETROJEAN T/BAJO LAV MEDIO OSCURO,001 - PRODUCCION INTERNA TELA NACIONALIZADA   ,Prioridad Alta
NOVIEMBRE,09-SEPTIEMBRE,041 - 4NOV1                                   ,STOP,008 - MODA                                    ,005 - DENIM                                   ,MS0000870,SHORT T/MEDIO LAV CLARO,001 - PRODUCCION INTERNA TELA NACIONALIZADA   ,Prioridad Alta
DICIEMBRE, ,047 - 4DIC3                                   ,STOP,008 - MODA                                    ,005 - DENIM                                   ,MS0000871,FALDA T/MEDIO LAV MEDIO,001 - PRODUCCION INTERNA TELA NACIONALIZADA   ,Normal
NOVIEMBRE,09-SEPTIEMBRE,043 - 4NOV3                                   ,STOP,008 - MODA                                    ,005 - DENIM                                   ,MS0000872,OVERALL CORTO LAV MEDIO OSCURO,001 - PRODUCCION INTERNA TELA NACIONALIZADA   ,Prioridad Alta
NOVIEMBRE, ,043 - 4NOV3                                   ,STOP,008 - MODA                                    ,005 - DENIM                                   ,MS0000873,ECULTOR T7ALTO LAV MEDIO OSCURO,,Normal
NOVIEMBRE, ,043 - 4NOV3                                   ,STOP,008 - MODA                                    ,005 - DENIM                                   ,MS0000874,REDUCTOR T/ALTO LAV MEDIO,,Normal
DICIEMBRE,09-SEPTIEMBRE,046 - 4DIC2                                   ,STOP,008 - MODA                                    ,005 - DENIM                                   ,MS0000875,LEVANTACOLA T/ALTO LAV OSCURO,001 - PRODUCCION INTERNA TELA NACIONALIZADA   ,Prioridad Alta
DICIEMBRE,09-SEPTIEMBRE,047 - 4DIC3                                   ,STOP,008 - MODA                                    ,005 - DENIM                                   ,MS0000876,BAGGY T/ALTO COLOR BLANCO,001 - PRODUCCION INTERNA TELA NACIONALIZADA   ,Prioridad Alta
DICIEMBRE,09-SEPTIEMBRE,046 - 4DIC2                                   ,STOP,008 - MODA                                    ,005 - DENIM                                   ,MS0000877,VAQUERO T/ALTO LAV MEDIO,001 - PRODUCCION INTERNA TELA NACIONALIZADA   ,Prioridad Alta
DICIEMBRE,09-SEPTIEMBRE,046 - 4DIC2                                   ,STOP,008 - MODA                                    ,005 - DENIM                                   ,MS0000878,MOMJEAN T/ALTO LAV MEDIO,001 - PRODUCCION INTERNA TELA NACIONALIZADA   ,Prioridad Alta
OCTUBRE,09-SEPTIEMBRE,037 - 4OCT1                                   ,STOP,008 - MODA                                    ,005 - DENIM                                   ,ST0000879,CULOTT T/ALTO LAV CLARO,001 - PRODUCCION INTERNA TELA NACIONALIZADA   ,Prioridad Alta
DICIEMBRE,09-SEPTIEMBRE,047 - 4DIC3                                   ,STOP,008 - MODA                                    ,005 - DENIM                                   ,MS0000880,CARGO T/ALTO LAV OSCURO,001 - PRODUCCION INTERNA TELA NACIONALIZADA   ,Prioridad Alta
DICIEMBRE,09-SEPTIEMBRE,047 - 4DIC3                                   ,STOP,008 - MODA                                    ,005 - DENIM                                   ,MS0000881,RETROJEAN T/MEDIO LAV CLARO,001 - PRODUCCION INTERNA TELA NACIONALIZADA   ,Prioridad Alta
DICIEMBRE,09-SEPTIEMBRE,047 - 4DIC3                                   ,STOP,008 - MODA                                    ,005 - DENIM                                   ,MS0000882,BERMUDA T/ALTO LAV MEDIO OSCURO,001 - PRODUCCION INTERNA TELA NACIONALIZADA   ,Prioridad Alta
DICIEMBRE,09-SEPTIEMBRE,046 - 4DIC2                                   ,STOP,008 - MODA                                    ,005 - DENIM                                   ,MS0000883,BERMUDA T/MEDIO LAV MEDIO,001 - PRODUCCION INTERNA TELA NACIONALIZADA   ,Prioridad Alta
OCTUBRE,09-SEPTIEMBRE,038 - 4OCT2                                   ,STOP,008 - MODA                                    ,005 - DENIM                                   ,ST0000884,FALDA SHORT T/ALTO LAV MEDIO OSCURO,,Prioridad Alta
JULIO, ,026 - 3JUL2                                   ,STOP,008 - MODA                                    ,001 - TEJIDO PUNTO                            ,ST0000809,BLUSA MANGA SISA ABERTURA COSTADOS,001 - PRODUCCION INTERNA TELA NACIONALIZADA   ,Normal
NOVIEMBRE,07-JULIO,041 - 4NOV1                                   ,STOP,008 - MODA                                    ,002 - TEJIDO PLANO                            ,MS0000810,CAMISA MANGA CORTA CORTE EN FRENTE,001 - PRODUCCION INTERNA TELA NACIONALIZADA   ,Prioridad Alta
AGOSTO, ,031 - 3AGO3                                   ,STOP,008 - MODA                                    ,001 - TEJIDO PUNTO                            ,ST0000813,BODY MANGA SISA ESTAMPADO,001 - PRODUCCION INTERNA TELA NACIONALIZADA   ,Normal
OCTUBRE, ,040 - 4OCT4                                   ,STOP,008 - MODA                                    ,005 - DENIM                                   ,MS0001012,MAXIRETRO TIRO ALTO LAV NEGRO MEDIO,001 - PRODUCCION INTERNA TELA NACIONALIZADA   ,Normal
JUNIO, ,022 - 2JUN2                                   ,STOP,008 - MODA                                    ,002 - TEJIDO PLANO                            ,ST0001284,CHALECO MS CON BOTONES EN FRENTE CROP,001 - PRODUCCION INTERNA TELA NACIONALIZADA   ,Normal
JUNIO, ,023 - 2JUN3                                   ,STOP,008 - MODA                                    ,002 - TEJIDO PLANO                            ,ST0001285,BLUSA MS CON AMARRE EN CUELLO,001 - PRODUCCION INTERNA TELA NACIONALIZADA   ,Normal
JUNIO, ,022 - 2JUN2                                   ,STOP,008 - MODA                                    ,005 - DENIM                                   ,ST0001297,MOM JEAN T/ALTO LAV MEDIO CON BOTA DESFL,001 - PRODUCCION INTERNA TELA NACIONALIZADA   ,Normal
NOVIEMBRE, ,041 - 4NOV1                                   ,STOP,008 - MODA                                    ,002 - TEJIDO PLANO                            ,MS0004677,CHAQUETA CUELLO CAMISERO CON  BORDADO,001 - PRODUCCION INTERNA TELA NACIONALIZADA   ,Normal
AGOSTO, ,029 - 3AGO1                                   ,STOP,005 - ESENCIAL                                ,005 - DENIM                                   ,ST0004981,RETROJEAN LEVANTACOLA IDEOLOGIA,001 - PRODUCCION INTERNA TELA NACIONALIZADA   ,Normal
AGOSTO, ,029 - 3AGO1                                   ,STOP,005 - ESENCIAL                                ,005 - DENIM                                   ,PLANTILLA- VAQUERO,JEAN VAQUERO TIRO ALTO,,Normal
AGOSTO,07-JULIO,029 - 3AGO1                                   ,STOP,004 - ESENCIAL MODA                           ,999 - NO APLICA                               ,ST0000766,BODY MANGA LARGA ESENCIAL MODA,001 - PRODUCCION INTERNA TELA NACIONALIZADA   ,Prioridad Alta
AGOSTO, ,030 - 3AGO2                                   ,STOP,004 - ESENCIAL MODA                           ,001 - TEJIDO PUNTO                            ,ST0000767,TOP MANGA SISA ESENCIAL MODA,001 - PRODUCCION INTERNA TELA NACIONALIZADA   ,Normal
AGOSTO, ,031 - 3AGO3                                   ,STOP,008 - MODA                                    ,001 - TEJIDO PUNTO                            ,ST0000768,TOP  MANGA LARGA CUELLO  BANDEJA ESTAM,001 - PRODUCCION INTERNA TELA NACIONALIZADA   ,Normal
OCTUBRE,09-SEPTIEMBRE,037 - 4OCT1                                   ,STOP,008 - MODA                                    ,005 - DENIM                                   ,MS0001013,FALDA SHORT  TIRO ALTO LAV MEDIO OSCURO,001 - PRODUCCION INTERNA TELA NACIONALIZADA   ,Prioridad Alta
OCTUBRE,09-SEPTIEMBRE,037 - 4OCT1                                   ,STOP,008 - MODA                                    ,002 - TEJIDO PLANO                            ,ST0001014,BERMUDA TIRO MEDIO BLANCO,001 - PRODUCCION INTERNA TELA NACIONALIZADA   ,Prioridad Alta
OCTUBRE, ,037 - 4OCT1                                   ,STOP,008 - MODA                                    ,002 - TEJIDO PLANO                            ,MS0004705,C,,Normal
OCTUBRE, ,037 - 4OCT1                                   ,STOP,008 - MODA                                    ,002 - TEJIDO PLANO                            ,MS0004706,C,,Normal
OCTUBRE, ,037 - 4OCT1                                   ,STOP,008 - MODA                                    ,002 - TEJIDO PLANO                            ,MS0004707,C,,Normal
OCTUBRE,09-SEPTIEMBRE,038 - 4OCT2                                   ,STOP,008 - MODA                                    ,001 - TEJIDO PUNTO                            ,MS0001027,CAMISETA MANGA CORTA EST,001 - PRODUCCION INTERNA TELA NACIONALIZADA   ,Prioridad Alta
ABRIL, ,016 - 2ABR4                                   ,STOP,008 - MODA                                    ,005 - DENIM                                   ,B10312913,VAQUERO T/ALTO LAV MEDIO OSCURO  DETALLE,001 - PRODUCCION INTERNA TELA NACIONALIZADA   ,Normal
AGOSTO, ,029 - 3AGO1                                   ,STOP,005 - ESENCIAL                                ,005 - DENIM                                   ,ST0004987,RETRO ULTRA IDEOLOGIA CENTRAL,001 - PRODUCCION INTERNA TELA NACIONALIZADA   ,Normal
OCTUBRE,09-SEPTIEMBRE,038 - 4OCT2                                   ,STOP,004 - ESENCIAL MODA                           ,001 - TEJIDO PUNTO                            ,ST0001028,CAMISETA MANGA CORTA EST,001 - PRODUCCION INTERNA TELA NACIONALIZADA   ,Prioridad Alta
OCTUBRE,09-SEPTIEMBRE,037 - 4OCT1                                   ,STOP,008 - MODA                                    ,001 - TEJIDO PUNTO                            ,MS0001029,CAMISETA MANGA CORTA ESTAMPADO MONOGRAMA,001 - PRODUCCION INTERNA TELA NACIONALIZADA   ,Prioridad Alta
OCTUBRE, ,037 - 4OCT1                                   ,STOP,008 - MODA                                    ,001 - TEJIDO PUNTO                            ,MS0001030,CAMISETA  MANGA CORTA CORTES FRENTE,001 - PRODUCCION INTERNA TELA NACIONALIZADA   ,Normal
OCTUBRE, ,037 - 4OCT1                                   ,STOP,008 - MODA                                    ,001 - TEJIDO PUNTO                            ,MS0001031,TOP  MANGA SISA CUT OUT,001 - PRODUCCION INTERNA TELA NACIONALIZADA   ,Normal
OCTUBRE, ,037 - 4OCT1                                   ,STOP,008 - MODA                                    ,001 - TEJIDO PUNTO                            ,MS0001032,CAMISETA MANGA LARGA RAYAS PRETEÑIDAS,,Normal
OCTUBRE, ,037 - 4OCT1                                   ,STOP,008 - MODA                                    ,001 - TEJIDO PUNTO                            ,MS0001033,BODY MANGA LARGA TIPO CAMISERO,001 - PRODUCCION INTERNA TELA NACIONALIZADA   ,Normal
OCTUBRE,09-SEPTIEMBRE,038 - 4OCT2                                   ,STOP,008 - MODA                                    ,001 - TEJIDO PUNTO                            ,MS0001034,TOP MANGA CORTA CUELLO CUADRADO,001 - PRODUCCION INTERNA TELA NACIONALIZADA   ,Prioridad Alta
OCTUBRE, ,038 - 4OCT2                                   ,STOP,008 - MODA                                    ,001 - TEJIDO PUNTO                            ,MS0001035,TOP MANGA LARGA ESTAMPADO EN MESH,001 - PRODUCCION INTERNA TELA NACIONALIZADA   ,Normal
OCTUBRE, ,038 - 4OCT2                                   ,STOP,008 - MODA                                    ,001 - TEJIDO PUNTO                            ,MS0001036,BODY MANGA LARGA EST DOBLE FAZ,001 - PRODUCCION INTERNA TELA NACIONALIZADA   ,Normal
OCTUBRE,09-SEPTIEMBRE,038 - 4OCT2                                   ,STOP,008 - MODA                                    ,001 - TEJIDO PUNTO                            ,MS0001037,BODY MANGA LARGA  DOBLE FAZ,001 - PRODUCCION INTERNA TELA NACIONALIZADA   ,Prioridad Alta
OCTUBRE, ,037 - 4OCT1                                   ,STOP,008 - MODA                                    ,002 - TEJIDO PLANO                            ,MS0001038,PANTALON TIRO ALTO CON CINTURON FORRADO,001 - PRODUCCION INTERNA TELA NACIONALIZADA   ,Normal
OCTUBRE, ,037 - 4OCT1                                   ,STOP,008 - MODA                                    ,002 - TEJIDO PLANO                            ,MS0001039,FALDA DE TABLAS,,Normal
JUNIO, ,021 - 2JUN1                                   ,STOP,008 - MODA                                    ,006 - CUERO-SINTETICO                         ,10101855,PANTALON T/ ALTO NEGRO CON CORREA,001 - PRODUCCION INTERNA TELA NACIONALIZADA   ,Normal
JUNIO, ,021 - 2JUN1                                   ,STOP,008 - MODA                                    ,006 - CUERO-SINTETICO                         ,10066818,PANTALON T/ALTO NEGRO BOTA TUBO,001 - PRODUCCION INTERNA TELA NACIONALIZADA   ,Normal
MAYO, ,017 - 2MAY1                                   ,STOP,008 - MODA                                    ,001 - TEJIDO PUNTO                            ,11782914,CAMISETA MC CON ESPALDA EN MALLA,001 - PRODUCCION INTERNA TELA NACIONALIZADA   ,Normal
OCTUBRE, ,037 - 4OCT1                                   ,STOP,008 - MODA                                    ,002 - TEJIDO PLANO                            ,MS0001040,VESTIDO CAMISERO MANGA LARGA,001 - PRODUCCION INTERNA TELA NACIONALIZADA   ,Normal
OCTUBRE, ,038 - 4OCT2                                   ,STOP,008 - MODA                                    ,001 - TEJIDO PUNTO                            ,MS0001041,VESTIDO MANGA LARGA CORTO,001 - PRODUCCION INTERNA TELA NACIONALIZADA   ,Normal
SEPTIEMBRE,08-AGOSTO,033 - 3SEP1                                   ,STOP,008 - MODA                                    ,005 - DENIM                                   ,MS0000959,CHAQUETA M/LARGA LAV CLARO,001 - PRODUCCION INTERNA TELA NACIONALIZADA   ,Prioridad Alta
SEPTIEMBRE, ,033 - 3SEP1                                   ,STOP,004 - ESENCIAL MODA                           ,005 - DENIM                                   ,ST0000960,CHALECO M/SISA LAV NEGRO MEDIO,001 - PRODUCCION INTERNA TELA NACIONALIZADA   ,Normal
SEPTIEMBRE,08-AGOSTO,033 - 3SEP1                                   ,STOP,008 - MODA                                    ,005 - DENIM                                   ,ST0000961,RETRO T/ALTO LAV CLARO,001 - PRODUCCION INTERNA TELA NACIONALIZADA   ,Prioridad Alta
SEPTIEMBRE, ,033 - 3SEP1                                   ,STOP,008 - MODA                                    ,005 - DENIM                                   ,ST0000962,BARREL TIRO ALTO LAV MEDIO,001 - PRODUCCION INTERNA TELA NACIONALIZADA   ,Normal
SEPTIEMBRE, ,033 - 3SEP1                                   ,STOP,008 - MODA                                    ,005 - DENIM                                   ,ST0000963,BERMUDA T/ALTO LAV MEDIO OSCURO,001 - PRODUCCION INTERNA TELA NACIONALIZADA   ,Normal
SEPTIEMBRE, ,033 - 3SEP1                                   ,STOP,008 - MODA                                    ,005 - DENIM                                   ,ST0000964,SHORT TIRO ALTO LAV CLARO,001 - PRODUCCION INTERNA TELA NACIONALIZADA   ,Normal
SEPTIEMBRE, ,033 - 3SEP1                                   ,STOP,008 - MODA                                    ,005 - DENIM                                   ,ST0000965,FALDA SHORT  TIRO ALTO LAV NEGRO MEDIO,001 - PRODUCCION INTERNA TELA NACIONALIZADA   ,Normal
JUNIO, ,033 - 3SEP1                                   ,STOP,008 - MODA                                    ,005 - DENIM                                   ,10242813,VAQUERO T/ALTO LAV CLARO  PIEZAS EN CON,,Normal
JULIO, ,033 - 3SEP1                                   ,STOP,008 - MODA                                    ,005 - DENIM                                   ,10244913,VAQUERO T/ALTO LAV CLARO CON DETALLE EN,,Normal
AGOSTO, ,033 - 3SEP1                                   ,STOP,008 - MODA                                    ,005 - DENIM                                   ,10245913,VAQUERO T/ALTO  DETALLE EN BOTA,,Normal
JULIO, ,033 - 3SEP1                                   ,STOP,008 - MODA                                    ,005 - DENIM                                   ,10247813,VAQUERO T/ALTO LAV MEDIO CLARO DETALLE,,Normal
AGOSTO, ,033 - 3SEP1                                   ,STOP,008 - MODA                                    ,005 - DENIM                                   ,10249913,VAQUERO T/ALTO  MARFIL TOBILLERO CON CO,,Normal
SEPTIEMBRE, ,033 - 3SEP1                                   ,STOP,008 - MODA                                    ,005 - DENIM                                   ,10250813,VAQUERO T/ALTO GRIS CON RESERVA  EN COS,,Normal
OCTUBRE, ,033 - 3SEP1                                   ,STOP,008 - MODA                                    ,005 - DENIM                                   ,10251913,VAQUERO T/ALTO  BOTA TUBO TOBILLERO,,Normal
SEPTIEMBRE, ,033 - 3SEP1                                   ,STOP,008 - MODA                                    ,005 - DENIM                                   ,10252913,VAQUERO T/ALTO LAV OSCURO BOTA RECTA,,Normal
OCTUBRE, ,033 - 3SEP1                                   ,STOP,008 - MODA                                    ,005 - DENIM                                   ,10253813,VAQUERO T/ALTO LAV MEDIO OSCURO DETALLE,,Normal
NOVIEMBRE, ,033 - 3SEP1                                   ,STOP,008 - MODA                                    ,005 - DENIM                                   ,10254813,VAQUERO TIRO ALTO BOTA TUBO CON LUREX,,Normal
NOVIEMBRE, ,033 - 3SEP1                                   ,STOP,008 - MODA                                    ,005 - DENIM                                   ,10255913,VAQUERO T/ALTO COLOR EN CORDUROY BOTA R,,Normal
NOVIEMBRE, ,033 - 3SEP1                                   ,STOP,008 - MODA                                    ,005 - DENIM                                   ,10257913,VAQUERO T/ALTO LAV CLARO APLIQUE EN FRE,,Normal
OCTUBRE, ,033 - 3SEP1                                   ,STOP,008 - MODA                                    ,005 - DENIM                                   ,10258813,VAQUERO T/ALTO LAV MEDIO BOLSILLO EN CO,,Normal
JULIO, ,033 - 3SEP1                                   ,STOP,008 - MODA                                    ,005 - DENIM                                   ,10258933,SHORT T/ALTO EN DENIM CON CINTURON,,Normal
NOVIEMBRE, ,033 - 3SEP1                                   ,STOP,008 - MODA                                    ,005 - DENIM                                   ,10259913,VAQUERO T/ALTO LAV CLARO BOTA RECTA CON,,Normal
NOVIEMBRE, ,033 - 3SEP1                                   ,STOP,008 - MODA                                    ,005 - DENIM                                   ,10260813,VAQUERO T/MEDIO LAV CLARO TOBILLERO  BR,,Normal
NOVIEMBRE, ,033 - 3SEP1                                   ,STOP,008 - MODA                                    ,002 - TEJIDO PLANO                            ,10261813,VAQUERO T/ALTO EN TELA EFECTO BRILLO BO,,Normal
NOVIEMBRE, ,033 - 3SEP1                                   ,STOP,008 - MODA                                    ,005 - DENIM                                   ,10262813,VAQUERO T/ALTO FULL PRINT BOTA RECTA,,Normal
NOVIEMBRE, ,033 - 3SEP1                                   ,STOP,008 - MODA                                    ,005 - DENIM                                   ,10263913,VAQUERO T/ALTO LAV MEDIO CON BOTONES EX,,Normal
DICIEMBRE, ,033 - 3SEP1                                   ,STOP,008 - MODA                                    ,005 - DENIM                                   ,10264913,VAQUERO T/ALTO LAV MEDIO OSC BOTA RECTA,,Normal
JULIO, ,033 - 3SEP1                                   ,STOP,008 - MODA                                    ,005 - DENIM                                   ,10265813,VAQUERO T/ALTO LAV MEDIO LARGO ESPECIAL,,Normal
FEBRERO, ,033 - 3SEP1                                   ,STOP,008 - MODA                                    ,005 - DENIM                                   ,10266913,VAQUERO T/ALTO LAV MEDIO BOTA RECTA  BO,,Normal
MARZO, ,033 - 3SEP1                                   ,STOP,008 - MODA                                    ,005 - DENIM                                   ,10267813,VAQUERO T/ALTO MARFIL CON BOLSILLOS EN,,Normal
SEPTIEMBRE, ,033 - 3SEP1                                   ,STOP,008 - MODA                                    ,005 - DENIM                                   ,10267833,SHORT T/ALTO METALIZADO CON CINTURON,,Normal
FEBRERO, ,033 - 3SEP1                                   ,STOP,008 - MODA                                    ,005 - DENIM                                   ,10268913,VAQUERO T/ALTO LAV OSCURO CON DETALLE E,,Normal
FEBRERO, ,033 - 3SEP1                                   ,STOP,008 - MODA                                    ,005 - DENIM                                   ,10269913,VAQUERO T/ALTO LAV OSCURO CON BOTA DOBL,,Normal
ABRIL, ,033 - 3SEP1                                   ,STOP,008 - MODA                                    ,005 - DENIM                                   ,10270813,VAQUERO T/ALTO LAV MEDIO  DETALLE EN CO,,Normal
ABRIL, ,033 - 3SEP1                                   ,STOP,008 - MODA                                    ,005 - DENIM                                   ,10271813,VAQUERO T/ALTO LAV MEDIO V BOTA 21 CON,,Normal
MAYO, ,033 - 3SEP1                                   ,STOP,008 - MODA                                    ,005 - DENIM                                   ,10272913,VAQUERO T/ALTO LAV CLARO CON DETALLE EN,,Normal
MAYO, ,033 - 3SEP1                                   ,STOP,008 - MODA                                    ,005 - DENIM                                   ,10273913,VAQUERO T/ALTO CON BOTA DOBLADA,,Normal
SEPTIEMBRE, ,033 - 3SEP1                                   ,STOP,008 - MODA                                    ,005 - DENIM                                   ,10274913,VAQUERO T/ALTO COLOR EN TELA TEXTURIZAD,,Normal
JUNIO, ,033 - 3SEP1                                   ,STOP,008 - MODA                                    ,005 - DENIM                                   ,10275913,VAQUERO T/ALTO LAV MEDIO LARGO ESPECIAL,,Normal
JULIO, ,033 - 3SEP1                                   ,STOP,008 - MODA                                    ,005 - DENIM                                   ,10276813,VAQUERO T/MEDIO LAV CLARO CON DESGASTES,,Normal
OCTUBRE, ,033 - 3SEP1                                   ,STOP,008 - MODA                                    ,005 - DENIM                                   ,10277933,SHORT PREMIUM T/ALTO LAV MEDIO,,Normal
JUNIO, ,033 - 3SEP1                                   ,STOP,008 - MODA                                    ,005 - DENIM                                   ,10278913,VAQUERO T/BAJO LAV CLARO BOTA RECTA,,Normal
JUNIO, ,033 - 3SEP1                                   ,STOP,008 - MODA                                    ,005 - DENIM                                   ,10279913,VAQUERO T/ALTO  BOTA RECTA,,Normal
OCTUBRE, ,040 - 4OCT4                                   ,STOP,009 - CONSCIENTE,002 - TEJIDO PLANO                            ,MS0004630,BERMUDA CON PINZAS  TIRO MEDIO,001 - PRODUCCION INTERNA TELA NACIONALIZADA   ,Normal
OCTUBRE, ,040 - 4OCT4                                   ,STOP,009 - CONSCIENTE,002 - TEJIDO PLANO                            ,MS0004631,BLUSA SIN HOMBROS CON PRENSES,001 - PRODUCCION INTERNA TELA NACIONALIZADA   ,Normal
OCTUBRE, ,040 - 4OCT4                                   ,STOP,009 - CONSCIENTE,002 - TEJIDO PLANO                            ,MS0004632,CHALECO MANGA SISA CUELLO V,001 - PRODUCCION INTERNA TELA NACIONALIZADA   ,Normal
JULIO, ,040 - 4OCT4                                   ,STOP,008 - MODA                                    ,005 - DENIM                                   ,10280913,VAQUERO T/ALTO LAV MEDIO BOTA TUBO,,Normal
JULIO, ,040 - 4OCT4                                   ,STOP,008 - MODA                                    ,005 - DENIM                                   ,10281813,VAQUERO T/BAJO LAV MEDIO CON CINTURON,,Normal
AGOSTO, ,040 - 4OCT4                                   ,STOP,008 - MODA                                    ,005 - DENIM                                   ,10282913,VAQUERO T/ALTO COLOR CON TEXTURA,,Normal
AGOSTO, ,040 - 4OCT4                                   ,STOP,008 - MODA                                    ,005 - DENIM                                   ,10283913,VAQUERO T/ALTO LAV OSCURO CON PASADOR E,,Normal
JULIO, ,040 - 4OCT4                                   ,STOP,008 - MODA                                    ,005 - DENIM                                   ,10284813,VAQUERO T/ALTO LAV MEDIO LARGO ESPECIAL,,Normal
ENERO, ,040 - 4OCT4                                   ,STOP,008 - MODA                                    ,005 - DENIM                                   ,10285833,SHORT T/ALTO COLOR ARENA CON GUARDAPOLV,,Normal
JULIO, ,040 - 4OCT4                                   ,STOP,008 - MODA                                    ,005 - DENIM                                   ,10285913,VAQUERO T/ALTO  BOTA TUBO TOBILLERO,,Normal
OCTUBRE, ,040 - 4OCT4                                   ,STOP,008 - MODA                                    ,005 - DENIM                                   ,10286913,VAQUERO T/ALTO COLOR BOTA TUBO,,Normal
SEPTIEMBRE, ,040 - 4OCT4                                   ,STOP,008 - MODA                                    ,005 - DENIM                                   ,10287813,VAQUERO T/ALTO  LAV MEDIO BOTA TUBO CRO,,Normal
OCTUBRE, ,040 - 4OCT4                                   ,STOP,008 - MODA                                    ,005 - DENIM                                   ,10288913,VAQUERO T/ALTO BLANCO BOTA TUBO,,Normal
JULIO, ,040 - 4OCT4                                   ,STOP,008 - MODA                                    ,002 - TEJIDO PLANO                            ,10288933,SHORT  T/ALTO  COLOR  CON TAPAS COSTADO,,Normal
OCTUBRE, ,040 - 4OCT4                                   ,STOP,008 - MODA                                    ,005 - DENIM                                   ,10289813,VAQUERO T/MEDIO LAV MEDIO OSCURO TOBILL,,Normal
NOVIEMBRE, ,043 - 4NOV3                                   ,STOP,008 - MODA                                    ,002 - TEJIDO PLANO                            ,MS0004993,FALDA SHORT T/ALTO CAFÉ OSCURO,,Normal
DICIEMBRE, ,045 - 4DIC1                                   ,STOP,008 - MODA                                    ,002 - TEJIDO PLANO                            ,MS0005022,CAMISA MANGA LARGA CON TRANSPARENCIA,001 - PRODUCCION INTERNA TELA NACIONALIZADA   ,Normal
DICIEMBRE, ,045 - 4DIC1                                   ,STOP,008 - MODA                                    ,002 - TEJIDO PLANO                            ,MS0005023,BLUSA MANGA SISA CON CIERRE DOBLE,001 - PRODUCCION INTERNA TELA NACIONALIZADA   ,Normal
OCTUBRE, ,045 - 4DIC1                                   ,STOP,008 - MODA                                    ,005 - DENIM                                   ,10290813,VAQUERO T/ALTO LAV MEDIO OSCURO CORTE E,,Normal
NOVIEMBRE, ,045 - 4DIC1                                   ,STOP,008 - MODA                                    ,005 - DENIM                                   ,10291913,VAQUERO T/ALTO LAV MEDIO BOTA TUBO,,Normal
ABRIL, ,045 - 4DIC1                                   ,STOP,008 - MODA                                    ,005 - DENIM                                   ,10291933,SHORT T/ALTO ARENA CON ROTOS,,Normal
ABRIL, ,045 - 4DIC1                                   ,STOP,008 - MODA                                    ,005 - DENIM                                   ,10292833,SHORT T/ALTO LAVADO MEDIO CON ROTOS,,Normal
NOVIEMBRE, ,045 - 4DIC1                                   ,STOP,008 - MODA                                    ,005 - DENIM                                   ,10292913,VAQUERO T/ALTO LAV CLARO DETALLE EN BOL,,Normal
DICIEMBRE, ,045 - 4DIC1                                   ,STOP,008 - MODA                                    ,005 - DENIM                                   ,10293913,VAQUERO T/BAJO LAV MEDIO BOTA RECTA,,Normal
DICIEMBRE, ,045 - 4DIC1                                   ,STOP,008 - MODA                                    ,005 - DENIM                                   ,10294813,VAQUERO T/ALTO LAV MEDIO CON BRILLOS,,Normal
NOVIEMBRE, ,045 - 4DIC1                                   ,STOP,008 - MODA                                    ,005 - DENIM                                   ,10295813,VAQUERO T/ALTO LAV OSCURO CON INSUMO BR,,Normal
JUNIO, ,045 - 4DIC1                                   ,STOP,008 - MODA                                    ,005 - DENIM                                   ,10295933,SHORT T/ALTO LAV MEDIO CLARO BOTA DESFL,,Normal
JULIO, ,045 - 4DIC1                                   ,STOP,008 - MODA                                    ,005 - DENIM                                   ,10296933,SHORT T/ALTO MARFIL BOTA SEMI AMPLIA,,Normal
DICIEMBRE, ,045 - 4DIC1                                   ,STOP,008 - MODA                                    ,005 - DENIM                                   ,10297913,VAQUERO T/MEDIO LAV MED OSC TELA EFECTO,,Normal
DICIEMBRE, ,045 - 4DIC1                                   ,STOP,008 - MODA                                    ,005 - DENIM                                   ,10298913,VAQUERO T/ALTO COLOR EN CORDUROY,,Normal
DICIEMBRE, ,045 - 4DIC1                                   ,STOP,005 - ESENCIAL                                ,005 - DENIM                                   ,15004922,TEJANO LEVANTACOLA ESENCIAL CORTO,001 - PRODUCCION INTERNA TELA NACIONALIZADA   ,Normal
DICIEMBRE, ,045 - 4DIC1                                   ,STOP,008 - MODA                                    ,002 - TEJIDO PLANO                            ,X12094805,BLUSA ML FULL PRINT TIPO CROP CON ANUDAD,,Normal
JUNIO, ,021 - 2JUN1                                   ,STOP,008 - MODA                                    ,001 - TEJIDO PUNTO                            ,ST0004581,CAMISETA TIRAS CUELLO HALTER AJUSTADA,001 - PRODUCCION INTERNA TELA NACIONALIZADA   ,Normal
ABRIL, ,021 - 2JUN1                                   ,STOP,008 - MODA                                    ,001 - TEJIDO PUNTO                            ,12156806,BLUSA M3/4 TELA CON EFECTO,,Normal
ABRIL, ,021 - 2JUN1                                   ,STOP,008 - MODA                                    ,001 - TEJIDO PUNTO                            ,11290813,CAMISETA MS CON RECOGIDO EN COSTADO,,Normal
ABRIL, ,021 - 2JUN1                                   ,STOP,008 - MODA                                    ,001 - TEJIDO PUNTO                            ,11767914,CAMISETA MC CON BOTONES EN COSTADO,,Normal
ABRIL, ,016 - 2ABR4                                   ,STOP,008 - MODA                                    ,001 - TEJIDO PUNTO                            ,11769914,CAMISETA T-SHIRT MC CON ESTAMPADO,001 - PRODUCCION INTERNA TELA NACIONALIZADA   ,Normal
ABRIL, ,016 - 2ABR4                                   ,STOP,008 - MODA                                    ,001 - TEJIDO PUNTO                            ,11288913,CAMISETA PREMIUM MS CON ESCOTE IRREGULAR,001 - PRODUCCION INTERNA TELA NACIONALIZADA   ,Normal
ABRIL, ,016 - 2ABR4                                   ,STOP,008 - MODA                                    ,001 - TEJIDO PUNTO                            ,11780914,CAMISETA MC CON RECTILINEO Y TEXTURA,,Normal
ABRIL, ,016 - 2ABR4                                   ,STOP,008 - MODA                                    ,001 - TEJIDO PUNTO                            ,11775914,CAMISETA MC EN ENCAJE,,Normal
ABRIL, ,016 - 2ABR4                                   ,STOP,008 - MODA                                    ,001 - TEJIDO PUNTO                            ,11778914,CAMISETA MC CON BORDADO EN FRENTE,,Normal
MAYO, ,016 - 2ABR4                                   ,STOP,008 - MODA                                    ,001 - TEJIDO PUNTO                            ,11774914,CAMISETA MC ESTAMPADA COLCAFÉ,,Normal
JUNIO, ,021 - 2JUN1                                   ,STOP,008 - MODA                                    ,005 - DENIM                                   ,ST0001298,FALDA LARGA LAVADO CLARO CON ABERTURA,001 - PRODUCCION INTERNA TELA NACIONALIZADA   ,Normal
JUNIO, ,021 - 2JUN1                                   ,STOP,008 - MODA                                    ,005 - DENIM                                   ,10002949,TEJANO T/MEDIO BOTA AMPLIA,,Normal
NOVIEMBRE, ,021 - 2JUN1                                   ,STOP,008 - MODA                                    ,005 - DENIM                                   ,10002972,RETROJEAN T/DESCADERADO LAV MEDIO BROCH,,Normal
DICIEMBRE, ,021 - 2JUN1                                   ,STOP,008 - MODA                                    ,005 - DENIM                                   ,10003872,RETROJEAN T/DESADERADO COLOR CON BOLSIL,,Normal
AGOSTO, ,021 - 2JUN1                                   ,STOP,008 - MODA                                    ,005 - DENIM                                   ,10004847,FALDA SHORT T/ALTO LAVADO CLARO CRUZADA,,Normal
AGOSTO, ,021 - 2JUN1                                   ,STOP,008 - MODA                                    ,005 - DENIM                                   ,10004849,TEJANO T/ALTO  LAVADO OSCURO BOTA AMPLI,,Normal
JUNIO, ,022 - 2JUN2                                   ,STOP,008 - MODA                                    ,001 - TEJIDO PUNTO                            ,11795914,CAMISETA MC CON CREMALLERA EN ESCOTE,001 - PRODUCCION INTERNA TELA NACIONALIZADA   ,Normal
NOVIEMBRE, ,041 - 4NOV1                                   ,STOP,008 - MODA                                    ,002 - TEJIDO PLANO                            ,MS0004678,BLUSA MANGA 3/4 GLOBO CON PUNTERA,001 - PRODUCCION INTERNA TELA NACIONALIZADA   ,Normal
NOVIEMBRE, ,044 - 4NOV4                                   ,STOP,008 - MODA                                    ,001 - TEJIDO PUNTO                            ,MS0005101,TOP MANGA CORTA CON BRILLO,001 - PRODUCCION INTERNA TELA NACIONALIZADA   ,Normal
SEPTIEMBRE, ,035 - 3SEP3                                   ,STOP,008 - MODA                                    ,005 - DENIM                                   ,ST0001234,CARGO TIRO ALTO LAV MEDIO,001 - PRODUCCION INTERNA TELA NACIONALIZADA   ,Normal
OCTUBRE,09-SEPTIEMBRE,037 - 4OCT1                                   ,STOP,008 - MODA                                    ,005 - DENIM                                   ,ST0001235,BAGGY TIRO ALTO LAV MEDIO OSCURO,001 - PRODUCCION INTERNA TELA NACIONALIZADA   ,Prioridad Alta
DICIEMBRE, ,037 - 4OCT1                                   ,STOP,008 - MODA                                    ,001 - TEJIDO PUNTO                            ,11010822,BODY MC SILUETA AJUSTADA CON ESCOTE EN E,,Normal
ENERO, ,037 - 4OCT1                                   ,STOP,008 - MODA                                    ,001 - TEJIDO PUNTO                            ,11011825,BODY TIRAS CON ESPALDA PRONUNCIADA,,Normal
ABRIL, ,037 - 4OCT1                                   ,STOP,008 - MODA                                    ,001 - TEJIDO PUNTO                            ,11016825,BODY PREMIUM TIRAS CON ABERTURA EN ESPAL,,Normal
ABRIL, ,037 - 4OCT1                                   ,STOP,008 - MODA                                    ,001 - TEJIDO PUNTO                            ,18057923,VESTIDO TIRAS LARGO,,Normal
ABRIL, ,016 - 2ABR4                                   ,STOP,008 - MODA                                    ,001 - TEJIDO PUNTO                            ,11023824,BODY MS FULLPRINT,001 - PRODUCCION INTERNA TELA NACIONALIZADA   ,Normal
ABRIL, ,016 - 2ABR4                                   ,STOP,008 - MODA                                    ,005 - DENIM                                   ,10316913,VAQUERO T/ALTO LAV MEDIO OSCURO ESTAMPAD,,Normal
OCTUBRE, ,038 - 4OCT2                                   ,STOP,008 - MODA                                    ,001 - TEJIDO PUNTO                            ,MS0001354,VESTIDO MANGA LARGA ESTAMPADO,,Normal
JULIO, ,026 - 3JUL2                                   ,STOP,004 - ESENCIAL MODA                           ,001 - TEJIDO PUNTO                            ,ST0001313,CAMISETA MANGA CORTA ESTAMPADA,001 - PRODUCCION INTERNA TELA NACIONALIZADA   ,Normal
JUNIO, ,022 - 2JUN2                                   ,STOP,008 - MODA                                    ,001 - TEJIDO PUNTO                            ,ST0001305,CAMISETA MC TELA CON PUNTADA DECORATIVA,001 - PRODUCCION INTERNA TELA NACIONALIZADA   ,Normal
JUNIO, ,021 - 2JUN1                                   ,STOP,008 - MODA                                    ,005 - DENIM                                   ,ST0001306,BERMUDA T/ALTO LAV MEDIO BOTA DESFLECAD,001 - PRODUCCION INTERNA TELA NACIONALIZADA   ,Normal
JUNIO, ,021 - 2JUN1                                   ,STOP,008 - MODA                                    ,002 - TEJIDO PLANO                            ,ST0001307,CAMISA ML CON ESCOTE EN V,001 - PRODUCCION INTERNA TELA NACIONALIZADA   ,Normal
JUNIO, ,021 - 2JUN1                                   ,STOP,008 - MODA                                    ,001 - TEJIDO PUNTO                            ,ST0001308,BODY ASIMETRICO CON BOLERO,001 - PRODUCCION INTERNA TELA NACIONALIZADA   ,Normal
JUNIO, ,021 - 2JUN1                                   ,STOP,008 - MODA                                    ,001 - TEJIDO PUNTO                            ,MS0004708,C,,Normal
JUNIO, ,021 - 2JUN1                                   ,STOP,008 - MODA                                    ,001 - TEJIDO PUNTO                            ,ST0001310,BODY PREMIUM TIRAS EN MALLA CON DRAPEADO,,Normal
JUNIO, ,021 - 2JUN1                                   ,STOP,008 - MODA                                    ,001 - TEJIDO PUNTO                            ,MS0001311,TOP PREMIUM MC CON ARGOLLA EN HOMBRO,,Normal
JUNIO, ,023 - 2JUN3                                   ,STOP,008 - MODA                                    ,002 - TEJIDO PLANO                            ,ST0001312,BLUSA ML CON ABROCHADURA EN FRENTE   ,,Normal
JUNIO, ,021 - 2JUN1                                   ,STOP,003 - OPORTUNIDADES                           ,001 - TEJIDO PUNTO                            ,ST0001314,T-SHIRT MC CON ESTAMPADO PUNTA DE PRECI,001 - PRODUCCION INTERNA TELA NACIONALIZADA   ,Normal
SEPTIEMBRE, ,021 - 2JUN1                                   ,STOP,008 - MODA                                    ,005 - DENIM                                   ,10010918,LEVANTACOLA T/ALTO LAV CLARO CON BOLSIL,,Normal
DICIEMBRE, ,021 - 2JUN1                                   ,STOP,008 - MODA                                    ,005 - DENIM                                   ,10010947,FALDA SHORT T/ALTO LAV MEDIO CON SOLAPA,,Normal
SEPTIEMBRE, ,021 - 2JUN1                                   ,STOP,008 - MODA                                    ,005 - DENIM                                   ,10011818,LEVANTACOLA T/ALTO LAVADO GRIS CORTES D,,Normal
OCTUBRE, ,021 - 2JUN1                                   ,STOP,008 - MODA                                    ,002 - TEJIDO PLANO                            ,10011846,OVERALL CORTO COLOR TIPO CARGO CON GUAR,,Normal
NOVIEMBRE, ,043 - 4NOV3                                   ,STOP,008 - MODA                                    ,002 - TEJIDO PLANO                            ,MS0004989,CARGO T/ALTO LAV MEDIO OSCURO,,Normal
NOVIEMBRE, ,043 - 4NOV3                                   ,STOP,008 - MODA                                    ,002 - TEJIDO PLANO                            ,MS0004990,PALAZZO T/ALTO COLOR,,Normal
OCTUBRE, ,039 - 4OCT3                                   ,STOP,004 - ESENCIAL MODA                           ,002 - TEJIDO PLANO                            ,15002994EM,EJECUTIVO BOTA RECTA T/ALTO,001 - PRODUCCION INTERNA TELA NACIONALIZADA   ,Normal
MAYO, ,020 - 2MAY4                                   ,STOP,009 - CONSCIENTE,005 - DENIM                                   ,14217802,CHALECO CON CRUCE EN DELANTERO,,Normal
ABRIL, ,013 - 2ABR1                                   ,STOP,009 - CONSCIENTE,005 - DENIM                                   ,10060823,FALDA T/ALTO CON CORTES,,Normal
NOVIEMBRE, ,043 - 4NOV3                                   ,STOP,008 - MODA                                    ,005 - DENIM                                   ,MS0005124,BERMUDA T/ALTO LAV CLARO,001 - PRODUCCION INTERNA TELA NACIONALIZADA   ,Normal
JUNIO, ,021 - 2JUN1                                   ,STOP,008 - MODA                                    ,002 - TEJIDO PLANO                            ,ST0004582,BLUSA M3/4 CON ESCOTE EN V Y JARETA,001 - PRODUCCION INTERNA TELA NACIONALIZADA   ,Normal
JUNIO, ,022 - 2JUN2                                   ,STOP,008 - MODA                                    ,001 - TEJIDO PUNTO                            ,ST0004583,CAMISETA MC ESTAMPADA,001 - PRODUCCION INTERNA TELA NACIONALIZADA   ,Normal
SEPTIEMBRE, ,022 - 2JUN2                                   ,STOP,008 - MODA                                    ,005 - DENIM                                   ,10005949,TEJANO PREMIUM  T/ALTO LAV MEDIO OSCURO,,Normal
OCTUBRE, ,022 - 2JUN2                                   ,STOP,008 - MODA                                    ,002 - TEJIDO PLANO                            ,10006853,FALDA T/ALTO ARENA LARGA CON BOLSILLOS,,Normal
OCTUBRE, ,022 - 2JUN2                                   ,STOP,008 - MODA                                    ,005 - DENIM                                   ,10007953,FALDA  T/ALTO LARGA LAV MEDIO OSCURO CO,,Normal
MAYO, ,022 - 2JUN2                                   ,STOP,008 - MODA                                    ,005 - DENIM                                   ,10008847,FALDA SHORT  T/ALTO  LAV MEDIO CON BOLS,,Normal
OCTUBRE, ,022 - 2JUN2                                   ,STOP,008 - MODA                                    ,005 - DENIM                                   ,10008949,TEJANO T/ALTO LAV MEDIO BOTA AMPLIA,,Normal
DICIEMBRE, ,022 - 2JUN2                                   ,STOP,008 - MODA                                    ,005 - DENIM                                   ,10008953,FALDA T/ALTO LARGA ARENA CON CORTES EN,,Normal
OCTUBRE, ,022 - 2JUN2                                   ,STOP,008 - MODA                                    ,005 - DENIM                                   ,10009853,FALDA T/ALTO LARGA BLANCA CON ABERTURA,,Normal
DICIEMBRE, ,022 - 2JUN2                                   ,STOP,008 - MODA                                    ,005 - DENIM                                   ,10009947,FALDA SHORT T/ALTO MARFIL CON FRENTE CR,,Normal
OCTUBRE, ,022 - 2JUN2                                   ,STOP,008 - MODA                                    ,002 - TEJIDO PLANO                            ,10009949,TEJANO T/ALTO NEGRO EN CORDUROY BOTA AM,,Normal
JULIO, ,022 - 2JUN2                                   ,STOP,008 - MODA                                    ,002 - TEJIDO PLANO                            ,10010846,OVERALL CORTO CON BOLSILLOS COLOR,,Normal
DICIEMBRE, ,022 - 2JUN2                                   ,STOP,008 - MODA                                    ,005 - DENIM                                   ,10010849,TEJANO T/ALTO LAVADO MEDIO LARGO ESPECI,,Normal
DICIEMBRE, ,022 - 2JUN2                                   ,STOP,008 - MODA                                    ,005 - DENIM                                   ,130039281,CELUJEAN T/ALTO ROMANTICA CON BOLSILLOS,,Normal
DICIEMBRE, ,022 - 2JUN2                                   ,STOP,008 - MODA                                    ,005 - DENIM                                   ,130018223,LEVANTACOLA T/MEDIO URBANA  OPORTUNIDAD,,Normal
DICIEMBRE, ,022 - 2JUN2                                   ,STOP,008 - MODA                                    ,005 - DENIM                                   ,130168221,LEVANTACOLA T/ALTO CON BOLSILLOS OPORTU,,Normal
DICIEMBRE, ,022 - 2JUN2                                   ,STOP,008 - MODA                                    ,005 - DENIM                                   ,130168222,LEVANTACOLA T/ALTO CON BOLSILLOS OPORTU,,Normal
DICIEMBRE, ,022 - 2JUN2                                   ,STOP,008 - MODA                                    ,005 - DENIM                                   ,180228901,PANTALON CARGO T/ALTO COLOR CON BOLSILL,,Normal
DICIEMBRE, ,022 - 2JUN2                                   ,STOP,008 - MODA                                    ,005 - DENIM                                   ,150019642,BLUSA  TIRAS ESENCIALES ESCOTE EN V,,Normal
DICIEMBRE, ,022 - 2JUN2                                   ,STOP,008 - MODA                                    ,005 - DENIM                                   ,150019902,PANTALON CARGO T/ALTO BOTA RECTA ESENCI,,Normal
DICIEMBRE, ,022 - 2JUN2                                   ,STOP,008 - MODA                                    ,005 - DENIM                                   ,116009141,CAMISETA MC CON CUELLO Y PUÑOS,,Normal
DICIEMBRE, ,022 - 2JUN2                                   ,STOP,008 - MODA                                    ,005 - DENIM                                   ,130039225,LEVANTACOLA T/MEDIO ROMANTICA OPORTUNID,,Normal
DICIEMBRE, ,022 - 2JUN2                                   ,STOP,008 - MODA                                    ,005 - DENIM                                   ,130039288,CELUJEAN T/ALTO ROMANTICA CON BOLSILLOS,,Normal
DICIEMBRE, ,022 - 2JUN2                                   ,STOP,008 - MODA                                    ,002 - TEJIDO PLANO                            ,100169421,BAGGY T/ALTO COLOR CON ELASTICO EN CINT,001 - PRODUCCION INTERNA TELA NACIONALIZADA   ,Normal
DICIEMBRE, ,022 - 2JUN2                                   ,STOP,008 - MODA                                    ,002 - TEJIDO PLANO                            ,130018224,LEVANTACOLA T/MEDIO URBANA  OPORTUNIDAD,,Normal
DICIEMBRE, ,022 - 2JUN2                                   ,STOP,008 - MODA                                    ,002 - TEJIDO PLANO                            ,100638551,RETROJEAN T/ALTO LAV MEDIO DETALLE EN C,,Normal
DICIEMBRE, ,022 - 2JUN2                                   ,STOP,008 - MODA                                    ,002 - TEJIDO PLANO                            ,116318141,CAMISETA MC CON ESTAMPADO EN FRENTE,,Normal
DICIEMBRE, ,022 - 2JUN2                                   ,STOP,008 - MODA                                    ,002 - TEJIDO PLANO                            ,130168224,LEVANTACOLA T/ALTO CON BOLSILLOS OPORTU,,Normal
DICIEMBRE, ,022 - 2JUN2                                   ,STOP,008 - MODA                                    ,002 - TEJIDO PLANO                            ,130039283,CELUJEAN T/ALTO ROMANTICA CON BOLSILLOS,,Normal
DICIEMBRE, ,022 - 2JUN2                                   ,STOP,008 - MODA                                    ,002 - TEJIDO PLANO                            ,130029283,CELUJEAN T/MEDIO ROMANTICA SIN BOLSILLO,,Normal
DICIEMBRE, ,022 - 2JUN2                                   ,STOP,008 - MODA                                    ,002 - TEJIDO PLANO                            ,112238131,CAMISETA MS CON PERILLA BOTONES Y RIB A,,Normal
DICIEMBRE, ,022 - 2JUN2                                   ,STOP,008 - MODA                                    ,002 - TEJIDO PLANO                            ,130218331,SHORT TIRO ALTO CON DESGASTES PUNTA DE,,Normal
DICIEMBRE, ,022 - 2JUN2                                   ,STOP,008 - MODA                                    ,002 - TEJIDO PLANO                            ,130029281,CELUJEAN T/MEDIO ROMANTICA SIN BOLSILLO,,Normal
DICIEMBRE, ,022 - 2JUN2                                   ,STOP,008 - MODA                                    ,002 - TEJIDO PLANO                            ,130039223,LEVANTACOLA T/MEDIO ROMANTICA OPORTUNID,,Normal
DICIEMBRE, ,022 - 2JUN2                                   ,STOP,008 - MODA                                    ,002 - TEJIDO PLANO                            ,130018221,LEVANTACOLA T/MEDIO URBANA  OPORTUNIDAD,,Normal
DICIEMBRE, ,022 - 2JUN2                                   ,STOP,008 - MODA                                    ,002 - TEJIDO PLANO                            ,130039284,CELUJEAN T/ALTO ROMANTICA CON BOLSILLOS,,Normal
DICIEMBRE, ,022 - 2JUN2                                   ,STOP,008 - MODA                                    ,002 - TEJIDO PLANO                            ,130039286,CELUJEAN T/ALTO ROMANTICA CON BOLSILLOS,,Normal
DICIEMBRE, ,022 - 2JUN2                                   ,STOP,008 - MODA                                    ,002 - TEJIDO PLANO                            ,130018225,LEVANTACOLA T/MEDIO URBANA  OPORTUNIDAD,,Normal
DICIEMBRE, ,022 - 2JUN2                                   ,STOP,005 - ESENCIAL                                ,001 - TEJIDO PUNTO                            ,150029952,BODY PREMIUM MS DOBLE FAZ ESENCIALES,001 - PRODUCCION INTERNA TELA NACIONALIZADA   ,Normal
DICIEMBRE, ,022 - 2JUN2                                   ,STOP,005 - ESENCIAL                                ,001 - TEJIDO PUNTO                            ,116798141,CAMISETA MC CUELLO REDONDO CON TELA BRI,,Normal
DICIEMBRE, ,022 - 2JUN2                                   ,STOP,005 - ESENCIAL                                ,001 - TEJIDO PUNTO                            ,130039226,LEVANTACOLA T/MEDIO ROMANTICA OPORTUNID,,Normal
DICIEMBRE, ,022 - 2JUN2                                   ,STOP,005 - ESENCIAL                                ,001 - TEJIDO PUNTO                            ,150069492,CAMISETA PREMIUM MC FONDO ENTERO ESENCI,,Normal
DICIEMBRE, ,022 - 2JUN2                                   ,STOP,005 - ESENCIAL                                ,001 - TEJIDO PUNTO                            ,102818131,VAQUERO T/BAJO LAV MEDIO CON CINTURON,,Normal
DICIEMBRE, ,022 - 2JUN2                                   ,STOP,005 - ESENCIAL                                ,001 - TEJIDO PUNTO                            ,510278131,CAMISETA PREMIUM MS ABERTURA EN HOMBRO,,Normal
DICIEMBRE, ,022 - 2JUN2                                   ,STOP,005 - ESENCIAL                                ,001 - TEJIDO PUNTO                            ,130029221,LEVANTACOLA T/ALTO ROMANTICA OPORTUNIDA,,Normal
DICIEMBRE, ,022 - 2JUN2                                   ,STOP,005 - ESENCIAL                                ,001 - TEJIDO PUNTO                            ,130029222,LEVANTACOLA T/ALTO ROMANTICA OPORTUNIDA,,Normal
DICIEMBRE, ,022 - 2JUN2                                   ,STOP,005 - ESENCIAL                                ,001 - TEJIDO PUNTO                            ,130039282,CELUJEAN T/ALTO ROMANTICA CON BOLSILLOS,,Normal
DICIEMBRE, ,022 - 2JUN2                                   ,STOP,005 - ESENCIAL                                ,001 - TEJIDO PUNTO                            ,130039221,LEVANTACOLA T/MEDIO ROMANTICA OPORTUNID,,Normal
DICIEMBRE, ,022 - 2JUN2                                   ,STOP,005 - ESENCIAL                                ,001 - TEJIDO PUNTO                            ,130018222,LEVANTACOLA T/MEDIO URBANA  OPORTUNIDAD,,Normal
DICIEMBRE, ,022 - 2JUN2                                   ,STOP,005 - ESENCIAL                                ,001 - TEJIDO PUNTO                            ,116099141,CAMISETA MC CUELLO V EN RAYAS PRETEÑIDA,,Normal
DICIEMBRE, ,022 - 2JUN2                                   ,STOP,005 - ESENCIAL                                ,001 - TEJIDO PUNTO                            ,130039224,LEVANTACOLA T/MEDIO ROMANTICA OPORTUNID,,Normal
DICIEMBRE, ,022 - 2JUN2                                   ,STOP,005 - ESENCIAL                                ,001 - TEJIDO PUNTO                            ,130189222,LEVANTACOLA T/MEDIO SIN BOLSILLOS OPORT,,Normal
DICIEMBRE, ,022 - 2JUN2                                   ,STOP,005 - ESENCIAL                                ,001 - TEJIDO PUNTO                            ,102759131,VAQUERO T/ALTO LAV MEDIO LARGO ESPECIAL,,Normal
DICIEMBRE, ,022 - 2JUN2                                   ,STOP,005 - ESENCIAL                                ,001 - TEJIDO PUNTO                            ,150048522,TOP MANGA SISA EN RIB ESENCIAL,,Normal
DICIEMBRE, ,022 - 2JUN2                                   ,STOP,005 - ESENCIAL                                ,001 - TEJIDO PUNTO                            ,130029284,CELUJEAN T/MEDIO ROMANTICA SIN BOLSILLO,,Normal
DICIEMBRE, ,022 - 2JUN2                                   ,STOP,005 - ESENCIAL                                ,001 - TEJIDO PUNTO                            ,14007812,KIMONO ML CON CENEFA FULL PRINT,,Normal
DICIEMBRE, ,022 - 2JUN2                                   ,STOP,005 - ESENCIAL                                ,001 - TEJIDO PUNTO                            ,130029282,CELUJEAN T/MEDIO ROMANTICA SIN BOLSILLO,,Normal
DICIEMBRE, ,022 - 2JUN2                                   ,STOP,005 - ESENCIAL                                ,001 - TEJIDO PUNTO                            ,130039222,LEVANTACOLA T/MEDIO ROMANTICA OPORTUNID,,Normal
DICIEMBRE, ,022 - 2JUN2                                   ,STOP,005 - ESENCIAL                                ,001 - TEJIDO PUNTO                            ,150088492,TOP MANGA CORTA  DOBLE FAZ ESENCIAL,001 - PRODUCCION INTERNA TELA NACIONALIZADA   ,Normal
DICIEMBRE, ,022 - 2JUN2                                   ,STOP,005 - ESENCIAL                                ,001 - TEJIDO PUNTO                            ,150049422,LEVANTACOLA T/ALTO BOTA RECTA ESENCIALE,,Normal
DICIEMBRE, ,022 - 2JUN2                                   ,STOP,005 - ESENCIAL                                ,001 - TEJIDO PUNTO                            ,130039287,CELUJEAN T/ALTO ROMANTICA CON BOLSILLOS,,Normal
DICIEMBRE, ,022 - 2JUN2                                   ,STOP,005 - ESENCIAL                                ,005 - DENIM                                   ,150028423,LEVANTACOLA T/ALTO BOTA TUBO ESENCIALES,001 - PRODUCCION INTERNA TELA NACIONALIZADA   ,Normal
JUNIO, ,021 - 2JUN1                                   ,STOP,008 - MODA                                    ,001 - TEJIDO PUNTO                            ,ST0004584,BODY M SISA CON BOLERO,001 - PRODUCCION INTERNA TELA NACIONALIZADA   ,Normal
MAYO, ,018 - 2MAY2                                   ,STOP,008 - MODA                                    ,002 - TEJIDO PLANO                            ,ST0004573,PANTALON VAQUERO TIRO ALTO EN CORDUROY,001 - PRODUCCION INTERNA TELA NACIONALIZADA   ,Normal
MAYO, ,018 - 2MAY2                                   ,STOP,008 - MODA                                    ,002 - TEJIDO PLANO                            ,MS0004575,FALDA SHORT T/ALTO EN CORDORY,,Normal
JUNIO, ,021 - 2JUN1                                   ,STOP,008 - MODA                                    ,002 - TEJIDO PLANO                            ,ST0004576,BLUSA MC CON RECOGIDO EN CORTES,001 - PRODUCCION INTERNA TELA NACIONALIZADA   ,Normal
JUNIO, ,021 - 2JUN1                                   ,STOP,008 - MODA                                    ,001 - TEJIDO PUNTO                            ,ST0004578,BODY ML DRAPEADO FRENTE,001 - PRODUCCION INTERNA TELA NACIONALIZADA   ,Normal
JUNIO, ,021 - 2JUN1                                   ,STOP,008 - MODA                                    ,002 - TEJIDO PLANO                            ,ST0004579,PANTALÓN T/ALTO CON AMARRE EN FRENTE,001 - PRODUCCION INTERNA TELA NACIONALIZADA   ,Normal
OCTUBRE, ,040 - 4OCT4                                   ,STOP,008 - MODA                                    ,001 - TEJIDO PUNTO                            ,MS0004679,TOP MANGA LARGA EN MESH,001 - PRODUCCION INTERNA TELA NACIONALIZADA   ,Normal
OCTUBRE, ,040 - 4OCT4                                   ,STOP,008 - MODA                                    ,001 - TEJIDO PUNTO                            ,MS0004633,BLUSA MANGA SISA CUELLO REDONDO CROP,,Normal
OCTUBRE, ,040 - 4OCT4                                   ,STOP,008 - MODA                                    ,002 - TEJIDO PLANO                            ,MS0004709,CULOTT T/ALTO COLOR VINOTINTO,001 - PRODUCCION INTERNA TELA NACIONALIZADA   ,Normal
OCTUBRE, ,040 - 4OCT4                                   ,STOP,008 - MODA                                    ,005 - DENIM                                   ,MS0004710,BARREL T/ALTO LAV MEDIO,001 - PRODUCCION INTERNA TELA NACIONALIZADA   ,Normal
OCTUBRE,09-SEPTIEMBRE,039 - 4OCT3                                   ,STOP,008 - MODA                                    ,005 - DENIM                                   ,MS0004712,FALDA SHORT T/MEDIO LAVMEDIO,001 - PRODUCCION INTERNA TELA NACIONALIZADA   ,Prioridad Alta
NOVIEMBRE, ,041 - 4NOV1                                   ,STOP,008 - MODA                                    ,002 - TEJIDO PLANO                            ,MS0004713,CAPRI T/ALTO COLOR CHOCOLATE,001 - PRODUCCION INTERNA TELA NACIONALIZADA   ,Normal
ABRIL, ,041 - 4NOV1                                   ,STOP,008 - MODA                                    ,001 - TEJIDO PUNTO                            ,0004726,CAMISETA MC CON BORDADO Y COSTURA ARTES,,Normal
NOVIEMBRE, ,044 - 4NOV4                                   ,STOP,008 - MODA                                    ,001 - TEJIDO PUNTO                            ,MS0005102,TOP MANGA CORTA CON BRILLO,001 - PRODUCCION INTERNA TELA NACIONALIZADA   ,Normal
NOVIEMBRE, ,044 - 4NOV4                                   ,STOP,008 - MODA                                    ,002 - TEJIDO PLANO                            ,MS0005285,CULOTTE T/ALTO CHOCOLATE RUEDO NORMAL,001 - PRODUCCION INTERNA TELA NACIONALIZADA   ,Normal
MARZO, ,044 - 4NOV4                                   ,STOP,004 - ESENCIAL MODA                           ,001 - TEJIDO PUNTO                            ,X15014949,CAMISETA MC CON ESTAMPADO ESENCIAL MODA,,Normal
ABRIL, ,044 - 4NOV4                                   ,STOP,008 - MODA                                    ,001 - TEJIDO PUNTO                            ,X11738814,CAMISETA MC CON BORDADO Y COSTURA ARTES,,Normal
ABRIL, ,044 - 4NOV4                                   ,STOP,008 - MODA                                    ,001 - TEJIDO PUNTO                            ,X11772814,CAMISETA MC CUELLO CONTRASTE ESTAMPADA,,Normal
JUNIO, ,044 - 4NOV4                                   ,STOP,008 - MODA                                    ,005 - DENIM                                   ,X10278913,VAQUERO T/BAJO LAV CLARO BOTA RECTA,,Normal
ABRIL, ,044 - 4NOV4                                   ,STOP,008 - MODA                                    ,001 - TEJIDO PUNTO                            ,X11289913,CAMISETA MS CUELLO BANDEJA,,Normal
NOVIEMBRE, ,043 - 4NOV3                                   ,STOP,008 - MODA                                    ,005 - DENIM                                   ,MS0005125,BERMUDA T/ALTO NEGRO,001 - PRODUCCION INTERNA TELA NACIONALIZADA   ,Normal
JUNIO, ,043 - 4NOV3                                   ,STOP,008 - MODA                                    ,001 - TEJIDO PUNTO                            ,X11241913,CAMISETA MS EN RIB CON CUELLO SPORT,,Normal
JUNIO, ,043 - 4NOV3                                   ,STOP,008 - MODA                                    ,999 - NO APLICA                               ,X19108933,GAFAS ROMÁNTICA DISEÑO EN MARCO,,Normal
JUNIO, ,043 - 4NOV3                                   ,STOP,008 - MODA                                    ,999 - NO APLICA                               ,MS0005246,PALAZZO T/ALTO CHOCOLATE,,Normal
NOVIEMBRE, ,043 - 4NOV3                                   ,STOP,008 - MODA                                    ,005 - DENIM                                   ,MS0004991,FALDA SHORT T/ALTO NEGRO MEDIO,,Normal
DICIEMBRE, ,016 - 2ABR4                                   ,STOP,008 - MODA                                    ,005 - DENIM                                   ,X10034948,CULOTT PREMIUM T/ALTO LAV MEDIO CON ACCE,001 - PRODUCCION INTERNA TELA NACIONALIZADA   ,Normal
JULIO, ,016 - 2ABR4                                   ,STOP,008 - MODA                                    ,005 - DENIM                                   ,X10265813,VAQUERO T/ALTO LAV MEDIO LARGO ESPECIAL,,Normal
JULIO, ,016 - 2ABR4                                   ,STOP,008 - MODA                                    ,005 - DENIM                                   ,MS0004812,ULTRARETRO TIRO ALTO LAVADO MEDIO OSCURO,,Normal
JULIO, ,016 - 2ABR4                                   ,STOP,008 - MODA                                    ,005 - DENIM                                   ,MS0004813,RETROJEAN TIRO ALTO LAVADO CLARO IDEO,,Normal
SEPTIEMBRE, ,016 - 2ABR4                                   ,STOP,008 - MODA                                    ,005 - DENIM                                   ,10001859,ENTERIZO HALTER CON BOTONES EN FRENTE,,Normal
MARZO, ,016 - 2ABR4                                   ,STOP,008 - MODA                                    ,005 - DENIM                                   ,10001860,ENTERIZO CORTO MARFIL CON CIERRE EN FRE,,Normal
SEPTIEMBRE, ,016 - 2ABR4                                   ,STOP,008 - MODA                                    ,005 - DENIM                                   ,10001872,RETROJEAN DESCADERADO LAV OSCURO,,Normal
SEPTIEMBRE, ,016 - 2ABR4                                   ,STOP,008 - MODA                                    ,005 - DENIM                                   ,10001873,VAQUERO DESCADERADO T/BAJO LAV MEDIO LA,,Normal
ABRIL, ,016 - 2ABR4                                   ,STOP,008 - MODA                                    ,005 - DENIM                                   ,10001940,PANTALON MATERNO ROMANTICA T/SUPER ALTO,,Normal
JUNIO, ,016 - 2ABR4                                   ,STOP,008 - MODA                                    ,005 - DENIM                                   ,10001949,TEJANO  T/MEDIO CRUDO BOTA AMPLIA,,Normal
DICIEMBRE, ,045 - 4DIC1                                   ,STOP,003 - OPORTUNIDADES                           ,001 - TEJIDO PUNTO                            ,MS0005026,T-SHIRT MANGA CORTA ESTAMPADA FRENTE,001 - PRODUCCION INTERNA TELA NACIONALIZADA   ,Normal
DICIEMBRE, ,045 - 4DIC1                                   ,STOP,008 - MODA                                    ,001 - TEJIDO PUNTO                            ,MS0005027,TOP MANGA CORTA CON PIEDRAS,001 - PRODUCCION INTERNA TELA NACIONALIZADA   ,Normal
JUNIO, ,045 - 4DIC1                                   ,STOP,008 - MODA                                    ,005 - DENIM                                   ,10011947,FALDA SHORT T/ALTO CON TAPA,,Normal
DICIEMBRE, ,045 - 4DIC1                                   ,STOP,008 - MODA                                    ,005 - DENIM                                   ,10011949,TEJANO T/ALTO LAV CLARO DETALLE EN COST,,Normal
JULIO, ,045 - 4DIC1                                   ,STOP,008 - MODA                                    ,005 - DENIM                                   ,10012824,JOGGER T/MEDIO COLOR  BOTA TUBO,,Normal
DICIEMBRE, ,045 - 4DIC1                                   ,STOP,008 - MODA                                    ,005 - DENIM                                   ,10012846,OVERALL CORTO LAV MEDIO CON GUARDAPOLVO,,Normal
SEPTIEMBRE, ,045 - 4DIC1                                   ,STOP,008 - MODA                                    ,005 - DENIM                                   ,10012847,FALDA SHORT T/ALTO LAV MEDIO CON BOLSIL,,Normal
AGOSTO, ,045 - 4DIC1                                   ,STOP,008 - MODA                                    ,005 - DENIM                                   ,10012918,LEVANTACOLA PREMIUM T/ALTO CON BOTA DOB,,Normal
DICIEMBRE, ,045 - 4DIC1                                   ,STOP,008 - MODA                                    ,005 - DENIM                                   ,10012949,TEJANO LEVANTACOLA T/ALTO COLOR BOTA AM,,Normal
ENERO, ,045 - 4DIC1                                   ,STOP,008 - MODA                                    ,005 - DENIM                                   ,10013824,JOGGER T/BAJO DESCADERADO COLOR DETALLE,,Normal
ABRIL, ,045 - 4DIC1                                   ,STOP,008 - MODA                                    ,005 - DENIM                                   ,10013846,OVERALL CORTO LAV MEDIO CON GUARDAPOLVO,,Normal
MAYO, ,045 - 4DIC1                                   ,STOP,008 - MODA                                    ,005 - DENIM                                   ,10013847,FALDA SHORT T/ALTO LAV MEDIO CON TACHES,,Normal
ENERO, ,045 - 4DIC1                                   ,STOP,008 - MODA                                    ,005 - DENIM                                   ,10013849,TEJANO T/ALTO CON BOTONES EXPUESTOS LAR,,Normal
JUNIO, ,045 - 4DIC1                                   ,STOP,008 - MODA                                    ,005 - DENIM                                   ,10014924,JOGGER T/ALTO LAV MEDIO CON BOLSILLOS E,,Normal
JUNIO, ,021 - 2JUN1                                   ,STOP,003 - OPORTUNIDADES                           ,001 - TEJIDO PUNTO                            ,ST0004585,CAMISETA T-SHIRT MC EST OPORTUNIDADES,001 - PRODUCCION INTERNA TELA NACIONALIZADA   ,Normal
AGOSTO, ,021 - 2JUN1                                   ,STOP,008 - MODA                                    ,005 - DENIM                                   ,10014942,BAGGY TIRO ALTO LAV CLARO,,Normal
AGOSTO, ,021 - 2JUN1                                   ,STOP,008 - MODA                                    ,005 - DENIM                                   ,15001922,TEJANO T/ALTO ESENCIAL ENTREP CORTO,001 - PRODUCCION INTERNA TELA NACIONALIZADA   ,Normal
AGOSTO, ,021 - 2JUN1                                   ,STOP,005 - ESENCIAL                                ,005 - DENIM                                   ,150028422,LEVANTACOLA T/ALTO ESENCIAL,001 - PRODUCCION INTERNA TELA NACIONALIZADA   ,Normal
AGOSTO, ,021 - 2JUN1                                   ,STOP,005 - ESENCIAL                                ,005 - DENIM                                   ,116489141,CAMISETA MC CON ESTAMPADO Y MANUALIDAD,,Normal
AGOSTO, ,021 - 2JUN1                                   ,STOP,005 - ESENCIAL                                ,005 - DENIM                                   ,130189221,LEVANTACOLA T/MEDIO SIN BOLSILLOS OPORT,,Normal
AGOSTO, ,021 - 2JUN1                                   ,STOP,008 - MODA                                    ,002 - TEJIDO PLANO                            ,121859051,BLUSA ML ESTAMPADA DE PUNTOS,001 - PRODUCCION INTERNA TELA NACIONALIZADA   ,Normal
AGOSTO, ,021 - 2JUN1                                   ,STOP,008 - MODA                                    ,002 - TEJIDO PLANO                            ,150223012,EJECUTIVO T/ALTO BASICO,,Normal
AGOSTO, ,021 - 2JUN1                                   ,STOP,008 - MODA                                    ,002 - TEJIDO PLANO                            ,130168223,LEVANTACOLA T/ALTO CON BOLSILLOS OPORTU,,Normal
AGOSTO, ,021 - 2JUN1                                   ,STOP,008 - MODA                                    ,002 - TEJIDO PLANO                            ,150059552,CAMISA MANGA LARGA FONDO ENTERO ESENCIAL,,Normal
AGOSTO, ,021 - 2JUN1                                   ,STOP,008 - MODA                                    ,002 - TEJIDO PLANO                            ,121899051,BLUSA ML CON CUELLO Y PERILLA EFECTO TE,,Normal
AGOSTO, ,021 - 2JUN1                                   ,STOP,008 - MODA                                    ,002 - TEJIDO PLANO                            ,150048523,TOP MANGA SISA EN RIB ESENCIAL,,Normal
AGOSTO, ,021 - 2JUN1                                   ,STOP,008 - MODA                                    ,002 - TEJIDO PLANO                            ,182279011,FALDA LARGA TIPO PAREO ESTAMPADA,,Normal
AGOSTO, ,021 - 2JUN1                                   ,STOP,008 - MODA                                    ,002 - TEJIDO PLANO                            ,100209491,TEJANO T/ALTO OSCURO EN COURDUROY,,Normal
MAYO, ,020 - 2MAY4                                   ,STOP,008 - MODA                                    ,005 - DENIM                                   ,B10098855,RETROJEAN T/ALTO LAV MEDIO CON DETALLE E,001 - PRODUCCION INTERNA TELA NACIONALIZADA   ,Normal
AGOSTO, ,020 - 2MAY4                                   ,STOP,008 - MODA                                    ,005 - DENIM                                   ,10014946,OVERALL PREMIUM CORTO LAV MEDIO CON TAP,,Normal
DICIEMBRE, ,045 - 4DIC1                                   ,STOP,008 - MODA                                    ,001 - TEJIDO PUNTO                            ,MS0005032,VESTIDO MANGA SISA CORTO,,Normal
ABRIL, ,045 - 4DIC1                                   ,STOP,008 - MODA                                    ,002 - TEJIDO PLANO                            ,10023847,FALDA SHORT T/ALTO LAV CLARO,,Normal
MARZO, ,045 - 4DIC1                                   ,STOP,008 - MODA                                    ,005 - DENIM                                   ,10023918,LEVANTACOLA T/ALTO LAV MEDIO CON DETALE,,Normal
DICIEMBRE, ,045 - 4DIC1                                   ,STOP,008 - MODA                                    ,005 - DENIM                                   ,10023948,CULOTT T/ALTO COLOR BOTA AMPLIA,,Normal
JUNIO, ,045 - 4DIC1                                   ,STOP,008 - MODA                                    ,005 - DENIM                                   ,10023949,TEJANO T/ALTO COLOR CON DOBLE PRETINA,,Normal
MARZO, ,045 - 4DIC1                                   ,STOP,008 - MODA                                    ,005 - DENIM                                   ,10024918,LEVANTACOLA T/ALTO LAV OSCURO CON ABERT,,Normal
JUNIO, ,045 - 4DIC1                                   ,STOP,008 - MODA                                    ,005 - DENIM                                   ,10024949,TEJANO T/MEDIO LAV MEDIO OSCURO CON DET,,Normal
JUNIO, ,045 - 4DIC1                                   ,STOP,008 - MODA                                    ,005 - DENIM                                   ,10025849,TEJANO LEVANTACOLA T/ALTO LAV MEDIO CON,,Normal
MARZO, ,045 - 4DIC1                                   ,STOP,008 - MODA                                    ,005 - DENIM                                   ,10025918,LEVANTACOLA T/ALTO LAV MEDIO DETALLE EN,,Normal
MAYO, ,045 - 4DIC1                                   ,STOP,008 - MODA                                    ,005 - DENIM                                   ,10026818,LEVANTACOLA T/ALTO LAV MEDIO  DETALLE E,,Normal
JULIO, ,045 - 4DIC1                                   ,STOP,008 - MODA                                    ,005 - DENIM                                   ,10026849,TEJANO T/ALTO LAV MEDIO CON DOBLE BOTÓN,,Normal
JULIO, ,045 - 4DIC1                                   ,STOP,008 - MODA                                    ,005 - DENIM                                   ,10027849,TEJANO T/ALTO LAV MEDIO OSCURO DETALLE,,Normal
MAYO, ,045 - 4DIC1                                   ,STOP,008 - MODA                                    ,005 - DENIM                                   ,10027918,LEVANTACOLA T/ALTO LAV MEDIO OSCURO BOT,,Normal
MAYO, ,045 - 4DIC1                                   ,STOP,008 - MODA                                    ,005 - DENIM                                   ,10028818,LEVANTACOLA T/ALTO LAV MEDIO CON CORTES,,Normal
JULIO, ,045 - 4DIC1                                   ,STOP,008 - MODA                                    ,005 - DENIM                                   ,10028948,CULOTT T/ALTO LAV MEDIO CON CORREA,,Normal
JULIO, ,045 - 4DIC1                                   ,STOP,008 - MODA                                    ,005 - DENIM                                   ,10028949,TEJANO T/ALTO LAV MEDIO CON ROTOS BOTA,,Normal
MAYO, ,045 - 4DIC1                                   ,STOP,008 - MODA                                    ,005 - DENIM                                   ,10029918,LEVANTACOLA T/ALTO LAV MEDIO CON DETALL,,Normal
FEBRERO, ,045 - 4DIC1                                   ,STOP,008 - MODA                                    ,005 - DENIM                                   ,10029948,CULOTT T/ALTO LAV MEDIO RESERVA EN BOTA,,Normal
JULIO, ,045 - 4DIC1                                   ,STOP,008 - MODA                                    ,005 - DENIM                                   ,10029949,TEJANO LEVANTACOLA T/ALTO LAV OSCURO BO,,Normal
JULIO, ,045 - 4DIC1                                   ,STOP,008 - MODA                                    ,005 - DENIM                                   ,10030818,LEVANTACOLA T/ALTO LAV MEDIO CON BOTONE,,Normal
FEBRERO, ,045 - 4DIC1                                   ,STOP,008 - MODA                                    ,005 - DENIM                                   ,10030844,OVERALL LARGO LAV CLARO CON BOLSILLOS T,,Normal
MARZO, ,045 - 4DIC1                                   ,STOP,008 - MODA                                    ,005 - DENIM                                   ,10030922,MOM JEAN T/ALTO LAVADO GRIS BOTA RECTA,,Normal
SEPTIEMBRE, ,045 - 4DIC1                                   ,STOP,008 - MODA                                    ,005 - DENIM                                   ,10030949,TEJANO T/ALTO LAV MEDIO CON BOLSILLOS D,,Normal
AGOSTO, ,045 - 4DIC1                                   ,STOP,008 - MODA                                    ,005 - DENIM                                   ,10031849,TEJANO T/ALTO LAV MEDIO DETALLE EN BOLS,,Normal
JUNIO, ,045 - 4DIC1                                   ,STOP,008 - MODA                                    ,005 - DENIM                                   ,10031918,LEVANTACOLA T/ALTO LAV MEDIO DETALLE EN,,Normal
JUNIO, ,045 - 4DIC1                                   ,STOP,008 - MODA                                    ,005 - DENIM                                   ,10031948,CULOTT T/ALTO LAV OSCURO BOTA AMPLIA,,Normal
MAYO, ,045 - 4DIC1                                   ,STOP,008 - MODA                                    ,005 - DENIM                                   ,10032822,MOM JEAN T/ALTO LAV MEDIO CLARO DETALLE,,Normal
MAYO, ,045 - 4DIC1                                   ,STOP,008 - MODA                                    ,005 - DENIM                                   ,10032912,LIPOJEAN PREMIUM T/ALTO  LAV MEDIO DETA,,Normal
SEPTIEMBRE, ,045 - 4DIC1                                   ,STOP,008 - MODA                                    ,005 - DENIM                                   ,10032948,CULOTT  T/ALTO BLANCO CON CORREA,,Normal
FEBRERO, ,045 - 4DIC1                                   ,STOP,008 - MODA                                    ,005 - DENIM                                   ,10032949,TEJANO T/MEDIO LAV OSCURO CORTE EN FREN,,Normal
JULIO, ,045 - 4DIC1                                   ,STOP,008 - MODA                                    ,005 - DENIM                                   ,10033818,LEVANTACOLA T/ALTO LAV MEDIO OSCURO BOT,,Normal
OCTUBRE, ,045 - 4DIC1                                   ,STOP,008 - MODA                                    ,005 - DENIM                                   ,10033848,CULOTT T/ALTO COLOR CORTE FRENTE,,Normal
SEPTIEMBRE, ,045 - 4DIC1                                   ,STOP,008 - MODA                                    ,005 - DENIM                                   ,10033849,TEJANO LEVANTACOLA T/ALTO NEGRO BOTONES,,Normal
OCTUBRE, ,045 - 4DIC1                                   ,STOP,008 - MODA                                    ,005 - DENIM                                   ,10034849,TEJANO LEVANTACOLA T/MEDIO LAV MEDIO OS,,Normal
JULIO, ,045 - 4DIC1                                   ,STOP,008 - MODA                                    ,005 - DENIM                                   ,10034922,MOM JEAN T/ALTO LAV OSCURO TIPO  BALLOO,,Normal
JULIO, ,045 - 4DIC1                                   ,STOP,008 - MODA                                    ,005 - DENIM                                   ,10035818,LEVANTACOLA T/ALTO CROP LAV MEDIO  BOTO,,Normal
JUNIO, ,045 - 4DIC1                                   ,STOP,008 - MODA                                    ,005 - DENIM                                   ,10035822,MOM JEAN  T/ALTO NEGRO CON BOLSILLOS,,Normal
JUNIO, ,045 - 4DIC1                                   ,STOP,008 - MODA                                    ,005 - DENIM                                   ,10035834,PANTALON CARGO T/ALTO LAVADO MEDIO BOTA,,Normal
DICIEMBRE, ,045 - 4DIC1                                   ,STOP,008 - MODA                                    ,002 - TEJIDO PLANO                            ,10035944,OVERALL LARGO LAV MEDIO CON DESGASTES B,,Normal
DICIEMBRE, ,045 - 4DIC1                                   ,STOP,008 - MODA                                    ,005 - DENIM                                   ,10035948,CULOTT T/ALTO LAV MEDIO CON CORREA,,Normal
NOVIEMBRE, ,045 - 4DIC1                                   ,STOP,008 - MODA                                    ,005 - DENIM                                   ,10035949,TEJANO T/MEDIO LAV OSCURO PASADORES CRU,,Normal
JULIO, ,045 - 4DIC1                                   ,STOP,008 - MODA                                    ,005 - DENIM                                   ,10036818,LEVANTACOLA T/ALTO LAV MEDIO CON DETALL,,Normal
DICIEMBRE, ,045 - 4DIC1                                   ,STOP,008 - MODA                                    ,005 - DENIM                                   ,10036823,FALDA CORTA T/ALTO COLOR,,Normal
ABRIL, ,045 - 4DIC1                                   ,STOP,008 - MODA                                    ,005 - DENIM                                   ,10036834,PANTALÓN CARGO T/ALTO LAV CLARO BOTA RE,,Normal
DICIEMBRE, ,045 - 4DIC1                                   ,STOP,008 - MODA                                    ,005 - DENIM                                   ,10036844,OVERALL LARGO COLOR  CON DETALLE EN BOL,,Normal
JULIO, ,045 - 4DIC1                                   ,STOP,008 - MODA                                    ,005 - DENIM                                   ,10036922,MOM JEAN  T/ALTO NEGRO BOTA RECTA,,Normal
ENERO, ,045 - 4DIC1                                   ,STOP,008 - MODA                                    ,005 - DENIM                                   ,10036948,CULOTT T/ALTO LAV OSCURO DETALLE EN DEL,,Normal
SEPTIEMBRE, ,045 - 4DIC1                                   ,STOP,008 - MODA                                    ,005 - DENIM                                   ,10037918,LEVANTACOLA T/ALTO LAV MEDIO OSCURO CON,,Normal
FEBRERO, ,045 - 4DIC1                                   ,STOP,008 - MODA                                    ,005 - DENIM                                   ,10037944,OVERALL LARGO LAVADO MEDIO A RAYAS,,Normal
FEBRERO, ,045 - 4DIC1                                   ,STOP,008 - MODA                                    ,005 - DENIM                                   ,10037948,CULOTT T/ALTO LAV OSCURO BOTA ANCHA,,Normal
DICIEMBRE, ,045 - 4DIC1                                   ,STOP,008 - MODA                                    ,005 - DENIM                                   ,10037949,TEJANO LEVANTACOLA T/BAJO LAV MEDIO BOT,,Normal
ABRIL, ,045 - 4DIC1                                   ,STOP,008 - MODA                                    ,005 - DENIM                                   ,10038844,OVERALL LARGO LAV OSCURO BOTA AMPLIA,,Normal
DICIEMBRE, ,045 - 4DIC1                                   ,STOP,008 - MODA                                    ,005 - DENIM                                   ,10038849,TEJANO LEVANTACOLA T/ALTO LAV OSCURO BO,,Normal
AGOSTO, ,045 - 4DIC1                                   ,STOP,008 - MODA                                    ,005 - DENIM                                   ,10038918,LEVANTACOLA PREMIUM  T/ALTO NEGRO  BOLS,,Normal
ABRIL, ,045 - 4DIC1                                   ,STOP,008 - MODA                                    ,002 - TEJIDO PLANO                            ,10038948,CULOTT TIRO ALTO BOTA ANCHA,,Normal
SEPTIEMBRE, ,045 - 4DIC1                                   ,STOP,008 - MODA                                    ,005 - DENIM                                   ,10039818,LEVANTACOLA T/ALTO LAV MEDIO BOTA RECTA,,Normal
SEPTIEMBRE, ,045 - 4DIC1                                   ,STOP,008 - MODA                                    ,005 - DENIM                                   ,10039834,PANTALON CARGO T/ALTO  LAVADO GRIS BOTA,,Normal
MAYO, ,045 - 4DIC1                                   ,STOP,008 - MODA                                    ,005 - DENIM                                   ,10039944,OVERALL LARGO LAV CLARO CON TAPA DE BOL,,Normal
DICIEMBRE, ,045 - 4DIC1                                   ,STOP,008 - MODA                                    ,005 - DENIM                                   ,10039949,TEJANO T/ALTO COLOR CON BOLSILLOS Y TAP,,Normal
DICIEMBRE, ,045 - 4DIC1                                   ,STOP,008 - MODA                                    ,005 - DENIM                                   ,10040822,MOM JEAN PREMIUM T/ALTO CON TACTO SUAVE,,Normal
MAYO, ,045 - 4DIC1                                   ,STOP,008 - MODA                                    ,002 - TEJIDO PLANO                            ,10040823,FALDA T/ALTO ARENA CON BOLSILLOS FUNCIO,,Normal
ENERO, ,045 - 4DIC1                                   ,STOP,008 - MODA                                    ,002 - TEJIDO PLANO                            ,10040849,TEJANO T/ALTO COLOR CON DOBLE PRETINA,,Normal
OCTUBRE, ,045 - 4DIC1                                   ,STOP,008 - MODA                                    ,005 - DENIM                                   ,10040918,LEVANTACOLA T/ALTO LAV MEDIO OSCURO CON,,Normal
SEPTIEMBRE, ,045 - 4DIC1                                   ,STOP,008 - MODA                                    ,005 - DENIM                                   ,10040944,OVERALL LARGO COLOR CON TEXTURA,,Normal
SEPTIEMBRE, ,045 - 4DIC1                                   ,STOP,008 - MODA                                    ,005 - DENIM                                   ,10041818,LEVANTACOLA T/ALTO LAV MEDIO CON BOTA D,,Normal
DICIEMBRE, ,045 - 4DIC1                                   ,STOP,008 - MODA                                    ,005 - DENIM                                   ,10041822,MOM JEAN T/ALTO LAV MEDIO CON DESGASTE,,Normal
ABRIL, ,045 - 4DIC1                                   ,STOP,008 - MODA                                    ,005 - DENIM                                   ,10041823,FALDA  T/ALTO LAV GRIS CON BOLSILLOS CA,,Normal
MAYO, ,045 - 4DIC1                                   ,STOP,008 - MODA                                    ,002 - TEJIDO PLANO                            ,10041834,PANTALÓN CARGO T/ALTO NEGRO CON BOLSILL,,Normal
ABRIL, ,045 - 4DIC1                                   ,STOP,008 - MODA                                    ,002 - TEJIDO PLANO                            ,10041944,OVERALL LARGO LAV CLARO BOTA DOBLADA,,Normal
DICIEMBRE, ,045 - 4DIC1                                   ,STOP,008 - MODA                                    ,005 - DENIM                                   ,10041949,TEJANO T/ALTO LAV OSCURO BOTA AMPLIA,,Normal
OCTUBRE, ,045 - 4DIC1                                   ,STOP,008 - MODA                                    ,005 - DENIM                                   ,10042818,LEVANTACOLA T/ALTO LAV MEDIO DETALLE EN,,Normal
AGOSTO, ,045 - 4DIC1                                   ,STOP,008 - MODA                                    ,005 - DENIM                                   ,10042923,FALDA T/ALTO CORTA  LAV CLARO  PRETINA,,Normal
MAYO, ,045 - 4DIC1                                   ,STOP,008 - MODA                                    ,005 - DENIM                                   ,10042934,PANTALON CARGO T/ALTO LAV CLARO CON BOL,,Normal
ENERO, ,045 - 4DIC1                                   ,STOP,008 - MODA                                    ,005 - DENIM                                   ,10042949,TEJANO LEVANTACOLA T/ALTO NEGRO BOTA D,,Normal
OCTUBRE, ,045 - 4DIC1                                   ,STOP,008 - MODA                                    ,005 - DENIM                                   ,10043818,LEVANTACOLA T/ALTO LAV OSCURO CON BOLSI,,Normal
JUNIO, ,045 - 4DIC1                                   ,STOP,008 - MODA                                    ,005 - DENIM                                   ,10043822,MOM JEAN T/ALTO LAV OSCURO CON CUCHILLA,,Normal
ABRIL, ,045 - 4DIC1                                   ,STOP,008 - MODA                                    ,002 - TEJIDO PLANO                            ,10043949,TEJANO T/ALTO LAV MEDIO BOTA ANCHA,,Normal
FEBRERO, ,045 - 4DIC1                                   ,STOP,008 - MODA                                    ,005 - DENIM                                   ,10044822,MOM JEAN T/ALTO LAV MEDIO OSCURO CON PR,,Normal
SEPTIEMBRE, ,045 - 4DIC1                                   ,STOP,008 - MODA                                    ,005 - DENIM                                   ,10044823,FALDA CORTA CON DESGASTE,,Normal
JUNIO, ,045 - 4DIC1                                   ,STOP,008 - MODA                                    ,005 - DENIM                                   ,10044834,PANTALON CARGO T/ALTO LAV MEDIO BOTA TU,,Normal
NOVIEMBRE, ,045 - 4DIC1                                   ,STOP,008 - MODA                                    ,005 - DENIM                                   ,10044918,LEVANTACOLA T/ALTO LAV OSCURO DETALLE E,,Normal
SEPTIEMBRE, ,045 - 4DIC1                                   ,STOP,008 - MODA                                    ,005 - DENIM                                   ,10045822,MOM JEAN TIRO BAJO LAV MEDIO CON ROTOS,,Normal
NOVIEMBRE, ,045 - 4DIC1                                   ,STOP,008 - MODA                                    ,005 - DENIM                                   ,10045918,LEVANTACOLA T/ALTO NEGRO CON APLIQUE EN,,Normal
NOVIEMBRE, ,045 - 4DIC1                                   ,STOP,008 - MODA                                    ,005 - DENIM                                   ,10046818,LEVANTACOLA T/ALTO LAV MEDIO OSCURO CON,,Normal
DICIEMBRE, ,045 - 4DIC1                                   ,STOP,008 - MODA                                    ,005 - DENIM                                   ,10046822,MOM JEAN DESCADERADO LAV MEDIO DETALLE,,Normal
SEPTIEMBRE, ,045 - 4DIC1                                   ,STOP,008 - MODA                                    ,005 - DENIM                                   ,10046923,FALDA T/ALTO CORTA LAV CLARO CON CORTES,,Normal
JULIO, ,045 - 4DIC1                                   ,STOP,008 - MODA                                    ,002 - TEJIDO PLANO                            ,10046934,CARGO T/ALTO TEÑIDO BOTA AMPLIA,,Normal
DICIEMBRE, ,045 - 4DIC1                                   ,STOP,008 - MODA                                    ,005 - DENIM                                   ,10047918,LEVANTACOLA T/ALTO LAV MEDIO OSC APLIQU,,Normal
DICIEMBRE, ,045 - 4DIC1                                   ,STOP,008 - MODA                                    ,005 - DENIM                                   ,10047922,MOM JEAN T/ALTO LAV CLARO CON ROTOS,,Normal
DICIEMBRE, ,045 - 4DIC1                                   ,STOP,008 - MODA                                    ,005 - DENIM                                   ,10048834,PANTALÓN CARGO T/ALTO COLOR,,Normal
DICIEMBRE, ,045 - 4DIC1                                   ,STOP,008 - MODA                                    ,005 - DENIM                                   ,10048918,LEVANTACOLA T/ALTO LAV MEDIO CON BOLSIL,,Normal
NOVIEMBRE, ,045 - 4DIC1                                   ,STOP,008 - MODA                                    ,002 - TEJIDO PLANO                            ,10048923,FALDA T/ALTO LAV CLARO CORTA CON TELA D,,Normal
MAYO, ,045 - 4DIC1                                   ,STOP,008 - MODA                                    ,005 - DENIM                                   ,10049912,LIPOJEAN T/ALTO LAV MEDIO CON DETALLE E,,Normal
DICIEMBRE, ,045 - 4DIC1                                   ,STOP,008 - MODA                                    ,005 - DENIM                                   ,10049918,LEVANTACOLA T/ALTO LAV MEDIO CON INSUMO,,Normal
DICIEMBRE, ,045 - 4DIC1                                   ,STOP,008 - MODA                                    ,005 - DENIM                                   ,10049923,FALDA T/ALTO LAV OSCURO PRETINA TRASLAD,,Normal
DICIEMBRE, ,045 - 4DIC1                                   ,STOP,008 - MODA                                    ,005 - DENIM                                   ,10050812,LIPOJEAN T/ALTO LAV OSCURO SIN BOLSILLO,,Normal
NOVIEMBRE, ,045 - 4DIC1                                   ,STOP,008 - MODA                                    ,005 - DENIM                                   ,10050818,LEVANTACOLA T/ALTO NEGRO EFECTO CUERO,,Normal
DICIEMBRE, ,045 - 4DIC1                                   ,STOP,008 - MODA                                    ,005 - DENIM                                   ,10050823,FALDA T/ALTO LAV MEDIO CORTA CON RUEDO,,Normal
NOVIEMBRE, ,045 - 4DIC1                                   ,STOP,008 - MODA                                    ,005 - DENIM                                   ,10051818,LEVANTACOLA T/ALTO PLATA TELA CON EFECT,,Normal
DICIEMBRE, ,045 - 4DIC1                                   ,STOP,008 - MODA                                    ,002 - TEJIDO PLANO                            ,10051823,FALDA T/ALTO CORTA NEGRA  EN TELA EFECT,,Normal
OCTUBRE, ,045 - 4DIC1                                   ,STOP,008 - MODA                                    ,005 - DENIM                                   ,10051855,RETROJEAN T/ALTO LAV CLARO SIN PRETINA,,Normal
JUNIO, ,045 - 4DIC1                                   ,STOP,008 - MODA                                    ,002 - TEJIDO PLANO                            ,10051934,PANTALON CARGO T/ALTO MARFIL CON BOLSIL,,Normal
DICIEMBRE, ,045 - 4DIC1                                   ,STOP,008 - MODA                                    ,005 - DENIM                                   ,10052818,LEVANTACOLA T/ALTO LAV MEDIO DETALLE EN,,Normal
DICIEMBRE, ,045 - 4DIC1                                   ,STOP,008 - MODA                                    ,005 - DENIM                                   ,10052823,FALDA TIRO ALTO EFECTO BRILLO,,Normal
JUNIO, ,045 - 4DIC1                                   ,STOP,008 - MODA                                    ,005 - DENIM                                   ,10052834,PANTALON CARGO T/ALTO LAV MEDIO BOTA AM,,Normal
DICIEMBRE, ,045 - 4DIC1                                   ,STOP,008 - MODA                                    ,005 - DENIM                                   ,10053818,LEVANTACOLA T/ALTO LAV OSC CON APLIQUE,,Normal
ABRIL, ,045 - 4DIC1                                   ,STOP,008 - MODA                                    ,005 - DENIM                                   ,10053823,FALDA T/ALTO LAV MEDIO LARGA CON ABERTU,,Normal
JUNIO, ,045 - 4DIC1                                   ,STOP,008 - MODA                                    ,002 - TEJIDO PLANO                            ,10053834,PANTALON CARGO T/MEDIO COLOR VERDE OSCU,,Normal
ABRIL, ,045 - 4DIC1                                   ,STOP,008 - MODA                                    ,005 - DENIM                                   ,10054823,FALDA T/ALTO COLOR CON DETALLE EN DELAN,,Normal
MAYO, ,045 - 4DIC1                                   ,STOP,008 - MODA                                    ,001 - TEJIDO PUNTO                            ,B11774914,CAMISETA MC ESTAMPADA COLCAFÉ,,Normal
JULIO, ,045 - 4DIC1                                   ,STOP,008 - MODA                                    ,005 - DENIM                                   ,10054834,PANTALON CARGO T/ALTO  ARENA BOTA AMPLI,,Normal
ENERO, ,045 - 4DIC1                                   ,STOP,008 - MODA                                    ,005 - DENIM                                   ,10054918,LEVANTACOLA T/ALTO  LAV MEDIO RELOJERA,,Normal
ENERO, ,045 - 4DIC1                                   ,STOP,008 - MODA                                    ,005 - DENIM                                   ,10055818,LEVANTACOLA T/ALTO LAV MEDIO CON ACCES,,Normal
JUNIO, ,045 - 4DIC1                                   ,STOP,008 - MODA                                    ,002 - TEJIDO PLANO                            ,10055823,FALDA T/ALTO COLOR EN COURDUROY,,Normal
AGOSTO, ,045 - 4DIC1                                   ,STOP,008 - MODA                                    ,005 - DENIM                                   ,10055934,PANTALON CARGO T/ALTO LAV CLARO BOTA RE,,Normal
AGOSTO, ,045 - 4DIC1                                   ,STOP,008 - MODA                                    ,005 - DENIM                                   ,10055955,RETROJEAN T/ALTO LAV MEDIO BOTA AMPLIA,,Normal
SEPTIEMBRE, ,045 - 4DIC1                                   ,STOP,008 - MODA                                    ,005 - DENIM                                   ,10056823,FALDA T/ALTO ANIMAL PRINT,,Normal
SEPTIEMBRE, ,045 - 4DIC1                                   ,STOP,008 - MODA                                    ,002 - TEJIDO PLANO                            ,10056834,PANTALON CARGO T/ALTO  ARENA CON CHARRE,,Normal
ENERO, ,045 - 4DIC1                                   ,STOP,008 - MODA                                    ,005 - DENIM                                   ,10056918,LEVANTACOLA T/ALTO LAV OSCURO CON BOLSI,,Normal
ENERO, ,045 - 4DIC1                                   ,STOP,008 - MODA                                    ,005 - DENIM                                   ,10057834,CARGO TIRO ALTO CON  BOLSILLOSEN COSTAD,,Normal
MAYO, ,045 - 4DIC1                                   ,STOP,008 - MODA                                    ,005 - DENIM                                   ,10057916,ELASTIK PREMIUM T/ALTO CON BLLO COSTADO,,Normal
FEBRERO, ,045 - 4DIC1                                   ,STOP,008 - MODA                                    ,005 - DENIM                                   ,10057918,LEVANTACOLA T/ALTO LAV OSCURO DETALLE E,,Normal
NOVIEMBRE, ,041 - 4NOV1                                   ,STOP,008 - MODA                                    ,001 - TEJIDO PUNTO                            ,MS0004680,BLUSA MANGA 3/4  DETALLE BORDADO,001 - PRODUCCION INTERNA TELA NACIONALIZADA   ,Normal
NOVIEMBRE, ,042 - 4NOV2                                   ,STOP,008 - MODA                                    ,002 - TEJIDO PLANO                            ,MS0004714,TEJANO FLARE T/ALTO,001 - PRODUCCION INTERNA TELA NACIONALIZADA   ,Normal
NOVIEMBRE, ,042 - 4NOV2                                   ,STOP,008 - MODA                                    ,005 - DENIM                                   ,10057923,FALDA T/ALTO LAV MEDIO CON HEBILLA,,Normal
ABRIL, ,042 - 4NOV2                                   ,STOP,008 - MODA                                    ,002 - TEJIDO PLANO                            ,10058818,LEVANTACOLA T/ALTO CON ABERTURA LATERAL,,Normal
NOVIEMBRE, ,042 - 4NOV2                                   ,STOP,008 - MODA                                    ,005 - DENIM                                   ,10058823,FALDA T/ALTO CORTA NEGRA CON REMACHES E,,Normal
MAYO, ,042 - 4NOV2                                   ,STOP,008 - MODA                                    ,005 - DENIM                                   ,10058916,ELASTIK PREMIUM T/ALTO LAV CLARO DETALL,,Normal
SEPTIEMBRE, ,042 - 4NOV2                                   ,STOP,008 - MODA                                    ,002 - TEJIDO PLANO                            ,10058934,PANTALON CARGO T/MEDIO BLANCO BOTA AMPL,,Normal
SEPTIEMBRE, ,042 - 4NOV2                                   ,STOP,008 - MODA                                    ,002 - TEJIDO PLANO                            ,10058955,RETROJEAN T/ALTO LAVADO CLARO BOTA RECT,,Normal
DICIEMBRE, ,042 - 4NOV2                                   ,STOP,008 - MODA                                    ,005 - DENIM                                   ,10059823,FALDA T/ALTO CORTA LAV OSCURO CON TABLA,,Normal
NOVIEMBRE, ,042 - 4NOV2                                   ,STOP,008 - MODA                                    ,005 - DENIM                                   ,10059834,PANTALON CARGO TIRO MEDIO BOTA AMPLIA T,,Normal
ABRIL, ,042 - 4NOV2                                   ,STOP,008 - MODA                                    ,002 - TEJIDO PLANO                            ,10059918,LEVANTACOLA T/ALTO NEGRO CON CIERRE EN,,Normal
OCTUBRE, ,042 - 4NOV2                                   ,STOP,008 - MODA                                    ,002 - TEJIDO PLANO                            ,10060834,PANTALON CARGO T/ALTO COLOR BOLSILLO EN,,Normal
JUNIO, ,042 - 4NOV2                                   ,STOP,008 - MODA                                    ,002 - TEJIDO PLANO                            ,10060855,RETROJEAN T/ALTO EFECTO CUERO BOTA RECT,,Normal
MAYO, ,042 - 4NOV2                                   ,STOP,008 - MODA                                    ,005 - DENIM                                   ,10060916,ELASTIK  PREMIUM T/ALTO BOTA TUBO,,Normal
JUNIO, ,042 - 4NOV2                                   ,STOP,008 - MODA                                    ,005 - DENIM                                   ,10061916,ELASTIK PREMIUM T/ALTO LAV MEDIO BOTA T,,Normal
NOVIEMBRE, ,042 - 4NOV2                                   ,STOP,008 - MODA                                    ,005 - DENIM                                   ,10061934,PANTALON CARGO T/ALTO LAV MEDIO CORTES,,Normal
JUNIO, ,042 - 4NOV2                                   ,STOP,008 - MODA                                    ,005 - DENIM                                   ,10061955,RETROJEAN T/A LAVADO MEDIO BOTA ANCHA,,Normal
AGOSTO, ,042 - 4NOV2                                   ,STOP,008 - MODA                                    ,005 - DENIM                                   ,10062816,ELASTIK PREMIUM T/ALTO LAV OSCURO BOTA,,Normal
JUNIO, ,042 - 4NOV2                                   ,STOP,008 - MODA                                    ,005 - DENIM                                   ,10062855,RETROJEAN T/ALTO COLOR CON BOLSILLOS,,Normal
NOVIEMBRE, ,042 - 4NOV2                                   ,STOP,008 - MODA                                    ,002 - TEJIDO PLANO                            ,10062934,PANTALON CARGO T/ALTO COLOR  DETALLE EN,,Normal
MAYO, ,042 - 4NOV2                                   ,STOP,008 - MODA                                    ,005 - DENIM                                   ,10063855,RETROJEAN T/ALTO LAV MEDIO DETALLE EN C,,Normal
OCTUBRE, ,042 - 4NOV2                                   ,STOP,008 - MODA                                    ,005 - DENIM                                   ,10063916,ELASTIK PREMIUM T/ALTO LAV CLARO BOTA T,,Normal
DICIEMBRE, ,042 - 4NOV2                                   ,STOP,008 - MODA                                    ,005 - DENIM                                   ,10063934,PANTALON CARGO T/ALTO ARENA CON TAPAS E,,Normal
OCTUBRE, ,042 - 4NOV2                                   ,STOP,008 - MODA                                    ,005 - DENIM                                   ,10064916,ELASTIK PREMIUM T/ALTO LAV OSCURO BOTON,,Normal
DICIEMBRE, ,042 - 4NOV2                                   ,STOP,008 - MODA                                    ,005 - DENIM                                   ,10064934,PANTALON CARGO T/ALTO COLOR CON ELÁSTIC,,Normal
NOVIEMBRE, ,042 - 4NOV2                                   ,STOP,008 - MODA                                    ,005 - DENIM                                   ,10065816,ELASTIK PREMIUM T/ALTO CON DETALLE  EN,,Normal
FEBRERO, ,042 - 4NOV2                                   ,STOP,008 - MODA                                    ,005 - DENIM                                   ,10065834,PANTALON CARGO T/ALTO COLOR CON CHARRET,,Normal
JUNIO, ,042 - 4NOV2                                   ,STOP,008 - MODA                                    ,005 - DENIM                                   ,10065955,RETROJEAN T/MEDIO LAV MEDIO CLARO CON C,,Normal
NOVIEMBRE, ,042 - 4NOV2                                   ,STOP,008 - MODA                                    ,005 - DENIM                                   ,10066816,ELASTIK PREMIUM  T/ALTO LAV MEDIO BOTA,,Normal
ABRIL, ,042 - 4NOV2                                   ,STOP,008 - MODA                                    ,005 - DENIM                                   ,10066834,PANTALON CARGO T/ALTO TEÑIDO CIERRE EN,,Normal
NOVIEMBRE, ,042 - 4NOV2                                   ,STOP,008 - MODA                                    ,005 - DENIM                                   ,10067816,ELASTIK PREMIUM T/ALTO LAVADO MEDIO BOT,,Normal
JUNIO, ,042 - 4NOV2                                   ,STOP,008 - MODA                                    ,002 - TEJIDO PLANO                            ,10067834,PANTALON CARGO T/MEDIO EFECTO NATURAL B,,Normal
OCTUBRE, ,042 - 4NOV2                                   ,STOP,008 - MODA                                    ,005 - DENIM                                   ,10067855,RETROJEAN T/ALTO COLOR BOTA AMPLIA,,Normal
MAYO, ,042 - 4NOV2                                   ,STOP,008 - MODA                                    ,005 - DENIM                                   ,10068834,PANTALON CARGO T/ALTO LAV MEDIO CON DET,,Normal
DICIEMBRE, ,042 - 4NOV2                                   ,STOP,008 - MODA                                    ,005 - DENIM                                   ,10068916,ELASTIK  PREMIUM T/ALTO LAV OSCURO 5 BO,,Normal
AGOSTO, ,042 - 4NOV2                                   ,STOP,008 - MODA                                    ,005 - DENIM                                   ,10069834,PANTALON CARGO T/BAJO LAV MEDIO CON BOL,,Normal
ENERO, ,042 - 4NOV2                                   ,STOP,008 - MODA                                    ,005 - DENIM                                   ,10069855,RETROJEAN T/ALTO TEÑIDO BLANCO BOTA AMP,,Normal
FEBRERO, ,042 - 4NOV2                                   ,STOP,008 - MODA                                    ,005 - DENIM                                   ,10069916,ELASTIK PREMIUM T/ALTO LAV MEDIO OSCURO,,Normal
NOVIEMBRE, ,047 - 4DIC3                                   ,STOP,008 - MODA                                    ,001 - TEJIDO PUNTO                            ,MS0005068,TOP MANGA CORTA CON CORTE EN FRENTE,001 - PRODUCCION INTERNA TELA NACIONALIZADA   ,Normal
NOVIEMBRE, ,044 - 4NOV4                                   ,STOP,008 - MODA                                    ,001 - TEJIDO PUNTO                            ,MS0005103,BODY MANGA LARGA  RECOGIDO FRENTE,001 - PRODUCCION INTERNA TELA NACIONALIZADA   ,Normal
NOVIEMBRE, ,043 - 4NOV3                                   ,STOP,008 - MODA                                    ,005 - DENIM                                   ,MS0005126,FALDA SHORT T/ALTO COLOR NEGRO,001 - PRODUCCION INTERNA TELA NACIONALIZADA   ,Normal
MARZO, ,043 - 4NOV3                                   ,STOP,008 - MODA                                    ,005 - DENIM                                   ,10070816,ELASTIK PREMIUM T/ALTO LAVADO OSCURO SO,,Normal
SEPTIEMBRE, ,043 - 4NOV3                                   ,STOP,008 - MODA                                    ,005 - DENIM                                   ,10070834,PANTALÓN CARGO T/ALTO NEGRO,,Normal
AGOSTO, ,043 - 4NOV3                                   ,STOP,008 - MODA                                    ,005 - DENIM                                   ,10070855,RETROJEAN T/BAJO LAV CLARO CON DESGASTE,,Normal
OCTUBRE, ,043 - 4NOV3                                   ,STOP,008 - MODA                                    ,005 - DENIM                                   ,10071855,RETROJEAN T/ALTO LAV CLARO CON CORDON E,,Normal
MARZO, ,043 - 4NOV3                                   ,STOP,008 - MODA                                    ,005 - DENIM                                   ,10071916,ELASTIK PREMIUM T/ALTO LAV  OSCURO BOTA,,Normal
NOVIEMBRE, ,043 - 4NOV3                                   ,STOP,008 - MODA                                    ,005 - DENIM                                   ,10071934,PANTALON CARGO T/ALTO LAV MEDIO OSCURO,,Normal
NOVIEMBRE, ,043 - 4NOV3                                   ,STOP,008 - MODA                                    ,005 - DENIM                                   ,10072834,PANTALON CARGO T/ALTO COLOR CON BOLSILL,,Normal
MAYO, ,043 - 4NOV3                                   ,STOP,008 - MODA                                    ,005 - DENIM                                   ,10072916,ELASTIK PREMIUM T/ALTO LAV MEDIO PINZAS,,Normal
SEPTIEMBRE, ,043 - 4NOV3                                   ,STOP,008 - MODA                                    ,005 - DENIM                                   ,10072955,RETROJEAN T/ALTO LAV CLARO CON DESGASTE,,Normal
MAYO, ,043 - 4NOV3                                   ,STOP,008 - MODA                                    ,005 - DENIM                                   ,10073816,ELASTIK  PREMIUM T/ALTO LAV MEDIO CON A,,Normal
SEPTIEMBRE, ,043 - 4NOV3                                   ,STOP,008 - MODA                                    ,005 - DENIM                                   ,10073855,RETROJEAN T/ALTO LAV  MEDIO OSCURO CON,,Normal
DICIEMBRE, ,043 - 4NOV3                                   ,STOP,008 - MODA                                    ,005 - DENIM                                   ,10073934,PANTALON CARGO T/ALTO LAV CLARO CON BOL,,Normal
DICIEMBRE, ,043 - 4NOV3                                   ,STOP,008 - MODA                                    ,005 - DENIM                                   ,MS0005143,C,,Normal
ENERO, ,043 - 4NOV3                                   ,STOP,008 - MODA                                    ,005 - DENIM                                   ,10074834,PANTALON CARGO T/ALTO BLANCO BOTA AMPLI,,Normal
ENERO, ,043 - 4NOV3                                   ,STOP,008 - MODA                                    ,005 - DENIM                                   ,10075834,PANTALON CARGO T/ALTO BLANCO DELANTERO,,Normal
OCTUBRE, ,043 - 4NOV3                                   ,STOP,008 - MODA                                    ,005 - DENIM                                   ,10075855,RETROJEAN T/ALTO LASER ESTRELLAS,,Normal
JULIO, ,043 - 4NOV3                                   ,STOP,008 - MODA                                    ,005 - DENIM                                   ,10075916,ELASTIK PREMIUM T/ALTO LAV OSCURO SIN B,,Normal
AGOSTO, ,043 - 4NOV3                                   ,STOP,008 - MODA                                    ,005 - DENIM                                   ,10076816,ELASTIK PREMIUM T/ALTO LAV MEDIO OSCURO,,Normal
NOVIEMBRE, ,043 - 4NOV3                                   ,STOP,008 - MODA                                    ,005 - DENIM                                   ,10076855,RETROJEAN T/ALTO  NEGRO TELA EFECTO CUE,,Normal
FEBRERO, ,043 - 4NOV3                                   ,STOP,008 - MODA                                    ,005 - DENIM                                   ,10076934,PANTALON CARGO T/ALTO LAV MEDIO CON COR,,Normal
SEPTIEMBRE, ,043 - 4NOV3                                   ,STOP,008 - MODA                                    ,005 - DENIM                                   ,10077816,ELASTIK PREMIUM  T/BAJO LAV MEDIO OSCUR,,Normal
NOVIEMBRE, ,043 - 4NOV3                                   ,STOP,008 - MODA                                    ,005 - DENIM                                   ,10077855,RETROJEAN T/ALTO LAV CLARO EFECTO BRIL,,Normal
ABRIL, ,043 - 4NOV3                                   ,STOP,008 - MODA                                    ,002 - TEJIDO PLANO                            ,10077934,PANTALON CARGO T/ALTO LAVADO OSCURO,,Normal
OCTUBRE, ,043 - 4NOV3                                   ,STOP,008 - MODA                                    ,005 - DENIM                                   ,10078816,ELASTIK PREMIUM T/MEDIO LAV OSCURO CON,,Normal
DICIEMBRE, ,045 - 4DIC1                                   ,STOP,008 - MODA                                    ,005 - DENIM                                   ,10078955,RETROJEAN T/ALTO LAV OSCURO CON CORREA,001 - PRODUCCION INTERNA TELA NACIONALIZADA   ,Normal
MAYO, ,020 - 2MAY4                                   ,STOP,008 - MODA                                    ,005 - DENIM                                   ,X10098855,RETROJEAN T/ALTO LAV MEDIO CON DETALLE E,001 - PRODUCCION INTERNA TELA NACIONALIZADA   ,Normal
ENERO, ,020 - 2MAY4                                   ,STOP,008 - MODA                                    ,005 - DENIM                                   ,10079816,ELASTIK PREMIUM T/ALTO LAV OSCURO BOTA,,Normal
DICIEMBRE, ,020 - 2MAY4                                   ,STOP,008 - MODA                                    ,005 - DENIM                                   ,10079855,RETROJEAN T/DESCADERADO NEGRO BOTA AMPL,,Normal
ENERO, ,020 - 2MAY4                                   ,STOP,008 - MODA                                    ,005 - DENIM                                   ,10080855,RETROJEAN DESCADERADO LAV CLARO DETALLE,,Normal
ENERO, ,020 - 2MAY4                                   ,STOP,008 - MODA                                    ,005 - DENIM                                   ,10081955,RETROJEAN T/ALTO LAV OSCURO BOTA RECTA,,Normal
FEBRERO, ,020 - 2MAY4                                   ,STOP,008 - MODA                                    ,005 - DENIM                                   ,10082955,RETROJEAN  T/ALTO LAV CLARO CON CORREA,,Normal
FEBRERO, ,020 - 2MAY4                                   ,STOP,008 - MODA                                    ,005 - DENIM                                   ,10083955,RETROJEAN T/ALTO COLOR,,Normal
FEBRERO, ,020 - 2MAY4                                   ,STOP,008 - MODA                                    ,005 - DENIM                                   ,10084955,RETROJEAN T/ALTO COLOR BOTA ANCHA,,Normal
ABRIL, ,020 - 2MAY4                                   ,STOP,008 - MODA                                    ,005 - DENIM                                   ,10085855,RETROJEAN T/ALTO BLANCO CON CORTES EN C,,Normal
ABRIL, ,020 - 2MAY4                                   ,STOP,008 - MODA                                    ,002 - TEJIDO PLANO                            ,10086855,RETROJEAN T/ALTO NEGRO CON CORTES LATER,,Normal
ENERO, ,020 - 2MAY4                                   ,STOP,008 - MODA                                    ,002 - TEJIDO PLANO                            ,10101905,TORERO  TIRO ALTO LAV. OSCURO TIPO CHIN,,Normal
JUNIO, ,020 - 2MAY4                                   ,STOP,008 - MODA                                    ,002 - TEJIDO PLANO                            ,10106901,PANTALON T/ALTO COLOR CORTE EN FRENTE,,Normal
JULIO, ,020 - 2MAY4                                   ,STOP,008 - MODA                                    ,005 - DENIM                                   ,10107801,EJECUTIVO T/ALTO LAV MEDIO OSC CON PRET,,Normal
MAYO, ,020 - 2MAY4                                   ,STOP,008 - MODA                                    ,001 - TEJIDO PUNTO                            ,X11779814,CAMISETA MC RUEDO GLOBO,,Normal
NOVIEMBRE, ,020 - 2MAY4                                   ,STOP,008 - MODA                                    ,001 - TEJIDO PUNTO                            ,10109901,PANTALON T/ALTO COLOR CON CHARRETERAS E,,Normal
MAYO, ,020 - 2MAY4                                   ,STOP,008 - MODA                                    ,005 - DENIM                                   ,10111914,ESCULTOR PREMIUM T/ALTO LAVADO MEDIO OS,,Normal
MAYO, ,020 - 2MAY4                                   ,STOP,008 - MODA                                    ,005 - DENIM                                   ,10112914,ESCULTOR T/ALTO LAV CLARO CON CORREAS E,,Normal
JUNIO, ,020 - 2MAY4                                   ,STOP,008 - MODA                                    ,005 - DENIM                                   ,10114914,ESCULTOR T/ALTO LAV OSCURO DETALLE EN P,,Normal
JULIO, ,020 - 2MAY4                                   ,STOP,008 - MODA                                    ,005 - DENIM                                   ,10115914,ESCULTOR T/A CON CORREAS EN DENIM LAV M,,Normal
AGOSTO, ,020 - 2MAY4                                   ,STOP,008 - MODA                                    ,005 - DENIM                                   ,10116914,ESCULTOR T/ALTO LAV OSCURO DOBLE PRETIN,,Normal
OCTUBRE, ,020 - 2MAY4                                   ,STOP,008 - MODA                                    ,005 - DENIM                                   ,10117914,ESCULTOR T/ALTO LAV OSCURO BOTA TUBO,,Normal
OCTUBRE, ,020 - 2MAY4                                   ,STOP,008 - MODA                                    ,005 - DENIM                                   ,10118914,ESCULTOR PREMIUM T/ALTO NEGRO DETALLE E,,Normal
NOVIEMBRE, ,020 - 2MAY4                                   ,STOP,008 - MODA                                    ,002 - TEJIDO PLANO                            ,10119914,ESCULTOR T/ALTO MARFIL CHARRETERAS EN P,,Normal
NOVIEMBRE, ,020 - 2MAY4                                   ,STOP,008 - MODA                                    ,005 - DENIM                                   ,10120914,ESCULTOR T/ALTO LAV MEDIO CON CINTURON,,Normal
NOVIEMBRE, ,020 - 2MAY4                                   ,STOP,008 - MODA                                    ,005 - DENIM                                   ,10121814,ESCULTOR T/ALTO LAV MEDIO SIN BOLSILLOS,,Normal
DICIEMBRE, ,020 - 2MAY4                                   ,STOP,008 - MODA                                    ,005 - DENIM                                   ,10121817,REDUCTOR T/ALTO GRIS BOTA TUBO LARGO ES,,Normal
NOVIEMBRE, ,020 - 2MAY4                                   ,STOP,008 - MODA                                    ,005 - DENIM                                   ,10122814,ESCULTOR T/ALTO LAV MEDIO OSCURO DETALL,,Normal
DICIEMBRE, ,020 - 2MAY4                                   ,STOP,008 - MODA                                    ,005 - DENIM                                   ,10123914,ESCULTOR PREMIUM T/ALTO  NEGRO BOTA TUB,,Normal
FEBRERO, ,020 - 2MAY4                                   ,STOP,008 - MODA                                    ,005 - DENIM                                   ,10124914,ESCULTOR T/ALTO OSCURO CON HILO CONTRAS,,Normal
MAYO, ,020 - 2MAY4                                   ,STOP,008 - MODA                                    ,005 - DENIM                                   ,10125817,REDUCTOR T/ALTO  BOTA TUBO CON ROTOS,,Normal
FEBRERO, ,020 - 2MAY4                                   ,STOP,008 - MODA                                    ,005 - DENIM                                   ,10125914,ESCULTOR PREMIUM T/ALTO LAV OSCURO  BOT,,Normal
MARZO, ,020 - 2MAY4                                   ,STOP,008 - MODA                                    ,005 - DENIM                                   ,10126914,ESCULTOR T/ALTO LAV MEDIO CON DETALLE E,,Normal
MAYO, ,020 - 2MAY4                                   ,STOP,008 - MODA                                    ,005 - DENIM                                   ,10127914,ESCULTOR PREMIUM T/ALTO LAV MEDIO SIN B,,Normal
MAYO, ,020 - 2MAY4                                   ,STOP,008 - MODA                                    ,005 - DENIM                                   ,10128914,ESCULTOR T/ALTO ARENA CON DETALLE EN  P,,Normal
JUNIO, ,020 - 2MAY4                                   ,STOP,008 - MODA                                    ,005 - DENIM                                   ,10129814,ESCULTOR T/ALTO LAV MEDIO  CORTES EN PR,,Normal
ABRIL, ,020 - 2MAY4                                   ,STOP,008 - MODA                                    ,005 - DENIM                                   ,10129917,REDUCTOR PREMIUM T/ ALTO NEGRO CON DETA,,Normal
JULIO, ,020 - 2MAY4                                   ,STOP,008 - MODA                                    ,005 - DENIM                                   ,10130814,ESCULTOR T/ALTO LAV MEDIO CON ACCESORIO,,Normal
JULIO, ,020 - 2MAY4                                   ,STOP,008 - MODA                                    ,005 - DENIM                                   ,10130903,BERMUDA T/ALTO COLOR CON BOLSILLOS EN C,,Normal
SEPTIEMBRE, ,020 - 2MAY4                                   ,STOP,008 - MODA                                    ,005 - DENIM                                   ,10131814,ESCULTOR T/ALTO LAV OSCURO SIN BOLSILLO,,Normal
AGOSTO, ,020 - 2MAY4                                   ,STOP,008 - MODA                                    ,005 - DENIM                                   ,10131903,BERMUDA T/ALTO LAV MEDIO OSCURO CON ABE,,Normal
MAYO, ,020 - 2MAY4                                   ,STOP,008 - MODA                                    ,005 - DENIM                                   ,10131917,REDUCTOR PREMIUM T/ALTO LAV MEDIO BOLSI,,Normal
SEPTIEMBRE, ,020 - 2MAY4                                   ,STOP,008 - MODA                                    ,005 - DENIM                                   ,10132803,BERMUDA TIRO ALTO LAVADO GRIS,,Normal
OCTUBRE, ,020 - 2MAY4                                   ,STOP,008 - MODA                                    ,005 - DENIM                                   ,10132814,ESCULTOR T/ALTO LAV MEDIO OSCURO BOTA T,,Normal
OCTUBRE, ,020 - 2MAY4                                   ,STOP,008 - MODA                                    ,005 - DENIM                                   ,10132917,REDUCTOR T/ALTO LAV MEDIO BOTA TUBO,,Normal
SEPTIEMBRE, ,020 - 2MAY4                                   ,STOP,008 - MODA                                    ,005 - DENIM                                   ,10133903,BERMUDA T/ALTO LAV MEDIO CON BOLSILLOS,,Normal
NOVIEMBRE, ,020 - 2MAY4                                   ,STOP,008 - MODA                                    ,005 - DENIM                                   ,10133914,ESCULTOR T/ALTO LAV MEDIO CON APLIQUES,,Normal
FEBRERO, ,020 - 2MAY4                                   ,STOP,008 - MODA                                    ,005 - DENIM                                   ,10133917,CAPRI REDUCTOR T/ALTO LAV MEDIO BOTA D,,Normal
DICIEMBRE, ,020 - 2MAY4                                   ,STOP,008 - MODA                                    ,005 - DENIM                                   ,10134803,BERMUDA T/ALTO BOTA DESFLECADA,,Normal
NOVIEMBRE, ,020 - 2MAY4                                   ,STOP,008 - MODA                                    ,005 - DENIM                                   ,10134814,ESCULTOR T/ALTO LAV MEDIO OSCURO BOTA F,,Normal
AGOSTO, ,020 - 2MAY4                                   ,STOP,008 - MODA                                    ,005 - DENIM                                   ,10134905,TORERO T/ALTO LAV MEDIO CON BOLSILLOS,,Normal
MAYO, ,020 - 2MAY4                                   ,STOP,008 - MODA                                    ,005 - DENIM                                   ,10135802,CAPRI T/ALTO LAV OSCURO CON BOLSILLOS,,Normal
SEPTIEMBRE, ,020 - 2MAY4                                   ,STOP,008 - MODA                                    ,005 - DENIM                                   ,10135805,TORERO T/ALTO LAV MEDIO CON BOTA DOBLAD,,Normal
NOVIEMBRE, ,020 - 2MAY4                                   ,STOP,008 - MODA                                    ,005 - DENIM                                   ,10135814,ESCULTOR T/ALTO LAV MEDIO CON BORDADO,,Normal
DICIEMBRE, ,020 - 2MAY4                                   ,STOP,008 - MODA                                    ,005 - DENIM                                   ,10135903,BERMUDA T/ALTO CON BOTA DOBLADA,,Normal
MAYO, ,020 - 2MAY4                                   ,STOP,008 - MODA                                    ,005 - DENIM                                   ,10136802,CAPRI PREMIUM T/ALTO NEGRO CON ABERTURA,,Normal
ENERO, ,020 - 2MAY4                                   ,STOP,008 - MODA                                    ,005 - DENIM                                   ,10136803,BERMUDA T/ALTO LAV OSCURO FIT AMPLIO,,Normal
ENERO, ,020 - 2MAY4                                   ,STOP,008 - MODA                                    ,005 - DENIM                                   ,10136814,ESCULTOR T/ALTO LAV OSCURO,,Normal
FEBRERO, ,020 - 2MAY4                                   ,STOP,008 - MODA                                    ,005 - DENIM                                   ,10137803,BERMUDA T/ALTO COLOR PRETINA ANCHA,,Normal
JUNIO, ,020 - 2MAY4                                   ,STOP,008 - MODA                                    ,005 - DENIM                                   ,10137902,CAPRI T/ALTO BLANCO CON BOLSILLOS,,Normal
ENERO, ,020 - 2MAY4                                   ,STOP,008 - MODA                                    ,005 - DENIM                                   ,10137914,ESCULTOR T/ALTO LAV CLARO BOTA TUBO,,Normal
OCTUBRE, ,020 - 2MAY4                                   ,STOP,008 - MODA                                    ,005 - DENIM                                   ,10138902,CAPRI T/ALTO LAV MEDIO CON BOLSILLOS,,Normal
MARZO, ,020 - 2MAY4                                   ,STOP,008 - MODA                                    ,005 - DENIM                                   ,10138903,BERMUDA T/ALTO COLOR CON BOLSILLOS EN F,,Normal
OCTUBRE, ,020 - 2MAY4                                   ,STOP,008 - MODA                                    ,005 - DENIM                                   ,10139802,CAPRI T/ALTO NEGRO EN TELA CON EFECTO,,Normal
JUNIO, ,020 - 2MAY4                                   ,STOP,008 - MODA                                    ,005 - DENIM                                   ,10139803,BERMUDA T/ALTO RUEDO DESFLECADO,,Normal
DICIEMBRE, ,020 - 2MAY4                                   ,STOP,008 - MODA                                    ,005 - DENIM                                   ,10140902,CAPRI T/ALTO LAV MEDIO CON ABERTURA EN,,Normal
MAYO, ,020 - 2MAY4                                   ,STOP,008 - MODA                                    ,005 - DENIM                                   ,10140903,BERMUDA T/ALTO  COLOR  CON DOBLE PRETIN,,Normal
MAYO, ,020 - 2MAY4                                   ,STOP,008 - MODA                                    ,005 - DENIM                                   ,10141803,BERMUDA T/ALTO LAV CLARO CON DETALLE EN,,Normal
NOVIEMBRE, ,020 - 2MAY4                                   ,STOP,008 - MODA                                    ,005 - DENIM                                   ,10142803,BERMUDA T/ALTO COLOR CON BOLSILLOS EN C,,Normal
JUNIO, ,020 - 2MAY4                                   ,STOP,008 - MODA                                    ,005 - DENIM                                   ,10143903,BERMUDA T/ALTO LAVADO MEDIO CON BOTONES,,Normal
MAYO, ,020 - 2MAY4                                   ,STOP,008 - MODA                                    ,005 - DENIM                                   ,10144903,BERMUDA T/ALTO COLOR CON CORDÓN EN PRET,,Normal
JULIO, ,020 - 2MAY4                                   ,STOP,008 - MODA                                    ,005 - DENIM                                   ,10145803,BERMUDA T/ALTO LAV CLARO CON CORDON EN,,Normal
JULIO, ,020 - 2MAY4                                   ,STOP,008 - MODA                                    ,005 - DENIM                                   ,10146903,BERMUDA T/ALTO CON BOLSILLOS PARCHE,,Normal
SEPTIEMBRE, ,020 - 2MAY4                                   ,STOP,008 - MODA                                    ,005 - DENIM                                   ,10147803,BERMUDA T/ALTO NEGRA CON BOLSILLOS,,Normal
OCTUBRE, ,020 - 2MAY4                                   ,STOP,008 - MODA                                    ,005 - DENIM                                   ,10148903,BERMUDA T/ALTO LAV CLARO CON CORDÓN EN,,Normal
FEBRERO, ,020 - 2MAY4                                   ,STOP,008 - MODA                                    ,005 - DENIM                                   ,10149903,BERMUDA T/ALTO LAV MEDIO CON BOLSILLOS,,Normal
OCTUBRE, ,020 - 2MAY4                                   ,STOP,008 - MODA                                    ,005 - DENIM                                   ,10150803,BERMUDA T/ALTO LAV CLARO CON LASER,,Normal
NOVIEMBRE, ,020 - 2MAY4                                   ,STOP,008 - MODA                                    ,005 - DENIM                                   ,10151903,BERMUDA T/ALTO COLOR BOLSILLOS EN COSTA,,Normal
DICIEMBRE, ,020 - 2MAY4                                   ,STOP,008 - MODA                                    ,005 - DENIM                                   ,10152803,BERMUDA T/ALTO LAV MEDIO OSCURO CON PIE,,Normal
DICIEMBRE, ,020 - 2MAY4                                   ,STOP,008 - MODA                                    ,005 - DENIM                                   ,10153903,BERMUDA  T/ALTO COLOR ABERTURA EN COSTA,,Normal
DICIEMBRE, ,020 - 2MAY4                                   ,STOP,008 - MODA                                    ,005 - DENIM                                   ,10155803,BERMUDA T/ALTO COLOR CON APLIQUE,,Normal
ENERO, ,020 - 2MAY4                                   ,STOP,008 - MODA                                    ,005 - DENIM                                   ,10156903,BERMUDA T/ALTO COLOR BLANCO,,Normal
DICIEMBRE, ,020 - 2MAY4                                   ,STOP,008 - MODA                                    ,005 - DENIM                                   ,10157903,BERMUDA T/ALTO LAVADO OSCURO CON BOLSIL,,Normal
DICIEMBRE, ,020 - 2MAY4                                   ,STOP,008 - MODA                                    ,005 - DENIM                                   ,10158903,BERMUDA T/ALTO MARFIL EN TELA EFECTO BR,,Normal
ENERO, ,020 - 2MAY4                                   ,STOP,008 - MODA                                    ,005 - DENIM                                   ,10159803,BERMUDA T/ALTO LAV CLARO CON CORDON EN,,Normal
ENERO, ,020 - 2MAY4                                   ,STOP,008 - MODA                                    ,005 - DENIM                                   ,10160903,BERMUDA T/ALTO LAV OSCURO CON BOLSILLOS,,Normal
ENERO, ,020 - 2MAY4                                   ,STOP,008 - MODA                                    ,005 - DENIM                                   ,10161903,BERMUDA T/ALTO MARFIL CON BOTA AMPLIA,,Normal
FEBRERO, ,020 - 2MAY4                                   ,STOP,008 - MODA                                    ,005 - DENIM                                   ,10162903,BERMUDA T/ALTO LAV CLARO SIN BOLSILLOS,,Normal
ENERO, ,020 - 2MAY4                                   ,STOP,008 - MODA                                    ,005 - DENIM                                   ,10163803,BERMUDA T/MEDIO A  RAYAS,,Normal
FEBRERO, ,020 - 2MAY4                                   ,STOP,008 - MODA                                    ,005 - DENIM                                   ,10164903,BERMUDA T/ALTO LAV MEDIO CON BOTA AMPLI,,Normal
FEBRERO, ,020 - 2MAY4                                   ,STOP,008 - MODA                                    ,005 - DENIM                                   ,10165903,BERMUDA T/ALTO LAVADO MEDIO CON BOTONES,,Normal
FEBRERO, ,020 - 2MAY4                                   ,STOP,008 - MODA                                    ,005 - DENIM                                   ,10167903,BERMUDA T/ALTO LAV MEDIO CON CORTES,,Normal
FEBRERO, ,020 - 2MAY4                                   ,STOP,008 - MODA                                    ,005 - DENIM                                   ,10168903,BERMUDA T/ALTO LAV MEDIO CON BOLSILLOS,,Normal
FEBRERO, ,020 - 2MAY4                                   ,STOP,008 - MODA                                    ,005 - DENIM                                   ,10169903,BERMUDA T/ALTO MARFIL,,Normal
ABRIL, ,020 - 2MAY4                                   ,STOP,008 - MODA                                    ,002 - TEJIDO PLANO                            ,10170903,BERMUDA T/ALTO CON IMITACION CINTURON,,Normal
ABRIL, ,020 - 2MAY4                                   ,STOP,008 - MODA                                    ,002 - TEJIDO PLANO                            ,10171903,BERMUDA T/ALTO MARFIL CON CINTURÓN,,Normal
ENERO, ,020 - 2MAY4                                   ,STOP,008 - MODA                                    ,005 - DENIM                                   ,10191913,VAQUERO T/ALTO NEGRO CORTES EN DELANTER,,Normal
ENERO, ,020 - 2MAY4                                   ,STOP,008 - MODA                                    ,005 - DENIM                                   ,10198813,VAQUERO T/ALTO  LAVADO OSCURO DETALLE E,,Normal
DICIEMBRE, ,020 - 2MAY4                                   ,STOP,008 - MODA                                    ,005 - DENIM                                   ,10210913,VAQUERO T/ALTO LAV MEDIO BOTA TUBO,,Normal
NOVIEMBRE, ,020 - 2MAY4                                   ,STOP,008 - MODA                                    ,005 - DENIM                                   ,10211813,VAQUERO T/MEDIO LAV MEDIO CON BOLSILLOS,,Normal
DICIEMBRE, ,020 - 2MAY4                                   ,STOP,008 - MODA                                    ,005 - DENIM                                   ,10217813,VAQUERO T/ALTO LAV CLARO BOTA TUBO CON,,Normal
DICIEMBRE, ,020 - 2MAY4                                   ,STOP,008 - MODA                                    ,005 - DENIM                                   ,10218913,VAQUERO T/ALTO  CAPRI LAV CLARO CON BOL,,Normal
ENERO, ,020 - 2MAY4                                   ,STOP,008 - MODA                                    ,005 - DENIM                                   ,10221913,VAQUERO T/ALTO LAVADO CLARO LARGO ESPEC,,Normal
MARZO, ,020 - 2MAY4                                   ,STOP,008 - MODA                                    ,005 - DENIM                                   ,10230813,VAQUERO T/ALTO BLANCO BOTA TUBO CON BOL,,Normal
MAYO, ,020 - 2MAY4                                   ,STOP,008 - MODA                                    ,005 - DENIM                                   ,10233913,VAQUERO T/ALTO  LAV CLARO BOTA TUBO CON,,Normal
JUNIO, ,020 - 2MAY4                                   ,STOP,008 - MODA                                    ,005 - DENIM                                   ,10235913,VAQUERO T/ALTO  BOTA RECTA,,Normal
MAYO, ,020 - 2MAY4                                   ,STOP,008 - MODA                                    ,005 - DENIM                                   ,10236913,VAQUERO T/ALTO CON CORTES EN FRENTE BOT,,Normal
JUNIO, ,020 - 2MAY4                                   ,STOP,008 - MODA                                    ,005 - DENIM                                   ,10237913,VAQUERO T/ALTO LAV MEDIO OSCURO,,Normal
JULIO, ,020 - 2MAY4                                   ,STOP,008 - MODA                                    ,005 - DENIM                                   ,10239913,VAQUERO T/ALTO COLOR CON CORTE EN FRENT,,Normal
JULIO, ,020 - 2MAY4                                   ,STOP,008 - MODA                                    ,005 - DENIM                                   ,10240813,VAQUERO T/MEDIO LAV MEDIO LARGO ESPECIA,,Normal
JUNIO, ,020 - 2MAY4                                   ,STOP,008 - MODA                                    ,005 - DENIM                                   ,10241913,VAQUERO T/ALTO LAV MEDIO OSCURO DETALLE,,Normal
NOVIEMBRE, ,020 - 2MAY4                                   ,STOP,008 - MODA                                    ,005 - DENIM                                   ,10299813,VAQUERO T/ALTO NEGRO CON APLIQUE EN FRE,,Normal
DICIEMBRE, ,020 - 2MAY4                                   ,STOP,008 - MODA                                    ,005 - DENIM                                   ,10300813,VAQUERO T/ALTO LAV MEDIO CON APLIQUE BO,,Normal
JUNIO, ,020 - 2MAY4                                   ,STOP,008 - MODA                                    ,005 - DENIM                                   ,10300833,SHORT T/ALTO LAV MEDIO CLARO CON GUARDA,,Normal
NOVIEMBRE, ,020 - 2MAY4                                   ,STOP,008 - MODA                                    ,005 - DENIM                                   ,10301813,VAQUERO T/ALTO LAV OSCURO CON INSUMO BR,,Normal
JULIO, ,020 - 2MAY4                                   ,STOP,008 - MODA                                    ,005 - DENIM                                   ,10301933,SHORT T/MEDIO LAV CLARO ABERTURAS EN CO,,Normal
ENERO, ,020 - 2MAY4                                   ,STOP,008 - MODA                                    ,005 - DENIM                                   ,10302913,VAQUERO T/ALTO COLOR CON BOLSILLOS,,Normal
JUNIO, ,020 - 2MAY4                                   ,STOP,008 - MODA                                    ,002 - TEJIDO PLANO                            ,10302933,SHORT T/ALTO CRUDO CON HILOS EN CONTRAS,,Normal
AGOSTO, ,020 - 2MAY4                                   ,STOP,008 - MODA                                    ,005 - DENIM                                   ,10303833,SHORT T/ALTO TEÑIDO CON DETALLE EN PRET,,Normal
DICIEMBRE, ,020 - 2MAY4                                   ,STOP,008 - MODA                                    ,005 - DENIM                                   ,10303913,VAQUERO T/ALTO MARFIL EN TELA BORDADA,,Normal
NOVIEMBRE, ,020 - 2MAY4                                   ,STOP,008 - MODA                                    ,005 - DENIM                                   ,10304813,VAQUERO T/ALTO ESTAMPADO ANIMAL BOTA RE,,Normal
AGOSTO, ,020 - 2MAY4                                   ,STOP,008 - MODA                                    ,005 - DENIM                                   ,10304833,SHORT T/ALTO LAV MEDIO CLARO BOLSILLO E,,Normal
ENERO, ,020 - 2MAY4                                   ,STOP,008 - MODA                                    ,005 - DENIM                                   ,10305813,VAQUERO T/ALTO LAV MEDIO BOTA RECTA DO,,Normal
AGOSTO, ,020 - 2MAY4                                   ,STOP,008 - MODA                                    ,005 - DENIM                                   ,10305833,SHORT T/ALTO LAV MEDIO OSCURO ABERTURA,,Normal
ENERO, ,020 - 2MAY4                                   ,STOP,008 - MODA                                    ,005 - DENIM                                   ,10306913,PANTALON VAQUERO TIRO ALTO,,Normal
DICIEMBRE, ,020 - 2MAY4                                   ,STOP,008 - MODA                                    ,005 - DENIM                                   ,10306933,SHORT T/ALTO  MARFIL TIPO PAPERBAG,,Normal
FEBRERO, ,020 - 2MAY4                                   ,STOP,008 - MODA                                    ,005 - DENIM                                   ,10307913,VAQUERO T/MEDIO NEGRO CON BOLSILLOS,,Normal
ENERO, ,020 - 2MAY4                                   ,STOP,008 - MODA                                    ,005 - DENIM                                   ,10308813,VAQUERO T/ALTO LAV MEDIO OSCURO CORTE E,,Normal
AGOSTO, ,020 - 2MAY4                                   ,STOP,008 - MODA                                    ,005 - DENIM                                   ,10308833,SHORT TIRO ALTO LAV MEDIO DESFLECADO,,Normal
FEBRERO, ,020 - 2MAY4                                   ,STOP,008 - MODA                                    ,002 - TEJIDO PLANO                            ,10309913,VAQUERO T/ALTO BLANCO CON CINTURON,,Normal
ABRIL, ,020 - 2MAY4                                   ,STOP,008 - MODA                                    ,002 - TEJIDO PLANO                            ,10310913,VAQUERO T/ALTO LAV CLARO DETALLE EN BOL,,Normal
SEPTIEMBRE, ,020 - 2MAY4                                   ,STOP,008 - MODA                                    ,005 - DENIM                                   ,10310933,SHORT T/ALTO MARFIL BOTA SEMI AMPLIA,,Normal
ABRIL, ,020 - 2MAY4                                   ,STOP,008 - MODA                                    ,002 - TEJIDO PLANO                            ,10311813,VAQUERO T/ALTO BOTA RECTA,,Normal
SEPTIEMBRE, ,020 - 2MAY4                                   ,STOP,008 - MODA                                    ,005 - DENIM                                   ,10311933,SHORT T/ALTO LAV MEDIO CON  BOLSILLOS E,,Normal
SEPTIEMBRE, ,020 - 2MAY4                                   ,STOP,008 - MODA                                    ,005 - DENIM                                   ,10312833,SHORT T/ALTO LAV MEDIO OSCURO ABERTURA,,Normal
AGOSTO, ,020 - 2MAY4                                   ,STOP,008 - MODA                                    ,005 - DENIM                                   ,10313933,SHORT T/MEDIO LAV MEDIO ABERTURAS EN CO,,Normal
SEPTIEMBRE, ,020 - 2MAY4                                   ,STOP,008 - MODA                                    ,005 - DENIM                                   ,10315933,SHORT TIRO ALTO TEÑIDO CON CINTURON,,Normal
NOVIEMBRE, ,020 - 2MAY4                                   ,STOP,008 - MODA                                    ,005 - DENIM                                   ,10318833,SHORT T/ALTO COLOR CON BOLSILLOS,,Normal
OCTUBRE, ,020 - 2MAY4                                   ,STOP,008 - MODA                                    ,005 - DENIM                                   ,10319833,SHORT T/ALTO CON PRETINA PROLONGADA,,Normal
NOVIEMBRE, ,020 - 2MAY4                                   ,STOP,008 - MODA                                    ,002 - TEJIDO PLANO                            ,10320933,SHORT T/ALTO MARFIL CON CHARRETERAS,,Normal
OCTUBRE, ,020 - 2MAY4                                   ,STOP,008 - MODA                                    ,005 - DENIM                                   ,10321933,SHORT T/ALTO LAVADO MEDIO DETALLE EN DE,,Normal
NOVIEMBRE, ,020 - 2MAY4                                   ,STOP,008 - MODA                                    ,005 - DENIM                                   ,10322833,SHORT  T/ALTO LAV MEDIO PRETINA ANCHA,,Normal
NOVIEMBRE, ,020 - 2MAY4                                   ,STOP,008 - MODA                                    ,005 - DENIM                                   ,10324833,SHORT T/ALTO LAV OSCURO RUEDO DESFLECAD,,Normal
NOVIEMBRE, ,020 - 2MAY4                                   ,STOP,008 - MODA                                    ,005 - DENIM                                   ,10325833,SHORT T/ALTO NEGRO CON DESGASTES BOTA D,,Normal
SEPTIEMBRE, ,020 - 2MAY4                                   ,STOP,008 - MODA                                    ,005 - DENIM                                   ,10326833,SHORT TIRO ALTO LAV CLARO CON LASER,,Normal
DICIEMBRE, ,020 - 2MAY4                                   ,STOP,008 - MODA                                    ,005 - DENIM                                   ,10327933,SHORT T/ALTO LAV OSCURO CON RUEDO DESFL,,Normal
DICIEMBRE, ,020 - 2MAY4                                   ,STOP,008 - MODA                                    ,005 - DENIM                                   ,10328933,SHORT TIRO ALTO CON BOTONES EXPUESTOS,,Normal
DICIEMBRE, ,020 - 2MAY4                                   ,STOP,008 - MODA                                    ,005 - DENIM                                   ,10329833,SHORT T/ALTO COLOR MARFIL  CON DESGASTE,,Normal
DICIEMBRE, ,020 - 2MAY4                                   ,STOP,008 - MODA                                    ,005 - DENIM                                   ,10330833,SHORT T/ALTO LAV MEDIO CON DESGASTES,,Normal
DICIEMBRE, ,020 - 2MAY4                                   ,STOP,008 - MODA                                    ,005 - DENIM                                   ,10331833,SHORT T/ALTO LAV CLARO  CON CORDON EN P,,Normal
MARZO, ,020 - 2MAY4                                   ,STOP,008 - MODA                                    ,005 - DENIM                                   ,10332833,SHORT T/ALTO LAV MEDIO OSCURO CON CORTE,,Normal
MARZO, ,020 - 2MAY4                                   ,STOP,008 - MODA                                    ,005 - DENIM                                   ,10333833,SHORT T/ALTO LAV CLARO CON GUARDA POLVO,,Normal
FEBRERO, ,020 - 2MAY4                                   ,STOP,008 - MODA                                    ,005 - DENIM                                   ,10334933,SHORT T/ALTO LAV CLARO CON CORREA INCLU,,Normal
MARZO, ,020 - 2MAY4                                   ,STOP,008 - MODA                                    ,005 - DENIM                                   ,10335933,SHORT T/ALTO LAV CLARO TIPO PAPERBAG CO,,Normal
ABRIL, ,020 - 2MAY4                                   ,STOP,008 - MODA                                    ,005 - DENIM                                   ,10336833,SHORT T/MEDIO LAV MEDIO OSCURO BOTONES,,Normal
MAYO, ,020 - 2MAY4                                   ,STOP,008 - MODA                                    ,005 - DENIM                                   ,10337933,SHORT T/ALTO LAV OSCURO CON RUEDO ANCHO,,Normal
MAYO, ,020 - 2MAY4                                   ,STOP,008 - MODA                                    ,005 - DENIM                                   ,10338933,SHORT T/ALTO LAV MEDIO CON RUEDO DESGAS,,Normal
JUNIO, ,020 - 2MAY4                                   ,STOP,008 - MODA                                    ,005 - DENIM                                   ,10339933,SHORT T/ALTO LAV CLARO EN TELA TEXTURIZ,,Normal
JUNIO, ,020 - 2MAY4                                   ,STOP,008 - MODA                                    ,005 - DENIM                                   ,10340833,SHORT T/ALTO LAV MEDIO OSCURO DETALLE E,,Normal
NOVIEMBRE, ,020 - 2MAY4                                   ,STOP,008 - MODA                                    ,005 - DENIM                                   ,10341833,SHORT T/ALTO LAV MEDIO CON CORDÓN,,Normal
AGOSTO, ,020 - 2MAY4                                   ,STOP,008 - MODA                                    ,005 - DENIM                                   ,10342933,SHORT T/ALTO LAV MEDIO CON BOLSILLOS DI,,Normal
JULIO, ,020 - 2MAY4                                   ,STOP,008 - MODA                                    ,005 - DENIM                                   ,10343933,SHORT T/ALTO LAV MEDIO CON BOLSILLOS,,Normal
AGOSTO, ,020 - 2MAY4                                   ,STOP,008 - MODA                                    ,005 - DENIM                                   ,10344833,SHORT T/ALTO COLOR CON BOLSILLOS EN COS,,Normal
FEBRERO, ,020 - 2MAY4                                   ,STOP,008 - MODA                                    ,005 - DENIM                                   ,10345833,SHORT PREMIUM T/ALTO LAV MEDIO BOLSILLO,,Normal
OCTUBRE, ,020 - 2MAY4                                   ,STOP,008 - MODA                                    ,005 - DENIM                                   ,10346933,SHORT T/MEDIO LAV OSCURO CON BOLSILLOS,,Normal
SEPTIEMBRE, ,020 - 2MAY4                                   ,STOP,008 - MODA                                    ,005 - DENIM                                   ,10347833,SHORT T/ALTO LAV MEDIO CON ROTOS,,Normal
OCTUBRE, ,020 - 2MAY4                                   ,STOP,008 - MODA                                    ,005 - DENIM                                   ,10348933,SHORT T/ALTO COLOR CON BOLSILLOS,,Normal
SEPTIEMBRE, ,020 - 2MAY4                                   ,STOP,008 - MODA                                    ,005 - DENIM                                   ,10349833,SHORT T/ALTO COLOR CON RUEDO DESFLECADO,,Normal
OCTUBRE, ,020 - 2MAY4                                   ,STOP,008 - MODA                                    ,005 - DENIM                                   ,10350833,SHORT T/ALTO COLOR CON BOLSILLOS,,Normal
OCTUBRE, ,020 - 2MAY4                                   ,STOP,008 - MODA                                    ,005 - DENIM                                   ,10351833,SHORT T/MEDIO COLOR TELA EFECTO,,Normal
NOVIEMBRE, ,020 - 2MAY4                                   ,STOP,008 - MODA                                    ,005 - DENIM                                   ,10352833,SHORT T/ALTO COLOR CON GUARDAPOLVO,,Normal
DICIEMBRE, ,020 - 2MAY4                                   ,STOP,008 - MODA                                    ,005 - DENIM                                   ,10353833,SHORT T/ALTO LAV OSCURO BOLSILLOS EN DE,,Normal
OCTUBRE, ,020 - 2MAY4                                   ,STOP,008 - MODA                                    ,005 - DENIM                                   ,10354833,SHORT T/ALTO COLOR CON DETALLE EN COTIL,,Normal
DICIEMBRE, ,020 - 2MAY4                                   ,STOP,008 - MODA                                    ,005 - DENIM                                   ,10355833,SHORT T/ALTO COLOR EN CORDUROY,,Normal
DICIEMBRE, ,020 - 2MAY4                                   ,STOP,008 - MODA                                    ,005 - DENIM                                   ,10357933,SHORT T/ALTO MARFIL CON BOLSILLOS EN DE,,Normal
DICIEMBRE, ,020 - 2MAY4                                   ,STOP,008 - MODA                                    ,005 - DENIM                                   ,10358833,SHORT  T/ALTO NEGRO TELA EFECTO CUERO,,Normal
ENERO, ,020 - 2MAY4                                   ,STOP,008 - MODA                                    ,005 - DENIM                                   ,10359933,SHORT T/ALTO LAV MEDIO DETALLE EN BOLSI,,Normal
ENERO, ,020 - 2MAY4                                   ,STOP,008 - MODA                                    ,005 - DENIM                                   ,10360833,SHORT T/ALTO BLANCO CON LACE UP EN DELA,,Normal
FEBRERO, ,020 - 2MAY4                                   ,STOP,008 - MODA                                    ,005 - DENIM                                   ,10361933,SHORT T/ALTO LAV MEDIO CON BOLSILLOS,,Normal
FEBRERO, ,020 - 2MAY4                                   ,STOP,008 - MODA                                    ,005 - DENIM                                   ,10362933,SHORT T/ALTO LAV MEDIO CON LASER,,Normal
FEBRERO, ,020 - 2MAY4                                   ,STOP,008 - MODA                                    ,005 - DENIM                                   ,10363933,SHORT T/ALTO LAV OSCURO CON CINTURON,,Normal
ABRIL, ,020 - 2MAY4                                   ,STOP,008 - MODA                                    ,002 - TEJIDO PLANO                            ,10364933,SHORT T/ALTO LAV CLARO CON BOTA DESFLEC,,Normal
ABRIL, ,020 - 2MAY4                                   ,STOP,008 - MODA                                    ,002 - TEJIDO PLANO                            ,10365833,SHORT T/ALTO TAUPE CON GUARDAPOLVO,,Normal
SEPTIEMBRE, ,020 - 2MAY4                                   ,STOP,008 - MODA                                    ,005 - DENIM                                   ,10554911,VAQUERO TIRO MEDIO LAV MEDIO DETALLE BO,,Normal
JUNIO, ,020 - 2MAY4                                   ,STOP,008 - MODA                                    ,005 - DENIM                                   ,11002917,CAMISETA STRAPPLE EN RIB CON FAJON,,Normal
JULIO, ,020 - 2MAY4                                   ,STOP,008 - MODA                                    ,001 - TEJIDO PUNTO                            ,11005923,BODY PREMIUM ML SILUETA AJUSTADA,,Normal
DICIEMBRE, ,020 - 2MAY4                                   ,STOP,008 - MODA                                    ,001 - TEJIDO PUNTO                            ,11006823,BODY ML ESCOTE V CON RECOGIDO EN FRENTE,,Normal
DICIEMBRE, ,020 - 2MAY4                                   ,STOP,008 - MODA                                    ,001 - TEJIDO PUNTO                            ,11007825,BODY TIRAS CON ARGOLLAS BRILLANTE,,Normal
MAYO, ,020 - 2MAY4                                   ,STOP,008 - MODA                                    ,001 - TEJIDO PUNTO                            ,11007923,BODY PREMIUM ML CON RECOGIDO EN FRENTE,,Normal
JULIO, ,020 - 2MAY4                                   ,STOP,008 - MODA                                    ,001 - TEJIDO PUNTO                            ,11008825,BODY PREMIUM TIRAS DOBLE FAZ,,Normal
ABRIL, ,020 - 2MAY4                                   ,STOP,008 - MODA                                    ,001 - TEJIDO PUNTO                            ,11009822,BODY MC CON CORTES EN FRENTE FORRADO EN,,Normal
JULIO, ,020 - 2MAY4                                   ,STOP,008 - MODA                                    ,001 - TEJIDO PUNTO                            ,11010825,BODY TIRAS CON ARGOLLAS,,Normal
JULIO, ,020 - 2MAY4                                   ,STOP,008 - MODA                                    ,001 - TEJIDO PUNTO                            ,11011924,BODY MS CON CORTES EN MALLA,,Normal
SEPTIEMBRE, ,020 - 2MAY4                                   ,STOP,008 - MODA                                    ,001 - TEJIDO PUNTO                            ,11012825,BODY TIRAS ANIMAL  CON SESGOS EN CONTRA,,Normal
DICIEMBRE, ,020 - 2MAY4                                   ,STOP,008 - MODA                                    ,001 - TEJIDO PUNTO                            ,11013825,BODY TIRAS CON HEBILLA,,Normal
JULIO, ,020 - 2MAY4                                   ,STOP,008 - MODA                                    ,001 - TEJIDO PUNTO                            ,11014924,BODY MS ESTAMPADO DOBLE FAZ,,Normal
DICIEMBRE, ,020 - 2MAY4                                   ,STOP,008 - MODA                                    ,001 - TEJIDO PUNTO                            ,11014925,BODY TIRAS CON DRAPEADO EN FRENTE,,Normal
ENERO, ,020 - 2MAY4                                   ,STOP,008 - MODA                                    ,001 - TEJIDO PUNTO                            ,11015825,BODY TIRAS CON ESPALDA PRONUNCIADA,,Normal
OCTUBRE, ,020 - 2MAY4                                   ,STOP,008 - MODA                                    ,001 - TEJIDO PUNTO                            ,11016924,BODY MS CON ESCOTE PROFUNDO DOBLE FAZ,,Normal
OCTUBRE, ,020 - 2MAY4                                   ,STOP,008 - MODA                                    ,001 - TEJIDO PUNTO                            ,11017824,BODY MS EN RIB TEÑIDO ABERTURA EN ESPAL,,Normal
NOVIEMBRE, ,020 - 2MAY4                                   ,STOP,008 - MODA                                    ,001 - TEJIDO PUNTO                            ,11018824,BODY MS CON CORTE DEBAJO DE BUSTO,,Normal
OCTUBRE, ,020 - 2MAY4                                   ,STOP,008 - MODA                                    ,001 - TEJIDO PUNTO                            ,11019824,BODY MS FULLPRINT ESCOTE HALTER,,Normal
DICIEMBRE, ,020 - 2MAY4                                   ,STOP,008 - MODA                                    ,001 - TEJIDO PUNTO                            ,11020824,BODY MS CUELLO REDONDO EN TELA CON BRIL,,Normal
ABRIL, ,020 - 2MAY4                                   ,STOP,008 - MODA                                    ,001 - TEJIDO PUNTO                            ,11021824,BODY PREMIUM MS CON DRAPEADO Y ARGOLLA,,Normal
ABRIL, ,020 - 2MAY4                                   ,STOP,008 - MODA                                    ,001 - TEJIDO PUNTO                            ,11022824,BODY MS CRUZADO EN FRENTE,,Normal
ABRIL, ,020 - 2MAY4                                   ,STOP,008 - MODA                                    ,001 - TEJIDO PUNTO                            ,11027816,CAMISETA M3/4 CUELLO TORTUGA,,Normal
JULIO, ,020 - 2MAY4                                   ,STOP,008 - MODA                                    ,001 - TEJIDO PUNTO                            ,11029916,CAMISETA PREMIUM M3/4 CUELLO ALTO,,Normal
JULIO, ,020 - 2MAY4                                   ,STOP,008 - MODA                                    ,001 - TEJIDO PUNTO                            ,11031904,BODY MS CON ESCOTE CUADRADO,,Normal
SEPTIEMBRE, ,020 - 2MAY4                                   ,STOP,008 - MODA                                    ,001 - TEJIDO PUNTO                            ,11074812,CAMISETA PREMIUM TIRAS CON ARANDELA Y A,,Normal
SEPTIEMBRE, ,020 - 2MAY4                                   ,STOP,008 - MODA                                    ,001 - TEJIDO PUNTO                            ,11087815,CAMISETA ML PREMIUM CUELLO TORTUGA CON,,Normal
JUNIO, ,020 - 2MAY4                                   ,STOP,008 - MODA                                    ,001 - TEJIDO PUNTO                            ,11095915,CAMISETA ML ESCOTE TIPO BANDEJA EN RIB,,Normal
JULIO, ,020 - 2MAY4                                   ,STOP,008 - MODA                                    ,001 - TEJIDO PUNTO                            ,11097815,CAMISETA ML ESTAMPADA CON ESCOTE ESPALD,,Normal
JULIO, ,020 - 2MAY4                                   ,STOP,008 - MODA                                    ,001 - TEJIDO PUNTO                            ,11098912,CAMISETA PREMIUM TIRAS SESGADA,,Normal
AGOSTO, ,020 - 2MAY4                                   ,STOP,008 - MODA                                    ,001 - TEJIDO PUNTO                            ,11100815,CAMISETA PREMIUM ML CON HOMBRO DESCUBIE,,Normal
JUNIO, ,020 - 2MAY4                                   ,STOP,008 - MODA                                    ,001 - TEJIDO PUNTO                            ,11100912,CAMISETA TIRAS CON CORTES EN FRENTE,,Normal
OCTUBRE, ,020 - 2MAY4                                   ,STOP,008 - MODA                                    ,001 - TEJIDO PUNTO                            ,11102815,CAMISETA ML EN MESH CON RECOGIDO EN CEN,,Normal
JULIO, ,020 - 2MAY4                                   ,STOP,008 - MODA                                    ,001 - TEJIDO PUNTO                            ,11103812,CAMISETA TIRAS ESTAMPADA CROP,,Normal
NOVIEMBRE, ,020 - 2MAY4                                   ,STOP,008 - MODA                                    ,001 - TEJIDO PUNTO                            ,11103815,CAMISETA ML EN MESH CON JARETAS,,Normal
NOVIEMBRE, ,020 - 2MAY4                                   ,STOP,008 - MODA                                    ,001 - TEJIDO PUNTO                            ,11104815,CAMISETA ML EN MALLA  ESTAMPADA CON JAR,,Normal
NOVIEMBRE, ,020 - 2MAY4                                   ,STOP,008 - MODA                                    ,001 - TEJIDO PUNTO                            ,11105815,CAMISETA ML EN BLONDA CON TOP INTERNO,,Normal
NOVIEMBRE, ,020 - 2MAY4                                   ,STOP,008 - MODA                                    ,001 - TEJIDO PUNTO                            ,11106815,CAMISETA ML EN RIB BRILLANTE CON ESCOTE,,Normal
FEBRERO, ,020 - 2MAY4                                   ,STOP,008 - MODA                                    ,001 - TEJIDO PUNTO                            ,11106912,CAMISETA TIRAS EN RIB CON SESGO CONTRAS,,Normal
NOVIEMBRE, ,020 - 2MAY4                                   ,STOP,008 - MODA                                    ,001 - TEJIDO PUNTO                            ,11107815,CAMISETA ML CON TELA BRILLANTE,,Normal
SEPTIEMBRE, ,020 - 2MAY4                                   ,STOP,008 - MODA                                    ,001 - TEJIDO PUNTO                            ,11108912,CAMISETA TIRAS CON ENTORCHADO EN RIB,,Normal
JUNIO, ,020 - 2MAY4                                   ,STOP,008 - MODA                                    ,001 - TEJIDO PUNTO                            ,11108915,CAMISETA ML EN RIB CON FRENTES CRUZADOS,,Normal
MAYO, ,020 - 2MAY4                                   ,STOP,008 - MODA                                    ,001 - TEJIDO PUNTO                            ,11109815,CAMISETA ML CON CUELLO EN V CROP,,Normal
SEPTIEMBRE, ,020 - 2MAY4                                   ,STOP,008 - MODA                                    ,001 - TEJIDO PUNTO                            ,11110812,CAMISETA TIRAS ESCOTE CURVO CON CORTES,,Normal
AGOSTO, ,020 - 2MAY4                                   ,STOP,008 - MODA                                    ,001 - TEJIDO PUNTO                            ,11110815,CAMISETA ML EN MESH CON ANUDADO EN BUST,,Normal
AGOSTO, ,020 - 2MAY4                                   ,STOP,008 - MODA                                    ,001 - TEJIDO PUNTO                            ,11111915,CAMISETA ML AJUSTADA CON ESCOTE IRREGUL,,Normal
OCTUBRE, ,020 - 2MAY4                                   ,STOP,008 - MODA                                    ,001 - TEJIDO PUNTO                            ,11112812,CAMISETA TIRAS CON SESGO CON ALMA,,Normal
SEPTIEMBRE, ,020 - 2MAY4                                   ,STOP,008 - MODA                                    ,001 - TEJIDO PUNTO                            ,11113815,CAMISETA ML EN RIB CON CORTES AL CORTE,,Normal
NOVIEMBRE, ,020 - 2MAY4                                   ,STOP,008 - MODA                                    ,001 - TEJIDO PUNTO                            ,11113912,CAMISETA TIRAS ESCOTE CUADRADO EN TELA,,Normal
NOVIEMBRE, ,020 - 2MAY4                                   ,STOP,008 - MODA                                    ,001 - TEJIDO PUNTO                            ,11114912,CAMISETA TIRAS CON BOLEROS EN ESCOTE,,Normal
DICIEMBRE, ,020 - 2MAY4                                   ,STOP,008 - MODA                                    ,001 - TEJIDO PUNTO                            ,11115812,CAMISETA TIRAS ESCOTE REDONDO CON BRILL,,Normal
DICIEMBRE, ,020 - 2MAY4                                   ,STOP,008 - MODA                                    ,001 - TEJIDO PUNTO                            ,11116812,BODY PREMIUM TIRAS CON RECOGIDO,,Normal
OCTUBRE, ,020 - 2MAY4                                   ,STOP,008 - MODA                                    ,001 - TEJIDO PUNTO                            ,11116915,CAMISETA PREMIUM ML CRUZADO EN FRENTE E,,Normal
NOVIEMBRE, ,020 - 2MAY4                                   ,STOP,008 - MODA                                    ,001 - TEJIDO PUNTO                            ,11117812,CAMISETA TIRAS ESCOTE EN V CON LENTEJUE,,Normal
SEPTIEMBRE, ,020 - 2MAY4                                   ,STOP,008 - MODA                                    ,001 - TEJIDO PUNTO                            ,11117815,CAMISETA ML EN MALLA CON RECOGIDO EN CO,,Normal
ENERO, ,020 - 2MAY4                                   ,STOP,008 - MODA                                    ,001 - TEJIDO PUNTO                            ,11118812,CAMISETA TIRAS EFECTO PAÑUELO CROP,,Normal
OCTUBRE, ,020 - 2MAY4                                   ,STOP,008 - MODA                                    ,001 - TEJIDO PUNTO                            ,11118815,CAMISETA ML FULLPRINT CON CUELLO ALTO,,Normal
ABRIL, ,020 - 2MAY4                                   ,STOP,008 - MODA                                    ,001 - TEJIDO PUNTO                            ,11119915,CAMISETA ML EN MALLA ESTAMPADA,,Normal
NOVIEMBRE, ,020 - 2MAY4                                   ,STOP,009 - CONSCIENTE,001 - TEJIDO PUNTO                            ,11121815,CAMISETA PREMIUM ML CUELLO REDONDO,,Normal
OCTUBRE, ,020 - 2MAY4                                   ,STOP,008 - MODA                                    ,001 - TEJIDO PUNTO                            ,11122815,CAMISETA ML EN RIB CON PERILLA,,Normal
NOVIEMBRE, ,020 - 2MAY4                                   ,STOP,008 - MODA                                    ,001 - TEJIDO PUNTO                            ,11123915,CAMISETA ML CON COSTURAS EXPUESTAS,,Normal
MARZO, ,020 - 2MAY4                                   ,STOP,008 - MODA                                    ,001 - TEJIDO PUNTO                            ,11124915,CAMISETA PREMIUM ML CON ESCOTE IRREGULA,,Normal
DICIEMBRE, ,020 - 2MAY4                                   ,STOP,008 - MODA                                    ,001 - TEJIDO PUNTO                            ,11125915,CAMISETA ML CON BROCHES DECORATIVOS,,Normal
NOVIEMBRE, ,020 - 2MAY4                                   ,STOP,008 - MODA                                    ,001 - TEJIDO PUNTO                            ,11126915,CAMISETA ML CON BOTONES EXPUESTOS,,Normal
NOVIEMBRE, ,020 - 2MAY4                                   ,STOP,008 - MODA                                    ,001 - TEJIDO PUNTO                            ,11127815,CAMISETA ML TELA BRILLANTE CON TOP INTE,,Normal
DICIEMBRE, ,020 - 2MAY4                                   ,STOP,008 - MODA                                    ,001 - TEJIDO PUNTO                            ,11128815,CAMISETA PREMIUM ML ESCOTE V Y ABERTURA,,Normal
NOVIEMBRE, ,020 - 2MAY4                                   ,STOP,008 - MODA                                    ,001 - TEJIDO PUNTO                            ,11129815,CAMISETA ML EN MALLA CON RECOGIDO Y TOP,,Normal
DICIEMBRE, ,020 - 2MAY4                                   ,STOP,008 - MODA                                    ,001 - TEJIDO PUNTO                            ,11130915,CAMISETA ML CON CORTES EN FRENTE,,Normal
DICIEMBRE, ,020 - 2MAY4                                   ,STOP,008 - MODA                                    ,001 - TEJIDO PUNTO                            ,11131815,CAMISETA ML ESCOTE SEMICUADRADO Y TRANS,,Normal
ABRIL, ,020 - 2MAY4                                   ,STOP,008 - MODA                                    ,001 - TEJIDO PUNTO                            ,11133815,CAMISETA ML CON ABERTURA EN FRENTE,,Normal
FEBRERO, ,020 - 2MAY4                                   ,STOP,008 - MODA                                    ,001 - TEJIDO PUNTO                            ,11134915,CAMISETA PREMIUM ML ESCOTE ASIMETRICO,,Normal
ABRIL, ,020 - 2MAY4                                   ,STOP,008 - MODA                                    ,001 - TEJIDO PUNTO                            ,11135815,CAMISETA ML CON ABERTURA EN PUÑO,,Normal
ABRIL, ,020 - 2MAY4                                   ,STOP,008 - MODA                                    ,001 - TEJIDO PUNTO                            ,11135915,CAMISETA ML TIPO POLO A RAYAS,,Normal
ABRIL, ,016 - 2ABR4                                   ,STOP,008 - MODA                                    ,001 - TEJIDO PUNTO                            ,11136915,CAMISETA ML CON PUNTERAS EN ESCOTE,001 - PRODUCCION INTERNA TELA NACIONALIZADA   ,Normal
OCTUBRE, ,016 - 2ABR4                                   ,STOP,008 - MODA                                    ,001 - TEJIDO PUNTO                            ,11150813,CAMISETA MS EN RIB CON CORTES EN FRENTE,,Normal
DICIEMBRE, ,016 - 2ABR4                                   ,STOP,008 - MODA                                    ,001 - TEJIDO PUNTO                            ,11158913,CAMISETA MS CON APLIQUE EN ESCOTE,,Normal
OCTUBRE, ,016 - 2ABR4                                   ,STOP,008 - MODA                                    ,001 - TEJIDO PUNTO                            ,11167813,CAMISETA MS PREMIUM CON PETO SIMULACIÓN,,Normal
MAYO, ,016 - 2ABR4                                   ,STOP,008 - MODA                                    ,001 - TEJIDO PUNTO                            ,11187813,CAMISETA MS EN RIB CON CREMALLERA LARGO,,Normal
JUNIO, ,016 - 2ABR4                                   ,STOP,008 - MODA                                    ,001 - TEJIDO PUNTO                            ,11189813,CAMISETA MS CON SESGO Y CURVA EN RUEDO,,Normal
JUNIO, ,016 - 2ABR4                                   ,STOP,008 - MODA                                    ,001 - TEJIDO PUNTO                            ,11190813,CAMISETA MS CON FILETES EXPUESTOS TIPO,,Normal
JULIO, ,016 - 2ABR4                                   ,STOP,008 - MODA                                    ,001 - TEJIDO PUNTO                            ,11192913,CAMISETA MS EN RIB CON ANUDADO EN FRENT,,Normal
JULIO, ,016 - 2ABR4                                   ,STOP,008 - MODA                                    ,001 - TEJIDO PUNTO                            ,11193813,CAMISETA MS CON EFECTO TIE DYE TIPO CRO,,Normal
AGOSTO, ,016 - 2ABR4                                   ,STOP,008 - MODA                                    ,001 - TEJIDO PUNTO                            ,11199913,CAMISETA PREMIUM MS DE UN SOLO HOMBRO,,Normal
SEPTIEMBRE, ,016 - 2ABR4                                   ,STOP,008 - MODA                                    ,001 - TEJIDO PUNTO                            ,11202913,CAMISETA MS EN RIB CON CUELLO ALTO,,Normal
SEPTIEMBRE, ,016 - 2ABR4                                   ,STOP,008 - MODA                                    ,001 - TEJIDO PUNTO                            ,11203913,CAMISETA MS EN RIB CON DETALLE PIEDRAS,,Normal
SEPTIEMBRE, ,016 - 2ABR4                                   ,STOP,008 - MODA                                    ,001 - TEJIDO PUNTO                            ,11204913,CAMISETA MS IMITACIÓN DOBLE PRENDA,,Normal
AGOSTO, ,016 - 2ABR4                                   ,STOP,008 - MODA                                    ,001 - TEJIDO PUNTO                            ,11205913,CAMISETA MS FONDO ENTERO CON CORTES,,Normal
OCTUBRE, ,016 - 2ABR4                                   ,STOP,008 - MODA                                    ,001 - TEJIDO PUNTO                            ,11210813,CAMISETA MS EN MALLA ESTAMPADA FORRADA,,Normal
NOVIEMBRE, ,016 - 2ABR4                                   ,STOP,008 - MODA                                    ,001 - TEJIDO PUNTO                            ,11211813,CAMISETA MS CON APLIQUES EN FRENTE EN R,,Normal
NOVIEMBRE, ,016 - 2ABR4                                   ,STOP,008 - MODA                                    ,001 - TEJIDO PUNTO                            ,11212813,CAMISETA MS CON APLIQUE EN FRENTE,,Normal
DICIEMBRE, ,016 - 2ABR4                                   ,STOP,008 - MODA                                    ,001 - TEJIDO PUNTO                            ,11213813,CAMISETA MS ESCOTE V CON APLIQUES BRILL,,Normal
OCTUBRE, ,016 - 2ABR4                                   ,STOP,008 - MODA                                    ,001 - TEJIDO PUNTO                            ,11215813,CAMISETA PREMIUM MS CON RECOGIDO,,Normal
NOVIEMBRE, ,016 - 2ABR4                                   ,STOP,008 - MODA                                    ,001 - TEJIDO PUNTO                            ,11216813,CAMISETA MS CON ALFORZAS CROP,,Normal
NOVIEMBRE, ,016 - 2ABR4                                   ,STOP,008 - MODA                                    ,001 - TEJIDO PUNTO                            ,11217913,CAMISETA MS EN RIB CON LUREX,,Normal
DICIEMBRE, ,016 - 2ABR4                                   ,STOP,008 - MODA                                    ,001 - TEJIDO PUNTO                            ,11220813,CAMISETA PREMIUM  MS CON ESCOTE EN ESPA,,Normal
DICIEMBRE, ,016 - 2ABR4                                   ,STOP,008 - MODA                                    ,001 - TEJIDO PUNTO                            ,11221913,CAMISETA MS EN RIB CON ESTAMPADO,,Normal
ENERO, ,016 - 2ABR4                                   ,STOP,008 - MODA                                    ,001 - TEJIDO PUNTO                            ,11222813,CAMISETA MS CON PERILLA CON BOTONES EN,,Normal
MAYO, ,016 - 2ABR4                                   ,STOP,008 - MODA                                    ,001 - TEJIDO PUNTO                            ,11223813,CAMISETA MS CON PERILLA BOTONES Y RIB A,,Normal
FEBRERO, ,016 - 2ABR4                                   ,STOP,008 - MODA                                    ,001 - TEJIDO PUNTO                            ,11224913,CAMISTA MS EN RIB CON ESTAMPADO Y TEÑID,,Normal
MARZO, ,016 - 2ABR4                                   ,STOP,008 - MODA                                    ,001 - TEJIDO PUNTO                            ,11228913,CAMISETA MS CON ARGOLLA EN HOMBRO,,Normal
ABRIL, ,016 - 2ABR4                                   ,STOP,008 - MODA                                    ,001 - TEJIDO PUNTO                            ,11229813,CAMISETA MS EN RIB CON TACHES EN ESCOTE,,Normal
MARZO, ,016 - 2ABR4                                   ,STOP,008 - MODA                                    ,001 - TEJIDO PUNTO                            ,11230913,CAMISETA MS  EFECTO TEXTURIZADO,,Normal
FEBRERO, ,016 - 2ABR4                                   ,STOP,008 - MODA                                    ,001 - TEJIDO PUNTO                            ,11231913,CAMISETA PREMIUM MS CON ESCOTE V AJUSTA,,Normal
ABRIL, ,016 - 2ABR4                                   ,STOP,008 - MODA                                    ,001 - TEJIDO PUNTO                            ,11232813,CAMISETA MS EN RIB CON ESCOTE EN V,,Normal
ABRIL, ,016 - 2ABR4                                   ,STOP,008 - MODA                                    ,001 - TEJIDO PUNTO                            ,11233813,CAMISETA MS EN RIB A RAYAS CON ESCOTE E,,Normal
JUNIO, ,016 - 2ABR4                                   ,STOP,008 - MODA                                    ,001 - TEJIDO PUNTO                            ,11235913,CAMISETA MS PREMIUM CON DRAPEADO EN SIS,,Normal
SEPTIEMBRE, ,016 - 2ABR4                                   ,STOP,008 - MODA                                    ,001 - TEJIDO PUNTO                            ,11236913,CAMISETA MS PREMIUM CUELLO REDONDO CON,,Normal
JUNIO, ,016 - 2ABR4                                   ,STOP,008 - MODA                                    ,001 - TEJIDO PUNTO                            ,11238913,CAMISETA MS CON RAYAS Y BOTONES,,Normal
JUNIO, ,016 - 2ABR4                                   ,STOP,008 - MODA                                    ,001 - TEJIDO PUNTO                            ,11239913,CAMISETA  MS PREMIUM MS CON DRAPEADO EN,,Normal
ENERO, ,016 - 2ABR4                                   ,STOP,008 - MODA                                    ,001 - TEJIDO PUNTO                            ,11240913,CAMISETA PREMIUM MS CON DRAPEADO,,Normal
JUNIO, ,016 - 2ABR4                                   ,STOP,008 - MODA                                    ,001 - TEJIDO PUNTO                            ,11241913,CAMISETA MS EN RIB CON CUELLO SPORT,,Normal
JULIO, ,016 - 2ABR4                                   ,STOP,008 - MODA                                    ,001 - TEJIDO PUNTO                            ,11242813,CAMISETA MS CON ARGOLLAS EFECTO MADERA,,Normal
JULIO, ,016 - 2ABR4                                   ,STOP,008 - MODA                                    ,001 - TEJIDO PUNTO                            ,11243813,CAMISETA MS EN TELA IMITACIÓN TEJIDA,,Normal
JULIO, ,016 - 2ABR4                                   ,STOP,008 - MODA                                    ,001 - TEJIDO PUNTO                            ,11244913,CAMISETA PREMIUM MS CON ARGOLLA,,Normal
JULIO, ,016 - 2ABR4                                   ,STOP,008 - MODA                                    ,001 - TEJIDO PUNTO                            ,11245813,CAMISETA MS EN TELA GALLETA CON ABERTUR,,Normal
JULIO, ,016 - 2ABR4                                   ,STOP,008 - MODA                                    ,001 - TEJIDO PUNTO                            ,11246813,CAMISETA MS CON ESCOTE EN ESPALDA,,Normal
JULIO, ,016 - 2ABR4                                   ,STOP,008 - MODA                                    ,001 - TEJIDO PUNTO                            ,11247813,CAMISETA MS EN TELA EFECTO TEJIDO ESCOT,,Normal
JULIO, ,016 - 2ABR4                                   ,STOP,008 - MODA                                    ,001 - TEJIDO PUNTO                            ,11248813,CAMISETA MS EN RIB CON ABERTURA EN FREN,,Normal
AGOSTO, ,016 - 2ABR4                                   ,STOP,008 - MODA                                    ,001 - TEJIDO PUNTO                            ,11249813,CAMISETA MS CON RUEDO EN PICO TIPO CROP,,Normal
AGOSTO, ,016 - 2ABR4                                   ,STOP,008 - MODA                                    ,001 - TEJIDO PUNTO                            ,11250813,CAMISETA MS EN TELA EFECTO TEJIDA,,Normal
SEPTIEMBRE, ,016 - 2ABR4                                   ,STOP,008 - MODA                                    ,001 - TEJIDO PUNTO                            ,11252913,CAMISETA MS EN RIB TEJIDO CON BORDADO F,,Normal
SEPTIEMBRE, ,016 - 2ABR4                                   ,STOP,008 - MODA                                    ,001 - TEJIDO PUNTO                            ,11253813,CAMISETA PREMIUM MS CUELLO EN V CON REC,,Normal
SEPTIEMBRE, ,016 - 2ABR4                                   ,STOP,008 - MODA                                    ,001 - TEJIDO PUNTO                            ,11254813,CAMISETA MS CON ABROCHADURA EN RIB LARG,,Normal
SEPTIEMBRE, ,016 - 2ABR4                                   ,STOP,008 - MODA                                    ,001 - TEJIDO PUNTO                            ,11257813,CAMISETA MS TELA GALLETA BORDADA CROP,,Normal
FEBRERO, ,016 - 2ABR4                                   ,STOP,008 - MODA                                    ,001 - TEJIDO PUNTO                            ,11258913,CAMISETA MS CON CORTES EN FRENTE,,Normal
OCTUBRE, ,016 - 2ABR4                                   ,STOP,008 - MODA                                    ,001 - TEJIDO PUNTO                            ,11259913,CAMISETA PREMIUM MS ESCOTE CUADRADO REC,,Normal
OCTUBRE, ,016 - 2ABR4                                   ,STOP,008 - MODA                                    ,001 - TEJIDO PUNTO                            ,11260813,CAMISETA MS CON APLIQUES DE ESTRELLAS,,Normal
OCTUBRE, ,016 - 2ABR4                                   ,STOP,008 - MODA                                    ,001 - TEJIDO PUNTO                            ,11261813,CAMISETA MS  ESCOTE CUADRADO,,Normal
OCTUBRE, ,016 - 2ABR4                                   ,STOP,008 - MODA                                    ,001 - TEJIDO PUNTO                            ,11262813,CAMISETA MS  ESCOTE CUADRADO,,Normal
OCTUBRE, ,016 - 2ABR4                                   ,STOP,008 - MODA                                    ,001 - TEJIDO PUNTO                            ,11263813,CAMISETA MS CON CORTES EN FRENTE,,Normal
NOVIEMBRE, ,016 - 2ABR4                                   ,STOP,008 - MODA                                    ,001 - TEJIDO PUNTO                            ,11264913,CAMISETA MS EN MALLA ESTAMPADA,,Normal
NOVIEMBRE, ,016 - 2ABR4                                   ,STOP,008 - MODA                                    ,001 - TEJIDO PUNTO                            ,11265913,CAMISETA MS CON CORTE EN BUSTO,,Normal
NOVIEMBRE, ,016 - 2ABR4                                   ,STOP,008 - MODA                                    ,001 - TEJIDO PUNTO                            ,11266813,CAMISETA MS SILUETA AJUSTADA EN TELA CO,,Normal
NOVIEMBRE, ,016 - 2ABR4                                   ,STOP,008 - MODA                                    ,001 - TEJIDO PUNTO                            ,11267813,CAMISETA MS TIPO CORSET EN MALLA CROP,,Normal
DICIEMBRE, ,016 - 2ABR4                                   ,STOP,008 - MODA                                    ,001 - TEJIDO PUNTO                            ,11268913,CAMISETA MS AJUSTADA CON CORTES CROP,,Normal
MARZO, ,016 - 2ABR4                                   ,STOP,008 - MODA                                    ,001 - TEJIDO PUNTO                            ,11269813,CAMISETA PREMIUM MS CON ARGOLLA  CROP,,Normal
DICIEMBRE, ,016 - 2ABR4                                   ,STOP,008 - MODA                                    ,001 - TEJIDO PUNTO                            ,11270913,CAMISETA MS EN RIB CON PERLAS EN ESCOTE,,Normal
NOVIEMBRE, ,016 - 2ABR4                                   ,STOP,008 - MODA                                    ,001 - TEJIDO PUNTO                            ,11271813,CAMISETA MS EN TULL CON APLIQUES,,Normal
NOVIEMBRE, ,016 - 2ABR4                                   ,STOP,008 - MODA                                    ,001 - TEJIDO PUNTO                            ,11272813,CAMISETA MS CUELLO REDONDO CROP,,Normal
NOVIEMBRE, ,016 - 2ABR4                                   ,STOP,008 - MODA                                    ,001 - TEJIDO PUNTO                            ,11273913,CAMISETA MS CON OJALETES Y AMARRE,,Normal
DICIEMBRE, ,016 - 2ABR4                                   ,STOP,008 - MODA                                    ,001 - TEJIDO PUNTO                            ,11274813,CAMISETA MS CON ESCOTE ESPALDA,,Normal
ENERO, ,016 - 2ABR4                                   ,STOP,008 - MODA                                    ,001 - TEJIDO PUNTO                            ,11276913,CAMISETA PREMIUM MS CON ENTORCHADO EN H,,Normal
DICIEMBRE, ,016 - 2ABR4                                   ,STOP,008 - MODA                                    ,001 - TEJIDO PUNTO                            ,11279913,CAMISETA MS CON APLIQUES BORDADOS,,Normal
ENERO, ,016 - 2ABR4                                   ,STOP,008 - MODA                                    ,001 - TEJIDO PUNTO                            ,11280813,CAMISETA MS EN RIB CON ESTAMPADO,,Normal
ENERO, ,016 - 2ABR4                                   ,STOP,008 - MODA                                    ,001 - TEJIDO PUNTO                            ,11281913,CAMISETA PREMIUM MS ESCOTE EN V CON REC,,Normal
FEBRERO, ,016 - 2ABR4                                   ,STOP,008 - MODA                                    ,001 - TEJIDO PUNTO                            ,11283913,CAMISETA MS CON RECOGIDO EN FRENTE,,Normal
FEBRERO, ,016 - 2ABR4                                   ,STOP,008 - MODA                                    ,001 - TEJIDO PUNTO                            ,11284913,CAMISETA MS IMITACIÓN DOBLE PRENDA,,Normal
ABRIL, ,016 - 2ABR4                                   ,STOP,008 - MODA                                    ,001 - TEJIDO PUNTO                            ,11289913,CAMISETA MS CUELLO BANDEJA,,Normal
SEPTIEMBRE, ,016 - 2ABR4                                   ,STOP,008 - MODA                                    ,001 - TEJIDO PUNTO                            ,11414914,CAMISETA PREMIUM MC AJUSTADA CON TIRA E,,Normal
DICIEMBRE, ,016 - 2ABR4                                   ,STOP,008 - MODA                                    ,001 - TEJIDO PUNTO                            ,11421814,CAMISETA MC EST EN FRENTE CON CADENA BR,,Normal
NOVIEMBRE, ,016 - 2ABR4                                   ,STOP,008 - MODA                                    ,001 - TEJIDO PUNTO                            ,11429914,CAMISETA MC EN TELA CON BRILLO,,Normal
FEBRERO, ,016 - 2ABR4                                   ,STOP,008 - MODA                                    ,001 - TEJIDO PUNTO                            ,11436814,CAMISETA MC FONDO ENTERO CON BORDADO Y,,Normal
JUNIO, ,016 - 2ABR4                                   ,STOP,008 - MODA                                    ,001 - TEJIDO PUNTO                            ,11450914,CAMISETA MC CON DEGRADADO Y ESTAMPADO,,Normal
SEPTIEMBRE, ,016 - 2ABR4                                   ,STOP,008 - MODA                                    ,001 - TEJIDO PUNTO                            ,11466814,CAMISETA PREMIUM MC CON ESCOTE EN LA ES,,Normal
NOVIEMBRE, ,016 - 2ABR4                                   ,STOP,008 - MODA                                    ,001 - TEJIDO PUNTO                            ,11469914,CAMISETA MC BOMBACHA EN RIB A RAYAS,,Normal
OCTUBRE, ,016 - 2ABR4                                   ,STOP,008 - MODA                                    ,001 - TEJIDO PUNTO                            ,11480914,CAMISETA PREMIUM MC CON BOLSILLO ESTAMP,,Normal
NOVIEMBRE, ,016 - 2ABR4                                   ,STOP,008 - MODA                                    ,001 - TEJIDO PUNTO                            ,11490814,CAMISETA MC PREMIUM CON CORTES DECORATI,,Normal
DICIEMBRE, ,016 - 2ABR4                                   ,STOP,008 - MODA                                    ,001 - TEJIDO PUNTO                            ,11491914,CAMISETA MC CON RECOGIDO EN TELA EFECTO,,Normal
DICIEMBRE, ,016 - 2ABR4                                   ,STOP,008 - MODA                                    ,001 - TEJIDO PUNTO                            ,11493814,CAMISETA MC CON DETALLE EN MALLA,,Normal
DICIEMBRE, ,016 - 2ABR4                                   ,STOP,008 - MODA                                    ,001 - TEJIDO PUNTO                            ,11502914,CAMISETA MC EN MALLA DOBLE PRENDA CON T,,Normal
DICIEMBRE, ,016 - 2ABR4                                   ,STOP,008 - MODA                                    ,001 - TEJIDO PUNTO                            ,11507814,CAMISETA PREMIUM MC TIPO POLO EFECTO DE,,Normal
MARZO, ,016 - 2ABR4                                   ,STOP,008 - MODA                                    ,001 - TEJIDO PUNTO                            ,11520914,CAMISETA MC CON CORTE EN PECHO,,Normal
MARZO, ,016 - 2ABR4                                   ,STOP,008 - MODA                                    ,001 - TEJIDO PUNTO                            ,11525814,CAMISETA MC CON CORTE INFERIOR LARGO CR,,Normal
ABRIL, ,016 - 2ABR4                                   ,STOP,008 - MODA                                    ,001 - TEJIDO PUNTO                            ,11526814,CAMISETA MC CON RECOGIDO EN COSTADO CRO,,Normal
JUNIO, ,016 - 2ABR4                                   ,STOP,008 - MODA                                    ,001 - TEJIDO PUNTO                            ,11528814,CAMISETA MC CON RASGADO Y ESTAMPADO CRO,,Normal
MAYO, ,016 - 2ABR4                                   ,STOP,008 - MODA                                    ,001 - TEJIDO PUNTO                            ,11532914,CAMISETA MC EN RIB ESCOTE V,,Normal
JUNIO, ,016 - 2ABR4                                   ,STOP,008 - MODA                                    ,001 - TEJIDO PUNTO                            ,11533814,CAMISETA MC IMITACION DOBLE PRENDA EN R,,Normal
JULIO, ,016 - 2ABR4                                   ,STOP,008 - MODA                                    ,001 - TEJIDO PUNTO                            ,11539914,CAMISETA MC OVERSIZE CON ESTAMPADO,,Normal
AGOSTO, ,016 - 2ABR4                                   ,STOP,008 - MODA                                    ,001 - TEJIDO PUNTO                            ,11542914,CAMISETA MC CON ESTAMPADO EN FRENTE,,Normal
AGOSTO, ,016 - 2ABR4                                   ,STOP,008 - MODA                                    ,001 - TEJIDO PUNTO                            ,11545814,CAMISETA PREMIUM MC CON ABERTURAS EN ES,,Normal
SEPTIEMBRE, ,016 - 2ABR4                                   ,STOP,008 - MODA                                    ,001 - TEJIDO PUNTO                            ,11551814,CAMISETA MC EN RIB CON CREMALLERA DOBLE,,Normal
SEPTIEMBRE, ,016 - 2ABR4                                   ,STOP,008 - MODA                                    ,001 - TEJIDO PUNTO                            ,11552814,CAMISETA MC TEÑIDA CON ALMILLA Y CON ES,,Normal
SEPTIEMBRE, ,016 - 2ABR4                                   ,STOP,008 - MODA                                    ,001 - TEJIDO PUNTO                            ,11553914,CAMISETA PREMIUM  MC CON ESPALDA ESCOTA,,Normal
SEPTIEMBRE, ,016 - 2ABR4                                   ,STOP,008 - MODA                                    ,001 - TEJIDO PUNTO                            ,11555914,CAMISETA MC EN MALLA DOBRE PRENDA,,Normal
OCTUBRE, ,016 - 2ABR4                                   ,STOP,008 - MODA                                    ,001 - TEJIDO PUNTO                            ,11556914,CAMISETA MC CON BORDADO EN CUELLO,,Normal
NOVIEMBRE, ,016 - 2ABR4                                   ,STOP,008 - MODA                                    ,001 - TEJIDO PUNTO                            ,11557814,CAMISETA MC CON CAMISETA INTERNA EN ENC,,Normal
NOVIEMBRE, ,016 - 2ABR4                                   ,STOP,008 - MODA                                    ,001 - TEJIDO PUNTO                            ,11558814,CAMISETA MC CON JARETAS EN COSTADO,,Normal
OCTUBRE, ,016 - 2ABR4                                   ,STOP,008 - MODA                                    ,001 - TEJIDO PUNTO                            ,11560914,CAMISETA MC CON CORTES Y TACHES,,Normal
OCTUBRE, ,016 - 2ABR4                                   ,STOP,008 - MODA                                    ,001 - TEJIDO PUNTO                            ,11561914,CAMISETA MC CON ESTAMPADO LOCALIZADO,,Normal
OCTUBRE, ,016 - 2ABR4                                   ,STOP,008 - MODA                                    ,001 - TEJIDO PUNTO                            ,11562814,CAMISETA MC CON APLIQUE TEÑIDA CROP,,Normal
SEPTIEMBRE, ,016 - 2ABR4                                   ,STOP,008 - MODA                                    ,001 - TEJIDO PUNTO                            ,11563814,CAMISETA MC EN RIB CROP,,Normal
OCTUBRE, ,016 - 2ABR4                                   ,STOP,008 - MODA                                    ,001 - TEJIDO PUNTO                            ,11565814,CAMISETA MC CON ESTAMPADO CROP,,Normal
NOVIEMBRE, ,016 - 2ABR4                                   ,STOP,008 - MODA                                    ,001 - TEJIDO PUNTO                            ,11567914,CAMISETA MC ESTAMPADA,,Normal
OCTUBRE, ,016 - 2ABR4                                   ,STOP,008 - MODA                                    ,001 - TEJIDO PUNTO                            ,11568914,CAMISETA PREMIUM MC CON ESTAMPADO,,Normal
OCTUBRE, ,016 - 2ABR4                                   ,STOP,008 - MODA                                    ,001 - TEJIDO PUNTO                            ,11569814,CAMISETA MC EN RIB CON SESGOS DECORATIV,,Normal
OCTUBRE, ,016 - 2ABR4                                   ,STOP,008 - MODA                                    ,001 - TEJIDO PUNTO                            ,11570914,CAMISETA MC CON ESTAMPADO LOCALIZADO,,Normal
NOVIEMBRE, ,016 - 2ABR4                                   ,STOP,008 - MODA                                    ,001 - TEJIDO PUNTO                            ,11571914,CAMISETA MC ESTAMPADA,,Normal
NOVIEMBRE, ,016 - 2ABR4                                   ,STOP,008 - MODA                                    ,001 - TEJIDO PUNTO                            ,11572914,CAMISETA MC EN TELA EFECTO BRILLO,,Normal
NOVIEMBRE, ,016 - 2ABR4                                   ,STOP,008 - MODA                                    ,001 - TEJIDO PUNTO                            ,11575814,CAMISETA MC CON TEXTO BRILLO EN FRENTE,,Normal
DICIEMBRE, ,016 - 2ABR4                                   ,STOP,008 - MODA                                    ,001 - TEJIDO PUNTO                            ,11578814,CAMISETA MC CON APLIQUE ESTRELLA ESPALD,,Normal
NOVIEMBRE, ,016 - 2ABR4                                   ,STOP,008 - MODA                                    ,001 - TEJIDO PUNTO                            ,11579814,CAMISETA MC CON ESTAMPADO CON BOXY FIT,,Normal
DICIEMBRE, ,016 - 2ABR4                                   ,STOP,008 - MODA                                    ,001 - TEJIDO PUNTO                            ,11582814,CAMISETA MC CON DETALLES EN LUREX BOXY,,Normal
DICIEMBRE, ,016 - 2ABR4                                   ,STOP,008 - MODA                                    ,001 - TEJIDO PUNTO                            ,11583914,CAMISETA MC CON FRENTE ESTAMPADO,,Normal
NOVIEMBRE, ,016 - 2ABR4                                   ,STOP,008 - MODA                                    ,001 - TEJIDO PUNTO                            ,11584814,CAMISETA PREMIUM MC CON UN HOMBRO DESCU,,Normal
DICIEMBRE, ,016 - 2ABR4                                   ,STOP,008 - MODA                                    ,001 - TEJIDO PUNTO                            ,11586914,CAMISETA MC EN ENCAJE DOBLE PRENDA,,Normal
DICIEMBRE, ,016 - 2ABR4                                   ,STOP,008 - MODA                                    ,001 - TEJIDO PUNTO                            ,11588914,CAMISETA MC CON PIEZA EN MANGA Y ESTAMP,,Normal
JUNIO, ,016 - 2ABR4                                   ,STOP,008 - MODA                                    ,001 - TEJIDO PUNTO                            ,11589914,CAMISETA MC EN TELA EFECTO TEJIDO,,Normal
DICIEMBRE, ,016 - 2ABR4                                   ,STOP,008 - MODA                                    ,001 - TEJIDO PUNTO                            ,11590914,CAMISETA PREMIUM MC CON ESTAMPADO,,Normal
DICIEMBRE, ,016 - 2ABR4                                   ,STOP,008 - MODA                                    ,001 - TEJIDO PUNTO                            ,11591914,CAMISETA MC CON OJALILLO,,Normal
DICIEMBRE, ,016 - 2ABR4                                   ,STOP,008 - MODA                                    ,001 - TEJIDO PUNTO                            ,11592914,CAMISETA MC ESTAMPADA,,Normal
DICIEMBRE, ,016 - 2ABR4                                   ,STOP,008 - MODA                                    ,001 - TEJIDO PUNTO                            ,11593814,CAMISETA MC CON RECTILINEO CONTRASTE CR,,Normal
DICIEMBRE, ,016 - 2ABR4                                   ,STOP,008 - MODA                                    ,001 - TEJIDO PUNTO                            ,11594914,CAMISETA MC EN RIB CON RECOGIDO EN ESCO,,Normal
ENERO, ,016 - 2ABR4                                   ,STOP,008 - MODA                                    ,001 - TEJIDO PUNTO                            ,11595814,CAMISETA  PREMIUM  MC CON ESTAMPADO LOC,,Normal
JUNIO, ,016 - 2ABR4                                   ,STOP,008 - MODA                                    ,001 - TEJIDO PUNTO                            ,11596914,CAMISETA MC EN RIB A RAYAS FIT AJUSTADO,,Normal
DICIEMBRE, ,016 - 2ABR4                                   ,STOP,008 - MODA                                    ,001 - TEJIDO PUNTO                            ,11597914,CAMISETA PREMIUM MC CON ESTAMPADO LOCAL,,Normal
FEBRERO, ,016 - 2ABR4                                   ,STOP,008 - MODA                                    ,001 - TEJIDO PUNTO                            ,11598914,CAMISETA PREMIUM MC AJUSTADA,,Normal
FEBRERO, ,016 - 2ABR4                                   ,STOP,008 - MODA                                    ,001 - TEJIDO PUNTO                            ,11599914,CAMISETA PREMIUM  MC A RAYAS CON ESTAMP,,Normal
JUNIO, ,016 - 2ABR4                                   ,STOP,008 - MODA                                    ,001 - TEJIDO PUNTO                            ,11600814,CAMISETA PREMIUM  MC CON ESTAMPADO LOCA,,Normal
NOVIEMBRE, ,016 - 2ABR4                                   ,STOP,008 - MODA                                    ,001 - TEJIDO PUNTO                            ,11600914,CAMISETA MC CON CUELLO Y PUÑOS,,Normal
MARZO, ,016 - 2ABR4                                   ,STOP,008 - MODA                                    ,001 - TEJIDO PUNTO                            ,11601814,CAMISETA MC CON PIEZAS EN CONTRASTE CRO,,Normal
MARZO, ,016 - 2ABR4                                   ,STOP,008 - MODA                                    ,001 - TEJIDO PUNTO                            ,11602814,CAMISETA MC EN TELA EFECTO GALLETA,,Normal
FEBRERO, ,016 - 2ABR4                                   ,STOP,008 - MODA                                    ,001 - TEJIDO PUNTO                            ,11603914,CAMISETA MC EN RIB CON ESTAMPADO,,Normal
FEBRERO, ,016 - 2ABR4                                   ,STOP,008 - MODA                                    ,001 - TEJIDO PUNTO                            ,11604814,CAMISETA MC CON CORTE IRREGULAR EN FREN,,Normal
FEBRERO, ,016 - 2ABR4                                   ,STOP,008 - MODA                                    ,001 - TEJIDO PUNTO                            ,11605814,CAMISETA MC CON TELA CON FLAME,,Normal
JUNIO, ,016 - 2ABR4                                   ,STOP,008 - MODA                                    ,001 - TEJIDO PUNTO                            ,11609914,CAMISETA MC CUELLO V EN RAYAS PRETEÑIDA,,Normal
FEBRERO, ,016 - 2ABR4                                   ,STOP,008 - MODA                                    ,001 - TEJIDO PUNTO                            ,11611914,CAMISETA MC CON ESTAMPADO EN FRENTE Y E,,Normal
MARZO, ,016 - 2ABR4                                   ,STOP,008 - MODA                                    ,001 - TEJIDO PUNTO                            ,11612814,CAMISETA MC CON MANGA RANGLA Y ESTAMPAD,,Normal
ABRIL, ,016 - 2ABR4                                   ,STOP,008 - MODA                                    ,001 - TEJIDO PUNTO                            ,11614814,CAMISETA PREMIUM  MC CON ESCOTE CORAZÓN,,Normal
MARZO, ,016 - 2ABR4                                   ,STOP,008 - MODA                                    ,001 - TEJIDO PUNTO                            ,11615914,CAMISETA MC CON ESTAMPADO LOCALIZADO,,Normal
MARZO, ,016 - 2ABR4                                   ,STOP,008 - MODA                                    ,001 - TEJIDO PUNTO                            ,11617914,CAMISETA MC CON ESCOTE EN V Y ESTAMPADO,,Normal
ABRIL, ,016 - 2ABR4                                   ,STOP,008 - MODA                                    ,001 - TEJIDO PUNTO                            ,11618814,CAMISETA MC RODADA CON ESTAMPADO,,Normal
MARZO, ,016 - 2ABR4                                   ,STOP,008 - MODA                                    ,001 - TEJIDO PUNTO                            ,11619814,CAMISETA MC CON ESTAMPADO MUJERES,,Normal
AGOSTO, ,016 - 2ABR4                                   ,STOP,008 - MODA                                    ,001 - TEJIDO PUNTO                            ,11620914,CAMISETA PREMIUM MC ESTAMPADO LOCALIZAD,,Normal
ABRIL, ,016 - 2ABR4                                   ,STOP,008 - MODA                                    ,001 - TEJIDO PUNTO                            ,11621814,CAMISETA MC DOBLE PRENDA EN RIB CON TOP,,Normal
ABRIL, ,016 - 2ABR4                                   ,STOP,008 - MODA                                    ,001 - TEJIDO PUNTO                            ,11622814,CAMISETA MC CON ESTAMPADO Y PARCHES,,Normal
OCTUBRE, ,016 - 2ABR4                                   ,STOP,008 - MODA                                    ,001 - TEJIDO PUNTO                            ,11623814,CAMISETA MC CON BORDADO EN FRENTE,,Normal
MAYO, ,016 - 2ABR4                                   ,STOP,008 - MODA                                    ,001 - TEJIDO PUNTO                            ,11624814,CAMISETA MC CUELLO REDONDO ESTAMPADA,,Normal
MAYO, ,016 - 2ABR4                                   ,STOP,008 - MODA                                    ,001 - TEJIDO PUNTO                            ,11625814,CAMISETA MC CUELLO REDONDO ESTAMPADA,,Normal
MAYO, ,016 - 2ABR4                                   ,STOP,008 - MODA                                    ,001 - TEJIDO PUNTO                            ,11625914,CAMISETA MC CON FLORES EN RELIEVE,,Normal
MAYO, ,016 - 2ABR4                                   ,STOP,008 - MODA                                    ,001 - TEJIDO PUNTO                            ,11627914,CAMISETA MC CON DETALLE EN RUEDO FRENTE,,Normal
MAYO, ,016 - 2ABR4                                   ,STOP,008 - MODA                                    ,001 - TEJIDO PUNTO                            ,11628914,CAMISETA MC PREMIUM CON UN HOMBRO CAIDO,,Normal
MAYO, ,016 - 2ABR4                                   ,STOP,008 - MODA                                    ,001 - TEJIDO PUNTO                            ,11629914,CAMISETA MC CON ESTAMPADO LOCALIZADO EN,,Normal
OCTUBRE, ,016 - 2ABR4                                   ,STOP,008 - MODA                                    ,001 - TEJIDO PUNTO                            ,11631814,CAMISETA MC CON ESTAMPADO EN FRENTE,,Normal
JUNIO, ,016 - 2ABR4                                   ,STOP,008 - MODA                                    ,001 - TEJIDO PUNTO                            ,11632914,CAMISETA MC FRENTE BORDADO Y ABERTURA E,,Normal
ENERO, ,016 - 2ABR4                                   ,STOP,008 - MODA                                    ,001 - TEJIDO PUNTO                            ,11633914,CAMISETA MC CON TELA GALLETA Y PUNTADA,,Normal
MAYO, ,016 - 2ABR4                                   ,STOP,008 - MODA                                    ,001 - TEJIDO PUNTO                            ,11634914,CAMISETA MC PREMIUM ESCOTE SEMI CORAZON,,Normal
MAYO, ,016 - 2ABR4                                   ,STOP,008 - MODA                                    ,001 - TEJIDO PUNTO                            ,11635814,CAMISETA MC TIPO POLO CROP,,Normal
OCTUBRE, ,016 - 2ABR4                                   ,STOP,008 - MODA                                    ,001 - TEJIDO PUNTO                            ,11636814,CAMISETA MC CON ABERTURA EN RUEDO EN CO,,Normal
JUNIO, ,016 - 2ABR4                                   ,STOP,008 - MODA                                    ,001 - TEJIDO PUNTO                            ,11637914,CAMISETA PREMIUM MC CON ESTAMPADO EN FR,,Normal
DICIEMBRE, ,016 - 2ABR4                                   ,STOP,008 - MODA                                    ,001 - TEJIDO PUNTO                            ,11638814,CAMISETA MC A RAYAS CUELLO EN RIB,,Normal
JULIO, ,016 - 2ABR4                                   ,STOP,008 - MODA                                    ,001 - TEJIDO PUNTO                            ,11639814,CAMISETA PREMIUM MC CON ESTAMPADO CROP,,Normal
JULIO, ,016 - 2ABR4                                   ,STOP,008 - MODA                                    ,001 - TEJIDO PUNTO                            ,11640814,CAMISETA  PREMIUM MC CON ESCOTE EN ESPA,,Normal
JULIO, ,016 - 2ABR4                                   ,STOP,008 - MODA                                    ,001 - TEJIDO PUNTO                            ,11641814,CAMISETA MC CON MANGA RANGLA Y ESTAMPAD,,Normal
JULIO, ,016 - 2ABR4                                   ,STOP,008 - MODA                                    ,001 - TEJIDO PUNTO                            ,11642914,CAMISETA PREMIUM MC CON ESTAMPADO EN FR,,Normal
JULIO, ,016 - 2ABR4                                   ,STOP,008 - MODA                                    ,001 - TEJIDO PUNTO                            ,11643914,CAMISETA MC CON ESTAMPADO,,Normal
JULIO, ,016 - 2ABR4                                   ,STOP,008 - MODA                                    ,001 - TEJIDO PUNTO                            ,11644914,CAMISETA PREMIUM MC ESTAMPADA SOY LATIN,,Normal
JUNIO, ,021 - 2JUN1                                   ,STOP,008 - MODA                                    ,001 - TEJIDO PUNTO                            ,11645914,TOP PREMIUM MC CON ARGOLLA EN HOMB,001 - PRODUCCION INTERNA TELA NACIONALIZADA   ,Normal
JULIO, ,021 - 2JUN1                                   ,STOP,008 - MODA                                    ,001 - TEJIDO PUNTO                            ,11646814,CAMISETA MC CON RUEDO ANCHO Y ABERTURA,,Normal
JULIO, ,021 - 2JUN1                                   ,STOP,008 - MODA                                    ,001 - TEJIDO PUNTO                            ,11647814,CAMISETA PREMIUM MC CON ESTAMPADO EN FR,,Normal
AGOSTO, ,021 - 2JUN1                                   ,STOP,008 - MODA                                    ,001 - TEJIDO PUNTO                            ,11648914,CAMISETA MC CON ESTAMPADO Y MANUALIDAD,,Normal
AGOSTO, ,021 - 2JUN1                                   ,STOP,008 - MODA                                    ,001 - TEJIDO PUNTO                            ,11649814,CAMISETA MC ENTRE CRUZADA EN TELA CON E,,Normal
NOVIEMBRE, ,021 - 2JUN1                                   ,STOP,008 - MODA                                    ,001 - TEJIDO PUNTO                            ,11650814,CAMISETA MC RUEDO EFECTO GLOBO,,Normal
JULIO, ,021 - 2JUN1                                   ,STOP,008 - MODA                                    ,001 - TEJIDO PUNTO                            ,11651814,CAMISETA MC ESTAMPADA SOY LATINA,,Normal
AGOSTO, ,021 - 2JUN1                                   ,STOP,008 - MODA                                    ,001 - TEJIDO PUNTO                            ,11652814,CAMISETA MC CON ESCOTE EN V PROFUNDO,,Normal
AGOSTO, ,021 - 2JUN1                                   ,STOP,008 - MODA                                    ,001 - TEJIDO PUNTO                            ,11653914,CAMISETA MC TEJIDA CON BOLSILLO,,Normal
SEPTIEMBRE, ,021 - 2JUN1                                   ,STOP,008 - MODA                                    ,001 - TEJIDO PUNTO                            ,11654914,CAMISETA MC ESCOTE EN V CON ENTROCHADO,,Normal
AGOSTO, ,021 - 2JUN1                                   ,STOP,008 - MODA                                    ,001 - TEJIDO PUNTO                            ,11655814,CAMISETA MC CON BOLSILLO EN POPELINA,,Normal
ENERO, ,021 - 2JUN1                                   ,STOP,008 - MODA                                    ,001 - TEJIDO PUNTO                            ,11659914,CAMISETA MC CON TELA GALLETA Y PUNTADA,,Normal
SEPTIEMBRE, ,021 - 2JUN1                                   ,STOP,008 - MODA                                    ,001 - TEJIDO PUNTO                            ,11660814,CAMISETA MC CON ESTAMPADO CROP,,Normal
SEPTIEMBRE, ,021 - 2JUN1                                   ,STOP,008 - MODA                                    ,001 - TEJIDO PUNTO                            ,11663814,CAMISETA PREMIUM MC AJUSTADA CREMALLERA,,Normal
SEPTIEMBRE, ,021 - 2JUN1                                   ,STOP,008 - MODA                                    ,001 - TEJIDO PUNTO                            ,11664814,CAMISETA MC EN RIB CON CORTES EN FRENTE,,Normal
SEPTIEMBRE, ,021 - 2JUN1                                   ,STOP,008 - MODA                                    ,001 - TEJIDO PUNTO                            ,11665814,CAMISETA PREMIUM MC HOMBRO CAIDO,,Normal
SEPTIEMBRE, ,021 - 2JUN1                                   ,STOP,008 - MODA                                    ,001 - TEJIDO PUNTO                            ,11666814,CAMISETA PREMIUM MC CON FRENTE IRREGULA,,Normal
OCTUBRE, ,021 - 2JUN1                                   ,STOP,008 - MODA                                    ,001 - TEJIDO PUNTO                            ,11667914,CAMISETA MC CUELLO EN V CON PIEZAS EN M,,Normal
SEPTIEMBRE, ,021 - 2JUN1                                   ,STOP,008 - MODA                                    ,001 - TEJIDO PUNTO                            ,11668814,CAMISETA MC CUELLO REDONDO ESTAMPADA,,Normal
OCTUBRE, ,021 - 2JUN1                                   ,STOP,008 - MODA                                    ,001 - TEJIDO PUNTO                            ,11670914,CAMISETA MC IMITACION DOBLE PRENDA,,Normal
SEPTIEMBRE, ,021 - 2JUN1                                   ,STOP,008 - MODA                                    ,001 - TEJIDO PUNTO                            ,11671814,CAMISETA MC EN ALGODÓN ANIMALPRINT,,Normal
OCTUBRE, ,021 - 2JUN1                                   ,STOP,008 - MODA                                    ,001 - TEJIDO PUNTO                            ,11672814,CAMISETA MC AJUSTADA CON UN HOMBRO DESC,,Normal
FEBRERO, ,021 - 2JUN1                                   ,STOP,008 - MODA                                    ,001 - TEJIDO PUNTO                            ,11673814,CAMISETA PREMIUM MC CON PIEZAS EN CONTR,,Normal
OCTUBRE, ,021 - 2JUN1                                   ,STOP,008 - MODA                                    ,001 - TEJIDO PUNTO                            ,11674814,CAMISETA MC FULLPRINT CON RETILINEO,,Normal
NOVIEMBRE, ,021 - 2JUN1                                   ,STOP,008 - MODA                                    ,001 - TEJIDO PUNTO                            ,11675914,CAMISETA MC CON ESTAMPADO LOCALIZADO,,Normal
NOVIEMBRE, ,021 - 2JUN1                                   ,STOP,008 - MODA                                    ,001 - TEJIDO PUNTO                            ,11676814,CAMISETA MC CON APLIQUES,,Normal
NOVIEMBRE, ,021 - 2JUN1                                   ,STOP,008 - MODA                                    ,001 - TEJIDO PUNTO                            ,11677914,CAMISETA MC FULLPRINT,,Normal
NOVIEMBRE, ,021 - 2JUN1                                   ,STOP,009 - CONSCIENTE,001 - TEJIDO PUNTO                            ,11678914,CAMISETA MC GLOBAL ESTAMPADO FRENTE,,Normal
NOVIEMBRE, ,021 - 2JUN1                                   ,STOP,008 - MODA                                    ,001 - TEJIDO PUNTO                            ,11679814,CAMISETA MC CUELLO REDONDO CON TELA BRI,,Normal
DICIEMBRE, ,021 - 2JUN1                                   ,STOP,008 - MODA                                    ,001 - TEJIDO PUNTO                            ,11680914,CAMISETA MC  CON PERLAS EN CUELLO Y SIS,,Normal
DICIEMBRE, ,021 - 2JUN1                                   ,STOP,008 - MODA                                    ,001 - TEJIDO PUNTO                            ,11681914,CAMISETA MC CON CUELLO REDONDO Y PERILL,,Normal
OCTUBRE, ,021 - 2JUN1                                   ,STOP,008 - MODA                                    ,001 - TEJIDO PUNTO                            ,11682814,CAMISETA MC ESTAMPADA EN FRENTE,,Normal
DICIEMBRE, ,021 - 2JUN1                                   ,STOP,008 - MODA                                    ,001 - TEJIDO PUNTO                            ,11683814,CAMISETA MC TELA BRILLANTE CON PIEDRAS,,Normal
DICIEMBRE, ,021 - 2JUN1                                   ,STOP,008 - MODA                                    ,001 - TEJIDO PUNTO                            ,11684914,CAMISETA MC A RAYAS CON BRILLO,,Normal
DICIEMBRE, ,021 - 2JUN1                                   ,STOP,008 - MODA                                    ,001 - TEJIDO PUNTO                            ,11685914,CAMISETA MC A RAYAS EN RIB Y ESCOTE BAN,,Normal
NOVIEMBRE, ,021 - 2JUN1                                   ,STOP,008 - MODA                                    ,001 - TEJIDO PUNTO                            ,11686914,CAMISETA MC CON ENCAJE EN ESCOTE,,Normal
MARZO, ,021 - 2JUN1                                   ,STOP,008 - MODA                                    ,001 - TEJIDO PUNTO                            ,11687914,CAMISETA MC CON ESTAMPADO EN FRENTE,,Normal
DICIEMBRE, ,021 - 2JUN1                                   ,STOP,008 - MODA                                    ,001 - TEJIDO PUNTO                            ,11688814,CAMISETA MC CON APLIQUES Y ESTAMPADO,,Normal
NOVIEMBRE, ,021 - 2JUN1                                   ,STOP,008 - MODA                                    ,001 - TEJIDO PUNTO                            ,11689814,CAMISETA MC A RAYAS CROP,,Normal
DICIEMBRE, ,021 - 2JUN1                                   ,STOP,008 - MODA                                    ,001 - TEJIDO PUNTO                            ,11690814,CAMISETA MC STRAPPLE CON ELASTICO EN CO,,Normal
DICIEMBRE, ,021 - 2JUN1                                   ,STOP,008 - MODA                                    ,001 - TEJIDO PUNTO                            ,11691814,CAMISETA MC CON GUARDAPOLVO Y ESTAMPADO,,Normal
NOVIEMBRE, ,021 - 2JUN1                                   ,STOP,009 - CONSCIENTE,001 - TEJIDO PUNTO                            ,11692814,CAMISETA MC RIB ESTAMPADA,,Normal
DICIEMBRE, ,021 - 2JUN1                                   ,STOP,008 - MODA                                    ,001 - TEJIDO PUNTO                            ,11693914,CAMISETA MC CON APLIQUES EN MANGAS,,Normal
DICIEMBRE, ,021 - 2JUN1                                   ,STOP,009 - CONSCIENTE,001 - TEJIDO PUNTO                            ,11694914,CAMISETA MC GLOBAL ESTAMPADA,,Normal
DICIEMBRE, ,021 - 2JUN1                                   ,STOP,008 - MODA                                    ,001 - TEJIDO PUNTO                            ,11695814,CAMISETA MC TRENDY ESTAMPADA,,Normal
DICIEMBRE, ,021 - 2JUN1                                   ,STOP,008 - MODA                                    ,001 - TEJIDO PUNTO                            ,11696814,CAMISETA MC CON ENTORCHADO EN FRENTE,,Normal
DICIEMBRE, ,021 - 2JUN1                                   ,STOP,009 - CONSCIENTE,001 - TEJIDO PUNTO                            ,11697914,CAMISETA MC DOBLE FAZ,,Normal
NOVIEMBRE, ,021 - 2JUN1                                   ,STOP,008 - MODA                                    ,001 - TEJIDO PUNTO                            ,11698914,CAMISETA PREMIUM MC ESTAMPADO LOCALIZAD,,Normal
NOVIEMBRE, ,021 - 2JUN1                                   ,STOP,008 - MODA                                    ,001 - TEJIDO PUNTO                            ,11699914,CAMISETA MC CON TECNICA COMBINADA TONO,,Normal
DICIEMBRE, ,021 - 2JUN1                                   ,STOP,008 - MODA                                    ,001 - TEJIDO PUNTO                            ,11700914,CAMISETA MC EN TELA EFECTO BRILLO CON R,,Normal
DICIEMBRE, ,021 - 2JUN1                                   ,STOP,008 - MODA                                    ,001 - TEJIDO PUNTO                            ,11701914,CAMISETA MC A RAYAS CON ESTAMPADO,,Normal
DICIEMBRE, ,021 - 2JUN1                                   ,STOP,008 - MODA                                    ,001 - TEJIDO PUNTO                            ,11702914,CAMISETA MC A RAYAS,,Normal
DICIEMBRE, ,021 - 2JUN1                                   ,STOP,008 - MODA                                    ,001 - TEJIDO PUNTO                            ,11703914,CAMISETA MC CUELLO REDONDO CON BRILLOS,,Normal
DICIEMBRE, ,021 - 2JUN1                                   ,STOP,008 - MODA                                    ,002 - TEJIDO PLANO                            ,X12138806,BLUSA M3/4 CUELLO SPORT CON BORDADO,,Normal
DICIEMBRE, ,021 - 2JUN1                                   ,STOP,008 - MODA                                    ,001 - TEJIDO PUNTO                            ,11704914,CAMISETA PREMIUM MC CON ESTAMPADO LOCAL,,Normal
ENERO, ,021 - 2JUN1                                   ,STOP,008 - MODA                                    ,001 - TEJIDO PUNTO                            ,11706914,CAMISETA MC CON APLIQUES EN HOMBRO,,Normal
ENERO, ,021 - 2JUN1                                   ,STOP,008 - MODA                                    ,001 - TEJIDO PUNTO                            ,11707914,CAMISETA MC ESTAMPADA Y PUNTADA DECORAT,,Normal
NOVIEMBRE, ,021 - 2JUN1                                   ,STOP,008 - MODA                                    ,001 - TEJIDO PUNTO                            ,11708914,CAMISETA MC IMITACION DEVORE,,Normal
DICIEMBRE, ,021 - 2JUN1                                   ,STOP,008 - MODA                                    ,001 - TEJIDO PUNTO                            ,11709914,CAMISETA MC ABERTURA EN ESCOTE,,Normal
ENERO, ,021 - 2JUN1                                   ,STOP,008 - MODA                                    ,001 - TEJIDO PUNTO                            ,11710914,CAMISETA MC ESTAMPADA FRENTE Y ESPALDA,,Normal
ENERO, ,021 - 2JUN1                                   ,STOP,008 - MODA                                    ,001 - TEJIDO PUNTO                            ,11711914,CAMISETA MC FRENTE BORDADO Y ABERTURA E,,Normal
ENERO, ,021 - 2JUN1                                   ,STOP,008 - MODA                                    ,001 - TEJIDO PUNTO                            ,11713814,CAMISETA MC CON RUEDO ANCHO Y ABERTURA,,Normal
ENERO, ,021 - 2JUN1                                   ,STOP,008 - MODA                                    ,001 - TEJIDO PUNTO                            ,11714914,CAMISETA MC CUELLO SPORT Y PERILLA,,Normal
ENERO, ,021 - 2JUN1                                   ,STOP,008 - MODA                                    ,001 - TEJIDO PUNTO                            ,11715814,CAMISETA MC CON INSUMO EN RUEDO,,Normal
ENERO, ,021 - 2JUN1                                   ,STOP,008 - MODA                                    ,001 - TEJIDO PUNTO                            ,11715914,CAMISETA MC PREMIUM IMITACION DOBLE PRE,,Normal
ENERO, ,021 - 2JUN1                                   ,STOP,008 - MODA                                    ,001 - TEJIDO PUNTO                            ,11716814,CAMISETA MC CON PIEZA TEJIDA EN FRENTE,,Normal
ENERO, ,021 - 2JUN1                                   ,STOP,008 - MODA                                    ,001 - TEJIDO PUNTO                            ,11717814,CAMISETA PREMIUM MC AJUSTADA,,Normal
ENERO, ,021 - 2JUN1                                   ,STOP,008 - MODA                                    ,001 - TEJIDO PUNTO                            ,11718914,CAMISETA PREMIUM MC CON ESTAMPADO EN FR,,Normal
ABRIL, ,021 - 2JUN1                                   ,STOP,008 - MODA                                    ,001 - TEJIDO PUNTO                            ,11720914,CAMISETA MC TIPO POLO CON RECTILINEOS,,Normal
FEBRERO, ,021 - 2JUN1                                   ,STOP,008 - MODA                                    ,001 - TEJIDO PUNTO                            ,11721914,CAMISETA MC ESCOTE ASIMETRICO TELA CON,,Normal
FEBRERO, ,021 - 2JUN1                                   ,STOP,008 - MODA                                    ,001 - TEJIDO PUNTO                            ,11722914,CAMISETA MC STRAPPLE TELA CON TEXTURA,,Normal
FEBRERO, ,021 - 2JUN1                                   ,STOP,008 - MODA                                    ,001 - TEJIDO PUNTO                            ,11723914,CAMISETA MC EN RIB CON PERILLA,,Normal
FEBRERO, ,021 - 2JUN1                                   ,STOP,008 - MODA                                    ,001 - TEJIDO PUNTO                            ,11724914,CAMISETA MC CON BORDADO CON CORDON,,Normal
FEBRERO, ,021 - 2JUN1                                   ,STOP,008 - MODA                                    ,001 - TEJIDO PUNTO                            ,11725914,CAMISETA MC A RAYAS ESTAMPADO LOCALIZAD,,Normal
ABRIL, ,021 - 2JUN1                                   ,STOP,008 - MODA                                    ,001 - TEJIDO PUNTO                            ,11726814,CAMISETA MC CON ESTAMPADO EFECTO BORDAD,,Normal
ABRIL, ,021 - 2JUN1                                   ,STOP,008 - MODA                                    ,001 - TEJIDO PUNTO                            ,11727814,CAMISETA MC CON BORDADO EN FRENTE,,Normal
ABRIL, ,021 - 2JUN1                                   ,STOP,008 - MODA                                    ,001 - TEJIDO PUNTO                            ,11728814,CAMISETA MC CON ESTAMPADO EN FRENTE,,Normal
ABRIL, ,021 - 2JUN1                                   ,STOP,008 - MODA                                    ,001 - TEJIDO PUNTO                            ,11729914,CAMISETA MC CON BOTONES EN HOMBRO,,Normal
ABRIL, ,021 - 2JUN1                                   ,STOP,008 - MODA                                    ,001 - TEJIDO PUNTO                            ,11730914,CAMISETA PREMIUM  MC AJUSTADA,,Normal
ABRIL, ,021 - 2JUN1                                   ,STOP,008 - MODA                                    ,001 - TEJIDO PUNTO                            ,11731914,CAMISETA MC  CON RECTILINEO,,Normal
ABRIL, ,021 - 2JUN1                                   ,STOP,008 - MODA                                    ,001 - TEJIDO PUNTO                            ,11732914,CAMISETA MC A RAYAS CON RECTILINEO,,Normal
MARZO, ,021 - 2JUN1                                   ,STOP,008 - MODA                                    ,001 - TEJIDO PUNTO                            ,11733814,CAMISETA PREMIUM MC CROP,,Normal
ABRIL, ,021 - 2JUN1                                   ,STOP,008 - MODA                                    ,001 - TEJIDO PUNTO                            ,11734814,CAMISETA MC CON RECOGIDO EN COSTADO,,Normal
FEBRERO, ,021 - 2JUN1                                   ,STOP,008 - MODA                                    ,001 - TEJIDO PUNTO                            ,11736914,CAMISETA MC ESTAMPADO LOCALIZADO,,Normal
ABRIL, ,021 - 2JUN1                                   ,STOP,008 - MODA                                    ,001 - TEJIDO PUNTO                            ,11737814,CAMISETA PREMIUM MC CON FRENTE CRUZADO,,Normal
ABRIL, ,021 - 2JUN1                                   ,STOP,008 - MODA                                    ,001 - TEJIDO PUNTO                            ,11738814,CAMISETA MC CON BORDADO Y COSTURA ARTES,,Normal
FEBRERO, ,021 - 2JUN1                                   ,STOP,008 - MODA                                    ,001 - TEJIDO PUNTO                            ,11739914,CAMISETA MC ESTAMPADO LOCALIZADO,,Normal
ABRIL, ,021 - 2JUN1                                   ,STOP,008 - MODA                                    ,001 - TEJIDO PUNTO                            ,11740914,CAMISETA MC CON ESTAMPADO LOCALIZADO,,Normal
MARZO, ,021 - 2JUN1                                   ,STOP,008 - MODA                                    ,001 - TEJIDO PUNTO                            ,11741914,CAMISETA MC CON ESTAMPADO MUJER,,Normal
FEBRERO, ,021 - 2JUN1                                   ,STOP,008 - MODA                                    ,001 - TEJIDO PUNTO                            ,11743914,CAMISETA MC ESTAMPADA EN FRENTE,,Normal
ABRIL, ,021 - 2JUN1                                   ,STOP,008 - MODA                                    ,001 - TEJIDO PUNTO                            ,11745814,CAMISETA MC AMPLIA ESTAMPADA LARGO CROP,,Normal
ABRIL, ,021 - 2JUN1                                   ,STOP,008 - MODA                                    ,001 - TEJIDO PUNTO                            ,11746814,CAMISETA MC CON ABERTURA EN RUEDO COSTA,,Normal
ABRIL, ,021 - 2JUN1                                   ,STOP,008 - MODA                                    ,001 - TEJIDO PUNTO                            ,11747814,CAMISETA MC CON ESTAMPADO EN FRENTE,,Normal
ABRIL, ,021 - 2JUN1                                   ,STOP,008 - MODA                                    ,001 - TEJIDO PUNTO                            ,11761814,CAMISETA MC ESTAMPADO EN POSTERIOR,,Normal
ABRIL, ,021 - 2JUN1                                   ,STOP,008 - MODA                                    ,001 - TEJIDO PUNTO                            ,11762914,CAMISETA MC CON ESTAMPADO EN FRENTE,,Normal
ABRIL, ,021 - 2JUN1                                   ,STOP,008 - MODA                                    ,001 - TEJIDO PUNTO                            ,11768914,CAMISETA PREMIUM MC CON ESCOTE ASIMÉTRI,,Normal
MAYO, ,021 - 2JUN1                                   ,STOP,008 - MODA                                    ,001 - TEJIDO PUNTO                            ,11770914,CAMISETA MC CON ESTAMPADO,,Normal
ABRIL, ,021 - 2JUN1                                   ,STOP,008 - MODA                                    ,001 - TEJIDO PUNTO                            ,11771814,CAMISETA MC ESTAMPADO LOCALIZADO,,Normal
ABRIL, ,021 - 2JUN1                                   ,STOP,008 - MODA                                    ,001 - TEJIDO PUNTO                            ,11772814,CAMISETA MC CUELLO CONTRASTE ESTAMPADA,,Normal
MAYO, ,021 - 2JUN1                                   ,STOP,008 - MODA                                    ,001 - TEJIDO PUNTO                            ,11779814,CAMISETA MC RUEDO EFECTO GLOBO,,Normal
MAYO, ,021 - 2JUN1                                   ,STOP,008 - MODA                                    ,001 - TEJIDO PUNTO                            ,11781914,CAMISETA MC CON ESTAMPADO EN FRENTE,,Normal
OCTUBRE, ,021 - 2JUN1                                   ,STOP,008 - MODA                                    ,002 - TEJIDO PLANO                            ,12001806,BLUSA M3/4 URBANA EN CUADROS FULLPRINT,,Normal
MAYO, ,021 - 2JUN1                                   ,STOP,008 - MODA                                    ,005 - DENIM                                   ,12002807,BUSTIER STRAPLESS PREMIUM NEGRO  BOTONE,,Normal
MAYO, ,021 - 2JUN1                                   ,STOP,008 - MODA                                    ,005 - DENIM                                   ,12003807,BLUSA STRAPPLE CON BOTONES CROP,,Normal
JULIO, ,021 - 2JUN1                                   ,STOP,008 - MODA                                    ,005 - DENIM                                   ,12005807,BLUSA STRAPLESS EN DENIM,,Normal
DICIEMBRE, ,021 - 2JUN1                                   ,STOP,008 - MODA                                    ,002 - TEJIDO PLANO                            ,12006807,BLUSA STRAPPLE CON PERILLA FALSA,,Normal
ABRIL, ,021 - 2JUN1                                   ,STOP,008 - MODA                                    ,002 - TEJIDO PLANO                            ,12014803,BLUSA MS URBANA CON ESCOTE BANDEJA,,Normal
ABRIL, ,021 - 2JUN1                                   ,STOP,008 - MODA                                    ,005 - DENIM                                   ,12050803,BUSTIER MS LAV GRIS CON COSTURAS EN FRE,,Normal
JUNIO, ,021 - 2JUN1                                   ,STOP,008 - MODA                                    ,005 - DENIM                                   ,12051903,BUSTIER CON CORTES LAV MEDIO,,Normal
MAYO, ,021 - 2JUN1                                   ,STOP,008 - MODA                                    ,005 - DENIM                                   ,12052803,BUSTIER MS COLOR CROP,,Normal
JULIO, ,021 - 2JUN1                                   ,STOP,008 - MODA                                    ,005 - DENIM                                   ,12053903,BLUSA MS CON ESCOTE CUADRADO,,Normal
MAYO, ,021 - 2JUN1                                   ,STOP,008 - MODA                                    ,005 - DENIM                                   ,12054803,BUSTIER PREMIUM MS LAVADO MEDIO CORTES,,Normal
JULIO, ,021 - 2JUN1                                   ,STOP,008 - MODA                                    ,005 - DENIM                                   ,12055903,BLUSA MS ESCOTE CUADRADO,,Normal
AGOSTO, ,021 - 2JUN1                                   ,STOP,008 - MODA                                    ,005 - DENIM                                   ,12056903,BLUSA MS UN SOLO HOMBRO FULL PRINT,,Normal
AGOSTO, ,021 - 2JUN1                                   ,STOP,008 - MODA                                    ,005 - DENIM                                   ,12057903,BLUSA MS CON AMARRES EN HOMBROS,,Normal
AGOSTO, ,021 - 2JUN1                                   ,STOP,008 - MODA                                    ,005 - DENIM                                   ,12058803,BLUSA MANGA SISA CON BOTONES ENFRENTE,,Normal
SEPTIEMBRE, ,021 - 2JUN1                                   ,STOP,008 - MODA                                    ,005 - DENIM                                   ,12059903,BLUSA MS LAVADO MEDIO ESCOTE EN V,,Normal
NOVIEMBRE, ,021 - 2JUN1                                   ,STOP,008 - MODA                                    ,005 - DENIM                                   ,12059909,BLUSA TIRAS ROMANTICA  CON BOLERO,,Normal
SEPTIEMBRE, ,021 - 2JUN1                                   ,STOP,008 - MODA                                    ,005 - DENIM                                   ,12060803,BLUSA PREMIUM M/SISA CON CIERRE EN ESPA,,Normal
SEPTIEMBRE, ,021 - 2JUN1                                   ,STOP,008 - MODA                                    ,005 - DENIM                                   ,12061903,BLUSA MS EN DENM CON BROCHES,,Normal
SEPTIEMBRE, ,021 - 2JUN1                                   ,STOP,008 - MODA                                    ,005 - DENIM                                   ,12062903,BLUSA MS EN OJALILLO CUELLO ALTO,,Normal
JULIO, ,021 - 2JUN1                                   ,STOP,008 - MODA                                    ,005 - DENIM                                   ,12063903,BLUSA MS CON ABERTURA EN ESPALDA,,Normal
OCTUBRE, ,021 - 2JUN1                                   ,STOP,008 - MODA                                    ,005 - DENIM                                   ,12064903,BLUSA  MS LAV CLARO CON BOLSILLOS EN FR,,Normal
FEBRERO, ,021 - 2JUN1                                   ,STOP,008 - MODA                                    ,005 - DENIM                                   ,12067903,BLUSA MS CON BOLSILLO Y TAPAS,,Normal
MAYO, ,021 - 2JUN1                                   ,STOP,008 - MODA                                    ,002 - TEJIDO PLANO                            ,12069803,BLUSA MS CON ESCOTE EN V Y BORDADO  CRO,,Normal
MAYO, ,021 - 2JUN1                                   ,STOP,008 - MODA                                    ,002 - TEJIDO PLANO                            ,12070803,BLUSA MS CON PINZAS Y PERILLA OCULTA CR,,Normal
JUNIO, ,021 - 2JUN1                                   ,STOP,008 - MODA                                    ,002 - TEJIDO PLANO                            ,12071903,BLUSA MS CON  ESCOTE EN MORA,,Normal
JUNIO, ,021 - 2JUN1                                   ,STOP,008 - MODA                                    ,002 - TEJIDO PLANO                            ,12072903,BLUSA MS CON FRENTE EN TELA CON EFECTO,,Normal
JUNIO, ,021 - 2JUN1                                   ,STOP,008 - MODA                                    ,002 - TEJIDO PLANO                            ,12073903,BLUSA MS CON RECOGIDO EN FRENTE AJUSTAD,,Normal
JULIO, ,021 - 2JUN1                                   ,STOP,008 - MODA                                    ,002 - TEJIDO PLANO                            ,12074803,BLUSA MS CON AMARRE EN FRENTE Y ESCOTE,,Normal
FEBRERO, ,021 - 2JUN1                                   ,STOP,008 - MODA                                    ,005 - DENIM                                   ,12074904,BLUSA MC ROMANTICA A RAYAS,,Normal
NOVIEMBRE, ,021 - 2JUN1                                   ,STOP,008 - MODA                                    ,002 - TEJIDO PLANO                            ,12074909,BLUSA TIRAS HALTER FONDO ENTERO,,Normal
DICIEMBRE, ,021 - 2JUN1                                   ,STOP,008 - MODA                                    ,002 - TEJIDO PLANO                            ,12076809,BLUSA TIRAS CON ENTORCHADO EN SISA Y CO,,Normal
SEPTIEMBRE, ,021 - 2JUN1                                   ,STOP,008 - MODA                                    ,002 - TEJIDO PLANO                            ,12076903,BLUSA MS CON ESTAMPADO EN FRENTE,,Normal
AGOSTO, ,021 - 2JUN1                                   ,STOP,008 - MODA                                    ,002 - TEJIDO PLANO                            ,12077803,BLUSA MS ENTRECRUZADA FULLPRINT,,Normal
DICIEMBRE, ,021 - 2JUN1                                   ,STOP,008 - MODA                                    ,002 - TEJIDO PLANO                            ,12077809,BLUSA TIRAS ESTAMPADA CROP,,Normal
SEPTIEMBRE, ,021 - 2JUN1                                   ,STOP,008 - MODA                                    ,002 - TEJIDO PLANO                            ,12078803,BLUSA MS A CUADROS CON PINZAS CROP,,Normal
MARZO, ,021 - 2JUN1                                   ,STOP,008 - MODA                                    ,002 - TEJIDO PLANO                            ,12078909,BLUSA TIRAS CROP ESCOTE RECTO,,Normal
DICIEMBRE, ,021 - 2JUN1                                   ,STOP,008 - MODA                                    ,002 - TEJIDO PLANO                            ,12079809,BLUSA TIRAS EN OJALILLO CROP,,Normal
OCTUBRE, ,021 - 2JUN1                                   ,STOP,008 - MODA                                    ,002 - TEJIDO PLANO                            ,12079903,BLUSA MS CON BOTONES FORRADOS,,Normal
NOVIEMBRE, ,021 - 2JUN1                                   ,STOP,008 - MODA                                    ,002 - TEJIDO PLANO                            ,12080903,BLUSA MS CON ESCALERILLA,,Normal
OCTUBRE, ,021 - 2JUN1                                   ,STOP,008 - MODA                                    ,002 - TEJIDO PLANO                            ,12081302,BLUSA MANGA SISA  CON ALFORZAS,,Normal
OCTUBRE, ,021 - 2JUN1                                   ,STOP,008 - MODA                                    ,002 - TEJIDO PLANO                            ,12081803,BLUSA MS CON CIERRE EN FRENTE,,Normal
MAYO, ,021 - 2JUN1                                   ,STOP,008 - MODA                                    ,002 - TEJIDO PLANO                            ,12081909,BLUSA TIRAS CROP CON CORTES Y NIDO DE A,,Normal
MAYO, ,021 - 2JUN1                                   ,STOP,008 - MODA                                    ,002 - TEJIDO PLANO                            ,12082809,BLUSA TIRAS CON ABERTURA EN FRENTE,,Normal
DICIEMBRE, ,021 - 2JUN1                                   ,STOP,008 - MODA                                    ,002 - TEJIDO PLANO                            ,12082903,BLUSA MS CON LETINES Y BOTONES,,Normal
NOVIEMBRE, ,021 - 2JUN1                                   ,STOP,008 - MODA                                    ,002 - TEJIDO PLANO                            ,12083803,BLUSA MS TELA EFECTO TEJIDO,,Normal
MAYO, ,021 - 2JUN1                                   ,STOP,008 - MODA                                    ,002 - TEJIDO PLANO                            ,12083909,BLUSA TIRAS CON CORTES EN FRENTE Y NIDO,,Normal
DICIEMBRE, ,021 - 2JUN1                                   ,STOP,008 - MODA                                    ,002 - TEJIDO PLANO                            ,12084803,BLUSA MS CON AMARRE EN CUELLO TIPO HALT,,Normal
MAYO, ,021 - 2JUN1                                   ,STOP,008 - MODA                                    ,002 - TEJIDO PLANO                            ,12084909,BLUSA TIRAS CROP CON CORTES Y NIDO DE A,,Normal
JUNIO, ,021 - 2JUN1                                   ,STOP,008 - MODA                                    ,002 - TEJIDO PLANO                            ,12085809,BLUSA TIRAS EN SATIN CON DETALLE ENCAJE,,Normal
DICIEMBRE, ,021 - 2JUN1                                   ,STOP,008 - MODA                                    ,001 - TEJIDO PUNTO                            ,12085903,BLUSA MS CON PERILLA TELA EFECTO TEJIDO,,Normal
JULIO, ,021 - 2JUN1                                   ,STOP,008 - MODA                                    ,001 - TEJIDO PUNTO                            ,12086809,BLUSA TIRAS EN LINO TIPO CROP,,Normal
NOVIEMBRE, ,021 - 2JUN1                                   ,STOP,008 - MODA                                    ,002 - TEJIDO PLANO                            ,12086903,BLUSA MS CON ABROCHADURA  EN FRENTE,,Normal
NOVIEMBRE, ,021 - 2JUN1                                   ,STOP,008 - MODA                                    ,002 - TEJIDO PLANO                            ,12086906,BLUSA M3/4 DETALLE EN CUELLO,,Normal
DICIEMBRE, ,021 - 2JUN1                                   ,STOP,008 - MODA                                    ,002 - TEJIDO PLANO                            ,12087903,BLUSA MS CON CORTES EN TELA CON BORDADO,,Normal
JULIO, ,021 - 2JUN1                                   ,STOP,008 - MODA                                    ,005 - DENIM                                   ,12087909,BLUSA TIRAS CROP LAVADO MEDIO CLARO EN,,Normal
JULIO, ,021 - 2JUN1                                   ,STOP,008 - MODA                                    ,005 - DENIM                                   ,12088809,BLUSA TIRAS ANUDADA EN CUELLO LARGO A P,,Normal
DICIEMBRE, ,021 - 2JUN1                                   ,STOP,008 - MODA                                    ,002 - TEJIDO PLANO                            ,12088903,BLUSA MS CON CADENA METALICA EN ESPALDA,,Normal
DICIEMBRE, ,021 - 2JUN1                                   ,STOP,008 - MODA                                    ,002 - TEJIDO PLANO                            ,12089903,BLUSA MS CON CHARRETERAS EN CINTURA Y B,,Normal
OCTUBRE, ,021 - 2JUN1                                   ,STOP,008 - MODA                                    ,002 - TEJIDO PLANO                            ,12089909,BLUSA TIRAS EN SATIN CON ENCAJE,,Normal
FEBRERO, ,021 - 2JUN1                                   ,STOP,008 - MODA                                    ,002 - TEJIDO PLANO                            ,12090903,BLUSA MS CON PERILLA OCULTA,,Normal
MARZO, ,021 - 2JUN1                                   ,STOP,008 - MODA                                    ,002 - TEJIDO PLANO                            ,12090906,BLUSA M3/4 FONDO ENTERO MANGA BOMBACHA,,Normal
NOVIEMBRE, ,021 - 2JUN1                                   ,STOP,008 - MODA                                    ,002 - TEJIDO PLANO                            ,12090909,BLUSA TIRAS FULL PRINT CROP,,Normal
ABRIL, ,021 - 2JUN1                                   ,STOP,008 - MODA                                    ,001 - TEJIDO PUNTO                            ,12091803,BLUSA MS CON BOTONES EN FRENTE,,Normal
NOVIEMBRE, ,021 - 2JUN1                                   ,STOP,008 - MODA                                    ,005 - DENIM                                   ,12091809,CROP TOP PREMIUM LAVADO CLARO CON GLITT,,Normal
NOVIEMBRE, ,021 - 2JUN1                                   ,STOP,008 - MODA                                    ,005 - DENIM                                   ,12091905,BLUSA ML CON BOLSILLO FONDO ENTERO,,Normal
OCTUBRE, ,021 - 2JUN1                                   ,STOP,008 - MODA                                    ,002 - TEJIDO PLANO                            ,12092809,BLUSA TIRAS CROP TOP  COLOR CON CIERRE,,Normal
ABRIL, ,021 - 2JUN1                                   ,STOP,008 - MODA                                    ,001 - TEJIDO PUNTO                            ,12092903,BLUSA MS CON ELÁSTICO DECORATIVO,,Normal
NOVIEMBRE, ,021 - 2JUN1                                   ,STOP,008 - MODA                                    ,001 - TEJIDO PUNTO                            ,12093809,BLUSA TIRAS CON DRAPEADO EN TELA BRILLA,,Normal
ABRIL, ,021 - 2JUN1                                   ,STOP,008 - MODA                                    ,001 - TEJIDO PUNTO                            ,12094806,BLUSA M3/4 CON ANUDADO EN ESPALDA,,Normal
NOVIEMBRE, ,021 - 2JUN1                                   ,STOP,008 - MODA                                    ,001 - TEJIDO PUNTO                            ,12094809,BLUSA TIRAS FONDO ENTERO CON ENCAJE,,Normal
NOVIEMBRE, ,021 - 2JUN1                                   ,STOP,008 - MODA                                    ,002 - TEJIDO PLANO                            ,12095809,BLUSA TIRAS FULL PRINT CON ENCAJE,,Normal
NOVIEMBRE, ,021 - 2JUN1                                   ,STOP,008 - MODA                                    ,002 - TEJIDO PLANO                            ,12096805,BLUSA ML CON TELA PLIZADA MANGA ANCHA,,Normal
OCTUBRE, ,021 - 2JUN1                                   ,STOP,008 - MODA                                    ,002 - TEJIDO PLANO                            ,12096906,BLUSA MANGA 3/4 TIPO GLOBO Y CORTES,,Normal
NOVIEMBRE, ,021 - 2JUN1                                   ,STOP,008 - MODA                                    ,002 - TEJIDO PLANO                            ,12096909,BLUSA TIRAS CON TACHES,,Normal
NOVIEMBRE, ,021 - 2JUN1                                   ,STOP,008 - MODA                                    ,002 - TEJIDO PLANO                            ,12097809,BLUSA TIRAS CON CORTES Y RIBETE,,Normal
SEPTIEMBRE, ,021 - 2JUN1                                   ,STOP,008 - MODA                                    ,002 - TEJIDO PLANO                            ,12098906,BLUSA M3/4 CON PERILLA INTERRUMPIDA COL,,Normal
NOVIEMBRE, ,021 - 2JUN1                                   ,STOP,008 - MODA                                    ,002 - TEJIDO PLANO                            ,12098909,BLUSA TIRAS EN TELA CON EFECTO GLITTER,,Normal
DICIEMBRE, ,021 - 2JUN1                                   ,STOP,008 - MODA                                    ,002 - TEJIDO PLANO                            ,12099809,BLUSA TIRAS CON PIEDRAS EN FRENTE CROP,,Normal
ABRIL, ,021 - 2JUN1                                   ,STOP,008 - MODA                                    ,002 - TEJIDO PLANO                            ,12101805,BLUSA ML CON BOLSILLOS CARGO,,Normal
ABRIL, ,021 - 2JUN1                                   ,STOP,008 - MODA                                    ,002 - TEJIDO PLANO                            ,12101809,BLUSA TIRAS REMOVIBLES CON LETIN Y ABRO,,Normal
MAYO, ,021 - 2JUN1                                   ,STOP,008 - MODA                                    ,002 - TEJIDO PLANO                            ,12102809,BLUSA TIRAS CON BOTONES EN FRENTE,,Normal
OCTUBRE, ,021 - 2JUN1                                   ,STOP,008 - MODA                                    ,002 - TEJIDO PLANO                            ,12102906,BLUSA M3/4 CON ELASTICO EN RUEDO,,Normal
SEPTIEMBRE, ,021 - 2JUN1                                   ,STOP,008 - MODA                                    ,002 - TEJIDO PLANO                            ,12103909,BLUSA TIRAS CON AMARRADO EN FRENTE,,Normal
MAYO, ,021 - 2JUN1                                   ,STOP,008 - MODA                                    ,002 - TEJIDO PLANO                            ,12104909,BLUSA TIRAS FULL PRINT,,Normal
JUNIO, ,021 - 2JUN1                                   ,STOP,008 - MODA                                    ,002 - TEJIDO PLANO                            ,12105809,BLUSA TIRAS CON ESCOTE EN V Y CORTES TI,,Normal
JULIO, ,021 - 2JUN1                                   ,STOP,008 - MODA                                    ,002 - TEJIDO PLANO                            ,12106809,BLUSA TIRAS TIPO CROP,,Normal
AGOSTO, ,021 - 2JUN1                                   ,STOP,008 - MODA                                    ,002 - TEJIDO PLANO                            ,12107909,BLUSA TIRAS CON BOTONES EN ESPALDA,,Normal
OCTUBRE, ,021 - 2JUN1                                   ,STOP,008 - MODA                                    ,002 - TEJIDO PLANO                            ,12108909,BLUSA TIRAS CON CORTES EN FRENTE Y ESCO,,Normal
DICIEMBRE, ,021 - 2JUN1                                   ,STOP,008 - MODA                                    ,002 - TEJIDO PLANO                            ,12109806,BLUSA M3/4 CON MANGAS CON VOLUMEN,,Normal
DICIEMBRE, ,021 - 2JUN1                                   ,STOP,008 - MODA                                    ,002 - TEJIDO PLANO                            ,12109909,BLUSA TIRAS ESTAMPADA CON NIDO DE ABEJA,,Normal
DICIEMBRE, ,021 - 2JUN1                                   ,STOP,008 - MODA                                    ,002 - TEJIDO PLANO                            ,12110806,BLUSA M3/4 CON BROCHES Y BOLSILLOS EN F,,Normal
DICIEMBRE, ,021 - 2JUN1                                   ,STOP,008 - MODA                                    ,002 - TEJIDO PLANO                            ,12110909,BLUSA TIRAS ESCOTE EN V TELA BRILLANTE,,Normal
DICIEMBRE, ,021 - 2JUN1                                   ,STOP,008 - MODA                                    ,002 - TEJIDO PLANO                            ,12111809,BLUSA TIRAS ESCOTE DRAPEADO EN TELA BRI,,Normal
FEBRERO, ,021 - 2JUN1                                   ,STOP,008 - MODA                                    ,002 - TEJIDO PLANO                            ,12112909,BLUSA TIRAS ESCOTE DRAPEADO,,Normal
NOVIEMBRE, ,021 - 2JUN1                                   ,STOP,008 - MODA                                    ,002 - TEJIDO PLANO                            ,12113804,BLUSA MC URBANA CON CREMALLERA EN FRENT,,Normal
MAYO, ,021 - 2JUN1                                   ,STOP,008 - MODA                                    ,002 - TEJIDO PLANO                            ,12113805,BLUSA ML CON LACE UP EN ESPALDA,,Normal
DICIEMBRE, ,021 - 2JUN1                                   ,STOP,008 - MODA                                    ,002 - TEJIDO PLANO                            ,12113806,BLUSA M3/4 CON BROCHES FULL PRINT,,Normal
JULIO, ,021 - 2JUN1                                   ,STOP,008 - MODA                                    ,002 - TEJIDO PLANO                            ,12118806,BLUSA M3/4 CON RECOGIDO EN BUSTO Y  ANU,,Normal
NOVIEMBRE, ,021 - 2JUN1                                   ,STOP,008 - MODA                                    ,002 - TEJIDO PLANO                            ,12119806,BLUSA M3/4  ARENA CON CHARRETERAS Y BRO,,Normal
SEPTIEMBRE, ,021 - 2JUN1                                   ,STOP,008 - MODA                                    ,002 - TEJIDO PLANO                            ,12120805,BLUSA ML CON CUELLO NERÚ Y PERILLA INTE,,Normal
SEPTIEMBRE, ,021 - 2JUN1                                   ,STOP,008 - MODA                                    ,002 - TEJIDO PLANO                            ,12121805,BLUSA ML CON MANGAS CON VOLÚMEN EN POPE,,Normal
SEPTIEMBRE, ,021 - 2JUN1                                   ,STOP,008 - MODA                                    ,002 - TEJIDO PLANO                            ,12122805,BLUSA ML OVERSIZE FONDO ENTERO,,Normal
MAYO, ,021 - 2JUN1                                   ,STOP,008 - MODA                                    ,002 - TEJIDO PLANO                            ,12122906,BLUSA M3/4 CON CORTES EN FRENTE Y MANGA,,Normal
JUNIO, ,021 - 2JUN1                                   ,STOP,008 - MODA                                    ,002 - TEJIDO PLANO                            ,12123906,BLUSA M3/4 CON ENTORCHADO EN BUSTO,,Normal
DICIEMBRE, ,021 - 2JUN1                                   ,STOP,008 - MODA                                    ,005 - DENIM                                   ,12124804,BLUSA MC URBANA LAV OSC MANGAS BOMBOCHA,,Normal
AGOSTO, ,021 - 2JUN1                                   ,STOP,008 - MODA                                    ,002 - TEJIDO PLANO                            ,12124906,BLUSA M3/4 FULLPRINT CON FAJONES CRUZAD,,Normal
DICIEMBRE, ,021 - 2JUN1                                   ,STOP,008 - MODA                                    ,002 - TEJIDO PLANO                            ,12126805,BLUSA ML CUELLO ALTO RECOGIDO EN PUÑOS,,Normal
AGOSTO, ,021 - 2JUN1                                   ,STOP,008 - MODA                                    ,002 - TEJIDO PLANO                            ,12126906,BLUSA M3/4 FULLPRINT CON CHARRETERA,,Normal
OCTUBRE, ,021 - 2JUN1                                   ,STOP,008 - MODA                                    ,002 - TEJIDO PLANO                            ,12127805,BLUSA ML CON RECTILINEOS DECORATIVOS,,Normal
SEPTIEMBRE, ,021 - 2JUN1                                   ,STOP,008 - MODA                                    ,002 - TEJIDO PLANO                            ,12127906,BLUSA M3/4 A RAYAS CON IMITACION GUARDA,,Normal
AGOSTO, ,021 - 2JUN1                                   ,STOP,008 - MODA                                    ,002 - TEJIDO PLANO                            ,12128806,BLUSA M3/4 CON CHARRETERA Y BOLSILLOS C,,Normal
OCTUBRE, ,021 - 2JUN1                                   ,STOP,008 - MODA                                    ,002 - TEJIDO PLANO                            ,12129906,BLUSA M3/4 AJUSTADA CON CUELLO Y CHARRE,,Normal
DICIEMBRE, ,021 - 2JUN1                                   ,STOP,008 - MODA                                    ,002 - TEJIDO PLANO                            ,12130805,BLUSA ML CON PINZAS CROP,,Normal
OCTUBRE, ,021 - 2JUN1                                   ,STOP,008 - MODA                                    ,002 - TEJIDO PLANO                            ,12130906,BLUSA M3/4 CON CHARRETERAS Y BOTONES,,Normal
OCTUBRE, ,021 - 2JUN1                                   ,STOP,008 - MODA                                    ,002 - TEJIDO PLANO                            ,12131806,BLUSA M3/4 CON BOLSIILO ESTAMPADO Y PER,,Normal
NOVIEMBRE, ,021 - 2JUN1                                   ,STOP,008 - MODA                                    ,002 - TEJIDO PLANO                            ,12132906,BLUSA M3/4 CON ESCALERILLA Y BOLEROS,,Normal
NOVIEMBRE, ,021 - 2JUN1                                   ,STOP,008 - MODA                                    ,002 - TEJIDO PLANO                            ,12134906,BLUSA M3/4 CON AMARRE Y BOTONES,,Normal
NOVIEMBRE, ,021 - 2JUN1                                   ,STOP,008 - MODA                                    ,002 - TEJIDO PLANO                            ,12135906,BLUSA M3/4 CON BOLSILLOS Y PERILLA,,Normal
DICIEMBRE, ,021 - 2JUN1                                   ,STOP,008 - MODA                                    ,002 - TEJIDO PLANO                            ,12136906,BLUSA M3/4 CON CUELLO Y ESCOTE EN V,,Normal
MARZO, ,021 - 2JUN1                                   ,STOP,008 - MODA                                    ,005 - DENIM                                   ,12137805,BLUSA ML CON PINZAS EN TELA EFECTO DENI,,Normal
DICIEMBRE, ,021 - 2JUN1                                   ,STOP,008 - MODA                                    ,002 - TEJIDO PLANO                            ,12137906,BLUSA M3/4 TELA A RAYAS Y BOTONES PERLA,,Normal
ABRIL, ,021 - 2JUN1                                   ,STOP,008 - MODA                                    ,002 - TEJIDO PLANO                            ,12138805,BLUSA ML CON ANUDADO EN FRENTE,,Normal
DICIEMBRE, ,021 - 2JUN1                                   ,STOP,008 - MODA                                    ,002 - TEJIDO PLANO                            ,12138806,BLUSA M3/4 CUELLO SPORT CON BORDADO,,Normal
DICIEMBRE, ,021 - 2JUN1                                   ,STOP,008 - MODA                                    ,002 - TEJIDO PLANO                            ,12139906,BLUSA M3/4 CON BORDADO EN FRENTE,,Normal
NOVIEMBRE, ,021 - 2JUN1                                   ,STOP,008 - MODA                                    ,002 - TEJIDO PLANO                            ,12140806,BLUSA M3/4 CON CHARRETERA Y BOTONES,,Normal
DICIEMBRE, ,021 - 2JUN1                                   ,STOP,008 - MODA                                    ,002 - TEJIDO PLANO                            ,12141906,BLUSA M3/4 CON CUELLO Y BOTONES,,Normal
ENERO, ,021 - 2JUN1                                   ,STOP,008 - MODA                                    ,002 - TEJIDO PLANO                            ,12142906,BLUSA M3/4 ESCOTE EN V FRENTE CRUZADO,,Normal
ENERO, ,021 - 2JUN1                                   ,STOP,008 - MODA                                    ,002 - TEJIDO PLANO                            ,12143906,BLUSA M3/4 CON CHARRETERA ESCOTE EN V,,Normal
ABRIL, ,021 - 2JUN1                                   ,STOP,008 - MODA                                    ,002 - TEJIDO PLANO                            ,12144805,BLUSA ML CON BOLSILLOS CARGO Y JARETAS,,Normal
DICIEMBRE, ,021 - 2JUN1                                   ,STOP,008 - MODA                                    ,002 - TEJIDO PLANO                            ,12144906,BLUSA M3/4 ESCOTE EN V TELA CON EFECTO,,Normal
ENERO, ,021 - 2JUN1                                   ,STOP,008 - MODA                                    ,002 - TEJIDO PLANO                            ,12145906,BLUSA M3/4 CON AMARRE LATERAL,,Normal
ENERO, ,021 - 2JUN1                                   ,STOP,008 - MODA                                    ,002 - TEJIDO PLANO                            ,12146806,BLUSA M3/4 EN TELA CON EFECTO,,Normal
FEBRERO, ,021 - 2JUN1                                   ,STOP,008 - MODA                                    ,002 - TEJIDO PLANO                            ,12147906,BLUSA M3/4 CON BOLEROS Y BOTONES,,Normal
JULIO, ,021 - 2JUN1                                   ,STOP,008 - MODA                                    ,002 - TEJIDO PLANO                            ,12148805,BLUSA ML EN TENCEL CON BOLSILLOS LARGO,,Normal
FEBRERO, ,021 - 2JUN1                                   ,STOP,008 - MODA                                    ,002 - TEJIDO PLANO                            ,12148906,BLUSA MANGA 3/4 LAVADO CLARO,,Normal
ABRIL, ,021 - 2JUN1                                   ,STOP,008 - MODA                                    ,002 - TEJIDO PLANO                            ,12149906,BLUSA M3/4 CON CORDÓN DECORATIVO,,Normal
JUNIO, ,021 - 2JUN1                                   ,STOP,008 - MODA                                    ,002 - TEJIDO PLANO                            ,12150905,BLUSA ML UN SOLO HOMBRO,,Normal
ABRIL, ,021 - 2JUN1                                   ,STOP,008 - MODA                                    ,002 - TEJIDO PLANO                            ,12150906,BLUSA M3/4 ESTAMPADA CON ELASTICO EN MA,,Normal
ABRIL, ,021 - 2JUN1                                   ,STOP,008 - MODA                                    ,002 - TEJIDO PLANO                            ,12151806,BLUSA M3/4 EFECTO LINO CON BOTONES,,Normal
MARZO, ,021 - 2JUN1                                   ,STOP,008 - MODA                                    ,002 - TEJIDO PLANO                            ,12152806,BLUSA M3/4 EN TELA HOJALILLO,,Normal
SEPTIEMBRE, ,021 - 2JUN1                                   ,STOP,008 - MODA                                    ,002 - TEJIDO PLANO                            ,12152905,BLUSA ML LAVADO MEDIO CON BOLSILLOS EN,,Normal
MAYO, ,021 - 2JUN1                                   ,STOP,008 - MODA                                    ,002 - TEJIDO PLANO                            ,12153906,BLUSA M3/4 CON RECOGIDO EN CUELLO,,Normal
ABRIL, ,021 - 2JUN1                                   ,STOP,008 - MODA                                    ,002 - TEJIDO PLANO                            ,12154806,BLUSA M3/4 CON ESCOTE EN V ESTAMPADA,,Normal
AGOSTO, ,021 - 2JUN1                                   ,STOP,008 - MODA                                    ,002 - TEJIDO PLANO                            ,12155905,BLUSA ML A RAYAS CON BOLSILLOS,,Normal
SEPTIEMBRE, ,021 - 2JUN1                                   ,STOP,008 - MODA                                    ,002 - TEJIDO PLANO                            ,12156805,BLUSA ML CON PERILLA FUNCIONAL CROP,,Normal
AGOSTO, ,021 - 2JUN1                                   ,STOP,008 - MODA                                    ,002 - TEJIDO PLANO                            ,12157905,BLUSA ML CON BORDADO EN FRENTE EN EL RU,,Normal
OCTUBRE, ,021 - 2JUN1                                   ,STOP,008 - MODA                                    ,005 - DENIM                                   ,12158905,BLUSA ML LAVADO MEDIO CON ALMILLAS,,Normal
OCTUBRE, ,021 - 2JUN1                                   ,STOP,008 - MODA                                    ,005 - DENIM                                   ,12159905,BLUSA ML CON ALFORZAS ESCOTE EN V,,Normal
OCTUBRE, ,021 - 2JUN1                                   ,STOP,008 - MODA                                    ,005 - DENIM                                   ,12160905,BLUSA ML CON LETIN EN PERILLA,,Normal
OCTUBRE, ,021 - 2JUN1                                   ,STOP,008 - MODA                                    ,005 - DENIM                                   ,12171905,BLUSA ML EN DENIM CON ESCOTE EN V,,Normal
NOVIEMBRE, ,021 - 2JUN1                                   ,STOP,008 - MODA                                    ,002 - TEJIDO PLANO                            ,12176805,BLUSA ML A RAYAS CON DETALLES CONTRASTE,,Normal
DICIEMBRE, ,021 - 2JUN1                                   ,STOP,008 - MODA                                    ,002 - TEJIDO PLANO                            ,12177805,BLUSA ML EN TENCEL CON ESTRELLAS,,Normal
DICIEMBRE, ,021 - 2JUN1                                   ,STOP,008 - MODA                                    ,002 - TEJIDO PLANO                            ,12178905,BLUSA ML CON RECOGIDO EN FRENTE FULL PR,,Normal
DICIEMBRE, ,021 - 2JUN1                                   ,STOP,008 - MODA                                    ,002 - TEJIDO PLANO                            ,12179905,BLUSA ML CON BOLSILLOS EN FRENTE,,Normal
DICIEMBRE, ,021 - 2JUN1                                   ,STOP,008 - MODA                                    ,002 - TEJIDO PLANO                            ,12180905,BLUSA ML EN ALGODÓN CON RAYAS TONO A TO,,Normal
DICIEMBRE, ,021 - 2JUN1                                   ,STOP,008 - MODA                                    ,002 - TEJIDO PLANO                            ,12181905,BLUSA ML EN OJALILLO,,Normal
DICIEMBRE, ,021 - 2JUN1                                   ,STOP,008 - MODA                                    ,002 - TEJIDO PLANO                            ,12182805,BLUSA ML CON HERRAJE CROP TOP,,Normal
FEBRERO, ,021 - 2JUN1                                   ,STOP,008 - MODA                                    ,002 - TEJIDO PLANO                            ,12183905,BLUSA ML A RAYAS CON CUELLO Y PUÑOS EN,,Normal
FEBRERO, ,021 - 2JUN1                                   ,STOP,008 - MODA                                    ,002 - TEJIDO PLANO                            ,12184905,BLUSA ML CON CUELLO Y PERILLA Y ABERTUR,,Normal
JUNIO, ,021 - 2JUN1                                   ,STOP,008 - MODA                                    ,002 - TEJIDO PLANO                            ,12185905,BLUSA ML ESTAMPADA DE PUNTOS,,Normal
FEBRERO, ,021 - 2JUN1                                   ,STOP,008 - MODA                                    ,002 - TEJIDO PLANO                            ,12186905,BLUSA ML CON RAYAS EN CONTRASTE,,Normal
ABRIL, ,021 - 2JUN1                                   ,STOP,008 - MODA                                    ,002 - TEJIDO PLANO                            ,12187805,BLUSA ML CON BOTONES FORRADOS  EFECTO L,,Normal
MAYO, ,021 - 2JUN1                                   ,STOP,008 - MODA                                    ,002 - TEJIDO PLANO                            ,12188905,BLUSA ML ESTAMPADA CON CUELLO Y PERILLA,,Normal
OCTUBRE, ,021 - 2JUN1                                   ,STOP,008 - MODA                                    ,002 - TEJIDO PLANO                            ,12189905,BLUSA ML CON CUELLO Y PERILLA EFECTO TE,,Normal
SEPTIEMBRE, ,021 - 2JUN1                                   ,STOP,008 - MODA                                    ,002 - TEJIDO PLANO                            ,12190905,BLUSA ML A RAYAS CON BOTONES,,Normal
MAYO, ,021 - 2JUN1                                   ,STOP,008 - MODA                                    ,002 - TEJIDO PLANO                            ,12191805,BLUSA ML CON PINZAS EN CINTURA,,Normal
MAYO, ,021 - 2JUN1                                   ,STOP,008 - MODA                                    ,002 - TEJIDO PLANO                            ,12192905,BLUSA ML CON BORDADO EN FRENTE EN EL RU,,Normal
JUNIO, ,021 - 2JUN1                                   ,STOP,008 - MODA                                    ,002 - TEJIDO PLANO                            ,12193905,BLUSA ML CON FRENTES CRUZADOS FULLPRINT,,Normal
JUNIO, ,021 - 2JUN1                                   ,STOP,008 - MODA                                    ,002 - TEJIDO PLANO                            ,12194905,BLUSA ML CON FRENTE CRUZADO Y RECOGIDO,,Normal
JULIO, ,021 - 2JUN1                                   ,STOP,008 - MODA                                    ,002 - TEJIDO PLANO                            ,12195905,BLUSA ML CON ELÁSTICO EN CINTURA,,Normal
AGOSTO, ,021 - 2JUN1                                   ,STOP,008 - MODA                                    ,002 - TEJIDO PLANO                            ,12196905,BLUSA ML CON ESTAMPADO EN FRENTE,,Normal
OCTUBRE, ,021 - 2JUN1                                   ,STOP,008 - MODA                                    ,002 - TEJIDO PLANO                            ,12197905,BLUSA ML CON BROCHE EN ESCOTE,,Normal
SEPTIEMBRE, ,021 - 2JUN1                                   ,STOP,008 - MODA                                    ,002 - TEJIDO PLANO                            ,12198805,BLUSA ML AJUSTADA CON CUELLO Y CREMALLE,,Normal
OCTUBRE, ,021 - 2JUN1                                   ,STOP,008 - MODA                                    ,002 - TEJIDO PLANO                            ,12199905,BLUSA ML CON CUELLO Y DETALLE EN PUÑO,,Normal
OCTUBRE, ,021 - 2JUN1                                   ,STOP,008 - MODA                                    ,002 - TEJIDO PLANO                            ,12200805,BLUSA ML A RAYAS CON BOLSILLO CROP,,Normal
OCTUBRE, ,021 - 2JUN1                                   ,STOP,008 - MODA                                    ,002 - TEJIDO PLANO                            ,12201805,BLUSA ML CON BOTONES EN FRENTE,,Normal
NOVIEMBRE, ,021 - 2JUN1                                   ,STOP,008 - MODA                                    ,002 - TEJIDO PLANO                            ,12202905,BLUSA ML CON OJALETES Y AMARRE,,Normal
OCTUBRE, ,021 - 2JUN1                                   ,STOP,008 - MODA                                    ,002 - TEJIDO PLANO                            ,12203805,BLUSA ML ANIMAL PRINT CON AMARRES EN FR,,Normal
OCTUBRE, ,021 - 2JUN1                                   ,STOP,008 - MODA                                    ,002 - TEJIDO PLANO                            ,12204805,BLUSA M/L LAV MEDIO,,Normal
DICIEMBRE, ,021 - 2JUN1                                   ,STOP,008 - MODA                                    ,002 - TEJIDO PLANO                            ,12205905,BLUSA ML A RAYAS CON BOTONES Y CUELLO,,Normal
DICIEMBRE, ,021 - 2JUN1                                   ,STOP,008 - MODA                                    ,002 - TEJIDO PLANO                            ,12206905,BLUSA ML A RAYAS CON BOTONES Y CUELLO,,Normal
DICIEMBRE, ,021 - 2JUN1                                   ,STOP,008 - MODA                                    ,002 - TEJIDO PLANO                            ,12207905,BLUSA ML A RAYAS CON BOTONES Y CUELLO,,Normal
DICIEMBRE, ,021 - 2JUN1                                   ,STOP,008 - MODA                                    ,002 - TEJIDO PLANO                            ,12208905,BLUSA ML CON CUELLO FALSO A RAYAS,,Normal
NOVIEMBRE, ,021 - 2JUN1                                   ,STOP,008 - MODA                                    ,002 - TEJIDO PLANO                            ,12209805,BLUSA ML CON HEBILLA Y TIRAS CROP,,Normal
DICIEMBRE, ,021 - 2JUN1                                   ,STOP,008 - MODA                                    ,002 - TEJIDO PLANO                            ,12210805,BLUSA ML CON BOLSILLOS Y BOTONES EN FRE,,Normal
DICIEMBRE, ,021 - 2JUN1                                   ,STOP,008 - MODA                                    ,002 - TEJIDO PLANO                            ,12211905,BLUSA ML FULLPRINT,,Normal
DICIEMBRE, ,021 - 2JUN1                                   ,STOP,008 - MODA                                    ,002 - TEJIDO PLANO                            ,12212805,BLUSA ML CON CREMALLERA Y CORTES EN FRE,,Normal
DICIEMBRE, ,021 - 2JUN1                                   ,STOP,008 - MODA                                    ,002 - TEJIDO PLANO                            ,12213905,BLUSA ML A RAYAS CON BOLSILLO,,Normal
DICIEMBRE, ,021 - 2JUN1                                   ,STOP,008 - MODA                                    ,002 - TEJIDO PLANO                            ,12214805,BLUSA ML ESCOTE REDONDO Y CUELLO,,Normal
DICIEMBRE, ,021 - 2JUN1                                   ,STOP,008 - MODA                                    ,002 - TEJIDO PLANO                            ,12215905,BLUSA ML CON AMARRE Y TELA CON BORDADO,,Normal
ENERO, ,021 - 2JUN1                                   ,STOP,008 - MODA                                    ,002 - TEJIDO PLANO                            ,12216905,BLUSA ML ESTAMPADA CON CUELLO,,Normal
ENERO, ,021 - 2JUN1                                   ,STOP,008 - MODA                                    ,002 - TEJIDO PLANO                            ,12217905,BLUSA ML A RAYAS CON PERILLA Y BOTONES,,Normal
ENERO, ,021 - 2JUN1                                   ,STOP,008 - MODA                                    ,002 - TEJIDO PLANO                            ,12218905,BLUSA ML CON AMARRE EN PUÑOS,,Normal
ENERO, ,021 - 2JUN1                                   ,STOP,008 - MODA                                    ,002 - TEJIDO PLANO                            ,12219905,BLUSA ML A RAYAS CON PERILLA Y BOTONES,,Normal
ENERO, ,021 - 2JUN1                                   ,STOP,008 - MODA                                    ,002 - TEJIDO PLANO                            ,12220805,BLUSA ML EN OJALILLO,,Normal
FEBRERO, ,021 - 2JUN1                                   ,STOP,008 - MODA                                    ,002 - TEJIDO PLANO                            ,12221905,BLUSA ML LAVADO MEDIO CON BOTONES MANGA,,Normal
FEBRERO, ,021 - 2JUN1                                   ,STOP,008 - MODA                                    ,002 - TEJIDO PLANO                            ,12222905,BLUSA ML CON TELA BORDADA,,Normal
ABRIL, ,021 - 2JUN1                                   ,STOP,008 - MODA                                    ,002 - TEJIDO PLANO                            ,12223805,BLUSA ML CON CUELLO EN TELA CON EFECTO,,Normal
ABRIL, ,021 - 2JUN1                                   ,STOP,008 - MODA                                    ,002 - TEJIDO PLANO                            ,12224905,BLUSA ML A RAYAS GLOBAL,,Normal
ABRIL, ,021 - 2JUN1                                   ,STOP,008 - MODA                                    ,002 - TEJIDO PLANO                            ,12225905,BLUSA ML TELAS EN CONTRASTE CON RAYAS,,Normal
MAYO, ,021 - 2JUN1                                   ,STOP,008 - MODA                                    ,002 - TEJIDO PLANO                            ,12226905,BLUSA ML CON ESTAMPADO,,Normal
ABRIL, ,021 - 2JUN1                                   ,STOP,008 - MODA                                    ,001 - TEJIDO PUNTO                            ,12227805,BLUSA ML TIPO TEJIDO,,Normal
JUNIO, ,021 - 2JUN1                                   ,STOP,008 - MODA                                    ,002 - TEJIDO PLANO                            ,12252804,BLUSA MC CON ABERTURA EN ESCOTE LARGO C,,Normal
JUNIO, ,021 - 2JUN1                                   ,STOP,008 - MODA                                    ,002 - TEJIDO PLANO                            ,12255904,BLUSA MANGA CORTA RECOGIDO EN FRENTE DO,,Normal
OCTUBRE, ,021 - 2JUN1                                   ,STOP,008 - MODA                                    ,002 - TEJIDO PLANO                            ,12257804,BLUSA MC TIPO GLOBO EN TELA TRILLADA LA,,Normal
OCTUBRE, ,021 - 2JUN1                                   ,STOP,008 - MODA                                    ,002 - TEJIDO PLANO                            ,12263804,BLUSA MC ENTRECRUZADA ESCOTE EN V,,Normal
NOVIEMBRE, ,021 - 2JUN1                                   ,STOP,008 - MODA                                    ,002 - TEJIDO PLANO                            ,12268904,BLUSA MC UN SOLO HOMBRO,,Normal
DICIEMBRE, ,021 - 2JUN1                                   ,STOP,008 - MODA                                    ,002 - TEJIDO PLANO                            ,12272904,BLUSA MC CON MAXI BOLSILLOS EN FRENTE,,Normal
DICIEMBRE, ,021 - 2JUN1                                   ,STOP,008 - MODA                                    ,002 - TEJIDO PLANO                            ,12275904,BLUSA MC EN ANIMAL PRINT CON ABERTURAS,,Normal
ENERO, ,021 - 2JUN1                                   ,STOP,008 - MODA                                    ,002 - TEJIDO PLANO                            ,12279804,BLUSA MC CON MANGA BOMBACHA ESTAMPADA T,,Normal
MARZO, ,021 - 2JUN1                                   ,STOP,008 - MODA                                    ,002 - TEJIDO PLANO                            ,12281804,BLUSA MC ENTRECRUZADA  TIPO CROP,,Normal
MAYO, ,021 - 2JUN1                                   ,STOP,008 - MODA                                    ,002 - TEJIDO PLANO                            ,12286904,BLUSA MC CON ELÁSTICO Y BROCHES,,Normal
JUNIO, ,021 - 2JUN1                                   ,STOP,008 - MODA                                    ,002 - TEJIDO PLANO                            ,12290804,BLUSA MC A RAYAS CON BOLSILLOS CROP,,Normal
JUNIO, ,021 - 2JUN1                                   ,STOP,008 - MODA                                    ,002 - TEJIDO PLANO                            ,12293904,BLUSA MC CON BOLSILLOS EN FRENTE OVERSI,,Normal
JUNIO, ,021 - 2JUN1                                   ,STOP,008 - MODA                                    ,002 - TEJIDO PLANO                            ,12295904,BLUSA MC CON ESPALDA ABIERTA CON BOTONE,,Normal
JULIO, ,021 - 2JUN1                                   ,STOP,008 - MODA                                    ,002 - TEJIDO PLANO                            ,12298804,BLUSA MC  FULL PRINT CON GUARDA POLVO,,Normal
JULIO, ,021 - 2JUN1                                   ,STOP,008 - MODA                                    ,002 - TEJIDO PLANO                            ,12303804,BLUSA MC FULL PRINT CON BOLSILLOS,,Normal
OCTUBRE, ,021 - 2JUN1                                   ,STOP,008 - MODA                                    ,002 - TEJIDO PLANO                            ,12304904,BLUSA MC CON DOBLE MANGA Y ALFORZAS EN,,Normal
NOVIEMBRE, ,021 - 2JUN1                                   ,STOP,008 - MODA                                    ,002 - TEJIDO PLANO                            ,12307904,BLUSA MC CON BOLSILLOS EN TELA  EFECTO,,Normal
DICIEMBRE, ,021 - 2JUN1                                   ,STOP,008 - MODA                                    ,002 - TEJIDO PLANO                            ,12308804,BLUSA MC CON PIEDRAS EN FRENTE,,Normal
DICIEMBRE, ,021 - 2JUN1                                   ,STOP,008 - MODA                                    ,002 - TEJIDO PLANO                            ,12309804,BLUSA MC CON APLIQUES BRILANTES CROP,,Normal
DICIEMBRE, ,021 - 2JUN1                                   ,STOP,008 - MODA                                    ,005 - DENIM                                   ,12310904,BLUSA MC LAVADO CLARO  CON BOLSILLOS EN,,Normal
NOVIEMBRE, ,021 - 2JUN1                                   ,STOP,008 - MODA                                    ,005 - DENIM                                   ,12311904,BLUSA MC EN SATIN CON CUELLO RECTILINEO,,Normal
JUNIO, ,021 - 2JUN1                                   ,STOP,008 - MODA                                    ,002 - TEJIDO PLANO                            ,12312804,BLUSA MC A RAYAS CON BOLSILLO,,Normal
ENERO, ,021 - 2JUN1                                   ,STOP,008 - MODA                                    ,002 - TEJIDO PLANO                            ,12315804,BLUSA MC CON CUELLO SPORT ESTAMPADA CRO,,Normal
MARZO, ,021 - 2JUN1                                   ,STOP,008 - MODA                                    ,002 - TEJIDO PLANO                            ,12316804,BLUSA MC CON ESTAMPADO Y BOTONES FORRAD,,Normal
MARZO, ,021 - 2JUN1                                   ,STOP,008 - MODA                                    ,002 - TEJIDO PLANO                            ,12317904,BLUSA MC CON JARETA EN RUEDO EN TELA CO,,Normal
ABRIL, ,021 - 2JUN1                                   ,STOP,008 - MODA                                    ,002 - TEJIDO PLANO                            ,12318904,BLUSA MC CON ESTAMPADO CON EFECTO,,Normal
ABRIL, ,021 - 2JUN1                                   ,STOP,008 - MODA                                    ,002 - TEJIDO PLANO                            ,12319804,BLUSA MC EN OJALILLO CROP,,Normal
ABRIL, ,021 - 2JUN1                                   ,STOP,008 - MODA                                    ,005 - DENIM                                   ,12320804,BLUSA MC LAV MEDIO CON BOLSILLOS EN FRE,,Normal
ABRIL, ,021 - 2JUN1                                   ,STOP,008 - MODA                                    ,005 - DENIM                                   ,12321804,BLUSA MC FULL PRINT,,Normal
ABRIL, ,021 - 2JUN1                                   ,STOP,008 - MODA                                    ,002 - TEJIDO PLANO                            ,12322804,BLUSA MC CON TELA BORDADA,,Normal
JUNIO, ,021 - 2JUN1                                   ,STOP,008 - MODA                                    ,002 - TEJIDO PLANO                            ,12324904,BLUSA MC A RAYAS CON ANUDADO,,Normal
MAYO, ,021 - 2JUN1                                   ,STOP,008 - MODA                                    ,002 - TEJIDO PLANO                            ,12326804,BLUSA MC CON CUELLO PERILLA Y BOTONES C,,Normal
JUNIO, ,021 - 2JUN1                                   ,STOP,008 - MODA                                    ,002 - TEJIDO PLANO                            ,12327904,BLUSA MC CON TIRAS EN FRENTE,,Normal
JUNIO, ,021 - 2JUN1                                   ,STOP,008 - MODA                                    ,002 - TEJIDO PLANO                            ,12328804,BLUSA MC CON CORDÓN EN RUEDO TIPO CROP,,Normal
JULIO, ,021 - 2JUN1                                   ,STOP,008 - MODA                                    ,002 - TEJIDO PLANO                            ,12329804,BLUSA MC CON PERILLA Y BOTONES ESTAMPAD,,Normal
JULIO, ,021 - 2JUN1                                   ,STOP,008 - MODA                                    ,002 - TEJIDO PLANO                            ,12330904,BLUSA MC CON ELASTICOS,,Normal
JULIO, ,021 - 2JUN1                                   ,STOP,008 - MODA                                    ,002 - TEJIDO PLANO                            ,12331804,BLUSA MC CON BOLSILLOS TIPO CROP,,Normal
JULIO, ,021 - 2JUN1                                   ,STOP,008 - MODA                                    ,002 - TEJIDO PLANO                            ,12332804,BLUSA MC CON ENTORCHADO EN FRENTE TIPO,,Normal
AGOSTO, ,021 - 2JUN1                                   ,STOP,008 - MODA                                    ,002 - TEJIDO PLANO                            ,12333804,BLUSA MC CON CREMALLERA Y BOLSILLOS TIP,,Normal
AGOSTO, ,021 - 2JUN1                                   ,STOP,008 - MODA                                    ,002 - TEJIDO PLANO                            ,12334804,BLUSA MC CON BOTONES FORRADOS,,Normal
JULIO, ,021 - 2JUN1                                   ,STOP,008 - MODA                                    ,002 - TEJIDO PLANO                            ,12335904,BLUSA MC CON BOLERO EN MANGA ESTAMPADA,,Normal
SEPTIEMBRE, ,021 - 2JUN1                                   ,STOP,008 - MODA                                    ,002 - TEJIDO PLANO                            ,12336804,BLUSA MC CUELLO SPORT CON TAPAS DE BOLS,,Normal
SEPTIEMBRE, ,021 - 2JUN1                                   ,STOP,008 - MODA                                    ,005 - DENIM                                   ,12337804,BLUSA MC LAV OSCURO AJUSTADA,,Normal
OCTUBRE, ,021 - 2JUN1                                   ,STOP,008 - MODA                                    ,002 - TEJIDO PLANO                            ,12451804,BLUSA MC A RAYAS CON BOLSILLO EN FRENTE,,Normal
NOVIEMBRE, ,021 - 2JUN1                                   ,STOP,008 - MODA                                    ,002 - TEJIDO PLANO                            ,12452904,BLUSA MC CON BOTONES EN TELA CON EFECTO,,Normal
OCTUBRE, ,021 - 2JUN1                                   ,STOP,008 - MODA                                    ,002 - TEJIDO PLANO                            ,12453804,BLUSA MC CON PINZAS Y PERILLA,,Normal
DICIEMBRE, ,021 - 2JUN1                                   ,STOP,008 - MODA                                    ,002 - TEJIDO PLANO                            ,12454804,BLUSA MC CUELLO SPORT EN TELA BRILLANTE,,Normal
DICIEMBRE, ,021 - 2JUN1                                   ,STOP,008 - MODA                                    ,002 - TEJIDO PLANO                            ,12455904,BLUSA MC FRENTE CRUZADO CON BOTONES DEC,,Normal
NOVIEMBRE, ,021 - 2JUN1                                   ,STOP,008 - MODA                                    ,002 - TEJIDO PLANO                            ,12456904,BLUSA MC ESCOTE CORAZON CON CORTES EN F,,Normal
DICIEMBRE, ,021 - 2JUN1                                   ,STOP,008 - MODA                                    ,002 - TEJIDO PLANO                            ,12457904,BLUSA M/C LAV CLARO CON APLIQUE EN CUEL,,Normal
DICIEMBRE, ,021 - 2JUN1                                   ,STOP,008 - MODA                                    ,002 - TEJIDO PLANO                            ,12458904,BLUSA MC CON ENCAJE,,Normal
NOVIEMBRE, ,021 - 2JUN1                                   ,STOP,008 - MODA                                    ,002 - TEJIDO PLANO                            ,12459804,BLUSA MC CON BOLSILLOS Y BOTONES EN FRE,,Normal
DICIEMBRE, ,021 - 2JUN1                                   ,STOP,008 - MODA                                    ,002 - TEJIDO PLANO                            ,12460904,BLUSA MC A RAYAS CON ESCOTE V,,Normal
ENERO, ,021 - 2JUN1                                   ,STOP,008 - MODA                                    ,002 - TEJIDO PLANO                            ,12461904,BLUSA MC TELA EFECTO BORDADO CON BOTONE,,Normal
ENERO, ,021 - 2JUN1                                   ,STOP,008 - MODA                                    ,002 - TEJIDO PLANO                            ,12462904,BLUSA MC CON CUELLO Y BOTON EN FRENTE,,Normal
FEBRERO, ,021 - 2JUN1                                   ,STOP,008 - MODA                                    ,002 - TEJIDO PLANO                            ,12463904,BLUSA MC CON CORTES Y RECOGIDOS,,Normal
MARZO, ,021 - 2JUN1                                   ,STOP,008 - MODA                                    ,002 - TEJIDO PLANO                            ,12631902,BLUSA MS SENSUAL CON BOLERO EN ESCOTE,,Normal
OCTUBRE, ,021 - 2JUN1                                   ,STOP,003 - OPORTUNIDADES                           ,002 - TEJIDO PLANO                            ,13001822,LEVANTACOLA T/MEDIO URBANA  OPORTUNIDAD,,Normal
NOVIEMBRE, ,021 - 2JUN1                                   ,STOP,003 - OPORTUNIDADES                           ,002 - TEJIDO PLANO                            ,13001828,CELUJEAN T/ALTO ROMANTICA CON BOLSILLOS,,Normal
NOVIEMBRE, ,021 - 2JUN1                                   ,STOP,003 - OPORTUNIDADES                           ,002 - TEJIDO PLANO                            ,13001836,FALDA T/ALTO URBANA  CON BOLSILLOS OPOR,,Normal
MARZO, ,021 - 2JUN1                                   ,STOP,003 - OPORTUNIDADES                           ,002 - TEJIDO PLANO                            ,13001839,CAMISETA STRAPLESS CON RECOGIDO EN COST,,Normal
JULIO, ,021 - 2JUN1                                   ,STOP,003 - OPORTUNIDADES                           ,002 - TEJIDO PLANO                            ,13001847,MOM JEAN T/ALTO LAV NEGRO BOTA TUBO OPO,,Normal
FEBRERO, ,021 - 2JUN1                                   ,STOP,003 - OPORTUNIDADES                           ,002 - TEJIDO PLANO                            ,13001944,RETROJEAN T/ALTO BOTA RECTA CON BOLSILL,,Normal
ABRIL, ,021 - 2JUN1                                   ,STOP,003 - OPORTUNIDADES                           ,001 - TEJIDO PUNTO                            ,13002819,BODY TIRAS CON ESCOTE TRIANGULAR PUNTA,,Normal
OCTUBRE, ,021 - 2JUN1                                   ,STOP,008 - MODA                                    ,001 - TEJIDO PUNTO                            ,13002851,VAQUERO T/ALTO COLOR BOTA TUBO OPORTUNI,,Normal
NOVIEMBRE, ,021 - 2JUN1                                   ,STOP,003 - OPORTUNIDADES                           ,001 - TEJIDO PUNTO                            ,13002922,LEVANTACOLA T/ALTO ROMANTICA OPORTUNIDA,,Normal
ABRIL, ,021 - 2JUN1                                   ,STOP,003 - OPORTUNIDADES                           ,002 - TEJIDO PLANO                            ,13002923,CAPRI T/ALTO OPORTUNIDADES BOTA TUBO,,Normal
NOVIEMBRE, ,021 - 2JUN1                                   ,STOP,003 - OPORTUNIDADES                           ,002 - TEJIDO PLANO                            ,13002928,CELUJEAN T/MEDIO ROMANTICA SIN BOLSILLO,,Normal
JULIO, ,021 - 2JUN1                                   ,STOP,003 - OPORTUNIDADES                           ,002 - TEJIDO PLANO                            ,13002947,MOM JEAN T/ALTO BOTA TUBO OPORTUNIDADES,,Normal
NOVIEMBRE, ,021 - 2JUN1                                   ,STOP,003 - OPORTUNIDADES                           ,002 - TEJIDO PLANO                            ,13002973,BLUSA ML CON CORTES PUNTA DE PRECIO,,Normal
ENERO, ,021 - 2JUN1                                   ,STOP,003 - OPORTUNIDADES                           ,002 - TEJIDO PLANO                            ,13003918,BLUSA TIRAS  FONDO ENTERO OPORTUNIDADES,,Normal
SEPTIEMBRE, ,021 - 2JUN1                                   ,STOP,003 - OPORTUNIDADES                           ,002 - TEJIDO PLANO                            ,13003922,LEVANTACOLA T/MEDIO ROMANTICA OPORTUNID,,Normal
ENERO, ,021 - 2JUN1                                   ,STOP,003 - OPORTUNIDADES                           ,002 - TEJIDO PLANO                            ,13003923,CAPRI T/ALTO OPORTUNIDADES BOTA TUBO,,Normal
NOVIEMBRE, ,021 - 2JUN1                                   ,STOP,003 - OPORTUNIDADES                           ,002 - TEJIDO PLANO                            ,13003928,CELUJEAN T/ALTO ROMANTICA CON BOLSILLOS,,Normal
FEBRERO, ,021 - 2JUN1                                   ,STOP,003 - OPORTUNIDADES                           ,002 - TEJIDO PLANO                            ,13003975,BLUSA MS FONDO ENTERO ESCOTE OPORTUNIDA,,Normal
MAYO, ,021 - 2JUN1                                   ,STOP,003 - OPORTUNIDADES                           ,002 - TEJIDO PLANO                            ,13004918,BLUSA TIRAS OPORTUNIDADES ESCOTE EN V,,Normal
JUNIO, ,021 - 2JUN1                                   ,STOP,003 - OPORTUNIDADES                           ,002 - TEJIDO PLANO                            ,13004922,LEVANTACOLA T/ALTO ROMANTICA LAV OSCURO,,Normal
JULIO, ,021 - 2JUN1                                   ,STOP,003 - OPORTUNIDADES                           ,002 - TEJIDO PLANO                            ,13004923,CAPRI T/ALTO OPORTUNIDADES BOTA TUBO,,Normal
JULIO, ,021 - 2JUN1                                   ,STOP,003 - OPORTUNIDADES                           ,002 - TEJIDO PLANO                            ,13004928,CELUJEAN T/MEDIO ROMANTICA CON BOLSILLO,,Normal
MAYO, ,021 - 2JUN1                                   ,STOP,003 - OPORTUNIDADES                           ,002 - TEJIDO PLANO                            ,13004975,BLUSA MS CON ESCOTE EN V PUNTA DE PRECI,,Normal
FEBRERO, ,021 - 2JUN1                                   ,STOP,003 - OPORTUNIDADES                           ,002 - TEJIDO PLANO                            ,13005918,BLUSA TIRAS CON PEPAS ESCOTE EN V PUNTA,,Normal
OCTUBRE, ,021 - 2JUN1                                   ,STOP,003 - OPORTUNIDADES                           ,002 - TEJIDO PLANO                            ,13005922,LEVANTACOLA T/ALTO ROMANTICA OPORTUNIDA,,Normal
NOVIEMBRE, ,021 - 2JUN1                                   ,STOP,003 - OPORTUNIDADES                           ,002 - TEJIDO PLANO                            ,13005928,CELUJEAN S/ALTO ROMANTICA CON BOLSILLOS,,Normal
JUNIO, ,021 - 2JUN1                                   ,STOP,003 - OPORTUNIDADES                           ,002 - TEJIDO PLANO                            ,13005975,BLUSA MS EN TELA CON EFECTO PUNTA DE PR,,Normal
OCTUBRE, ,021 - 2JUN1                                   ,STOP,003 - OPORTUNIDADES                           ,002 - TEJIDO PLANO                            ,13006822,LEVANTACOLA T/SUPER ALTO URBANA OPORTUN,,Normal
MAYO, ,021 - 2JUN1                                   ,STOP,003 - OPORTUNIDADES                           ,002 - TEJIDO PLANO                            ,13006828,CELUJEAN T/ALTO URBANA CON BOLSILLOS OP,,Normal
OCTUBRE, ,021 - 2JUN1                                   ,STOP,003 - OPORTUNIDADES                           ,002 - TEJIDO PLANO                            ,13006875,BLUSA MS TIPO CORSET PUNTA DE PRECIO,,Normal
MARZO, ,021 - 2JUN1                                   ,STOP,003 - OPORTUNIDADES                           ,002 - TEJIDO PLANO                            ,13006918,BLUSA TIRAS HALTER PUNTA DE PRECIO,,Normal
FEBRERO, ,021 - 2JUN1                                   ,STOP,003 - OPORTUNIDADES                           ,002 - TEJIDO PLANO                            ,13007971,BLUSA MC FONDO ENTERO PUNTA DE PRECIO,,Normal
ENERO, ,021 - 2JUN1                                   ,STOP,003 - OPORTUNIDADES                           ,002 - TEJIDO PLANO                            ,13008864,CHAQUETA ML LAV OSCURO  PUNTA DE PRECIO,,Normal
AGOSTO, ,021 - 2JUN1                                   ,STOP,003 - OPORTUNIDADES                           ,002 - TEJIDO PLANO                            ,13008922,LEVANTACOLA T/MEDIO ROMANTICA SIN BOLSI,,Normal
OCTUBRE, ,021 - 2JUN1                                   ,STOP,003 - OPORTUNIDADES                           ,002 - TEJIDO PLANO                            ,13008951,VAQUERO T/MEDIO LAV OSCURO PUNTA DE PRE,,Normal
MAYO, ,021 - 2JUN1                                   ,STOP,003 - OPORTUNIDADES                           ,002 - TEJIDO PLANO                            ,13011856,CAMISETA TIRAS CON ENCAJE OPORTUNIDADES,,Normal
JULIO, ,021 - 2JUN1                                   ,STOP,003 - OPORTUNIDADES                           ,001 - TEJIDO PUNTO                            ,13012856,CAMISETA TIRAS  HALTER TIPO CROP PUNTA,,Normal
MARZO, ,021 - 2JUN1                                   ,STOP,003 - OPORTUNIDADES                           ,002 - TEJIDO PLANO                            ,13015922,LEVANTACOLA T/ALTO CON BOLSILLOS  OPORT,,Normal
OCTUBRE, ,021 - 2JUN1                                   ,STOP,003 - OPORTUNIDADES                           ,002 - TEJIDO PLANO                            ,13016822,LEVANTACOLA T/ALTO CON BOLSILLOS OPORTU,,Normal
FEBRERO, ,021 - 2JUN1                                   ,STOP,003 - OPORTUNIDADES                           ,002 - TEJIDO PLANO                            ,13017961,BERMUDA T/ALTO PUNTA DE PRECIO,,Normal
MAYO, ,021 - 2JUN1                                   ,STOP,003 - OPORTUNIDADES                           ,002 - TEJIDO PLANO                            ,13018922,LEVANTACOLA T/MEDIO SIN BOLSILLOS OPORT,,Normal
DICIEMBRE, ,021 - 2JUN1                                   ,STOP,003 - OPORTUNIDADES                           ,002 - TEJIDO PLANO                            ,13020822,LEVANTACOLA T/MEDIO BOTA RECTA OPORTUNI,,Normal
OCTUBRE, ,021 - 2JUN1                                   ,STOP,003 - OPORTUNIDADES                           ,005 - DENIM                                   ,13020933,SHORT T/ALTO CACHETERO OPORTUNIDADES,,Normal
OCTUBRE, ,021 - 2JUN1                                   ,STOP,003 - OPORTUNIDADES                           ,005 - DENIM                                   ,13020955,CAMISETA MS COLOR EN RIB OPORTUNIDADES,,Normal
ENERO, ,021 - 2JUN1                                   ,STOP,003 - OPORTUNIDADES                           ,002 - TEJIDO PLANO                            ,13021822,LEVANTACOLA T/MEDIO BOTA TUBO OPORTUNID,,Normal
JUNIO, ,021 - 2JUN1                                   ,STOP,003 - OPORTUNIDADES                           ,002 - TEJIDO PLANO                            ,13021833,SHORT TIRO ALTO CON DESGASTES PUNTA DE,,Normal
DICIEMBRE, ,021 - 2JUN1                                   ,STOP,003 - OPORTUNIDADES                           ,002 - TEJIDO PLANO                            ,13021955,CAMISETA MS BRILLANTE OPORTUNIDADES,,Normal
JUNIO, ,021 - 2JUN1                                   ,STOP,003 - OPORTUNIDADES                           ,005 - DENIM                                   ,13022833,SHORT TIRO ALTO CON DESGASTES OPORTUNID,,Normal
JUNIO, ,021 - 2JUN1                                   ,STOP,003 - OPORTUNIDADES                           ,002 - TEJIDO PLANO                            ,13022922,LEVANTACOLA T/ALTO LAV MEDIO OSCURO OPO,,Normal
JUNIO, ,021 - 2JUN1                                   ,STOP,003 - OPORTUNIDADES                           ,002 - TEJIDO PLANO                            ,13023922,LEVANTACOLA T/ALTO  LAV NEGRO BOTA TUBO,,Normal
SEPTIEMBRE, ,021 - 2JUN1                                   ,STOP,003 - OPORTUNIDADES                           ,002 - TEJIDO PLANO                            ,13023933,SHORT T/ALTO LAVADO CLARO PUNTA DE PREC,,Normal
SEPTIEMBRE, ,021 - 2JUN1                                   ,STOP,003 - OPORTUNIDADES                           ,002 - TEJIDO PLANO                            ,13024822,LEVANTACOLA T/ALTO BLANCO BOTA TUBO PUN,,Normal
FEBRERO, ,021 - 2JUN1                                   ,STOP,003 - OPORTUNIDADES                           ,002 - TEJIDO PLANO                            ,13024933,SHORT T/ALTO A RAYAS PUNTA DE PRECIO,,Normal
ABRIL, ,021 - 2JUN1                                   ,STOP,003 - OPORTUNIDADES                           ,002 - TEJIDO PLANO                            ,13040855,CAMISETA MS CON RECOGIDO EN FRENTE OPOR,,Normal
JUNIO, ,021 - 2JUN1                                   ,STOP,003 - OPORTUNIDADES                           ,002 - TEJIDO PLANO                            ,13041955,CAMISETA MS EN RIB  OPORTUNIDADES,,Normal
ENERO, ,021 - 2JUN1                                   ,STOP,003 - OPORTUNIDADES                           ,001 - TEJIDO PUNTO                            ,13042801,BUSO ML  TIPO CROP OPORTUNIDADES,,Normal
OCTUBRE, ,021 - 2JUN1                                   ,STOP,003 - OPORTUNIDADES                           ,001 - TEJIDO PUNTO                            ,13043955,CAMISETA MS CON RECOGIDO EN ESCOTE PUNT,,Normal
NOVIEMBRE, ,021 - 2JUN1                                   ,STOP,003 - OPORTUNIDADES                           ,001 - TEJIDO PUNTO                            ,13044955,CAMISETA MS EN RIB CUELLO ALTO PUNTA DE,,Normal
NOVIEMBRE, ,021 - 2JUN1                                   ,STOP,003 - OPORTUNIDADES                           ,001 - TEJIDO PUNTO                            ,13045855,CAMISETA MS CON PESPUNTES EN LUREX PUNT,,Normal
OCTUBRE, ,021 - 2JUN1                                   ,STOP,003 - OPORTUNIDADES                           ,001 - TEJIDO PUNTO                            ,13046955,CAMISETA MS EN RIB CON ESTAMPADO PUNTA,,Normal
DICIEMBRE, ,021 - 2JUN1                                   ,STOP,003 - OPORTUNIDADES                           ,001 - TEJIDO PUNTO                            ,13047955,CAMISETA MS EN RIB ESTAMPADA PUNTA DE P,,Normal
FEBRERO, ,021 - 2JUN1                                   ,STOP,003 - OPORTUNIDADES                           ,001 - TEJIDO PUNTO                            ,13048955,CAMISETA MS EN RIB AJUSTADA PUNTA DE PR,,Normal
MARZO, ,021 - 2JUN1                                   ,STOP,003 - OPORTUNIDADES                           ,001 - TEJIDO PUNTO                            ,13049855,CAMISETA MS EN RIB CON SESGO EN CONTRAS,,Normal
JULIO, ,021 - 2JUN1                                   ,STOP,003 - OPORTUNIDADES                           ,002 - TEJIDO PLANO                            ,13056805,PANTALON T/ALTO CON AMARRE PUNTA DE PRE,,Normal
DICIEMBRE, ,021 - 2JUN1                                   ,STOP,003 - OPORTUNIDADES                           ,001 - TEJIDO PUNTO                            ,13065953,CAMISETA MC OVERSIZE ESTAMPADA LOCALIZA,,Normal
FEBRERO, ,021 - 2JUN1                                   ,STOP,003 - OPORTUNIDADES                           ,001 - TEJIDO PUNTO                            ,13082953,CAMISETA MC A RAYAS OPORTUNIDADES,,Normal
MARZO, ,021 - 2JUN1                                   ,STOP,003 - OPORTUNIDADES                           ,001 - TEJIDO PUNTO                            ,13083853,CAMISETA MC CON SIMULACIÓN PERILLA TIPO,,Normal
SEPTIEMBRE, ,021 - 2JUN1                                   ,STOP,003 - OPORTUNIDADES                           ,001 - TEJIDO PUNTO                            ,13089953,CAMISETA MC CON MINI RUCHE EN RUEDO PUN,,Normal
SEPTIEMBRE, ,021 - 2JUN1                                   ,STOP,003 - OPORTUNIDADES                           ,001 - TEJIDO PUNTO                            ,13094853,CAMISETA MC CON ESTAMPADO GRÁFICO PUNTA,,Normal
DICIEMBRE, ,021 - 2JUN1                                   ,STOP,003 - OPORTUNIDADES                           ,001 - TEJIDO PUNTO                            ,13095953,CAMISETA MC CON CUELLO ALTO PUNTA DE PR,,Normal
DICIEMBRE, ,021 - 2JUN1                                   ,STOP,003 - OPORTUNIDADES                           ,001 - TEJIDO PUNTO                            ,13096853,CAMISETA MC CON ESCOTE EN V CROP PUNTA,,Normal
DICIEMBRE, ,021 - 2JUN1                                   ,STOP,003 - OPORTUNIDADES                           ,001 - TEJIDO PUNTO                            ,13097953,CAMISETA MC CON ESCOTE EN V EN RIB PUNT,,Normal
ENERO, ,021 - 2JUN1                                   ,STOP,003 - OPORTUNIDADES                           ,001 - TEJIDO PUNTO                            ,13098853,CAMISETA PREMIUM MC CON ESTAMPADO PUNTA,,Normal
FEBRERO, ,021 - 2JUN1                                   ,STOP,003 - OPORTUNIDADES                           ,001 - TEJIDO PUNTO                            ,13099853,CAMISETA PREMIUM  MC ESCOTE EN V PUNTA,,Normal
MARZO, ,021 - 2JUN1                                   ,STOP,003 - OPORTUNIDADES                           ,001 - TEJIDO PUNTO                            ,13100953,CAMISETA MC EN RIB ESTAMPADA PUNTA DE P,,Normal
ABRIL, ,021 - 2JUN1                                   ,STOP,003 - OPORTUNIDADES                           ,001 - TEJIDO PUNTO                            ,13101853,CAMISETA MC CON ESTAMPADO LOCALIZADO PU,,Normal
MAYO, ,021 - 2JUN1                                   ,STOP,003 - OPORTUNIDADES                           ,001 - TEJIDO PUNTO                            ,13102953,CAMISETA MC CON ESTAMPADA  PUNTA DE PRE,,Normal
MAYO, ,021 - 2JUN1                                   ,STOP,003 - OPORTUNIDADES                           ,001 - TEJIDO PUNTO                            ,13103853,CAMISETA MC PREMIUM CON ESTAMPADO PUNTA,,Normal
MAYO, ,021 - 2JUN1                                   ,STOP,003 - OPORTUNIDADES                           ,001 - TEJIDO PUNTO                            ,13104953,CAMISETA MC CON ESTAMPADO PUNTA DE PREC,,Normal
JUNIO, ,021 - 2JUN1                                   ,STOP,003 - OPORTUNIDADES                           ,001 - TEJIDO PUNTO                            ,13105953,CAMISETA MC EN RIB PRETEÑIDO PUNTA DE P,,Normal
JUNIO, ,021 - 2JUN1                                   ,STOP,003 - OPORTUNIDADES                           ,001 - TEJIDO PUNTO                            ,13106853,CAMISETA MC CON ESTAMPADO PUNTA DE PREC,,Normal
JULIO, ,021 - 2JUN1                                   ,STOP,003 - OPORTUNIDADES                           ,001 - TEJIDO PUNTO                            ,13107953,CAMISETA  MC CON ESTAMPADO PUNTA DE PRE,,Normal
ENERO, ,021 - 2JUN1                                   ,STOP,003 - OPORTUNIDADES                           ,001 - TEJIDO PUNTO                            ,13108853,CAMISETA MC A RAYAS TIPO CROP PUNTA DE,,Normal
AGOSTO, ,021 - 2JUN1                                   ,STOP,003 - OPORTUNIDADES                           ,001 - TEJIDO PUNTO                            ,13109853,CAMISETA MC CON ESTAMPADO EN FRENTE PUN,,Normal
SEPTIEMBRE, ,021 - 2JUN1                                   ,STOP,003 - OPORTUNIDADES                           ,001 - TEJIDO PUNTO                            ,13110953,CAMISETA MC DE UN SOLO HOMBRO PUNTA DE,,Normal
SEPTIEMBRE, ,021 - 2JUN1                                   ,STOP,003 - OPORTUNIDADES                           ,001 - TEJIDO PUNTO                            ,13111853,CAMISETA MC EN RIB ESTAMPADA PUNTA DE P,,Normal
AGOSTO, ,021 - 2JUN1                                   ,STOP,003 - OPORTUNIDADES                           ,001 - TEJIDO PUNTO                            ,13112953,CAMISETA MC CON ESTAMPADO PUNTA DE PREC,,Normal
OCTUBRE, ,021 - 2JUN1                                   ,STOP,003 - OPORTUNIDADES                           ,001 - TEJIDO PUNTO                            ,13113953,CAMISETA PREMIUM MC ESCOTE CUADRADO PUN,,Normal
OCTUBRE, ,021 - 2JUN1                                   ,STOP,003 - OPORTUNIDADES                           ,001 - TEJIDO PUNTO                            ,13114853,CAMISETA MC CON ESTAMPADO PUNTA DE PREC,,Normal
NOVIEMBRE, ,021 - 2JUN1                                   ,STOP,003 - OPORTUNIDADES                           ,001 - TEJIDO PUNTO                            ,13115853,CAMISETA PREMIUM MC CROP PUNTA DE PRECI,,Normal
NOVIEMBRE, ,021 - 2JUN1                                   ,STOP,003 - OPORTUNIDADES                           ,001 - TEJIDO PUNTO                            ,13116953,CAMISETA MC CON ESTAMPADO PUNTA DE PREC,,Normal
DICIEMBRE, ,021 - 2JUN1                                   ,STOP,003 - OPORTUNIDADES                           ,001 - TEJIDO PUNTO                            ,13117953,CAMISETA MC EN RIB FRENTE CRUZADO PUNTA,,Normal
NOVIEMBRE, ,021 - 2JUN1                                   ,STOP,003 - OPORTUNIDADES                           ,001 - TEJIDO PUNTO                            ,13118853,CAMISETA MC ESTAMPADA EN FRENTE PUNTA D,,Normal
DICIEMBRE, ,021 - 2JUN1                                   ,STOP,003 - OPORTUNIDADES                           ,001 - TEJIDO PUNTO                            ,13119853,CAMISETA MC CON ESTAMPADO PUNTA DE PREC,,Normal
DICIEMBRE, ,021 - 2JUN1                                   ,STOP,003 - OPORTUNIDADES                           ,001 - TEJIDO PUNTO                            ,13120853,CAMISETA MC EN RIB PUNTA DE PRECIO,,Normal
DICIEMBRE, ,021 - 2JUN1                                   ,STOP,003 - OPORTUNIDADES                           ,001 - TEJIDO PUNTO                            ,13121953,CAMISETA MC CON APLIQUES PUNTA DE PRECI,,Normal
ENERO, ,021 - 2JUN1                                   ,STOP,003 - OPORTUNIDADES                           ,001 - TEJIDO PUNTO                            ,13122953,CAMISETA MC CON ESTAMPADO PUNTA DE PREC,,Normal
ENERO, ,021 - 2JUN1                                   ,STOP,003 - OPORTUNIDADES                           ,001 - TEJIDO PUNTO                            ,13124853,CAMISETA MC ESTAMPADA PUNTA DE PRECIO,,Normal
MARZO, ,021 - 2JUN1                                   ,STOP,003 - OPORTUNIDADES                           ,001 - TEJIDO PUNTO                            ,13125853,CAMISETA MC CON ESTAMPADO OPORTUNIDADES,,Normal
ABRIL, ,021 - 2JUN1                                   ,STOP,003 - OPORTUNIDADES                           ,001 - TEJIDO PUNTO                            ,13126953,CAMISETA MC ESTAMPADA OPORTUNIDADES,,Normal
ABRIL, ,021 - 2JUN1                                   ,STOP,003 - OPORTUNIDADES                           ,001 - TEJIDO PUNTO                            ,13127953,CAMISETA MC ESTAMPADA OPORTUNIDADES,,Normal
ABRIL, ,021 - 2JUN1                                   ,STOP,003 - OPORTUNIDADES                           ,001 - TEJIDO PUNTO                            ,13128953,CAMISETA MC ESTAMPADA OPORTUNIDADES,,Normal
ABRIL, ,021 - 2JUN1                                   ,STOP,003 - OPORTUNIDADES                           ,001 - TEJIDO PUNTO                            ,13129953,CAMISETA MC ESTAMPADA OPORTUNIDADES,,Normal
MAYO, ,021 - 2JUN1                                   ,STOP,003 - OPORTUNIDADES                           ,001 - TEJIDO PUNTO                            ,13132953,CAMISETA MC ESTAMPADA OPORTUNIDADES,,Normal
MAYO, ,021 - 2JUN1                                   ,STOP,003 - OPORTUNIDADES                           ,001 - TEJIDO PUNTO                            ,13133953,CAMISETA MC EST OPORTUNIDADES,,Normal
AGOSTO, ,021 - 2JUN1                                   ,STOP,003 - OPORTUNIDADES                           ,001 - TEJIDO PUNTO                            ,13197804,CAMISETA MS URBANA OPORTUNIDADES CON ES,,Normal
AGOSTO, ,021 - 2JUN1                                   ,STOP,003 - OPORTUNIDADES                           ,001 - TEJIDO PUNTO                            ,14003917,BLAZER ML OVERSIZE CON BOLSILLO RIBETE,,Normal
JULIO, ,021 - 2JUN1                                   ,STOP,008 - MODA                                    ,001 - TEJIDO PUNTO                            ,14007811,KIMONO ML CON CENEFA FULL PRINT,,Normal
ABRIL, ,021 - 2JUN1                                   ,STOP,008 - MODA                                    ,002 - TEJIDO PLANO                            ,14008917,BLAZER ML CON CANAL EN CINTURA Y TANCA,,Normal
JULIO, ,021 - 2JUN1                                   ,STOP,008 - MODA                                    ,002 - TEJIDO PLANO                            ,14040906,KIMONO M 3/4  FULLPRINT CON BOLSILLOS L,,Normal
MAYO, ,021 - 2JUN1                                   ,STOP,008 - MODA                                    ,002 - TEJIDO PLANO                            ,14128904,BUSO ML ESTAMPADO IMITANDO DOBLE PRENDA,,Normal
FEBRERO, ,021 - 2JUN1                                   ,STOP,008 - MODA                                    ,002 - TEJIDO PLANO                            ,14135904,BUZO ML IMITACIÓN DOBLE PRENDA,,Normal
FEBRERO, ,021 - 2JUN1                                   ,STOP,008 - MODA                                    ,002 - TEJIDO PLANO                            ,14137904,BUZO ML CON BORDADO EN MANGAS,,Normal
DICIEMBRE, ,021 - 2JUN1                                   ,STOP,008 - MODA                                    ,001 - TEJIDO PUNTO                            ,14138905,CHOMPA ML CON ESTAMPADO Y CIERRE,,Normal
AGOSTO, ,021 - 2JUN1                                   ,STOP,008 - MODA                                    ,001 - TEJIDO PUNTO                            ,14140805,CHAQUETA ML CON CIERRE EN FRENTE Y CORD,,Normal
JULIO, ,021 - 2JUN1                                   ,STOP,008 - MODA                                    ,001 - TEJIDO PUNTO                            ,14142904,BUSO ML EFECTO TEJIDO,,Normal
JULIO, ,021 - 2JUN1                                   ,STOP,008 - MODA                                    ,001 - TEJIDO PUNTO                            ,14146904,BUSO ML CON CUELLO EN V,,Normal
SEPTIEMBRE, ,021 - 2JUN1                                   ,STOP,008 - MODA                                    ,005 - DENIM                                   ,14151802,CHALECO MS LAV MEDIO LARGO ESPECIAL,,Normal
NOVIEMBRE, ,021 - 2JUN1                                   ,STOP,008 - MODA                                    ,002 - TEJIDO PLANO                            ,14154902,CHALECO MS COLOR CON BOLSILLOS FUNCIONA,,Normal
SEPTIEMBRE, ,021 - 2JUN1                                   ,STOP,008 - MODA                                    ,001 - TEJIDO PUNTO                            ,14157804,BUSO CUELLO EN V,,Normal
OCTUBRE, ,021 - 2JUN1                                   ,STOP,008 - MODA                                    ,001 - TEJIDO PUNTO                            ,14158804,BUSO ML CON ESTAMPADO EN FRENTE,,Normal
MAYO, ,021 - 2JUN1                                   ,STOP,008 - MODA                                    ,002 - TEJIDO PLANO                            ,14159802,CHALECO MS LAV MEDIO CON CIERRE EN FREN,,Normal
MAYO, ,021 - 2JUN1                                   ,STOP,008 - MODA                                    ,005 - DENIM                                   ,14160802,CHALECO MS OVERSIZE LAVADO CLARO,,Normal
JUNIO, ,021 - 2JUN1                                   ,STOP,008 - MODA                                    ,005 - DENIM                                   ,14161802,CHALECO MS LAV MEDIO CON BOTONES,,Normal
AGOSTO, ,021 - 2JUN1                                   ,STOP,008 - MODA                                    ,005 - DENIM                                   ,14163902,CHALECO MS TEÑIDO CON LASER LARGO A PRE,,Normal
AGOSTO, ,021 - 2JUN1                                   ,STOP,008 - MODA                                    ,005 - DENIM                                   ,14164802,CHALECO PREMIUM  MS CON BOLSILLOS DELAN,,Normal
OCTUBRE, ,021 - 2JUN1                                   ,STOP,008 - MODA                                    ,002 - TEJIDO PLANO                            ,14165902,CHALECO MS CON DETALLES EN FRENTE,,Normal
OCTUBRE, ,021 - 2JUN1                                   ,STOP,008 - MODA                                    ,002 - TEJIDO PLANO                            ,14166802,CHALECO MS CORTO COLOR CON DETALLE EN E,,Normal
DICIEMBRE, ,021 - 2JUN1                                   ,STOP,008 - MODA                                    ,002 - TEJIDO PLANO                            ,14168902,CHALECO MS LAV OSCURO  CON PERILLA,,Normal
DICIEMBRE, ,021 - 2JUN1                                   ,STOP,008 - MODA                                    ,002 - TEJIDO PLANO                            ,14169902,CHALECO MS CON BOTONES EXPUESTOS DIAGON,,Normal
SEPTIEMBRE, ,021 - 2JUN1                                   ,STOP,008 - MODA                                    ,002 - TEJIDO PLANO                            ,14170902,CHALECO MS FORRADO CON CORTES,,Normal
FEBRERO, ,021 - 2JUN1                                   ,STOP,008 - MODA                                    ,005 - DENIM                                   ,14171902,CHALECO MS A RAYAS,,Normal
ABRIL, ,021 - 2JUN1                                   ,STOP,008 - MODA                                    ,005 - DENIM                                   ,14172802,CHALECO MS LAV MEDIO CON CORTES EN DENI,,Normal
ABRIL, ,021 - 2JUN1                                   ,STOP,008 - MODA                                    ,005 - DENIM                                   ,14175802,CHALECO MS CON BORDADO EN FRENTE,,Normal
MAYO, ,021 - 2JUN1                                   ,STOP,008 - MODA                                    ,002 - TEJIDO PLANO                            ,14177802,CHALECO HALTER CON ESPALDA DESCUBIERTA,,Normal
JUNIO, ,021 - 2JUN1                                   ,STOP,008 - MODA                                    ,002 - TEJIDO PLANO                            ,14178802,CHALECO CON CUELLO Y BOTONES EN FRENTE,,Normal
JULIO, ,021 - 2JUN1                                   ,STOP,008 - MODA                                    ,005 - DENIM                                   ,14179802,CHALECO MS LAV MEDIO CON AMARRE EN COST,,Normal
OCTUBRE, ,021 - 2JUN1                                   ,STOP,008 - MODA                                    ,005 - DENIM                                   ,14185902,CHALECO MS LAV OSCURO DETALLE EN FRENTE,,Normal
SEPTIEMBRE, ,021 - 2JUN1                                   ,STOP,008 - MODA                                    ,002 - TEJIDO PLANO                            ,14186802,CHALECO MS CON BOTONES Y CORTES EN FREN,,Normal
OCTUBRE, ,021 - 2JUN1                                   ,STOP,008 - MODA                                    ,002 - TEJIDO PLANO                            ,14188902,CHALECO MS CON BOTONES METALICOS,,Normal
SEPTIEMBRE, ,021 - 2JUN1                                   ,STOP,008 - MODA                                    ,005 - DENIM                                   ,14189802,CHALECO MS LAV MEDIO AJUSTADO,,Normal
NOVIEMBRE, ,021 - 2JUN1                                   ,STOP,008 - MODA                                    ,002 - TEJIDO PLANO                            ,14190902,CHALECO MS EN PELUCHE,,Normal
NOVIEMBRE, ,021 - 2JUN1                                   ,STOP,008 - MODA                                    ,002 - TEJIDO PLANO                            ,14191902,CHALECO MS CON PUNTAS EN RUEDO Y BROCHE,,Normal
OCTUBRE, ,021 - 2JUN1                                   ,STOP,008 - MODA                                    ,002 - TEJIDO PLANO                            ,14192802,CHALECO MS COLOR CON BOTONES,,Normal
DICIEMBRE, ,021 - 2JUN1                                   ,STOP,008 - MODA                                    ,005 - DENIM                                   ,14193902,CHALECO MS LAV OSCURO CORTES EN FRENTE,,Normal
DICIEMBRE, ,021 - 2JUN1                                   ,STOP,008 - MODA                                    ,001 - TEJIDO PUNTO                            ,14194902,CHALECO MS TELA EFECTO TEJIDO CON BOTON,,Normal
DICIEMBRE, ,021 - 2JUN1                                   ,STOP,008 - MODA                                    ,002 - TEJIDO PLANO                            ,14196902,CHALECO MS CON BOTONES CROP,,Normal
ENERO, ,021 - 2JUN1                                   ,STOP,008 - MODA                                    ,005 - DENIM                                   ,14197802,CHALECO MS A RAYAS CON IMITACION RIBETE,,Normal
ENERO, ,021 - 2JUN1                                   ,STOP,008 - MODA                                    ,001 - TEJIDO PUNTO                            ,14199802,CHALECO MS CON BOTONES EN FRENTE ESCOTE,,Normal
FEBRERO, ,021 - 2JUN1                                   ,STOP,008 - MODA                                    ,002 - TEJIDO PLANO                            ,14202902,CHALECO MS CON BOTONES EN FRENTE CROP,,Normal
ABRIL, ,021 - 2JUN1                                   ,STOP,008 - MODA                                    ,001 - TEJIDO PUNTO                            ,14205902,CHALECO MS CON AMARRE EN FRENTE,,Normal
ABRIL, ,021 - 2JUN1                                   ,STOP,008 - MODA                                    ,001 - TEJIDO PUNTO                            ,14206802,CHALECO MS EN TELA EFECTO TEJIDO,,Normal
JUNIO, ,021 - 2JUN1                                   ,STOP,008 - MODA                                    ,001 - TEJIDO PUNTO                            ,14220901,CHAQUETA ML ROMANTICA CON CUELLO TEJIDO,,Normal
AGOSTO, ,021 - 2JUN1                                   ,STOP,008 - MODA                                    ,001 - TEJIDO PUNTO                            ,14256801,CHAQUETA ML URBANA CROP CON CIERRE,,Normal
DICIEMBRE, ,021 - 2JUN1                                   ,STOP,008 - MODA                                    ,005 - DENIM                                   ,14283801,CHAQUETA  ML DENIM  LAV  MEDIO CON RECT,,Normal
NOVIEMBRE, ,021 - 2JUN1                                   ,STOP,008 - MODA                                    ,005 - DENIM                                   ,14286801,CHAQUETA ML LAV MEDIO CON OJALETES EN A,,Normal
NOVIEMBRE, ,021 - 2JUN1                                   ,STOP,008 - MODA                                    ,005 - DENIM                                   ,14288801,CHAQUETA ML LAV CLARO CON OJALETES EN M,,Normal
MARZO, ,021 - 2JUN1                                   ,STOP,008 - MODA                                    ,005 - DENIM                                   ,14293801,CHAQUETA ML LAV MEDIO DENIM A RAYAS,,Normal
MARZO, ,021 - 2JUN1                                   ,STOP,008 - MODA                                    ,005 - DENIM                                   ,14325901,CHAQUETA EN DENIM CON APLIQUE EN PIEDRA,,Normal
OCTUBRE, ,021 - 2JUN1                                   ,STOP,008 - MODA                                    ,002 - TEJIDO PLANO                            ,14326901,CHAQUETA  ML MARFIL CON FLECOS EN ESPAL,,Normal
NOVIEMBRE, ,021 - 2JUN1                                   ,STOP,008 - MODA                                    ,001 - TEJIDO PUNTO                            ,14330801,CHAQUETA ML EN PANA GRIS CON RECTILINEO,,Normal
DICIEMBRE, ,021 - 2JUN1                                   ,STOP,008 - MODA                                    ,005 - DENIM                                   ,14331901,CHAQUETA  ML COLOR TIPO BLAZER CON CHAR,,Normal
FEBRERO, ,021 - 2JUN1                                   ,STOP,008 - MODA                                    ,005 - DENIM                                   ,14334901,CHAQUETA ML BOMBER CON BOLSILLOS,,Normal
MARZO, ,021 - 2JUN1                                   ,STOP,008 - MODA                                    ,005 - DENIM                                   ,14335901,CHAQUETA ML LAVADO MEDIO CON BOLSILLO E,,Normal
ABRIL, ,021 - 2JUN1                                   ,STOP,008 - MODA                                    ,005 - DENIM                                   ,14336801,CHAQUETA ML TEÑIDA CON ALMILLA EN V,,Normal
MAYO, ,021 - 2JUN1                                   ,STOP,008 - MODA                                    ,005 - DENIM                                   ,14337901,CHAQUETA ML COLOR CON BORDADO,,Normal
MAYO, ,021 - 2JUN1                                   ,STOP,008 - MODA                                    ,002 - TEJIDO PLANO                            ,14338901,CHAQUETA ML CON BOLSILLOS Y BOTONES,,Normal
SEPTIEMBRE, ,021 - 2JUN1                                   ,STOP,008 - MODA                                    ,005 - DENIM                                   ,14339901,CHAQUETA ML LAV CLARO EN TELA TEXTURIZA,,Normal
JULIO, ,021 - 2JUN1                                   ,STOP,008 - MODA                                    ,002 - TEJIDO PLANO                            ,14340901,CHAQUETA ML MARFIL CON SOLAPA ANCHA,,Normal
JULIO, ,021 - 2JUN1                                   ,STOP,008 - MODA                                    ,005 - DENIM                                   ,14341801,CHAQUETA ML LAV MEDIO OSCURO CUELLO EN,,Normal
AGOSTO, ,021 - 2JUN1                                   ,STOP,008 - MODA                                    ,002 - TEJIDO PLANO                            ,14343801,SOBREBLUSA  ML CON BOLSILLOS EN FRENTE,,Normal
AGOSTO, ,021 - 2JUN1                                   ,STOP,008 - MODA                                    ,005 - DENIM                                   ,14349901,CHAQUETA M/L EN DRIL CON CUELLO EN CORD,,Normal
AGOSTO, ,021 - 2JUN1                                   ,STOP,008 - MODA                                    ,005 - DENIM                                   ,14351801,SOBRECAMISA  LAV MEDIO OSCURO,,Normal
SEPTIEMBRE, ,021 - 2JUN1                                   ,STOP,008 - MODA                                    ,005 - DENIM                                   ,14352801,CHAQUETA  ML  ANIMAL PRINT,,Normal
NOVIEMBRE, ,021 - 2JUN1                                   ,STOP,008 - MODA                                    ,005 - DENIM                                   ,14353901,CHAQUETA M/LARGA LAV OSCURO CUELLO CORD,,Normal
OCTUBRE, ,021 - 2JUN1                                   ,STOP,008 - MODA                                    ,002 - TEJIDO PLANO                            ,14354801,CHAQUETA ML CON RECTILINEO Y ESTRELLA E,,Normal
NOVIEMBRE, ,021 - 2JUN1                                   ,STOP,008 - MODA                                    ,005 - DENIM                                   ,14355801,CHAQUETA ML LAV MEDIO  APLIQUE EN PIEDR,,Normal
DICIEMBRE, ,021 - 2JUN1                                   ,STOP,008 - MODA                                    ,005 - DENIM                                   ,14356901,CHAQUETA ML COLOR CON TEXTURA LASER,,Normal
DICIEMBRE, ,021 - 2JUN1                                   ,STOP,008 - MODA                                    ,002 - TEJIDO PLANO                            ,14357801,CHAQUETA ML CON CREMALLERA Y RECTILINEO,,Normal
OCTUBRE, ,021 - 2JUN1                                   ,STOP,008 - MODA                                    ,002 - TEJIDO PLANO                            ,14358801,CHAQUETA ML CON RECTILINEO,,Normal
ENERO, ,021 - 2JUN1                                   ,STOP,008 - MODA                                    ,002 - TEJIDO PLANO                            ,14359901,CHAQUETA ML MARFIL TELA BORDADA,,Normal
FEBRERO, ,021 - 2JUN1                                   ,STOP,008 - MODA                                    ,005 - DENIM                                   ,14360901,CHAQUETA  ML BLANCA EN TELA TOSCANA,,Normal
ABRIL, ,021 - 2JUN1                                   ,STOP,005 - ESENCIAL                                ,005 - DENIM                                   ,15001307,TORERO TM BASICO,,Normal
NOVIEMBRE, ,021 - 2JUN1                                   ,STOP,005 - ESENCIAL                                ,005 - DENIM                                   ,15001852,CAMISETA MS ATLETICA BASICA,,Normal
FEBRERO, ,021 - 2JUN1                                   ,STOP,005 - ESENCIAL                                ,005 - DENIM                                   ,15001865,LIPOJEAN PREMIUM T/ALTO COLOR BASICO,,Normal
OCTUBRE, ,021 - 2JUN1                                   ,STOP,005 - ESENCIAL                                ,005 - DENIM                                   ,15001908,RETROJEAN DESCADERADO ESENCIALES,,Normal
ENERO, ,021 - 2JUN1                                   ,STOP,004 - ESENCIAL MODA                           ,005 - DENIM                                   ,15001952,CAMISETA MS BASICO EN RIB TOP MALIBU,,Normal
DICIEMBRE, ,021 - 2JUN1                                   ,STOP,004 - ESENCIAL MODA                           ,005 - DENIM                                   ,15001957,BLUSA MS CON ESCOTE EN V ESENCIALES,,Normal
JUNIO, ,021 - 2JUN1                                   ,STOP,005 - ESENCIAL                                ,005 - DENIM                                   ,15001960,MATERNO PREMIUN S/ ALTO ROMANTICA NEGRO,,Normal
ABRIL, ,021 - 2JUN1                                   ,STOP,004 - ESENCIAL MODA                           ,002 - TEJIDO PLANO                            ,15001964,BLUSA  TIRAS ESENCIALES ESCOTE EN V,,Normal
MARZO, ,021 - 2JUN1                                   ,STOP,005 - ESENCIAL                                ,002 - TEJIDO PLANO                            ,15001970,CAMISETA MS BASICO EN RIB CROP TOP NEWY,,Normal
ABRIL, ,021 - 2JUN1                                   ,STOP,005 - ESENCIAL                                ,005 - DENIM                                   ,15001990,PANTALON CARGO T/ALTO BOTA RECTA ESENCI,,Normal
ABRIL, ,021 - 2JUN1                                   ,STOP,005 - ESENCIAL                                ,005 - DENIM                                   ,15001995,BODY PREMIUM MS DOBLE FAZ ESENCIALES,,Normal
NOVIEMBRE, ,021 - 2JUN1                                   ,STOP,005 - ESENCIAL                                ,005 - DENIM                                   ,15001996,VAQUERO DESCADERADO T/BAJO BOTA RECTA E,,Normal
MARZO, ,021 - 2JUN1                                   ,STOP,005 - ESENCIAL                                ,005 - DENIM                                   ,15002843,REDUCTOR PREMIUM T/ALTO NEGRO BASICO,,Normal
SEPTIEMBRE, ,021 - 2JUN1                                   ,STOP,004 - ESENCIAL MODA                           ,005 - DENIM                                   ,15002852,CAMISETA MS EN RIB TIPO CROP ESENCIALES,,Normal
OCTUBRE, ,021 - 2JUN1                                   ,STOP,005 - ESENCIAL                                ,005 - DENIM                                   ,15002907,TORERO T/ALTO BASICO COLOR,,Normal
FEBRERO, ,021 - 2JUN1                                   ,STOP,004 - ESENCIAL MODA                           ,005 - DENIM                                   ,15002948,CAMISETA PREMIUM TIRAS CUELLO HALTER CR,,Normal
NOVIEMBRE, ,021 - 2JUN1                                   ,STOP,005 - ESENCIAL                                ,005 - DENIM                                   ,15002960,MATERNO PREMIUM S/ ALTO ROMANTICA LAV M,,Normal
JULIO, ,021 - 2JUN1                                   ,STOP,005 - ESENCIAL                                ,005 - DENIM                                   ,15003921,TEJANO T/ALTO NEGRO ESENCIALES BOTA ANC,,Normal
OCTUBRE, ,021 - 2JUN1                                   ,STOP,004 - ESENCIAL MODA                           ,005 - DENIM                                   ,15003948,CAMISETA PREMIUM TIRAS BASICA TOP VEGAS,,Normal
ABRIL, ,021 - 2JUN1                                   ,STOP,004 - ESENCIAL MODA                           ,001 - TEJIDO PUNTO                            ,15003952,CAMISETA PREMIUM  MS DOBLE FAZ BASICA,,Normal
ENERO, ,021 - 2JUN1                                   ,STOP,005 - ESENCIAL                                ,005 - DENIM                                   ,15003960,MATERNO PREMIUN S/ ALTO NEGRO BASICO,,Normal
ENERO, ,021 - 2JUN1                                   ,STOP,005 - ESENCIAL                                ,005 - DENIM                                   ,15004311,SHORT T/MEDIO BASICO,,Normal
ABRIL, ,021 - 2JUN1                                   ,STOP,005 - ESENCIAL                                ,005 - DENIM                                   ,15004849,CAMISETA PREMIUM MC FONDO ENTERO DOBLE,,Normal
MAYO, ,021 - 2JUN1                                   ,STOP,005 - ESENCIAL                                ,005 - DENIM                                   ,15004935,ELASTIK PREMIUM  T/ALTO BOTA TUBO ESENC,,Normal
JULIO, ,021 - 2JUN1                                   ,STOP,004 - ESENCIAL MODA                           ,001 - TEJIDO PUNTO                            ,15004948,CAMISETA PREMIUM TIRAS FONDO ENTERO ESE,,Normal
MARZO, ,021 - 2JUN1                                   ,STOP,004 - ESENCIAL MODA                           ,001 - TEJIDO PUNTO                            ,15004955,BLUSA ML BASICA FONDO ENTERO,,Normal
ENERO, ,021 - 2JUN1                                   ,STOP,005 - ESENCIAL                                ,005 - DENIM                                   ,15004960,MATERNO S/ALTO DENIM BOTA TUBO BASICO,,Normal
DICIEMBRE, ,021 - 2JUN1                                   ,STOP,004 - ESENCIAL MODA                           ,001 - TEJIDO PUNTO                            ,15005848,CAMISETA TIRAS EN RIB TIPO CROP ESENCIA,,Normal
MARZO, ,021 - 2JUN1                                   ,STOP,004 - ESENCIAL MODA                           ,001 - TEJIDO PUNTO                            ,15005849,CAMISETA MC ESENCIALES,,Normal
NOVIEMBRE, ,021 - 2JUN1                                   ,STOP,005 - ESENCIAL                                ,005 - DENIM                                   ,15005939,ESCULTOR  T/ALTO BOTA TUBO COLOR BASICO,,Normal
SEPTIEMBRE, ,021 - 2JUN1                                   ,STOP,004 - ESENCIAL MODA                           ,001 - TEJIDO PUNTO                            ,15005952,CAMISETA PREMIUM  MS DOBLE FAZ ESENCIAL,,Normal
NOVIEMBRE, ,021 - 2JUN1                                   ,STOP,005 - ESENCIAL                                ,001 - TEJIDO PUNTO                            ,15005967,MOM JEAN S/ALTO ROMANTICA CON BOLSILLOS,,Normal
ABRIL, ,021 - 2JUN1                                   ,STOP,004 - ESENCIAL MODA                           ,001 - TEJIDO PUNTO                            ,15006848,CAMISETA TIRAS EN RIB BASICA,,Normal
OCTUBRE, ,021 - 2JUN1                                   ,STOP,005 - ESENCIAL                                ,005 - DENIM                                   ,15006867,MOM JEAN T/ALTO  ESENCIALES BOTA TUBO,,Normal
DICIEMBRE, ,021 - 2JUN1                                   ,STOP,004 - ESENCIAL MODA                           ,001 - TEJIDO PUNTO                            ,15007909,CHOMPA ML BASICA CON CIERRE,,Normal
JUNIO, ,021 - 2JUN1                                   ,STOP,005 - ESENCIAL                                ,005 - DENIM                                   ,15007942,LEVANTACOLA  T/ALTO LAV MEDIO BOTA TUBO,,Normal
FEBRERO, ,021 - 2JUN1                                   ,STOP,005 - ESENCIAL                                ,005 - DENIM                                   ,15007943,REDUCTOR PREMIUM T/ALTO BOTA RECTA BASI,,Normal
FEBRERO, ,021 - 2JUN1                                   ,STOP,004 - ESENCIAL MODA                           ,001 - TEJIDO PUNTO                            ,15007948,CAMISETA PREMIUM TIRAS CUELLO HALTER CR,,Normal
FEBRERO, ,021 - 2JUN1                                   ,STOP,004 - ESENCIAL MODA                           ,001 - TEJIDO PUNTO                            ,15008948,CAMISETA TIRAS EN RIB ESENCIALES,,Normal
NOVIEMBRE, ,021 - 2JUN1                                   ,STOP,004 - ESENCIAL MODA                           ,005 - DENIM                                   ,15009911,SHORT T/ALTO BASICO COLOR,,Normal
FEBRERO, ,021 - 2JUN1                                   ,STOP,005 - ESENCIAL                                ,005 - DENIM                                   ,15010302,CAMISETA TIRAS BASICA,,Normal
DICIEMBRE, ,021 - 2JUN1                                   ,STOP,005 - ESENCIAL                                ,005 - DENIM                                   ,15010924,CHAQUETA ML BASICA EN DENIM CON RIBETES,,Normal
NOVIEMBRE, ,021 - 2JUN1                                   ,STOP,005 - ESENCIAL                                ,005 - DENIM                                   ,15010944,VAQUERO  T/ALTO  BOTA TUBO BASICO,,Normal
NOVIEMBRE, ,021 - 2JUN1                                   ,STOP,005 - ESENCIAL                                ,005 - DENIM                                   ,15011944,VAQUERO T/ALTO  BOTA RECTA  BASICO,,Normal
ABRIL, ,021 - 2JUN1                                   ,STOP,005 - ESENCIAL                                ,001 - TEJIDO PUNTO                            ,15011949,CAMISETA PREMIUM MC CON CUELLO V ESENCI,,Normal
ENERO, ,021 - 2JUN1                                   ,STOP,005 - ESENCIAL                                ,005 - DENIM                                   ,15012924,CHAQUETA ML COLOR  BOLSILLO EN COSTADO,,Normal
OCTUBRE, ,021 - 2JUN1                                   ,STOP,005 - ESENCIAL                                ,005 - DENIM                                   ,15012944,VAQUERO T/ALTO COLOR BOTA TUBO BASICO,,Normal
ABRIL, ,021 - 2JUN1                                   ,STOP,004 - ESENCIAL MODA                           ,001 - TEJIDO PUNTO                            ,15012949,CAMISETA MC ESENCIALES MODA,,Normal
DICIEMBRE, ,021 - 2JUN1                                   ,STOP,005 - ESENCIAL                                ,005 - DENIM                                   ,15013844,VAQUERO T/ALTO BOTA ANCHA LARGO ESPECIA,,Normal
SEPTIEMBRE, ,021 - 2JUN1                                   ,STOP,004 - ESENCIAL MODA                           ,005 - DENIM                                   ,15014844,VAQUERO T/ALTO BOTA RECTA ESENCIALES,,Normal
MARZO, ,021 - 2JUN1                                   ,STOP,004 - ESENCIAL MODA                           ,001 - TEJIDO PUNTO                            ,15014949,CAMISETA MC CON ESTAMPADO ESENCIAL MODA,,Normal
MARZO, ,021 - 2JUN1                                   ,STOP,004 - ESENCIAL MODA                           ,001 - TEJIDO PUNTO                            ,15015849,CAMISETA MC ESTAMPADO CROP ESENCIAL MOD,,Normal
MARZO, ,021 - 2JUN1                                   ,STOP,005 - ESENCIAL                                ,005 - DENIM                                   ,15016944,VAQUERO T/ALTO ESENCIALES BOTA TUBO,,Normal
MARZO, ,021 - 2JUN1                                   ,STOP,004 - ESENCIAL MODA                           ,001 - TEJIDO PUNTO                            ,15016949,CAMISETA PREMIUM MC ESTAMPADO ESENCIAL,,Normal
MARZO, ,021 - 2JUN1                                   ,STOP,004 - ESENCIAL MODA                           ,001 - TEJIDO PUNTO                            ,15017949,CAMISETA MC  ESTAMPADO EN FRENTE ESENCI,,Normal
ABRIL, ,021 - 2JUN1                                   ,STOP,004 - ESENCIAL MODA                           ,001 - TEJIDO PUNTO                            ,15018849,CAMISETA MC CON ESTAMPADO ESENCIAL MODA,,Normal
MAYO, ,021 - 2JUN1                                   ,STOP,004 - ESENCIAL MODA                           ,001 - TEJIDO PUNTO                            ,15019949,CAMISETA MC  ESTAMPADO EN FRENTE ESENCI,,Normal
JULIO, ,021 - 2JUN1                                   ,STOP,004 - ESENCIAL MODA                           ,005 - DENIM                                   ,15022301,EJECUTIVO T/ALTO BASICO,,Normal
JUNIO, ,021 - 2JUN1                                   ,STOP,005 - ESENCIAL                                ,005 - DENIM                                   ,15036302,CAMISETA TIRAS BASICA CON SESGOS,,Normal
MARZO, ,021 - 2JUN1                                   ,STOP,005 - ESENCIAL                                ,005 - DENIM                                   ,15045501,ESCULTOR PREMIUM TA BASICO SIN BOLSILLO,,Normal
DICIEMBRE, ,021 - 2JUN1                                   ,STOP,004 - ESENCIAL MODA                           ,005 - DENIM                                   ,15049301,PANTALON TIRO MEDIO ELASTIK EN BURDA CO,,Normal
JUNIO, ,021 - 2JUN1                                   ,STOP,004 - ESENCIAL MODA                           ,005 - DENIM                                   ,15050302,CAMISETA MC CUELLO REDONDO ESTAMPADA BA,,Normal
MAYO, ,021 - 2JUN1                                   ,STOP,005 - ESENCIAL                                ,005 - DENIM                                   ,15055901,EJECUTIVO T/ALTO BASICO BOTA RECTA,,Normal
NOVIEMBRE, ,021 - 2JUN1                                   ,STOP,005 - ESENCIAL                                ,005 - DENIM                                   ,15056901,LIPOJEAN T/ALTO BLANCO  BOTA TUBO BASIC,,Normal
AGOSTO, ,021 - 2JUN1                                   ,STOP,005 - ESENCIAL                                ,005 - DENIM                                   ,15058901,EJECUTIVO T/ALTO BOTA TUBO EN  DENIM BA,,Normal
MARZO, ,021 - 2JUN1                                   ,STOP,005 - ESENCIAL                                ,005 - DENIM                                   ,15066302,CAMISETA MC BASICA FONDO ENTERO,,Normal
DICIEMBRE, ,021 - 2JUN1                                   ,STOP,008 - MODA                                    ,005 - DENIM                                   ,17003808,TULA EN INDIGO,,Normal
OCTUBRE, ,021 - 2JUN1                                   ,STOP,008 - MODA                                    ,005 - DENIM                                   ,17008907,CORTINA TIENDAS STOP,,Normal
OCTUBRE, ,021 - 2JUN1                                   ,STOP,008 - MODA                                    ,002 - TEJIDO PLANO                            ,18001938,BERMUDA T/ALTO COLOR CON PINZAS,,Normal
AGOSTO, ,021 - 2JUN1                                   ,STOP,008 - MODA                                    ,005 - DENIM                                   ,18001969,CULOTT T/ALTO COLOR CON BOLSILLOS,,Normal
ENERO, ,021 - 2JUN1                                   ,STOP,008 - MODA                                    ,005 - DENIM                                   ,18001988,RETROJEAN T/ALTO ELASTICO EN CINTURA,,Normal
DICIEMBRE, ,021 - 2JUN1                                   ,STOP,008 - MODA                                    ,002 - TEJIDO PLANO                            ,18002833,ENTERIZO LARGO COLOR ELASTICO EN CINTUR,,Normal
DICIEMBRE, ,021 - 2JUN1                                   ,STOP,008 - MODA                                    ,005 - DENIM                                   ,18002836,ENTERIZO CORTO NEGRO,,Normal
ENERO, ,021 - 2JUN1                                   ,STOP,008 - MODA                                    ,002 - TEJIDO PLANO                            ,18002937,ENTERIZO TIRAS CON ESCOTE EN ESPALDA,,Normal
JULIO, ,021 - 2JUN1                                   ,STOP,008 - MODA                                    ,002 - TEJIDO PLANO                            ,18003837,ENTERIZO TIRAS CRUZADO EN FRENTE,,Normal
DICIEMBRE, ,021 - 2JUN1                                   ,STOP,008 - MODA                                    ,002 - TEJIDO PLANO                            ,18003918,CONJUNTO ROMANTICA PANTALÓN Y BLUSA CRO,,Normal
SEPTIEMBRE, ,021 - 2JUN1                                   ,STOP,008 - MODA                                    ,005 - DENIM                                   ,18004837,ENTERIZO DE TIRAS LARGO COLOR,,Normal
DICIEMBRE, ,021 - 2JUN1                                   ,STOP,008 - MODA                                    ,005 - DENIM                                   ,18005937,ENTERIZO LARGO TIRAS LAV OSCURO  TIPO R,,Normal
NOVIEMBRE, ,021 - 2JUN1                                   ,STOP,008 - MODA                                    ,001 - TEJIDO PUNTO                            ,18006820,VESTIDO ML CON JARETA EN COSTADO DOBLE,,Normal
DICIEMBRE, ,021 - 2JUN1                                   ,STOP,008 - MODA                                    ,001 - TEJIDO PUNTO                            ,18006826,LEGGINS TIPO CUERO  NEGRO,,Normal
DICIEMBRE, ,021 - 2JUN1                                   ,STOP,008 - MODA                                    ,001 - TEJIDO PUNTO                            ,18007826,PANTALÓN T/ALTO NEGRO TIPO LEGGIN,,Normal
DICIEMBRE, ,021 - 2JUN1                                   ,STOP,008 - MODA                                    ,001 - TEJIDO PUNTO                            ,18007920,VESTIDO ML CON ESCOTE EN V LARGO FULL P,,Normal
NOVIEMBRE, ,021 - 2JUN1                                   ,STOP,008 - MODA                                    ,001 - TEJIDO PUNTO                            ,18008821,VESTIDO MS EN MALLA DOBLE PRENDA,,Normal
AGOSTO, ,021 - 2JUN1                                   ,STOP,008 - MODA                                    ,005 - DENIM                                   ,18011916,JOGGER T/ALTO COLOR ELASTICO EN CINTUR,,Normal
OCTUBRE, ,021 - 2JUN1                                   ,STOP,008 - MODA                                    ,005 - DENIM                                   ,18012816,JOGGER T/ALTO COLOR CON ELASTICO EN BOT,,Normal
FEBRERO, ,021 - 2JUN1                                   ,STOP,008 - MODA                                    ,005 - DENIM                                   ,18013917,PANTALON TIRO ALTO AJUSTADO CON CINTURO,,Normal
NOVIEMBRE, ,021 - 2JUN1                                   ,STOP,008 - MODA                                    ,005 - DENIM                                   ,18014807,FALDA SHORT CORTA FONDO ENTERO,,Normal
NOVIEMBRE, ,021 - 2JUN1                                   ,STOP,008 - MODA                                    ,005 - DENIM                                   ,18015807,FALDA SHORT CORTA A RAYAS,,Normal
ABRIL, ,021 - 2JUN1                                   ,STOP,008 - MODA                                    ,005 - DENIM                                   ,18015917,PANTALON TIRO ALTO SENSUAL AMPLIO CON C,,Normal
JUNIO, ,021 - 2JUN1                                   ,STOP,008 - MODA                                    ,002 - TEJIDO PLANO                            ,18017807,FALDA SHORT CORTA CON ABERTURA EN FRENT,,Normal
MAYO, ,021 - 2JUN1                                   ,STOP,008 - MODA                                    ,002 - TEJIDO PLANO                            ,18017819,VESTIDO MC CON ANUDADO EN ESCOTE ESTAMP,,Normal
AGOSTO, ,021 - 2JUN1                                   ,STOP,008 - MODA                                    ,005 - DENIM                                   ,18021890,PANTALON T/ALTO COLOR CON BOLSILLOS,,Normal
AGOSTO, ,021 - 2JUN1                                   ,STOP,008 - MODA                                    ,005 - DENIM                                   ,18022890,PANTALON CARGO T/ALTO COLOR CON BOLSILL,,Normal
NOVIEMBRE, ,021 - 2JUN1                                   ,STOP,008 - MODA                                    ,005 - DENIM                                   ,18023990,PANTALON CARGO T/DESCADERADO COLOR,,Normal
OCTUBRE, ,021 - 2JUN1                                   ,STOP,008 - MODA                                    ,005 - DENIM                                   ,18024890,PANTALON CARGO T/ALTO COLOR BOLSILLOS I,,Normal
NOVIEMBRE, ,021 - 2JUN1                                   ,STOP,008 - MODA                                    ,005 - DENIM                                   ,18025890,PANTALON CARGO T/ALTO COLOR DETALLE EN,,Normal
ENERO, ,021 - 2JUN1                                   ,STOP,008 - MODA                                    ,005 - DENIM                                   ,18026990,PANTALON CARGO T/ALTO COLOR,,Normal
MARZO, ,021 - 2JUN1                                   ,STOP,008 - MODA                                    ,002 - TEJIDO PLANO                            ,18027890,PANTALON CARGO T/ALTO COLOR CON BOLSILL,,Normal
DICIEMBRE, ,021 - 2JUN1                                   ,STOP,008 - MODA                                    ,002 - TEJIDO PLANO                            ,18037923,VESTIDO TIRAS CON ESCOTE EN V,,Normal
MAYO, ,021 - 2JUN1                                   ,STOP,008 - MODA                                    ,002 - TEJIDO PLANO                            ,18038923,VESTIDO TIRAS LARGO ESTAMPADO,,Normal
AGOSTO, ,021 - 2JUN1                                   ,STOP,008 - MODA                                    ,002 - TEJIDO PLANO                            ,18040923,VESTIDO TIRAS LARGO FULLPRINT,,Normal
OCTUBRE, ,021 - 2JUN1                                   ,STOP,008 - MODA                                    ,002 - TEJIDO PLANO                            ,18042923,VESTIDO TIRAS CON BLOQUES Y BOLEROS,,Normal
SEPTIEMBRE, ,021 - 2JUN1                                   ,STOP,008 - MODA                                    ,002 - TEJIDO PLANO                            ,18043923,VESTIDO TIRAS CORTO EN OJALILLO,,Normal
DICIEMBRE, ,021 - 2JUN1                                   ,STOP,008 - MODA                                    ,002 - TEJIDO PLANO                            ,18044923,VESTIDO TIRAS CON ESCOTE V EN FRENTE Y,,Normal
NOVIEMBRE, ,021 - 2JUN1                                   ,STOP,008 - MODA                                    ,002 - TEJIDO PLANO                            ,18045923,VESTIDO TIRAS CON LACE UP EN ESPALDA,,Normal
DICIEMBRE, ,021 - 2JUN1                                   ,STOP,008 - MODA                                    ,005 - DENIM                                   ,18046917,LAZO T/ALTO ROMANTICA LAV OSCURO Y MEDI,,Normal
DICIEMBRE, ,021 - 2JUN1                                   ,STOP,008 - MODA                                    ,005 - DENIM                                   ,18046923,VESTIDO TIRAS LARGO FULLPRINT,,Normal
MARZO, ,021 - 2JUN1                                   ,STOP,008 - MODA                                    ,005 - DENIM                                   ,18048823,VESTIDO TIRAS LARGO RECOGIDO EN BUSTO F,,Normal
MAYO, ,021 - 2JUN1                                   ,STOP,008 - MODA                                    ,002 - TEJIDO PLANO                            ,18049923,VESTIDO TIRAS LARGO FULL PRINT CON CORD,,Normal
AGOSTO, ,021 - 2JUN1                                   ,STOP,008 - MODA                                    ,002 - TEJIDO PLANO                            ,18050923,VESTIDO TIRAS COSTO A RAYAS,,Normal
DICIEMBRE, ,021 - 2JUN1                                   ,STOP,008 - MODA                                    ,002 - TEJIDO PLANO                            ,18052923,VESTIDO TIRAS LARGO A RAYAS TELA CON EF,,Normal
DICIEMBRE, ,021 - 2JUN1                                   ,STOP,008 - MODA                                    ,002 - TEJIDO PLANO                            ,18053923,VESTIDO TIRAS LARGO ESTAMPADO FULL PRIN,,Normal
DICIEMBRE, ,021 - 2JUN1                                   ,STOP,008 - MODA                                    ,001 - TEJIDO PUNTO                            ,18054823,VESTIDO TIRAS LARGO FULLPRINT CON ABERT,,Normal
ABRIL, ,021 - 2JUN1                                   ,STOP,008 - MODA                                    ,002 - TEJIDO PLANO                            ,18055923,VESTIDO TIRAS LARGO ESTAMPADO,,Normal
ABRIL, ,021 - 2JUN1                                   ,STOP,008 - MODA                                    ,001 - TEJIDO PUNTO                            ,18056923,VESTIDO PREMIUM TIRAS CORTE EN CINTURA,,Normal
OCTUBRE, ,021 - 2JUN1                                   ,STOP,008 - MODA                                    ,001 - TEJIDO PUNTO                            ,18064917,PANTALON T/ALTO A RAYAS CON DETALLE EN,,Normal
MAYO, ,021 - 2JUN1                                   ,STOP,008 - MODA                                    ,001 - TEJIDO PUNTO                            ,18076917,PANTALON T/ALTO  ARENA CON PINZAS TOBIL,,Normal
MAYO, ,021 - 2JUN1                                   ,STOP,008 - MODA                                    ,005 - DENIM                                   ,18079817,PANTALON T/ALTO NEGRO CON DOBLE PRETINA,,Normal
JUNIO, ,021 - 2JUN1                                   ,STOP,008 - MODA                                    ,005 - DENIM                                   ,18080917,PANTALON TIRO ALTO A RAYAS CON PINZA EN,,Normal
JUNIO, ,021 - 2JUN1                                   ,STOP,008 - MODA                                    ,002 - TEJIDO PLANO                            ,18081817,PANTALÓN T/ALTO EN TELA EFECTO GAMUZADA,,Normal
AGOSTO, ,021 - 2JUN1                                   ,STOP,008 - MODA                                    ,002 - TEJIDO PLANO                            ,18083817,PANTALON TIRO ALTO FULL PRINT,,Normal
JULIO, ,021 - 2JUN1                                   ,STOP,008 - MODA                                    ,002 - TEJIDO PLANO                            ,18084917,PANTALON T/ALTO ARENA CON AMARRE Y BOLS,,Normal
SEPTIEMBRE, ,021 - 2JUN1                                   ,STOP,008 - MODA                                    ,002 - TEJIDO PLANO                            ,18085917,PANTALÓN PREMIUM T/ALTO NEGRO  BOTONES,,Normal
MAYO, ,021 - 2JUN1                                   ,STOP,008 - MODA                                    ,002 - TEJIDO PLANO                            ,18086917,PANTALON T/ALTO EN TELA EFECTO SEMILLA,,Normal
MAYO, ,021 - 2JUN1                                   ,STOP,008 - MODA                                    ,002 - TEJIDO PLANO                            ,18087917,PANTALON T/ALTO DOBLE PRETINA,,Normal
DICIEMBRE, ,021 - 2JUN1                                   ,STOP,008 - MODA                                    ,002 - TEJIDO PLANO                            ,18088817,PANTALÓN T/ALTO NEGRO CON PRETINA EN CU,,Normal
DICIEMBRE, ,021 - 2JUN1                                   ,STOP,008 - MODA                                    ,002 - TEJIDO PLANO                            ,18089817,PANTALON T/ALTO ESTAMPADO BOTA AMPLIA,,Normal
JUNIO, ,021 - 2JUN1                                   ,STOP,008 - MODA                                    ,002 - TEJIDO PLANO                            ,18090817,PANTALON T/ALTO FONDO ENTERO,,Normal
ENERO, ,021 - 2JUN1                                   ,STOP,008 - MODA                                    ,002 - TEJIDO PLANO                            ,18091817,PANTALÓN T/ALTO ESTAMPADO EFECTO LINO,,Normal
FEBRERO, ,021 - 2JUN1                                   ,STOP,008 - MODA                                    ,002 - TEJIDO PLANO                            ,18092917,PANTALON T/ALTO CON ELÁSTICO,,Normal
MAYO, ,021 - 2JUN1                                   ,STOP,008 - MODA                                    ,002 - TEJIDO PLANO                            ,18093817,PANTALÓN T/ALTO NEGRO BOTA ANCHA CON BO,,Normal
ABRIL, ,021 - 2JUN1                                   ,STOP,008 - MODA                                    ,002 - TEJIDO PLANO                            ,18094817,PANTALON T/ALTO FULL PRINT,,Normal
JUNIO, ,021 - 2JUN1                                   ,STOP,008 - MODA                                    ,002 - TEJIDO PLANO                            ,18095817,PANTALON CARGO T/MEDIO COLOR LIVIANO,,Normal
JULIO, ,021 - 2JUN1                                   ,STOP,008 - MODA                                    ,002 - TEJIDO PLANO                            ,18096817,PANTALÓN  T/ALTO NEGRO CON BOLSILLOS CA,,Normal
JUNIO, ,021 - 2JUN1                                   ,STOP,008 - MODA                                    ,002 - TEJIDO PLANO                            ,18097917,PANTALON T/ALTO COLOR  CON SESGOS EN CI,,Normal
JUNIO, ,021 - 2JUN1                                   ,STOP,008 - MODA                                    ,002 - TEJIDO PLANO                            ,18098817,PANTALÓN T/ALTO CON CINTURÓN Y HEBILLA,,Normal
JULIO, ,021 - 2JUN1                                   ,STOP,008 - MODA                                    ,002 - TEJIDO PLANO                            ,18099817,PANTALÓN T/ALTO CON BOLSILLOS Y ELÁSTIC,,Normal
JULIO, ,021 - 2JUN1                                   ,STOP,008 - MODA                                    ,002 - TEJIDO PLANO                            ,18100917,PANTALÓN T/ALTO CON RECOGIDOS EN PRETIN,,Normal
SEPTIEMBRE, ,021 - 2JUN1                                   ,STOP,008 - MODA                                    ,002 - TEJIDO PLANO                            ,18101817,PANTALÓN T/ALTO CON PRETINA EN CONTRAST,,Normal
OCTUBRE, ,021 - 2JUN1                                   ,STOP,008 - MODA                                    ,002 - TEJIDO PLANO                            ,18102917,PANTALON T/ALTO CON AMARRE LATERAL,,Normal
SEPTIEMBRE, ,021 - 2JUN1                                   ,STOP,008 - MODA                                    ,002 - TEJIDO PLANO                            ,18103917,PANTALON T/ALTO CON PRETINA TRASLADADA,,Normal
OCTUBRE, ,021 - 2JUN1                                   ,STOP,008 - MODA                                    ,002 - TEJIDO PLANO                            ,18104817,PANTALON T/ALTO COLOR CON AMARRE EN CIN,,Normal
NOVIEMBRE, ,021 - 2JUN1                                   ,STOP,008 - MODA                                    ,002 - TEJIDO PLANO                            ,18105917,PANTALON T/ALTO ESTAMPADO,,Normal
NOVIEMBRE, ,021 - 2JUN1                                   ,STOP,008 - MODA                                    ,002 - TEJIDO PLANO                            ,18106817,PANTALÓN T/ALTO NEGRO CON CHARRETERA EN,,Normal
ENERO, ,021 - 2JUN1                                   ,STOP,008 - MODA                                    ,002 - TEJIDO PLANO                            ,18107917,PANTALON T/ALTO CON SESGOS EN CINTURA,,Normal
DICIEMBRE, ,021 - 2JUN1                                   ,STOP,008 - MODA                                    ,002 - TEJIDO PLANO                            ,18108917,PANTALÓN T/ALTO CON HERRAJE EN CINTURÓN,,Normal
DICIEMBRE, ,021 - 2JUN1                                   ,STOP,008 - MODA                                    ,002 - TEJIDO PLANO                            ,18109817,PANTALON T/ALTO DOBLE PRETINA,,Normal
DICIEMBRE, ,021 - 2JUN1                                   ,STOP,008 - MODA                                    ,002 - TEJIDO PLANO                            ,18110917,PANTALON T/ALTO COLOR A RAYAS,,Normal
ENERO, ,021 - 2JUN1                                   ,STOP,008 - MODA                                    ,002 - TEJIDO PLANO                            ,18111817,PANTALON T/MEDIO COLOR  TELA EFECTO TEJ,,Normal
ENERO, ,021 - 2JUN1                                   ,STOP,008 - MODA                                    ,002 - TEJIDO PLANO                            ,18112917,PANTALON T/ALTO COLOR PRENSES EN DELANT,,Normal
FEBRERO, ,021 - 2JUN1                                   ,STOP,008 - MODA                                    ,002 - TEJIDO PLANO                            ,18113917,PANTALON T/ALTO CON BOTON EXPUESTO,,Normal
ABRIL, ,021 - 2JUN1                                   ,STOP,008 - MODA                                    ,001 - TEJIDO PUNTO                            ,18114817,PANTALÓN T/ALTO CON ELÁSTICO Y CORTES E,,Normal
NOVIEMBRE, ,021 - 2JUN1                                   ,STOP,008 - MODA                                    ,001 - TEJIDO PUNTO                            ,18114910,ENTERIZO MS ROMANTICO EN CONTRASTE,,Normal
ABRIL, ,021 - 2JUN1                                   ,STOP,008 - MODA                                    ,002 - TEJIDO PLANO                            ,18115917,PANTALÓN T/ALTO CON BOTONES EN BOLSILLO,,Normal
ABRIL, ,021 - 2JUN1                                   ,STOP,008 - MODA                                    ,001 - TEJIDO PUNTO                            ,18116817,PANTALÓN T/ALTO CON ELÁSTICO EN CINTURA,,Normal
ABRIL, ,021 - 2JUN1                                   ,STOP,008 - MODA                                    ,002 - TEJIDO PLANO                            ,18117817,PANTALÓN T/ALTO ESTAMPADO,,Normal
ABRIL, ,021 - 2JUN1                                   ,STOP,008 - MODA                                    ,002 - TEJIDO PLANO                            ,18118817,PANTALON T/ALTO COLOR EN SUBLIMADA,,Normal
DICIEMBRE, ,021 - 2JUN1                                   ,STOP,008 - MODA                                    ,002 - TEJIDO PLANO                            ,18130810,ENTERIZO M3/4 URBANA LAV MEDIO BOLSILLO,,Normal
NOVIEMBRE, ,021 - 2JUN1                                   ,STOP,008 - MODA                                    ,002 - TEJIDO PLANO                            ,18187804,BERMUDA T/ALTO NEGRO CON PINZAS,,Normal
JULIO, ,021 - 2JUN1                                   ,STOP,008 - MODA                                    ,002 - TEJIDO PLANO                            ,18188804,SHORT T/ALTO COLOR EN LINO DETALLE EN P,,Normal
ENERO, ,021 - 2JUN1                                   ,STOP,008 - MODA                                    ,002 - TEJIDO PLANO                            ,18189804,SHORT T/ALTO EN TELA CON EFECTO,,Normal
JULIO, ,021 - 2JUN1                                   ,STOP,008 - MODA                                    ,002 - TEJIDO PLANO                            ,18227901,FALDA LARGA TIPO PAREO ESTAMPADA,,Normal
OCTUBRE, ,021 - 2JUN1                                   ,STOP,008 - MODA                                    ,002 - TEJIDO PLANO                            ,18228901,FALDA CORTA CON DOBLE BOLERO Y LETIN,,Normal
NOVIEMBRE, ,021 - 2JUN1                                   ,STOP,008 - MODA                                    ,001 - TEJIDO PUNTO                            ,18229801,FALDA LARGA CON JARETA EN COSTADO FORRA,,Normal
NOVIEMBRE, ,021 - 2JUN1                                   ,STOP,008 - MODA                                    ,002 - TEJIDO PLANO                            ,18230801,FALDA LARGA ANIMAL PRINT CON ABERTURA E,,Normal
DICIEMBRE, ,021 - 2JUN1                                   ,STOP,008 - MODA                                    ,002 - TEJIDO PLANO                            ,18231801,FALDA CORTA COLOR CON CIERRE EN FRENTE,,Normal
JULIO, ,021 - 2JUN1                                   ,STOP,008 - MODA                                    ,002 - TEJIDO PLANO                            ,18232801,FALDA LARGA FULLPRINT CON ABERTURA,,Normal
JULIO, ,021 - 2JUN1                                   ,STOP,008 - MODA                                    ,002 - TEJIDO PLANO                            ,18233901,FALDA TIRO ALTO FULLPRINT LARGA,,Normal
AGOSTO, ,021 - 2JUN1                                   ,STOP,008 - MODA                                    ,002 - TEJIDO PLANO                            ,18234801,FALDA CORTA COLOR CON CIERRE EN FRENTE,,Normal
SEPTIEMBRE, ,021 - 2JUN1                                   ,STOP,008 - MODA                                    ,002 - TEJIDO PLANO                            ,18235801,FALDA CORTA A CUADROS CON TABLAS,,Normal
OCTUBRE, ,021 - 2JUN1                                   ,STOP,008 - MODA                                    ,002 - TEJIDO PLANO                            ,18236801,FALDA T/ALTO  CORTA CON TABLAS,,Normal
NOVIEMBRE, ,021 - 2JUN1                                   ,STOP,008 - MODA                                    ,001 - TEJIDO PUNTO                            ,18237801,FALDA PREMIUM LARGA SILUETA AJUSTADA,,Normal
DICIEMBRE, ,021 - 2JUN1                                   ,STOP,008 - MODA                                    ,001 - TEJIDO PUNTO                            ,18238801,FALDA LARGA  AJUSTADA EN BLONDA,,Normal
ABRIL, ,021 - 2JUN1                                   ,STOP,008 - MODA                                    ,001 - TEJIDO PUNTO                            ,18239801,FALDA LARGA T/ALTO SILUETA AJUSTADA,,Normal
JULIO, ,021 - 2JUN1                                   ,STOP,008 - MODA                                    ,002 - TEJIDO PLANO                            ,18344902,VESTIDO LARGO CON UN HOMBRO DESCUBIERTO,,Normal
AGOSTO, ,021 - 2JUN1                                   ,STOP,008 - MODA                                    ,002 - TEJIDO PLANO                            ,19019851,PASHMINA ESTAMPADA CON PASADOR,,Normal
NOVIEMBRE, ,021 - 2JUN1                                   ,STOP,008 - MODA                                    ,005 - DENIM                                   ,50011813,PANTALON VAQUERO OUTLET URBANO,,Normal
JULIO, ,021 - 2JUN1                                   ,STOP,008 - MODA                                    ,005 - DENIM                                   ,50595801,PANTALON OUTLET,,Normal
JULIO, ,021 - 2JUN1                                   ,STOP,008 - MODA                                    ,005 - DENIM                                   ,50596801,PANTALON OUTLET,,Normal
JULIO, ,021 - 2JUN1                                   ,STOP,008 - MODA                                    ,005 - DENIM                                   ,50597801,PANTALON OUTLET,,Normal
DICIEMBRE, ,021 - 2JUN1                                   ,STOP,008 - MODA                                    ,001 - TEJIDO PUNTO                            ,51010815,CAMISETA ML CUELLO TORTUGA EN MALLA OUT,,Normal
DICIEMBRE, ,021 - 2JUN1                                   ,STOP,008 - MODA                                    ,001 - TEJIDO PUNTO                            ,51011815,CAMISETA ML CON FILETE EXPUESTO EN MALL,,Normal
NOVIEMBRE, ,021 - 2JUN1                                   ,STOP,008 - MODA                                    ,001 - TEJIDO PUNTO                            ,51011924,BODY MS FONDO ENTERO OUTLET,,Normal
NOVIEMBRE, ,021 - 2JUN1                                   ,STOP,008 - MODA                                    ,001 - TEJIDO PUNTO                            ,51027813,CAMISETA PREMIUM MS ABERTURA EN HOMBRO,,Normal
NOVIEMBRE, ,021 - 2JUN1                                   ,STOP,008 - MODA                                    ,001 - TEJIDO PUNTO                            ,51028813,CAMISETA MS FONDO ENTERO CROP OUTLET,,Normal
NOVIEMBRE, ,021 - 2JUN1                                   ,STOP,008 - MODA                                    ,001 - TEJIDO PUNTO                            ,51029813,CAMISETA MS CROP OUTLET,,Normal
NOVIEMBRE, ,021 - 2JUN1                                   ,STOP,008 - MODA                                    ,001 - TEJIDO PUNTO                            ,51029814,CAMISETA MANGA URBANA CORTA,,Normal
DICIEMBRE, ,021 - 2JUN1                                   ,STOP,009 - CONSCIENTE,001 - TEJIDO PUNTO                            ,51034813,CAMISETA MS TRENDY ESTAMPADA EN RIB,,Normal
AGOSTO, ,021 - 2JUN1                                   ,STOP,008 - MODA                                    ,002 - TEJIDO PLANO                            ,52006804,BLUSA MANGA CORTA URBANA OUTLET,,Normal
NOVIEMBRE, ,021 - 2JUN1                                   ,STOP,008 - MODA                                    ,002 - TEJIDO PLANO                            ,52010903,BLUSA MS CON BOLERO OUTLET,,Normal
NOVIEMBRE, ,021 - 2JUN1                                   ,STOP,008 - MODA                                    ,002 - TEJIDO PLANO                            ,52011903,BLUSA MS FONDO ENTERO OUTLET,,Normal
AGOSTO, ,021 - 2JUN1                                   ,STOP,008 - MODA                                    ,002 - TEJIDO PLANO                            ,52015804,BLUSA M/C CON PERILLA  URBANA OUTLET,,Normal
AGOSTO, ,021 - 2JUN1                                   ,STOP,008 - MODA                                    ,002 - TEJIDO PLANO                            ,52016804,BLUSA MC CON RECOGIDO OUTLET,,Normal
DICIEMBRE, ,021 - 2JUN1                                   ,STOP,008 - MODA                                    ,001 - TEJIDO PUNTO                            ,54022804,BUSO ML  TIPO CROP OUTLET,,Normal
NOVIEMBRE, ,021 - 2JUN1                                   ,STOP,008 - MODA                                    ,001 - TEJIDO PUNTO                            ,54023904,BUZO ML ESTAMPADO OUTLET,,Normal
NOVIEMBRE, ,021 - 2JUN1                                   ,STOP,008 - MODA                                    ,001 - TEJIDO PUNTO                            ,58004917,PANTALON TIRO ALTO A RAYAS OUTLET,,Normal
MARZO, ,021 - 2JUN1                                   ,STOP,008 - MODA                                    ,005 - DENIM                                   ,B10001860,ENTERIZO CORTO MARFIL CON CIERRE EN FRE,,Normal
SEPTIEMBRE, ,021 - 2JUN1                                   ,STOP,008 - MODA                                    ,005 - DENIM                                   ,B10001872,RETROJEAN DESCADERADO LAV OSCURO,,Normal
SEPTIEMBRE, ,021 - 2JUN1                                   ,STOP,008 - MODA                                    ,005 - DENIM                                   ,B10001873,VAQUERO DESCADERADO T/BAJO LAV MEDIO LA,,Normal
NOVIEMBRE, ,021 - 2JUN1                                   ,STOP,008 - MODA                                    ,005 - DENIM                                   ,B10002972,RETROJEAN T/DESCADERADO LAV MEDIO BROCH,,Normal
DICIEMBRE, ,021 - 2JUN1                                   ,STOP,008 - MODA                                    ,005 - DENIM                                   ,B10003872,RETROJEAN T/DESADERADO COLOR CON BOLSIL,,Normal
OCTUBRE, ,021 - 2JUN1                                   ,STOP,008 - MODA                                    ,002 - TEJIDO PLANO                            ,B10006853,FALDA T/ALTO ARENA LARGA CON BOLSILLOS,,Normal
DICIEMBRE, ,021 - 2JUN1                                   ,STOP,008 - MODA                                    ,005 - DENIM                                   ,B10008953,FALDA T/ALTO LARGA ARENA CON CORTES EN,,Normal
DICIEMBRE, ,021 - 2JUN1                                   ,STOP,008 - MODA                                    ,005 - DENIM                                   ,B10010849,TEJANO T/ALTO LAVADO MEDIO LARGO ESPECI,,Normal
DICIEMBRE, ,021 - 2JUN1                                   ,STOP,008 - MODA                                    ,005 - DENIM                                   ,B10012949,TEJANO LEVANTACOLA T/ALTO COLOR BOTA AM,,Normal
JUNIO, ,021 - 2JUN1                                   ,STOP,008 - MODA                                    ,005 - DENIM                                   ,B10014924,JOGGER T/ALTO LAV MEDIO CON BOLSILLOS E,,Normal
OCTUBRE, ,021 - 2JUN1                                   ,STOP,008 - MODA                                    ,005 - DENIM                                   ,B10016918,LEVANTACOLA T/ALTO COLOR CON BOLSILLOS,,Normal
SEPTIEMBRE, ,021 - 2JUN1                                   ,STOP,008 - MODA                                    ,005 - DENIM                                   ,B10016942,BAGGY T/ALTO COLOR CON ELASTICO EN CINT,,Normal
DICIEMBRE, ,021 - 2JUN1                                   ,STOP,008 - MODA                                    ,005 - DENIM                                   ,B10016946,OVERALL CORTO T/ALTO LAV MEDIO OSCURO,,Normal
NOVIEMBRE, ,021 - 2JUN1                                   ,STOP,008 - MODA                                    ,005 - DENIM                                   ,B10016947,FALDA SHORT T/ALTO CON DELANTERO IRREGU,,Normal
OCTUBRE, ,021 - 2JUN1                                   ,STOP,008 - MODA                                    ,005 - DENIM                                   ,B10017824,JOGGER T/ALTO COLOR BOLSILLOS EN COSTAD,,Normal
DICIEMBRE, ,021 - 2JUN1                                   ,STOP,008 - MODA                                    ,005 - DENIM                                   ,B10017947,FALDA SHORT T/ALTO COLOR CON TAPA EN FR,,Normal
ENERO, ,021 - 2JUN1                                   ,STOP,008 - MODA                                    ,002 - TEJIDO PLANO                            ,B10018824,JOGGER T/ALTO LAV CLARO DETALLE EN BOTA,,Normal
NOVIEMBRE, ,021 - 2JUN1                                   ,STOP,008 - MODA                                    ,005 - DENIM                                   ,B10018942,BAGGY PREMIUM T/ALTO LAV OSCURO CON PIN,,Normal
DICIEMBRE, ,021 - 2JUN1                                   ,STOP,008 - MODA                                    ,005 - DENIM                                   ,B10019847,FALDA SHORT CORTA LAV MEDIO CORTES EN D,,Normal
FEBRERO, ,021 - 2JUN1                                   ,STOP,008 - MODA                                    ,005 - DENIM                                   ,B10020949,TEJANO T/ALTO OSCURO EN COURDUROY,,Normal
FEBRERO, ,021 - 2JUN1                                   ,STOP,008 - MODA                                    ,005 - DENIM                                   ,B10021947,FALDA SHORT T/ALTO LAVADO MEDIO DENIM,,Normal
MAYO, ,021 - 2JUN1                                   ,STOP,008 - MODA                                    ,005 - DENIM                                   ,B10021949,TEJANO T/ALTO LAV CLARO CON DOBLE BOTON,,Normal
JUNIO, ,021 - 2JUN1                                   ,STOP,008 - MODA                                    ,005 - DENIM                                   ,B10023949,TEJANO T/ALTO COLOR CON DOBLE PRETINA,,Normal
JUNIO, ,021 - 2JUN1                                   ,STOP,008 - MODA                                    ,005 - DENIM                                   ,B10025849,TEJANO LEVANTACOLA T/ALTO LAV MEDIO CON,,Normal
MAYO, ,021 - 2JUN1                                   ,STOP,008 - MODA                                    ,005 - DENIM                                   ,B10026818,LEVANTACOLA T/ALTO LAV MEDIO  DETALLE E,,Normal
JULIO, ,021 - 2JUN1                                   ,STOP,008 - MODA                                    ,005 - DENIM                                   ,B10026849,TEJANO T/ALTO LAV MEDIO CON DOBLE BOTÓN,,Normal
MAYO, ,021 - 2JUN1                                   ,STOP,008 - MODA                                    ,005 - DENIM                                   ,B10027918,LEVANTACOLA T/ALTO LAV MEDIO OSCURO BOT,,Normal
JULIO, ,021 - 2JUN1                                   ,STOP,008 - MODA                                    ,005 - DENIM                                   ,B10028949,TEJANO T/ALTO LAV MEDIO CON ROTOS BOTA,,Normal
MAYO, ,021 - 2JUN1                                   ,STOP,008 - MODA                                    ,005 - DENIM                                   ,B10029918,LEVANTACOLA T/ALTO LAV MEDIO CON DETALL,,Normal
SEPTIEMBRE, ,021 - 2JUN1                                   ,STOP,008 - MODA                                    ,005 - DENIM                                   ,B10030949,TEJANO T/ALTO LAV MEDIO CON BOLSILLOS D,,Normal
JUNIO, ,021 - 2JUN1                                   ,STOP,008 - MODA                                    ,005 - DENIM                                   ,B10031918,LEVANTACOLA T/ALTO LAV MEDIO DETALLE EN,,Normal
JUNIO, ,021 - 2JUN1                                   ,STOP,008 - MODA                                    ,005 - DENIM                                   ,B10031948,CULOTT T/ALTO LAV OSCURO BOTA AMPLIA,,Normal
OCTUBRE, ,021 - 2JUN1                                   ,STOP,008 - MODA                                    ,005 - DENIM                                   ,B10033848,CULOTT T/ALTO COLOR CORTE FRENTE,,Normal
SEPTIEMBRE, ,021 - 2JUN1                                   ,STOP,008 - MODA                                    ,005 - DENIM                                   ,B10033849,TEJANO LEVANTACOLA T/ALTO NEGRO BOTONES,,Normal
DICIEMBRE, ,021 - 2JUN1                                   ,STOP,008 - MODA                                    ,005 - DENIM                                   ,B10035948,CULOTT T/ALTO LAV MEDIO CON CORREA,,Normal
NOVIEMBRE, ,021 - 2JUN1                                   ,STOP,008 - MODA                                    ,005 - DENIM                                   ,B10035949,TEJANO T/MEDIO LAV OSCURO PASADORES CRU,,Normal
ENERO, ,021 - 2JUN1                                   ,STOP,008 - MODA                                    ,005 - DENIM                                   ,B10036948,CULOTT T/ALTO LAV OSCURO DETALLE EN DEL,,Normal
FEBRERO, ,021 - 2JUN1                                   ,STOP,008 - MODA                                    ,005 - DENIM                                   ,B10037948,CULOTT T/ALTO LAV OSCURO BOTA ANCHA,,Normal
DICIEMBRE, ,021 - 2JUN1                                   ,STOP,008 - MODA                                    ,005 - DENIM                                   ,B10037949,TEJANO LEVANTACOLA T/BAJO LAV MEDIO BOT,,Normal
ABRIL, ,021 - 2JUN1                                   ,STOP,008 - MODA                                    ,005 - DENIM                                   ,B10038844,OVERALL LARGO LAV OSCURO BOTA AMPLIA,,Normal
DICIEMBRE, ,021 - 2JUN1                                   ,STOP,008 - MODA                                    ,005 - DENIM                                   ,B10038849,TEJANO LEVANTACOLA T/ALTO LAV OSCURO BO,,Normal
AGOSTO, ,021 - 2JUN1                                   ,STOP,008 - MODA                                    ,005 - DENIM                                   ,B10038918,LEVANTACOLA PREMIUM  T/ALTO NEGRO  BOLS,,Normal
SEPTIEMBRE, ,021 - 2JUN1                                   ,STOP,008 - MODA                                    ,005 - DENIM                                   ,B10039818,LEVANTACOLA T/ALTO LAV MEDIO BOTA RECTA,,Normal
ENERO, ,021 - 2JUN1                                   ,STOP,008 - MODA                                    ,005 - DENIM                                   ,B10040849,TEJANO T/ALTO COLOR CON DOBLE PRETINA,,Normal
OCTUBRE, ,021 - 2JUN1                                   ,STOP,008 - MODA                                    ,005 - DENIM                                   ,B10040918,LEVANTACOLA T/ALTO LAV MEDIO OSCURO CON,,Normal
SEPTIEMBRE, ,021 - 2JUN1                                   ,STOP,008 - MODA                                    ,005 - DENIM                                   ,B10041818,LEVANTACOLA T/ALTO LAV MEDIO CON BOTA D,,Normal
DICIEMBRE, ,021 - 2JUN1                                   ,STOP,008 - MODA                                    ,005 - DENIM                                   ,B10041949,TEJANO T/ALTO LAV OSCURO BOTA AMPLIA,,Normal
OCTUBRE, ,021 - 2JUN1                                   ,STOP,008 - MODA                                    ,005 - DENIM                                   ,B10042818,LEVANTACOLA T/ALTO LAV MEDIO DETALLE EN,,Normal
ENERO, ,021 - 2JUN1                                   ,STOP,008 - MODA                                    ,005 - DENIM                                   ,B10042949,TEJANO LEVANTACOLA T/ALTO NEGRO BOTA D,,Normal
OCTUBRE, ,021 - 2JUN1                                   ,STOP,008 - MODA                                    ,005 - DENIM                                   ,B10043818,LEVANTACOLA T/ALTO LAV OSCURO CON BOLSI,,Normal
FEBRERO, ,021 - 2JUN1                                   ,STOP,008 - MODA                                    ,005 - DENIM                                   ,B10044822,MOM JEAN T/ALTO LAV MEDIO OSCURO CON PR,,Normal
NOVIEMBRE, ,021 - 2JUN1                                   ,STOP,008 - MODA                                    ,005 - DENIM                                   ,B10044918,LEVANTACOLA T/ALTO LAV OSCURO DETALLE E,,Normal
NOVIEMBRE, ,021 - 2JUN1                                   ,STOP,008 - MODA                                    ,005 - DENIM                                   ,B10045918,LEVANTACOLA T/ALTO NEGRO CON APLIQUE EN,,Normal
DICIEMBRE, ,021 - 2JUN1                                   ,STOP,008 - MODA                                    ,005 - DENIM                                   ,B10046822,MOM JEAN DESCADERADO LAV MEDIO DETALLE,,Normal
DICIEMBRE, ,021 - 2JUN1                                   ,STOP,008 - MODA                                    ,005 - DENIM                                   ,B10047918,LEVANTACOLA T/ALTO LAV MEDIO OSC APLIQU,,Normal
DICIEMBRE, ,021 - 2JUN1                                   ,STOP,008 - MODA                                    ,005 - DENIM                                   ,B10047922,MOM JEAN T/ALTO LAV CLARO CON ROTOS,,Normal
DICIEMBRE, ,021 - 2JUN1                                   ,STOP,008 - MODA                                    ,005 - DENIM                                   ,B10048918,LEVANTACOLA T/ALTO LAV MEDIO CON BOLSIL,,Normal
NOVIEMBRE, ,021 - 2JUN1                                   ,STOP,008 - MODA                                    ,002 - TEJIDO PLANO                            ,B10048923,FALDA T/ALTO LAV CLARO CORTA CON TELA D,,Normal
MAYO, ,021 - 2JUN1                                   ,STOP,008 - MODA                                    ,005 - DENIM                                   ,B10049912,LIPOJEAN T/ALTO LAV MEDIO CON DETALLE E,,Normal
DICIEMBRE, ,021 - 2JUN1                                   ,STOP,008 - MODA                                    ,005 - DENIM                                   ,B10049918,LEVANTACOLA T/ALTO LAV MEDIO CON INSUMO,,Normal
DICIEMBRE, ,021 - 2JUN1                                   ,STOP,008 - MODA                                    ,005 - DENIM                                   ,B10050812,LIPOJEAN T/ALTO LAV OSCURO SIN BOLSILLO,,Normal
NOVIEMBRE, ,021 - 2JUN1                                   ,STOP,008 - MODA                                    ,005 - DENIM                                   ,B10050818,LEVANTACOLA T/ALTO NEGRO EFECTO CUERO,,Normal
NOVIEMBRE, ,021 - 2JUN1                                   ,STOP,008 - MODA                                    ,005 - DENIM                                   ,B10051818,LEVANTACOLA T/ALTO PLATA TELA CON EFECT,,Normal
DICIEMBRE, ,021 - 2JUN1                                   ,STOP,008 - MODA                                    ,005 - DENIM                                   ,B10052818,LEVANTACOLA T/ALTO LAV MEDIO DETALLE EN,,Normal
DICIEMBRE, ,021 - 2JUN1                                   ,STOP,008 - MODA                                    ,005 - DENIM                                   ,B10053818,LEVANTACOLA T/ALTO LAV OSC CON APLIQUE,,Normal
ABRIL, ,021 - 2JUN1                                   ,STOP,008 - MODA                                    ,005 - DENIM                                   ,B10053823,FALDA T/ALTO LAV MEDIO LARGA CON ABERTU,,Normal
ENERO, ,021 - 2JUN1                                   ,STOP,008 - MODA                                    ,005 - DENIM                                   ,B10054918,LEVANTACOLA T/ALTO  LAV MEDIO RELOJERA,,Normal
ENERO, ,021 - 2JUN1                                   ,STOP,008 - MODA                                    ,005 - DENIM                                   ,B10055818,LEVANTACOLA T/ALTO LAV MEDIO CON ACCES,,Normal
SEPTIEMBRE, ,021 - 2JUN1                                   ,STOP,008 - MODA                                    ,005 - DENIM                                   ,B10056823,FALDA T/ALTO ANIMAL PRINT,,Normal
ENERO, ,021 - 2JUN1                                   ,STOP,008 - MODA                                    ,005 - DENIM                                   ,B10056918,LEVANTACOLA T/ALTO LAV OSCURO CON BOLSI,,Normal
ENERO, ,021 - 2JUN1                                   ,STOP,008 - MODA                                    ,005 - DENIM                                   ,B10057834,CARGO TIRO ALTO CON  BOLSILLOSEN COSTAD,,Normal
FEBRERO, ,021 - 2JUN1                                   ,STOP,008 - MODA                                    ,005 - DENIM                                   ,B10057918,LEVANTACOLA T/ALTO LAV OSCURO DETALLE E,,Normal
OCTUBRE, ,021 - 2JUN1                                   ,STOP,008 - MODA                                    ,002 - TEJIDO PLANO                            ,B10060834,PANTALON CARGO T/ALTO COLOR BOLSILLO EN,,Normal
AGOSTO, ,021 - 2JUN1                                   ,STOP,008 - MODA                                    ,005 - DENIM                                   ,B10069834,PANTALON CARGO T/BAJO LAV MEDIO CON BOL,,Normal
AGOSTO, ,021 - 2JUN1                                   ,STOP,008 - MODA                                    ,005 - DENIM                                   ,B10070855,RETROJEAN T/BAJO LAV CLARO CON DESGASTE,,Normal
OCTUBRE, ,021 - 2JUN1                                   ,STOP,008 - MODA                                    ,005 - DENIM                                   ,B10071855,RETROJEAN T/ALTO LAV CLARO CON CORDON E,,Normal
NOVIEMBRE, ,021 - 2JUN1                                   ,STOP,008 - MODA                                    ,005 - DENIM                                   ,B10071934,PANTALON CARGO T/ALTO LAV MEDIO OSCURO,,Normal
NOVIEMBRE, ,021 - 2JUN1                                   ,STOP,008 - MODA                                    ,005 - DENIM                                   ,B10072834,PANTALON CARGO T/ALTO COLOR CON BOLSILL,,Normal
SEPTIEMBRE, ,021 - 2JUN1                                   ,STOP,008 - MODA                                    ,005 - DENIM                                   ,B10072955,RETROJEAN T/ALTO LAV CLARO CON DESGASTE,,Normal
DICIEMBRE, ,021 - 2JUN1                                   ,STOP,008 - MODA                                    ,005 - DENIM                                   ,B10073934,PANTALON CARGO T/ALTO LAV CLARO CON BOL,,Normal
ENERO, ,021 - 2JUN1                                   ,STOP,008 - MODA                                    ,005 - DENIM                                   ,B10074834,PANTALON CARGO T/ALTO BLANCO BOTA AMPLI,,Normal
NOVIEMBRE, ,013 - 2ABR1                                   ,STOP,008 - MODA                                    ,005 - DENIM                                   ,B10074955,RETROJEAN T/ALTO  CON CORTES EN FRENTE,001 - PRODUCCION INTERNA TELA NACIONALIZADA   ,Normal
ENERO, ,013 - 2ABR1                                   ,STOP,008 - MODA                                    ,005 - DENIM                                   ,B10075834,PANTALON CARGO T/ALTO BLANCO DELANTERO,,Normal
OCTUBRE, ,013 - 2ABR1                                   ,STOP,008 - MODA                                    ,005 - DENIM                                   ,B10075855,RETROJEAN T/ALTO LASER ESTRELLAS,,Normal
JULIO, ,013 - 2ABR1                                   ,STOP,008 - MODA                                    ,005 - DENIM                                   ,B10075916,ELASTIK PREMIUM T/ALTO LAV OSCURO SIN B,,Normal
NOVIEMBRE, ,013 - 2ABR1                                   ,STOP,008 - MODA                                    ,005 - DENIM                                   ,B10076855,RETROJEAN T/ALTO  NEGRO TELA EFECTO CUE,,Normal
FEBRERO, ,013 - 2ABR1                                   ,STOP,008 - MODA                                    ,005 - DENIM                                   ,B10076934,PANTALON CARGO T/ALTO LAV MEDIO CON COR,,Normal
NOVIEMBRE, ,013 - 2ABR1                                   ,STOP,008 - MODA                                    ,005 - DENIM                                   ,B10077855,RETROJEAN T/ALTO LAV CLARO EFECTO BRIL,,Normal
OCTUBRE, ,013 - 2ABR1                                   ,STOP,008 - MODA                                    ,005 - DENIM                                   ,B10078816,ELASTIK PREMIUM T/MEDIO LAV OSCURO CON,,Normal
DICIEMBRE, ,045 - 4DIC1                                   ,STOP,008 - MODA                                    ,005 - DENIM                                   ,B10078955,RETROJEAN T/ALTO LAV OSCURO CON CORREA,001 - PRODUCCION INTERNA TELA NACIONALIZADA   ,Normal
ENERO, ,045 - 4DIC1                                   ,STOP,008 - MODA                                    ,005 - DENIM                                   ,B10079816,ELASTIK PREMIUM T/ALTO LAV OSCURO BOTA,,Normal
DICIEMBRE, ,045 - 4DIC1                                   ,STOP,008 - MODA                                    ,005 - DENIM                                   ,B10079855,RETROJEAN T/DESCADERADO NEGRO BOTA AMPL,,Normal
ENERO, ,045 - 4DIC1                                   ,STOP,008 - MODA                                    ,005 - DENIM                                   ,B10080855,RETROJEAN DESCADERADO LAV CLARO DETALLE,,Normal
ENERO, ,045 - 4DIC1                                   ,STOP,008 - MODA                                    ,005 - DENIM                                   ,B10081955,RETROJEAN T/ALTO LAV OSCURO BOTA RECTA,,Normal
FEBRERO, ,045 - 4DIC1                                   ,STOP,008 - MODA                                    ,005 - DENIM                                   ,B10082955,RETROJEAN  T/ALTO LAV CLARO CON CORREA,,Normal
FEBRERO, ,045 - 4DIC1                                   ,STOP,008 - MODA                                    ,005 - DENIM                                   ,B10084955,RETROJEAN T/ALTO COLOR BOTA ANCHA,,Normal
ABRIL, ,045 - 4DIC1                                   ,STOP,008 - MODA                                    ,005 - DENIM                                   ,B10085855,RETROJEAN T/ALTO BLANCO CON CORTES EN C,,Normal
JULIO, ,045 - 4DIC1                                   ,STOP,008 - MODA                                    ,005 - DENIM                                   ,B10107801,EJECUTIVO T/ALTO LAV MEDIO OSC CON PRET,,Normal
AGOSTO, ,045 - 4DIC1                                   ,STOP,008 - MODA                                    ,005 - DENIM                                   ,B10116914,ESCULTOR T/ALTO LAV OSCURO DOBLE PRETIN,,Normal
DICIEMBRE, ,045 - 4DIC1                                   ,STOP,008 - MODA                                    ,005 - DENIM                                   ,B10121817,REDUCTOR T/ALTO GRIS BOTA TUBO LARGO ES,,Normal
FEBRERO, ,045 - 4DIC1                                   ,STOP,008 - MODA                                    ,005 - DENIM                                   ,B10125914,ESCULTOR PREMIUM T/ALTO LAV OSCURO  BOT,,Normal
MAYO, ,045 - 4DIC1                                   ,STOP,008 - MODA                                    ,005 - DENIM                                   ,B10127914,ESCULTOR PREMIUM T/ALTO LAV MEDIO SIN B,,Normal
MAYO, ,045 - 4DIC1                                   ,STOP,008 - MODA                                    ,005 - DENIM                                   ,B10128914,ESCULTOR T/ALTO ARENA CON DETALLE EN  P,,Normal
JUNIO, ,045 - 4DIC1                                   ,STOP,008 - MODA                                    ,005 - DENIM                                   ,B10129814,ESCULTOR T/ALTO LAV MEDIO  CORTES EN PR,,Normal
JULIO, ,045 - 4DIC1                                   ,STOP,008 - MODA                                    ,005 - DENIM                                   ,B10130814,ESCULTOR T/ALTO LAV MEDIO CON ACCESORIO,,Normal
OCTUBRE, ,045 - 4DIC1                                   ,STOP,008 - MODA                                    ,005 - DENIM                                   ,B10132814,ESCULTOR T/ALTO LAV MEDIO OSCURO BOTA T,,Normal
OCTUBRE, ,045 - 4DIC1                                   ,STOP,008 - MODA                                    ,005 - DENIM                                   ,B10132917,REDUCTOR T/ALTO LAV MEDIO BOTA TUBO,,Normal
NOVIEMBRE, ,045 - 4DIC1                                   ,STOP,008 - MODA                                    ,005 - DENIM                                   ,B10133914,ESCULTOR T/ALTO LAV MEDIO CON APLIQUES,,Normal
FEBRERO, ,045 - 4DIC1                                   ,STOP,008 - MODA                                    ,005 - DENIM                                   ,B10133917,CAPRI REDUCTOR T/ALTO LAV MEDIO BOTA D,,Normal
NOVIEMBRE, ,045 - 4DIC1                                   ,STOP,008 - MODA                                    ,005 - DENIM                                   ,B10134814,ESCULTOR T/ALTO LAV MEDIO OSCURO BOTA F,,Normal
AGOSTO, ,045 - 4DIC1                                   ,STOP,008 - MODA                                    ,005 - DENIM                                   ,B10134905,TORERO T/ALTO LAV MEDIO CON BOLSILLOS,,Normal
SEPTIEMBRE, ,045 - 4DIC1                                   ,STOP,008 - MODA                                    ,005 - DENIM                                   ,B10135805,TORERO T/ALTO LAV MEDIO CON BOTA DOBLAD,,Normal
NOVIEMBRE, ,045 - 4DIC1                                   ,STOP,008 - MODA                                    ,005 - DENIM                                   ,B10135814,ESCULTOR T/ALTO LAV MEDIO CON BORDADO,,Normal
ENERO, ,045 - 4DIC1                                   ,STOP,008 - MODA                                    ,005 - DENIM                                   ,B10136814,ESCULTOR T/ALTO LAV OSCURO,,Normal
FEBRERO, ,045 - 4DIC1                                   ,STOP,008 - MODA                                    ,005 - DENIM                                   ,B10137803,BERMUDA T/ALTO COLOR PRETINA ANCHA,,Normal
ENERO, ,045 - 4DIC1                                   ,STOP,008 - MODA                                    ,005 - DENIM                                   ,B10137914,ESCULTOR T/ALTO LAV CLARO BOTA TUBO,,Normal
MARZO, ,045 - 4DIC1                                   ,STOP,008 - MODA                                    ,005 - DENIM                                   ,B10138903,BERMUDA T/ALTO COLOR CON BOLSILLOS EN F,,Normal
DICIEMBRE, ,045 - 4DIC1                                   ,STOP,008 - MODA                                    ,005 - DENIM                                   ,B10140902,CAPRI T/ALTO LAV MEDIO CON ABERTURA EN,,Normal
NOVIEMBRE, ,045 - 4DIC1                                   ,STOP,008 - MODA                                    ,005 - DENIM                                   ,B10142803,BERMUDA T/ALTO COLOR CON BOLSILLOS EN C,,Normal
JULIO, ,045 - 4DIC1                                   ,STOP,008 - MODA                                    ,005 - DENIM                                   ,B10146903,BERMUDA T/ALTO CON BOLSILLOS PARCHE,,Normal
SEPTIEMBRE, ,045 - 4DIC1                                   ,STOP,008 - MODA                                    ,005 - DENIM                                   ,B10147803,BERMUDA T/ALTO NEGRA CON BOLSILLOS,,Normal
FEBRERO, ,045 - 4DIC1                                   ,STOP,008 - MODA                                    ,005 - DENIM                                   ,B10149903,BERMUDA T/ALTO LAV MEDIO CON BOLSILLOS,,Normal
NOVIEMBRE, ,045 - 4DIC1                                   ,STOP,008 - MODA                                    ,005 - DENIM                                   ,B10151903,BERMUDA T/ALTO COLOR BOLSILLOS EN COSTA,,Normal
DICIEMBRE, ,045 - 4DIC1                                   ,STOP,008 - MODA                                    ,005 - DENIM                                   ,B10152803,BERMUDA T/ALTO LAV MEDIO OSCURO CON PIE,,Normal
DICIEMBRE, ,045 - 4DIC1                                   ,STOP,008 - MODA                                    ,005 - DENIM                                   ,B10153903,BERMUDA  T/ALTO COLOR ABERTURA EN COSTA,,Normal
NOVIEMBRE, ,016 - 2ABR4                                   ,STOP,008 - MODA                                    ,005 - DENIM                                   ,B10154803,BERMUDA T/ALTO LAV CLARO CON TACHES BOL,001 - PRODUCCION INTERNA TELA NACIONALIZADA   ,Normal
DICIEMBRE, ,016 - 2ABR4                                   ,STOP,008 - MODA                                    ,005 - DENIM                                   ,B10155803,BERMUDA T/ALTO COLOR CON APLIQUE,,Normal
ENERO, ,016 - 2ABR4                                   ,STOP,008 - MODA                                    ,005 - DENIM                                   ,B10156903,BERMUDA T/ALTO COLOR BLANCO,,Normal
DICIEMBRE, ,016 - 2ABR4                                   ,STOP,008 - MODA                                    ,005 - DENIM                                   ,B10157903,BERMUDA T/ALTO LAVADO OSCURO CON BOLSIL,,Normal
DICIEMBRE, ,016 - 2ABR4                                   ,STOP,008 - MODA                                    ,005 - DENIM                                   ,B10158903,BERMUDA T/ALTO MARFIL EN TELA EFECTO BR,,Normal
ENERO, ,016 - 2ABR4                                   ,STOP,008 - MODA                                    ,005 - DENIM                                   ,B10159803,BERMUDA T/ALTO LAV CLARO CON CORDON EN,,Normal
FEBRERO, ,016 - 2ABR4                                   ,STOP,008 - MODA                                    ,005 - DENIM                                   ,B10162903,BERMUDA T/ALTO LAV CLARO SIN BOLSILLOS,,Normal
ENERO, ,016 - 2ABR4                                   ,STOP,008 - MODA                                    ,005 - DENIM                                   ,B10163803,BERMUDA T/MEDIO A  RAYAS,,Normal
FEBRERO, ,016 - 2ABR4                                   ,STOP,008 - MODA                                    ,005 - DENIM                                   ,B10164903,BERMUDA T/ALTO LAV MEDIO CON BOTA AMPLI,,Normal
FEBRERO, ,016 - 2ABR4                                   ,STOP,008 - MODA                                    ,005 - DENIM                                   ,B10167903,BERMUDA T/ALTO LAV MEDIO CON CORTES,,Normal
FEBRERO, ,016 - 2ABR4                                   ,STOP,008 - MODA                                    ,005 - DENIM                                   ,B10168903,BERMUDA T/ALTO LAV MEDIO CON BOLSILLOS,,Normal
FEBRERO, ,016 - 2ABR4                                   ,STOP,008 - MODA                                    ,005 - DENIM                                   ,B10169903,BERMUDA T/ALTO MARFIL,,Normal
DICIEMBRE, ,016 - 2ABR4                                   ,STOP,008 - MODA                                    ,005 - DENIM                                   ,B10210913,VAQUERO T/ALTO LAV MEDIO BOTA TUBO,,Normal
JULIO, ,016 - 2ABR4                                   ,STOP,008 - MODA                                    ,005 - DENIM                                   ,B10239913,VAQUERO T/ALTO COLOR CON CORTE EN FRENT,,Normal
NOVIEMBRE, ,016 - 2ABR4                                   ,STOP,008 - MODA                                    ,005 - DENIM                                   ,B10255913,VAQUERO T/ALTO COLOR EN CORDUROY BOTA R,,Normal
NOVIEMBRE, ,016 - 2ABR4                                   ,STOP,008 - MODA                                    ,005 - DENIM                                   ,B10260813,VAQUERO T/MEDIO LAV CLARO TOBILLERO  BR,,Normal
MAYO, ,016 - 2ABR4                                   ,STOP,008 - MODA                                    ,005 - DENIM                                   ,B10272913,VAQUERO T/ALTO LAV CLARO CON DETALLE EN,,Normal
JUNIO, ,016 - 2ABR4                                   ,STOP,008 - MODA                                    ,005 - DENIM                                   ,B10275913,VAQUERO T/ALTO LAV MEDIO LARGO ESPECIAL,,Normal
JULIO, ,016 - 2ABR4                                   ,STOP,008 - MODA                                    ,005 - DENIM                                   ,B10276813,VAQUERO T/MEDIO LAV CLARO CON DESGASTES,,Normal
AGOSTO, ,016 - 2ABR4                                   ,STOP,008 - MODA                                    ,005 - DENIM                                   ,B10283913,VAQUERO T/ALTO LAV OSCURO CON PASADOR E,,Normal
JULIO, ,016 - 2ABR4                                   ,STOP,008 - MODA                                    ,005 - DENIM                                   ,B10285913,VAQUERO T/ALTO  BOTA TUBO TOBILLERO,,Normal
OCTUBRE, ,016 - 2ABR4                                   ,STOP,008 - MODA                                    ,005 - DENIM                                   ,B10286913,VAQUERO T/ALTO COLOR BOTA TUBO,,Normal
SEPTIEMBRE, ,016 - 2ABR4                                   ,STOP,008 - MODA                                    ,005 - DENIM                                   ,B10287813,VAQUERO T/ALTO  LAV MEDIO BOTA TUBO CRO,,Normal
OCTUBRE, ,016 - 2ABR4                                   ,STOP,008 - MODA                                    ,005 - DENIM                                   ,B10289813,VAQUERO T/MEDIO LAV MEDIO OSCURO TOBILL,,Normal
NOVIEMBRE, ,016 - 2ABR4                                   ,STOP,008 - MODA                                    ,005 - DENIM                                   ,B10291913,VAQUERO T/ALTO LAV MEDIO BOTA TUBO,,Normal
NOVIEMBRE, ,016 - 2ABR4                                   ,STOP,008 - MODA                                    ,005 - DENIM                                   ,B10292913,VAQUERO T/ALTO LAV CLARO DETALLE EN BOL,,Normal
DICIEMBRE, ,016 - 2ABR4                                   ,STOP,008 - MODA                                    ,005 - DENIM                                   ,B10293913,VAQUERO T/BAJO LAV MEDIO BOTA RECTA,,Normal
DICIEMBRE, ,016 - 2ABR4                                   ,STOP,008 - MODA                                    ,005 - DENIM                                   ,B10294813,VAQUERO T/ALTO LAV MEDIO CON BRILLOS,,Normal
NOVIEMBRE, ,016 - 2ABR4                                   ,STOP,008 - MODA                                    ,005 - DENIM                                   ,B10295813,VAQUERO T/ALTO LAV OSCURO CON INSUMO BR,,Normal
NOVIEMBRE, ,016 - 2ABR4                                   ,STOP,008 - MODA                                    ,005 - DENIM                                   ,B10296813,VAQUERO T/ALTO LAV CLARO BOTA TUBO,001 - PRODUCCION INTERNA TELA NACIONALIZADA   ,Normal
DICIEMBRE, ,016 - 2ABR4                                   ,STOP,008 - MODA                                    ,005 - DENIM                                   ,B10298913,VAQUERO T/ALTO COLOR EN CORDUROY,,Normal
NOVIEMBRE, ,016 - 2ABR4                                   ,STOP,008 - MODA                                    ,005 - DENIM                                   ,B10299813,VAQUERO T/ALTO NEGRO CON APLIQUE EN FRE,,Normal
DICIEMBRE, ,016 - 2ABR4                                   ,STOP,008 - MODA                                    ,005 - DENIM                                   ,B10300813,VAQUERO T/ALTO LAV MEDIO CON APLIQUE BO,,Normal
ENERO, ,016 - 2ABR4                                   ,STOP,008 - MODA                                    ,005 - DENIM                                   ,B10302913,VAQUERO T/ALTO COLOR CON BOLSILLOS,,Normal
ENERO, ,016 - 2ABR4                                   ,STOP,008 - MODA                                    ,005 - DENIM                                   ,B10305813,VAQUERO T/ALTO LAV MEDIO BOTA RECTA DO,,Normal
ENERO, ,016 - 2ABR4                                   ,STOP,008 - MODA                                    ,005 - DENIM                                   ,B10306913,PANTALON VAQUERO TIRO ALTO,,Normal
FEBRERO, ,016 - 2ABR4                                   ,STOP,008 - MODA                                    ,005 - DENIM                                   ,B10307913,VAQUERO T/MEDIO NEGRO CON BOLSILLOS,,Normal
ENERO, ,016 - 2ABR4                                   ,STOP,008 - MODA                                    ,005 - DENIM                                   ,B10308813,VAQUERO T/ALTO LAV MEDIO OSCURO CORTE E,,Normal
FEBRERO, ,016 - 2ABR4                                   ,STOP,008 - MODA                                    ,002 - TEJIDO PLANO                            ,B10309913,VAQUERO T/ALTO BLANCO CON CINTURON,,Normal
NOVIEMBRE, ,016 - 2ABR4                                   ,STOP,008 - MODA                                    ,002 - TEJIDO PLANO                            ,B10320933,SHORT T/ALTO MARFIL CON CHARRETERAS,,Normal
SEPTIEMBRE, ,016 - 2ABR4                                   ,STOP,008 - MODA                                    ,005 - DENIM                                   ,B10326833,SHORT TIRO ALTO LAV CLARO CON LASER,,Normal
MARZO, ,016 - 2ABR4                                   ,STOP,008 - MODA                                    ,005 - DENIM                                   ,B10333833,SHORT T/ALTO LAV CLARO CON GUARDA POLVO,,Normal
MAYO, ,016 - 2ABR4                                   ,STOP,008 - MODA                                    ,005 - DENIM                                   ,B10337933,SHORT T/ALTO LAV OSCURO CON RUEDO ANCHO,,Normal
JULIO, ,016 - 2ABR4                                   ,STOP,008 - MODA                                    ,005 - DENIM                                   ,B10343933,SHORT T/ALTO LAV MEDIO CON BOLSILLOS,,Normal
AGOSTO, ,016 - 2ABR4                                   ,STOP,008 - MODA                                    ,005 - DENIM                                   ,B10344833,SHORT T/ALTO COLOR CON BOLSILLOS EN COS,,Normal
FEBRERO, ,016 - 2ABR4                                   ,STOP,008 - MODA                                    ,005 - DENIM                                   ,B10345833,SHORT PREMIUM T/ALTO LAV MEDIO BOLSILLO,,Normal
OCTUBRE, ,016 - 2ABR4                                   ,STOP,008 - MODA                                    ,005 - DENIM                                   ,B10348933,SHORT T/ALTO COLOR CON BOLSILLOS,,Normal
NOVIEMBRE, ,016 - 2ABR4                                   ,STOP,008 - MODA                                    ,005 - DENIM                                   ,B10352833,SHORT T/ALTO COLOR CON GUARDAPOLVO,,Normal
OCTUBRE, ,016 - 2ABR4                                   ,STOP,008 - MODA                                    ,005 - DENIM                                   ,B10354833,SHORT T/ALTO COLOR CON DETALLE EN COTIL,,Normal
ENERO, ,016 - 2ABR4                                   ,STOP,008 - MODA                                    ,005 - DENIM                                   ,B10356933,SHORT T/ALTO LAV MEDIO CON CORDON EN PR,001 - PRODUCCION INTERNA TELA NACIONALIZADA   ,Normal
DICIEMBRE, ,016 - 2ABR4                                   ,STOP,008 - MODA                                    ,005 - DENIM                                   ,B10357933,SHORT T/ALTO MARFIL CON BOLSILLOS EN DE,,Normal
ENERO, ,016 - 2ABR4                                   ,STOP,008 - MODA                                    ,005 - DENIM                                   ,B10359933,SHORT T/ALTO LAV MEDIO DETALLE EN BOLSI,,Normal
FEBRERO, ,016 - 2ABR4                                   ,STOP,008 - MODA                                    ,005 - DENIM                                   ,B10362933,SHORT T/ALTO LAV MEDIO CON LASER,,Normal
FEBRERO, ,016 - 2ABR4                                   ,STOP,008 - MODA                                    ,005 - DENIM                                   ,B10363933,SHORT T/ALTO LAV OSCURO CON CINTURON,,Normal
ABRIL, ,016 - 2ABR4                                   ,STOP,008 - MODA                                    ,005 - DENIM                                   ,B11009822,BODY MC CON CORTES EN FRENTE FORRADO EN,,Normal
DICIEMBRE, ,016 - 2ABR4                                   ,STOP,008 - MODA                                    ,001 - TEJIDO PUNTO                            ,B11010822,BODY MC SILUETA AJUSTADA CON ESCOTE EN,,Normal
ENERO, ,016 - 2ABR4                                   ,STOP,008 - MODA                                    ,001 - TEJIDO PUNTO                            ,B11011825,BODY TIRAS CON  ESPALDA PRONUNCIADA,,Normal
DICIEMBRE, ,016 - 2ABR4                                   ,STOP,008 - MODA                                    ,001 - TEJIDO PUNTO                            ,B11020824,BODY MS CUELLO REDONDO EN TELA CON BRIL,,Normal
SEPTIEMBRE, ,016 - 2ABR4                                   ,STOP,008 - MODA                                    ,001 - TEJIDO PUNTO                            ,B11087815,CAMISETA ML PREMIUM CUELLO TORTUGA CON,,Normal
FEBRERO, ,016 - 2ABR4                                   ,STOP,008 - MODA                                    ,001 - TEJIDO PUNTO                            ,B11106912,CAMISETA TIRAS EN RIB CON SESGO CONTRAS,,Normal
OCTUBRE, ,016 - 2ABR4                                   ,STOP,008 - MODA                                    ,001 - TEJIDO PUNTO                            ,B11112812,CAMISETA TIRAS CON SESGO CON ALMA,,Normal
NOVIEMBRE, ,016 - 2ABR4                                   ,STOP,008 - MODA                                    ,001 - TEJIDO PUNTO                            ,B11114912,CAMISETA TIRAS CON BOLEROS EN ESCOTE,,Normal
NOVIEMBRE, ,016 - 2ABR4                                   ,STOP,008 - MODA                                    ,001 - TEJIDO PUNTO                            ,B11117812,CAMISETA TIRAS ESCOTE EN V CON LENTEJUE,,Normal
OCTUBRE, ,016 - 2ABR4                                   ,STOP,008 - MODA                                    ,001 - TEJIDO PUNTO                            ,B11122815,CAMISETA ML EN RIB CON PERILLA,,Normal
NOVIEMBRE, ,016 - 2ABR4                                   ,STOP,008 - MODA                                    ,001 - TEJIDO PUNTO                            ,B11123915,CAMISETA ML CON COSTURAS EXPUESTAS,,Normal
DICIEMBRE, ,016 - 2ABR4                                   ,STOP,008 - MODA                                    ,001 - TEJIDO PUNTO                            ,B11128815,CAMISETA PREMIUM ML ESCOTE V Y ABERTURA,,Normal
NOVIEMBRE, ,016 - 2ABR4                                   ,STOP,008 - MODA                                    ,001 - TEJIDO PUNTO                            ,B11129815,CAMISETA ML EN MALLA CON RECOGIDO Y TOP,,Normal
DICIEMBRE, ,016 - 2ABR4                                   ,STOP,008 - MODA                                    ,001 - TEJIDO PUNTO                            ,B11130915,CAMISETA ML CON CORTES EN FRENTE,,Normal
FEBRERO, ,016 - 2ABR4                                   ,STOP,008 - MODA                                    ,001 - TEJIDO PUNTO                            ,B11224913,CAMISTA MS EN RIB CON ESTAMPADO Y TEÑID,,Normal
MARZO, ,016 - 2ABR4                                   ,STOP,008 - MODA                                    ,001 - TEJIDO PUNTO                            ,B11228913,CAMISETA MS CON ARGOLLA EN HOMBRO,,Normal
SEPTIEMBRE, ,016 - 2ABR4                                   ,STOP,008 - MODA                                    ,001 - TEJIDO PUNTO                            ,B11236913,CAMISETA MS PREMIUM CUELLO REDONDO CON,,Normal
JUNIO, ,016 - 2ABR4                                   ,STOP,008 - MODA                                    ,001 - TEJIDO PUNTO                            ,B11239913,CAMISETA  MS PREMIUM MS CON DRAPEADO EN,,Normal
JULIO, ,016 - 2ABR4                                   ,STOP,008 - MODA                                    ,001 - TEJIDO PUNTO                            ,B11245813,CAMISETA MS EN TELA GALLETA CON ABERTUR,,Normal
OCTUBRE, ,016 - 2ABR4                                   ,STOP,008 - MODA                                    ,001 - TEJIDO PUNTO                            ,B11261813,CAMISETA MS  ESCOTE CUADRADO,,Normal
OCTUBRE, ,016 - 2ABR4                                   ,STOP,008 - MODA                                    ,001 - TEJIDO PUNTO                            ,B11262813,CAMISETA MS  ESCOTE CUADRADO,,Normal
OCTUBRE, ,016 - 2ABR4                                   ,STOP,008 - MODA                                    ,001 - TEJIDO PUNTO                            ,B11263813,CAMISETA MS CON CORTES EN FRENTE,,Normal
NOVIEMBRE, ,016 - 2ABR4                                   ,STOP,008 - MODA                                    ,001 - TEJIDO PUNTO                            ,B11265913,CAMISETA MS CON CORTE EN BUSTO,,Normal
NOVIEMBRE, ,016 - 2ABR4                                   ,STOP,008 - MODA                                    ,001 - TEJIDO PUNTO                            ,B11266813,CAMISETA MS SILUETA AJUSTADA EN TELA CO,,Normal
DICIEMBRE, ,016 - 2ABR4                                   ,STOP,008 - MODA                                    ,001 - TEJIDO PUNTO                            ,B11268913,CAMISETA MS AJUSTADA CON CORTES CROP,,Normal
DICIEMBRE, ,016 - 2ABR4                                   ,STOP,008 - MODA                                    ,001 - TEJIDO PUNTO                            ,B11279913,CAMISETA MS CON APLIQUES BORDADOS,,Normal
FEBRERO, ,016 - 2ABR4                                   ,STOP,008 - MODA                                    ,001 - TEJIDO PUNTO                            ,B11283913,CAMISETA MS CON RECOGIDO EN FRENTE,,Normal
NOVIEMBRE, ,016 - 2ABR4                                   ,STOP,008 - MODA                                    ,001 - TEJIDO PUNTO                            ,B11429914,CAMISETA MC EN TELA CON BRILLO,,Normal
DICIEMBRE, ,016 - 2ABR4                                   ,STOP,008 - MODA                                    ,001 - TEJIDO PUNTO                            ,B11491914,CAMISETA MC CON RECOGIDO EN TELA EFECTO,,Normal
MARZO, ,016 - 2ABR4                                   ,STOP,008 - MODA                                    ,001 - TEJIDO PUNTO                            ,B11520914,CAMISETA MC CON CORTE EN PECHO,,Normal
MARZO, ,016 - 2ABR4                                   ,STOP,008 - MODA                                    ,001 - TEJIDO PUNTO                            ,B11619814,CAMISETA MC CON ESTAMPADO MUJERES,,Normal
ABRIL, ,016 - 2ABR4                                   ,STOP,008 - MODA                                    ,001 - TEJIDO PUNTO                            ,B11621814,CAMISETA MC DOBLE PRENDA EN RIB CON TOP,,Normal
MAYO, ,016 - 2ABR4                                   ,STOP,008 - MODA                                    ,001 - TEJIDO PUNTO                            ,B11635814,CAMISETA MC TIPO POLO CROP,,Normal
JULIO, ,016 - 2ABR4                                   ,STOP,008 - MODA                                    ,001 - TEJIDO PUNTO                            ,B11640814,CAMISETA  PREMIUM MC CON ESCOTE EN ESPA,,Normal
JULIO, ,016 - 2ABR4                                   ,STOP,008 - MODA                                    ,001 - TEJIDO PUNTO                            ,B11651814,CAMISETA MC ESTAMPADA SOY LATINA,,Normal
AGOSTO, ,016 - 2ABR4                                   ,STOP,008 - MODA                                    ,001 - TEJIDO PUNTO                            ,B11655814,CAMISETA MC CON BOLSILLO EN POPELINA,,Normal
SEPTIEMBRE, ,016 - 2ABR4                                   ,STOP,008 - MODA                                    ,001 - TEJIDO PUNTO                            ,B11666814,CAMISETA PREMIUM MC CON FRENTE IRREGULA,,Normal
OCTUBRE, ,016 - 2ABR4                                   ,STOP,008 - MODA                                    ,001 - TEJIDO PUNTO                            ,B11674814,CAMISETA MC FULLPRINT CON RETILINEO,,Normal
OCTUBRE, ,016 - 2ABR4                                   ,STOP,008 - MODA                                    ,001 - TEJIDO PUNTO                            ,B11682814,CAMISETA MC ESTAMPADA EN FRENTE,,Normal
DICIEMBRE, ,016 - 2ABR4                                   ,STOP,008 - MODA                                    ,001 - TEJIDO PUNTO                            ,B11685914,CAMISETA MC A RAYAS EN RIB Y ESCOTE BAN,,Normal
NOVIEMBRE, ,016 - 2ABR4                                   ,STOP,008 - MODA                                    ,001 - TEJIDO PUNTO                            ,B11689814,CAMISETA MC A RAYAS CROP,,Normal
DICIEMBRE, ,016 - 2ABR4                                   ,STOP,008 - MODA                                    ,001 - TEJIDO PUNTO                            ,B11693914,CAMISETA MC CON APLIQUES EN MANGAS,,Normal
DICIEMBRE, ,016 - 2ABR4                                   ,STOP,008 - MODA                                    ,001 - TEJIDO PUNTO                            ,B11695814,CAMISETA MC TRENDY ESTAMPADA,,Normal
NOVIEMBRE, ,016 - 2ABR4                                   ,STOP,008 - MODA                                    ,001 - TEJIDO PUNTO                            ,B11699914,CAMISETA MC CON TECNICA COMBINADA TONO,,Normal
DICIEMBRE, ,016 - 2ABR4                                   ,STOP,008 - MODA                                    ,001 - TEJIDO PUNTO                            ,B11700914,CAMISETA MC EN TELA EFECTO BRILLO CON R,,Normal
DICIEMBRE, ,016 - 2ABR4                                   ,STOP,008 - MODA                                    ,001 - TEJIDO PUNTO                            ,B11704914,CAMISETA PREMIUM MC CON ESTAMPADO LOCAL,,Normal
ENERO, ,016 - 2ABR4                                   ,STOP,008 - MODA                                    ,001 - TEJIDO PUNTO                            ,B11707914,CAMISETA MC ESTAMPADA Y PUNTADA DECORAT,,Normal
ENERO, ,016 - 2ABR4                                   ,STOP,008 - MODA                                    ,001 - TEJIDO PUNTO                            ,B11710914,CAMISETA MC ESTAMPADA FRENTE Y ESPALDA,,Normal
ENERO, ,016 - 2ABR4                                   ,STOP,008 - MODA                                    ,001 - TEJIDO PUNTO                            ,B11716814,CAMISETA MC CON PIEZA TEJIDA EN FRENTE,,Normal
ENERO, ,016 - 2ABR4                                   ,STOP,008 - MODA                                    ,001 - TEJIDO PUNTO                            ,B11717814,CAMISETA PREMIUM MC AJUSTADA,,Normal
ENERO, ,016 - 2ABR4                                   ,STOP,008 - MODA                                    ,001 - TEJIDO PUNTO                            ,B11718914,CAMISETA PREMIUM MC CON ESTAMPADO EN FR,,Normal
FEBRERO, ,016 - 2ABR4                                   ,STOP,008 - MODA                                    ,001 - TEJIDO PUNTO                            ,B11723914,CAMISETA MC EN RIB CON PERILLA,,Normal
FEBRERO, ,016 - 2ABR4                                   ,STOP,008 - MODA                                    ,001 - TEJIDO PUNTO                            ,B11724914,CAMISETA MC CON BORDADO CON CORDON,,Normal
FEBRERO, ,016 - 2ABR4                                   ,STOP,008 - MODA                                    ,001 - TEJIDO PUNTO                            ,B11725914,CAMISETA MC A RAYAS ESTAMPADO LOCALIZAD,,Normal
ABRIL, ,016 - 2ABR4                                   ,STOP,008 - MODA                                    ,001 - TEJIDO PUNTO                            ,B11727814,CAMISETA MC CON BORDADO EN FRENTE,,Normal
ABRIL, ,016 - 2ABR4                                   ,STOP,008 - MODA                                    ,001 - TEJIDO PUNTO                            ,B11728814,CAMISETA MC CON ESTAMPADO EN FRENTE,,Normal
ABRIL, ,016 - 2ABR4                                   ,STOP,008 - MODA                                    ,001 - TEJIDO PUNTO                            ,B11729914,CAMISETA MC CON BOTONES EN HOMBRO,,Normal
ABRIL, ,016 - 2ABR4                                   ,STOP,008 - MODA                                    ,001 - TEJIDO PUNTO                            ,B11732914,CAMISETA MC A RAYAS CON RECTILINEO,,Normal
ABRIL, ,016 - 2ABR4                                   ,STOP,008 - MODA                                    ,001 - TEJIDO PUNTO                            ,B11737814,CAMISETA PREMIUM MC CON FRENTE CRUZADO,,Normal
FEBRERO, ,016 - 2ABR4                                   ,STOP,008 - MODA                                    ,001 - TEJIDO PUNTO                            ,B11739914,CAMISETA MC ESTAMPADO LOCALIZADO,,Normal
ABRIL, ,016 - 2ABR4                                   ,STOP,008 - MODA                                    ,001 - TEJIDO PUNTO                            ,B11740914,CAMISETA MC CON ESTAMPADO LOCALIZADO,,Normal
MARZO, ,016 - 2ABR4                                   ,STOP,008 - MODA                                    ,001 - TEJIDO PUNTO                            ,B11741914,CAMISETA MC CON ESTAMPADO MUJER,,Normal
ABRIL, ,016 - 2ABR4                                   ,STOP,008 - MODA                                    ,001 - TEJIDO PUNTO                            ,B11745814,CAMISETA MC AMPLIA ESTAMPADA LARGO CROP,,Normal
ABRIL, ,016 - 2ABR4                                   ,STOP,008 - MODA                                    ,001 - TEJIDO PUNTO                            ,B11746814,CAMISETA MC CON ABERTURA EN RUEDO COSTA,,Normal
JULIO, ,016 - 2ABR4                                   ,STOP,008 - MODA                                    ,001 - TEJIDO PUNTO                            ,B12055903,BLUSA MS ESCOTE CUADRADO,,Normal
JUNIO, ,016 - 2ABR4                                   ,STOP,008 - MODA                                    ,002 - TEJIDO PLANO                            ,B12073903,BLUSA MS CON RECOGIDO EN FRENTE AJUSTAD,,Normal
JULIO, ,016 - 2ABR4                                   ,STOP,008 - MODA                                    ,002 - TEJIDO PLANO                            ,B12074803,BLUSA MS CON AMARRE EN FRENTE Y ESCOTE,,Normal
MARZO, ,016 - 2ABR4                                   ,STOP,008 - MODA                                    ,002 - TEJIDO PLANO                            ,B12078909,BLUSA TIRAS CROP ESCOTE RECTO,,Normal
OCTUBRE, ,016 - 2ABR4                                   ,STOP,008 - MODA                                    ,002 - TEJIDO PLANO                            ,B12079903,BLUSA MS CON BOTONES FORRADOS,,Normal
MAYO, ,016 - 2ABR4                                   ,STOP,008 - MODA                                    ,002 - TEJIDO PLANO                            ,B12082809,BLUSA TIRAS CON ABERTURA EN FRENTE,,Normal
JULIO, ,016 - 2ABR4                                   ,STOP,008 - MODA                                    ,002 - TEJIDO PLANO                            ,B12086809,BLUSA TIRAS EN LINO TIPO CROP,,Normal
NOVIEMBRE, ,016 - 2ABR4                                   ,STOP,008 - MODA                                    ,002 - TEJIDO PLANO                            ,B12086903,BLUSA MS CON ABROCHADURA  EN FRENTE,,Normal
DICIEMBRE, ,016 - 2ABR4                                   ,STOP,008 - MODA                                    ,002 - TEJIDO PLANO                            ,B12089903,BLUSA MS CON CHARRETERAS EN CINTURA Y B,,Normal
OCTUBRE, ,016 - 2ABR4                                   ,STOP,008 - MODA                                    ,002 - TEJIDO PLANO                            ,B12089909,BLUSA TIRAS EN SATIN CON ENCAJE,,Normal
ABRIL, ,016 - 2ABR4                                   ,STOP,008 - MODA                                    ,002 - TEJIDO PLANO                            ,B12094806,BLUSA M3/4 CON ANUDADO EN ESPALDA,,Normal
NOVIEMBRE, ,016 - 2ABR4                                   ,STOP,008 - MODA                                    ,002 - TEJIDO PLANO                            ,B12096805,BLUSA ML CON TELA PLIZADA MANGA ANCHA,,Normal
ABRIL, ,016 - 2ABR4                                   ,STOP,008 - MODA                                    ,002 - TEJIDO PLANO                            ,B12101805,BLUSA ML CON BOLSILLOS CARGO,,Normal
MAYO, ,016 - 2ABR4                                   ,STOP,008 - MODA                                    ,002 - TEJIDO PLANO                            ,B12104909,BLUSA TIRAS FULL PRINT,,Normal
JUNIO, ,016 - 2ABR4                                   ,STOP,008 - MODA                                    ,002 - TEJIDO PLANO                            ,B12105809,BLUSA TIRAS CON ESCOTE EN V Y CORTES TI,,Normal
DICIEMBRE, ,016 - 2ABR4                                   ,STOP,008 - MODA                                    ,002 - TEJIDO PLANO                            ,B12111809,BLUSA TIRAS ESCOTE DRAPEADO EN TELA BRI,,Normal
FEBRERO, ,016 - 2ABR4                                   ,STOP,008 - MODA                                    ,002 - TEJIDO PLANO                            ,B12112909,BLUSA TIRAS ESCOTE DRAPEADO,,Normal
MAYO, ,016 - 2ABR4                                   ,STOP,008 - MODA                                    ,002 - TEJIDO PLANO                            ,B12113805,BLUSA ML CON LACE UP EN ESPALDA,,Normal
NOVIEMBRE, ,016 - 2ABR4                                   ,STOP,008 - MODA                                    ,002 - TEJIDO PLANO                            ,B12119806,BLUSA M3/4  ARENA CON CHARRETERAS Y BRO,,Normal
SEPTIEMBRE, ,016 - 2ABR4                                   ,STOP,008 - MODA                                    ,002 - TEJIDO PLANO                            ,B12121805,BLUSA ML CON MANGAS CON VOLÚMEN EN POPE,,Normal
SEPTIEMBRE, ,016 - 2ABR4                                   ,STOP,008 - MODA                                    ,002 - TEJIDO PLANO                            ,B12122805,BLUSA ML OVERSIZE FONDO ENTERO,,Normal
DICIEMBRE, ,016 - 2ABR4                                   ,STOP,008 - MODA                                    ,002 - TEJIDO PLANO                            ,B12126805,BLUSA ML CUELLO ALTO RECOGIDO EN PUÑOS,,Normal
AGOSTO, ,016 - 2ABR4                                   ,STOP,008 - MODA                                    ,002 - TEJIDO PLANO                            ,B12126906,BLUSA M3/4 FULLPRINT CON CHARRETERA,,Normal
DICIEMBRE, ,016 - 2ABR4                                   ,STOP,008 - MODA                                    ,002 - TEJIDO PLANO                            ,B12130805,BLUSA ML CON PINZAS CROP,,Normal
OCTUBRE, ,016 - 2ABR4                                   ,STOP,008 - MODA                                    ,002 - TEJIDO PLANO                            ,B12131806,BLUSA M3/4 CON BOLSIILO ESTAMPADO Y PER,,Normal
DICIEMBRE, ,016 - 2ABR4                                   ,STOP,008 - MODA                                    ,002 - TEJIDO PLANO                            ,B12141906,BLUSA M3/4 CON CUELLO Y BOTONES,,Normal
ENERO, ,016 - 2ABR4                                   ,STOP,008 - MODA                                    ,002 - TEJIDO PLANO                            ,B12143906,BLUSA M3/4 CON CHARRETERA ESCOTE EN V,,Normal
ABRIL, ,016 - 2ABR4                                   ,STOP,008 - MODA                                    ,002 - TEJIDO PLANO                            ,B12149906,BLUSA M3/4 CON CORDÓN DECORATIVO,,Normal
JUNIO, ,016 - 2ABR4                                   ,STOP,008 - MODA                                    ,002 - TEJIDO PLANO                            ,B12150905,BLUSA ML UN SOLO HOMBRO,,Normal
JUNIO, ,016 - 2ABR4                                   ,STOP,008 - MODA                                    ,002 - TEJIDO PLANO                            ,B12193905,BLUSA ML CON FRENTES CRUZADOS FULLPRINT,,Normal
JUNIO, ,016 - 2ABR4                                   ,STOP,008 - MODA                                    ,002 - TEJIDO PLANO                            ,B12194905,BLUSA ML CON FRENTE CRUZADO Y RECOGIDO,,Normal
OCTUBRE, ,016 - 2ABR4                                   ,STOP,008 - MODA                                    ,002 - TEJIDO PLANO                            ,B12200805,BLUSA ML A RAYAS CON BOLSILLO CROP,,Normal
OCTUBRE, ,016 - 2ABR4                                   ,STOP,008 - MODA                                    ,002 - TEJIDO PLANO                            ,B12204805,BLUSA M/L LAV MEDIO,,Normal
NOVIEMBRE, ,016 - 2ABR4                                   ,STOP,008 - MODA                                    ,002 - TEJIDO PLANO                            ,B12209805,BLUSA ML CON HEBILLA Y TIRAS CROP,,Normal
DICIEMBRE, ,016 - 2ABR4                                   ,STOP,008 - MODA                                    ,002 - TEJIDO PLANO                            ,B12210805,BLUSA ML CON BOLSILLOS Y BOTONES EN FRE,,Normal
DICIEMBRE, ,016 - 2ABR4                                   ,STOP,008 - MODA                                    ,002 - TEJIDO PLANO                            ,B12211905,BLUSA ML FULLPRINT,,Normal
DICIEMBRE, ,016 - 2ABR4                                   ,STOP,008 - MODA                                    ,002 - TEJIDO PLANO                            ,B12212805,BLUSA ML CON CREMALLERA Y CORTES EN FRE,,Normal
DICIEMBRE, ,016 - 2ABR4                                   ,STOP,008 - MODA                                    ,002 - TEJIDO PLANO                            ,B12213905,BLUSA ML A RAYAS CON BOLSILLO,,Normal
DICIEMBRE, ,016 - 2ABR4                                   ,STOP,008 - MODA                                    ,002 - TEJIDO PLANO                            ,B12214805,BLUSA ML ESCOTE REDONDO Y CUELLO,,Normal
FEBRERO, ,016 - 2ABR4                                   ,STOP,008 - MODA                                    ,002 - TEJIDO PLANO                            ,B12221905,BLUSA ML LAVADO MEDIO CON BOTONES MANGA,,Normal
FEBRERO, ,016 - 2ABR4                                   ,STOP,008 - MODA                                    ,002 - TEJIDO PLANO                            ,B12222905,BLUSA ML CON TELA BORDADA,,Normal
ABRIL, ,016 - 2ABR4                                   ,STOP,008 - MODA                                    ,002 - TEJIDO PLANO                            ,B12223805,BLUSA ML CON CUELLO EN TELA CON EFECTO,,Normal
JUNIO, ,016 - 2ABR4                                   ,STOP,008 - MODA                                    ,002 - TEJIDO PLANO                            ,B12252804,BLUSA MC CON ABERTURA EN ESCOTE LARGO C,,Normal
DICIEMBRE, ,016 - 2ABR4                                   ,STOP,008 - MODA                                    ,002 - TEJIDO PLANO                            ,B12272904,BLUSA MC CON MAXI BOLSILLOS EN FRENTE,,Normal
DICIEMBRE, ,016 - 2ABR4                                   ,STOP,008 - MODA                                    ,002 - TEJIDO PLANO                            ,B12275904,BLUSA MC EN ANIMAL PRINT CON ABERTURAS,,Normal
MARZO, ,016 - 2ABR4                                   ,STOP,008 - MODA                                    ,002 - TEJIDO PLANO                            ,B12317904,BLUSA MC CON JARETA EN RUEDO EN TELA CO,,Normal
SEPTIEMBRE, ,016 - 2ABR4                                   ,STOP,008 - MODA                                    ,002 - TEJIDO PLANO                            ,B12336804,BLUSA MC CUELLO SPORT CON TAPAS DE BOLS,,Normal
SEPTIEMBRE, ,016 - 2ABR4                                   ,STOP,008 - MODA                                    ,005 - DENIM                                   ,B12337804,BLUSA MC LAV OSCURO AJUSTADA,,Normal
OCTUBRE, ,016 - 2ABR4                                   ,STOP,008 - MODA                                    ,002 - TEJIDO PLANO                            ,B12453804,BLUSA MC CON PINZAS Y PERILLA,,Normal
DICIEMBRE, ,016 - 2ABR4                                   ,STOP,008 - MODA                                    ,002 - TEJIDO PLANO                            ,B12457904,BLUSA M/C LAV CLARO CON APLIQUE EN CUEL,,Normal
NOVIEMBRE, ,016 - 2ABR4                                   ,STOP,008 - MODA                                    ,002 - TEJIDO PLANO                            ,B12459804,BLUSA MC CON BOLSILLOS Y BOTONES EN FRE,,Normal
ENERO, ,016 - 2ABR4                                   ,STOP,008 - MODA                                    ,002 - TEJIDO PLANO                            ,B12461904,BLUSA MC TELA EFECTO BORDADO CON BOTONE,,Normal
FEBRERO, ,016 - 2ABR4                                   ,STOP,008 - MODA                                    ,002 - TEJIDO PLANO                            ,B12463904,BLUSA MC CON CORTES Y RECOGIDOS,,Normal
OCTUBRE, ,016 - 2ABR4                                   ,STOP,008 - MODA                                    ,002 - TEJIDO PLANO                            ,B13002851,VAQUERO T/ALTO COLOR BOTA TUBO OPORTUNI,,Normal
ENERO, ,016 - 2ABR4                                   ,STOP,003 - OPORTUNIDADES                           ,002 - TEJIDO PLANO                            ,B13003918,BLUSA TIRAS  FONDO ENTERO OPORTUNIDADES,,Normal
MAYO, ,016 - 2ABR4                                   ,STOP,003 - OPORTUNIDADES                           ,002 - TEJIDO PLANO                            ,B13004975,BLUSA MS CON ESCOTE EN V PUNTA DE PRECI,,Normal
FEBRERO, ,016 - 2ABR4                                   ,STOP,003 - OPORTUNIDADES                           ,002 - TEJIDO PLANO                            ,B13005918,BLUSA TIRAS CON PEPAS ESCOTE EN V PUNTA,,Normal
OCTUBRE, ,016 - 2ABR4                                   ,STOP,003 - OPORTUNIDADES                           ,002 - TEJIDO PLANO                            ,B13006875,BLUSA MS TIPO CORSET PUNTA DE PRECIO,,Normal
OCTUBRE, ,016 - 2ABR4                                   ,STOP,003 - OPORTUNIDADES                           ,002 - TEJIDO PLANO                            ,B13016822,LEVANTACOLA T/ALTO CON BOLSILLOS OPORTU,,Normal
JUNIO, ,016 - 2ABR4                                   ,STOP,003 - OPORTUNIDADES                           ,002 - TEJIDO PLANO                            ,B13021833,SHORT TIRO ALTO CON DESGASTES PUNTA DE,,Normal
NOVIEMBRE, ,016 - 2ABR4                                   ,STOP,003 - OPORTUNIDADES                           ,002 - TEJIDO PLANO                            ,B13044955,CAMISETA MS EN RIB CUELLO ALTO PUNTA DE,,Normal
MARZO, ,016 - 2ABR4                                   ,STOP,003 - OPORTUNIDADES                           ,002 - TEJIDO PLANO                            ,B13083853,CAMISETA MC CON SIMULACIÓN PERILLA TIPO,,Normal
ENERO, ,016 - 2ABR4                                   ,STOP,003 - OPORTUNIDADES                           ,001 - TEJIDO PUNTO                            ,B13108853,CAMISETA MC A RAYAS TIPO CROP PUNTA DE,,Normal
SEPTIEMBRE, ,016 - 2ABR4                                   ,STOP,003 - OPORTUNIDADES                           ,001 - TEJIDO PUNTO                            ,B13111853,CAMISETA MC EN RIB ESTAMPADA PUNTA DE P,,Normal
AGOSTO, ,016 - 2ABR4                                   ,STOP,003 - OPORTUNIDADES                           ,001 - TEJIDO PUNTO                            ,B13112953,CAMISETA MC CON ESTAMPADO PUNTA DE PREC,,Normal
DICIEMBRE, ,016 - 2ABR4                                   ,STOP,003 - OPORTUNIDADES                           ,001 - TEJIDO PUNTO                            ,B13117953,CAMISETA MC EN RIB FRENTE CRUZADO PUNTA,,Normal
DICIEMBRE, ,016 - 2ABR4                                   ,STOP,003 - OPORTUNIDADES                           ,001 - TEJIDO PUNTO                            ,B13121953,CAMISETA MC CON APLIQUES PUNTA DE PRECI,,Normal
ENERO, ,016 - 2ABR4                                   ,STOP,003 - OPORTUNIDADES                           ,001 - TEJIDO PUNTO                            ,B13122953,CAMISETA MC CON ESTAMPADO PUNTA DE PREC,,Normal
MARZO, ,016 - 2ABR4                                   ,STOP,003 - OPORTUNIDADES                           ,001 - TEJIDO PUNTO                            ,B13125853,CAMISETA MC CON ESTAMPADO OPORTUNIDADES,,Normal
ABRIL, ,016 - 2ABR4                                   ,STOP,008 - MODA                                    ,002 - TEJIDO PLANO                            ,B14008917,BLAZER ML CON CANAL EN CINTURA Y TANCA,,Normal
OCTUBRE, ,016 - 2ABR4                                   ,STOP,008 - MODA                                    ,001 - TEJIDO PUNTO                            ,B14158804,BUSO ML CON ESTAMPADO EN FRENTE,,Normal
SEPTIEMBRE, ,016 - 2ABR4                                   ,STOP,008 - MODA                                    ,002 - TEJIDO PLANO                            ,B14186802,CHALECO MS CON BOTONES Y CORTES EN FREN,,Normal
ENERO, ,016 - 2ABR4                                   ,STOP,008 - MODA                                    ,005 - DENIM                                   ,B14197802,CHALECO MS A RAYAS CON IMITACION RIBETE,,Normal
FEBRERO, ,016 - 2ABR4                                   ,STOP,008 - MODA                                    ,002 - TEJIDO PLANO                            ,B14202902,CHALECO MS CON BOTONES EN FRENTE CROP,,Normal
ABRIL, ,016 - 2ABR4                                   ,STOP,008 - MODA                                    ,001 - TEJIDO PUNTO                            ,B14205902,CHALECO MS CON AMARRE EN FRENTE,,Normal
AGOSTO, ,016 - 2ABR4                                   ,STOP,008 - MODA                                    ,002 - TEJIDO PLANO                            ,B14343801,SOBREBLUSA  ML CON BOLSILLOS EN FRENTE,,Normal
NOVIEMBRE, ,016 - 2ABR4                                   ,STOP,008 - MODA                                    ,005 - DENIM                                   ,B14355801,CHAQUETA ML LAV MEDIO  APLIQUE EN PIEDR,,Normal
DICIEMBRE, ,016 - 2ABR4                                   ,STOP,008 - MODA                                    ,005 - DENIM                                   ,B14356901,CHAQUETA ML COLOR CON TEXTURA LASER,,Normal
FEBRERO, ,016 - 2ABR4                                   ,STOP,008 - MODA                                    ,005 - DENIM                                   ,B14360901,CHAQUETA  ML BLANCA EN TELA TOSCANA,,Normal
SEPTIEMBRE, ,047 - 4DIC3                                   ,STOP,005 - ESENCIAL                                ,005 - DENIM                                   ,B15001904,BERMUDA T/ALTO COLOR ESENCIALES,001 - PRODUCCION INTERNA TELA NACIONALIZADA   ,Normal
OCTUBRE, ,047 - 4DIC3                                   ,STOP,005 - ESENCIAL                                ,005 - DENIM                                   ,B15001908,RETROJEAN DESCADERADO ESENCIALES,,Normal
DICIEMBRE, ,045 - 4DIC1                                   ,STOP,005 - ESENCIAL                                ,005 - DENIM                                   ,B15001921,TEJANO T/ALTO ESENCIALES BOTA ANCHA,001 - PRODUCCION INTERNA TELA NACIONALIZADA   ,Normal
FEBRERO, ,002 - 1ENE2                                   ,STOP,004 - ESENCIAL MODA                           ,001 - TEJIDO PUNTO                            ,B15001950,CAMISETA PREMIUM ML ESENCIALES,001 - PRODUCCION INTERNA TELA NACIONALIZADA   ,Normal
MARZO, ,038 - 4OCT2                                   ,STOP,004 - ESENCIAL MODA                           ,001 - TEJIDO PUNTO                            ,B15001953,BODY PREMIUM ML SILUETA AJUSTADA ESENCI,001 - PRODUCCION INTERNA TELA NACIONALIZADA   ,Normal
DICIEMBRE, ,038 - 4OCT2                                   ,STOP,004 - ESENCIAL MODA                           ,001 - TEJIDO PUNTO                            ,B15001957,BLUSA MS CON ESCOTE EN V ESENCIALES,,Normal
MAYO, ,038 - 4OCT2                                   ,STOP,008 - MODA                                    ,005 - DENIM                                   ,B10028818,LEVANTACOLA T/ALTO LAV MEDIO CON CORTES,,Normal
ABRIL, ,038 - 4OCT2                                   ,STOP,004 - ESENCIAL MODA                           ,002 - TEJIDO PLANO                            ,B15001964,BLUSA  TIRAS ESENCIALES ESCOTE EN V,,Normal
DICIEMBRE, ,003 - 1ENE3                                   ,STOP,004 - ESENCIAL MODA                           ,005 - DENIM                                   ,B15001994,EJECUTIVO T/ALTO  BASICO BOTA TUBO ESEN,001 - PRODUCCION INTERNA TELA NACIONALIZADA   ,Normal
NOVIEMBRE, ,003 - 1ENE3                                   ,STOP,005 - ESENCIAL                                ,005 - DENIM                                   ,B15001996,VAQUERO DESCADERADO T/BAJO BOTA RECTA E,,Normal
ENERO, ,040 - 4OCT4                                   ,STOP,005 - ESENCIAL                                ,005 - DENIM                                   ,B15002842,LEVANTACOLA T/ALTO BOTA TUBO ESENCIALES,001 - PRODUCCION INTERNA TELA NACIONALIZADA   ,Normal
FEBRERO, ,040 - 4OCT4                                   ,STOP,004 - ESENCIAL MODA                           ,005 - DENIM                                   ,B15002948,CAMISETA PREMIUM TIRAS CUELLO HALTER CR,,Normal
NOVIEMBRE, ,040 - 4OCT4                                   ,STOP,005 - ESENCIAL                                ,005 - DENIM                                   ,B15002960,MATERNO PREMIUM S/ ALTO ROMANTICA LAV M,,Normal
FEBRERO, ,005 - 1FEB1                                   ,STOP,005 - ESENCIAL                                ,005 - DENIM                                   ,B15002965,LIPOJEAN T/ALTO LAVADO ESENCIALES BOTA,001 - PRODUCCION INTERNA TELA NACIONALIZADA   ,Normal
DICIEMBRE, ,005 - 1FEB1                                   ,STOP,004 - ESENCIAL MODA                           ,005 - DENIM                                   ,B15002994,EJECUTIVO T/ALTO BOTA 21 ESENCIALES,,Normal
FEBRERO, ,047 - 4DIC3                                   ,STOP,004 - ESENCIAL MODA                           ,001 - TEJIDO PUNTO                            ,B15002995,BODY PREMIUM MS DOBLE FAZ ESENCIALES,001 - PRODUCCION INTERNA TELA NACIONALIZADA   ,Normal
NOVIEMBRE, ,003 - 1ENE3                                   ,STOP,005 - ESENCIAL                                ,005 - DENIM                                   ,B15003842,LEVANTACOLA PREMIUM T/ALTO BOTA TUBO ES,001 - PRODUCCION INTERNA TELA NACIONALIZADA   ,Normal
JUNIO, ,047 - 4DIC3                                   ,STOP,005 - ESENCIAL                                ,005 - DENIM                                   ,B15003965,LIPOJEAN PREMIUM T/ALTO NEGRO BOTA TUBO,001 - PRODUCCION INTERNA TELA NACIONALIZADA   ,Normal
MAYO, ,003 - 1ENE3                                   ,STOP,005 - ESENCIAL                                ,001 - TEJIDO PUNTO                            ,B15004852,CAMISETA MS EN RIB ESENCIALES,001 - PRODUCCION INTERNA TELA NACIONALIZADA   ,Normal
SEPTIEMBRE, ,045 - 4DIC1                                   ,STOP,005 - ESENCIAL                                ,005 - DENIM                                   ,B15004921,TEJANO LEVANTACOLA T/ALTO  ESENCIALES,001 - PRODUCCION INTERNA TELA NACIONALIZADA   ,Normal
MAYO, ,045 - 4DIC1                                   ,STOP,005 - ESENCIAL                                ,005 - DENIM                                   ,B15004935,ELASTIK PREMIUM  T/ALTO BOTA TUBO ESENC,,Normal
MARZO, ,047 - 4DIC3                                   ,STOP,005 - ESENCIAL                                ,005 - DENIM                                   ,B15004942,LEVANTACOLA T/ALTO BOTA RECTA ESENCIALE,001 - PRODUCCION INTERNA TELA NACIONALIZADA   ,Normal
MARZO, ,047 - 4DIC3                                   ,STOP,004 - ESENCIAL MODA                           ,005 - DENIM                                   ,B15004955,BLUSA ML BASICA FONDO ENTERO,,Normal
MARZO, ,010 - 1MAR2                                   ,STOP,005 - ESENCIAL                                ,002 - TEJIDO PLANO                            ,B15004956,BLUSA M3/4 ESENCIALES,001 - PRODUCCION INTERNA TELA NACIONALIZADA   ,Normal
ENERO, ,010 - 1MAR2                                   ,STOP,005 - ESENCIAL                                ,005 - DENIM                                   ,B15004960,MATERNO S/ALTO DENIM BOTA TUBO BASICO,,Normal
JULIO, ,045 - 4DIC1                                   ,STOP,004 - ESENCIAL MODA                           ,005 - DENIM                                   ,B15005821,TEJANO PREMIUM LEVANTACOLA T/ALTO NEGRO,001 - PRODUCCION INTERNA TELA NACIONALIZADA   ,Normal
MARZO, ,045 - 4DIC1                                   ,STOP,004 - ESENCIAL MODA                           ,005 - DENIM                                   ,B15005849,CAMISETA MC ESENCIALES,,Normal
NOVIEMBRE, ,045 - 4DIC1                                   ,STOP,005 - ESENCIAL                                ,005 - DENIM                                   ,B15005939,ESCULTOR  T/ALTO BOTA TUBO COLOR BASICO,,Normal
SEPTIEMBRE, ,045 - 4DIC1                                   ,STOP,004 - ESENCIAL MODA                           ,001 - TEJIDO PUNTO                            ,B15005952,CAMISETA PREMIUM  MS DOBLE FAZ ESENCIAL,,Normal
MARZO, ,041 - 4NOV1                                   ,STOP,004 - ESENCIAL MODA                           ,002 - TEJIDO PLANO                            ,B15005955,BLUSA ML FONDO ENTERO ESENCIALES,001 - PRODUCCION INTERNA TELA NACIONALIZADA   ,Normal
NOVIEMBRE, ,003 - 1ENE3                                   ,STOP,005 - ESENCIAL                                ,005 - DENIM                                   ,B15006942,LEVANTACOLA PREMIUM T/ALTO NEGRO BOTA R,001 - PRODUCCION INTERNA TELA NACIONALIZADA   ,Normal
OCTUBRE, ,038 - 4OCT2                                   ,STOP,005 - ESENCIAL                                ,001 - TEJIDO PUNTO                            ,B15006949,CAMISETA PREMIUM MC FONDO ENTERO ESENCI,,Normal
ENERO, ,047 - 4DIC3                                   ,STOP,004 - ESENCIAL MODA                           ,001 - TEJIDO PUNTO                            ,B15006952,CAMISETA PREMIUM MS ESENCIALES,001 - PRODUCCION INTERNA TELA NACIONALIZADA   ,Normal
NOVIEMBRE, ,042 - 4NOV2                                   ,STOP,005 - ESENCIAL                                ,001 - TEJIDO PUNTO                            ,B15007949,CAMISETA MC PREMIUM ESENCIALES,001 - PRODUCCION INTERNA TELA NACIONALIZADA   ,Normal
ABRIL, ,010 - 1MAR2                                   ,STOP,005 - ESENCIAL                                ,001 - TEJIDO PUNTO                            ,B15007952,CAMISETA MS ESENCIALES,001 - PRODUCCION INTERNA TELA NACIONALIZADA   ,Normal
SEPTIEMBRE, ,003 - 1ENE3                                   ,STOP,004 - ESENCIAL MODA                           ,001 - TEJIDO PUNTO                            ,B15008849,CAMISETA PREMIUM MC FONDO ENTERO DOBLE,001 - PRODUCCION INTERNA TELA NACIONALIZADA   ,Normal
OCTUBRE, ,044 - 4NOV4                                   ,STOP,004 - ESENCIAL MODA                           ,005 - DENIM                                   ,B15008888,RETROJEAN T/ALTO ESENCIALES,001 - PRODUCCION INTERNA TELA NACIONALIZADA   ,Normal
MARZO, ,010 - 1MAR2                                   ,STOP,005 - ESENCIAL                                ,001 - TEJIDO PUNTO                            ,B15008952,CAMISETA PREMIUM MS ESCOTE REDONDO ESEN,001 - PRODUCCION INTERNA TELA NACIONALIZADA   ,Normal
DICIEMBRE, ,003 - 1ENE3                                   ,STOP,004 - ESENCIAL MODA                           ,001 - TEJIDO PUNTO                            ,B15009949,CAMISETA MC CON MINI RUCHE EN RUEDOS ES,001 - PRODUCCION INTERNA TELA NACIONALIZADA   ,Normal
MARZO, ,010 - 1MAR2                                   ,STOP,005 - ESENCIAL                                ,005 - DENIM                                   ,B15010911,SHORT T/ALTO ESENCIALES,001 - PRODUCCION INTERNA TELA NACIONALIZADA   ,Normal
JULIO, ,047 - 4DIC3                                   ,STOP,004 - ESENCIAL MODA                           ,001 - TEJIDO PUNTO                            ,B15010949,CAMISETA PREMIUM MC CON ESCOTE EN V ESE,001 - PRODUCCION INTERNA TELA NACIONALIZADA   ,Normal
ABRIL, ,047 - 4DIC3                                   ,STOP,005 - ESENCIAL                                ,001 - TEJIDO PUNTO                            ,B15011949,CAMISETA PREMIUM MC CON CUELLO V ESENCI,,Normal
OCTUBRE, ,047 - 4DIC3                                   ,STOP,005 - ESENCIAL                                ,005 - DENIM                                   ,B15012944,VAQUERO T/ALTO COLOR BOTA TUBO BASICO,,Normal
MARZO, ,010 - 1MAR2                                   ,STOP,005 - ESENCIAL                                ,001 - TEJIDO PUNTO                            ,B15013949,CAMISETA MC ESENCIALES,001 - PRODUCCION INTERNA TELA NACIONALIZADA   ,Normal
SEPTIEMBRE, ,003 - 1ENE3                                   ,STOP,004 - ESENCIAL MODA                           ,005 - DENIM                                   ,B15014824,CHAQUETA ML  ESENCIALES  EN DENIM,001 - PRODUCCION INTERNA TELA NACIONALIZADA   ,Normal
SEPTIEMBRE, ,003 - 1ENE3                                   ,STOP,004 - ESENCIAL MODA                           ,005 - DENIM                                   ,B15014844,VAQUERO T/ALTO BOTA RECTA ESENCIALES,,Normal
ABRIL, ,047 - 4DIC3                                   ,STOP,005 - ESENCIAL                                ,005 - DENIM                                   ,B15015824,CHAQUETA ML NEGRA ESENCIALES,001 - PRODUCCION INTERNA TELA NACIONALIZADA   ,Normal
MARZO, ,047 - 4DIC3                                   ,STOP,004 - ESENCIAL MODA                           ,001 - TEJIDO PUNTO                            ,B15015849,CAMISETA MC ESTAMPADO CROP ESENCIAL MOD,,Normal
AGOSTO, ,045 - 4DIC1                                   ,STOP,005 - ESENCIAL                                ,005 - DENIM                                   ,B15015944,VAQUERO T/ALTO  BOTA RECTA ESENCIALES,001 - PRODUCCION INTERNA TELA NACIONALIZADA   ,Normal
MARZO, ,045 - 4DIC1                                   ,STOP,005 - ESENCIAL                                ,005 - DENIM                                   ,B15016944,VAQUERO T/ALTO ESENCIALES BOTA TUBO,,Normal
MARZO, ,010 - 1MAR2                                   ,STOP,005 - ESENCIAL                                ,005 - DENIM                                   ,B15017944,VAQUERO T/ALTO BOTA TUBO ESENCIALES,001 - PRODUCCION INTERNA TELA NACIONALIZADA   ,Normal
JULIO, ,010 - 1MAR2                                   ,STOP,004 - ESENCIAL MODA                           ,005 - DENIM                                   ,B15022301,EJECUTIVO T/ALTO BASICO,,Normal
MAYO, ,010 - 1MAR2                                   ,STOP,005 - ESENCIAL                                ,005 - DENIM                                   ,B15055901,EJECUTIVO T/ALTO BASICO BOTA RECTA,,Normal
NOVIEMBRE, ,010 - 1MAR2                                   ,STOP,005 - ESENCIAL                                ,005 - DENIM                                   ,B15056901,LIPOJEAN T/ALTO BLANCO  BOTA TUBO BASIC,,Normal
ENERO, ,044 - 4NOV4                                   ,STOP,005 - ESENCIAL                                ,002 - TEJIDO PLANO                            ,B15059901,PANTALON T/ALTO ESENCIALES  BOTA RECTA,001 - PRODUCCION INTERNA TELA NACIONALIZADA   ,Normal
OCTUBRE, ,044 - 4NOV4                                   ,STOP,008 - MODA                                    ,002 - TEJIDO PLANO                            ,B18001938,BERMUDA T/ALTO COLOR CON PINZAS,,Normal
AGOSTO, ,044 - 4NOV4                                   ,STOP,008 - MODA                                    ,005 - DENIM                                   ,B18001969,CULOTT T/ALTO COLOR CON BOLSILLOS,,Normal
ENERO, ,044 - 4NOV4                                   ,STOP,008 - MODA                                    ,005 - DENIM                                   ,B18001988,RETROJEAN T/ALTO ELASTICO EN CINTURA,,Normal
DICIEMBRE, ,044 - 4NOV4                                   ,STOP,008 - MODA                                    ,002 - TEJIDO PLANO                            ,B18002833,ENTERIZO LARGO COLOR ELASTICO EN CINTUR,,Normal
DICIEMBRE, ,044 - 4NOV4                                   ,STOP,008 - MODA                                    ,005 - DENIM                                   ,B18002836,ENTERIZO CORTO NEGRO,,Normal
SEPTIEMBRE, ,044 - 4NOV4                                   ,STOP,008 - MODA                                    ,005 - DENIM                                   ,B18004837,ENTERIZO DE TIRAS LARGO COLOR,,Normal
DICIEMBRE, ,044 - 4NOV4                                   ,STOP,008 - MODA                                    ,001 - TEJIDO PUNTO                            ,B18006826,LEGGINS TIPO CUERO  NEGRO,,Normal
AGOSTO, ,044 - 4NOV4                                   ,STOP,008 - MODA                                    ,005 - DENIM                                   ,B18011916,JOGGER T/ALTO COLOR ELASTICO EN CINTUR,,Normal
OCTUBRE, ,044 - 4NOV4                                   ,STOP,008 - MODA                                    ,005 - DENIM                                   ,B18012816,JOGGER T/ALTO COLOR CON ELASTICO EN BOT,,Normal
AGOSTO, ,044 - 4NOV4                                   ,STOP,008 - MODA                                    ,005 - DENIM                                   ,B18021890,PANTALON T/ALTO COLOR CON BOLSILLOS,,Normal
AGOSTO, ,044 - 4NOV4                                   ,STOP,008 - MODA                                    ,005 - DENIM                                   ,B18022890,PANTALON CARGO T/ALTO COLOR CON BOLSILL,,Normal
OCTUBRE, ,044 - 4NOV4                                   ,STOP,008 - MODA                                    ,005 - DENIM                                   ,B18024890,PANTALON CARGO T/ALTO COLOR BOLSILLOS I,,Normal
NOVIEMBRE, ,044 - 4NOV4                                   ,STOP,008 - MODA                                    ,005 - DENIM                                   ,B18025890,PANTALON CARGO T/ALTO COLOR DETALLE EN,,Normal
MAYO, ,044 - 4NOV4                                   ,STOP,008 - MODA                                    ,002 - TEJIDO PLANO                            ,B18038923,VESTIDO TIRAS LARGO ESTAMPADO,,Normal
AGOSTO, ,044 - 4NOV4                                   ,STOP,008 - MODA                                    ,002 - TEJIDO PLANO                            ,B18083817,PANTALON TIRO ALTO FULL PRINT,,Normal
MAYO, ,044 - 4NOV4                                   ,STOP,008 - MODA                                    ,002 - TEJIDO PLANO                            ,B18086917,PANTALON T/ALTO EN TELA EFECTO SEMILLA,,Normal
MAYO, ,044 - 4NOV4                                   ,STOP,008 - MODA                                    ,002 - TEJIDO PLANO                            ,B18087917,PANTALON T/ALTO DOBLE PRETINA,,Normal
JUNIO, ,044 - 4NOV4                                   ,STOP,008 - MODA                                    ,002 - TEJIDO PLANO                            ,B18090817,PANTALON T/ALTO FONDO ENTERO,,Normal
MAYO, ,044 - 4NOV4                                   ,STOP,008 - MODA                                    ,002 - TEJIDO PLANO                            ,B18093817,PANTALÓN T/ALTO NEGRO BOTA ANCHA CON BO,,Normal
JUNIO, ,044 - 4NOV4                                   ,STOP,008 - MODA                                    ,002 - TEJIDO PLANO                            ,B18095817,PANTALON CARGO T/MEDIO COLOR LIVIANO,,Normal
JULIO, ,044 - 4NOV4                                   ,STOP,008 - MODA                                    ,002 - TEJIDO PLANO                            ,B18100917,PANTALÓN T/ALTO CON RECOGIDOS EN PRETIN,,Normal
SEPTIEMBRE, ,044 - 4NOV4                                   ,STOP,008 - MODA                                    ,002 - TEJIDO PLANO                            ,B18101817,PANTALÓN T/ALTO CON PRETINA EN CONTRAST,,Normal
SEPTIEMBRE, ,044 - 4NOV4                                   ,STOP,008 - MODA                                    ,002 - TEJIDO PLANO                            ,B18103917,PANTALON T/ALTO CON PRETINA TRASLADADA,,Normal
NOVIEMBRE, ,044 - 4NOV4                                   ,STOP,008 - MODA                                    ,002 - TEJIDO PLANO                            ,B18106817,PANTALÓN T/ALTO NEGRO CON CHARRETERA EN,,Normal
ENERO, ,044 - 4NOV4                                   ,STOP,008 - MODA                                    ,002 - TEJIDO PLANO                            ,B18107917,PANTALON T/ALTO CON SESGOS EN CINTURA,,Normal
DICIEMBRE, ,044 - 4NOV4                                   ,STOP,008 - MODA                                    ,002 - TEJIDO PLANO                            ,B18108917,PANTALÓN T/ALTO CON HERRAJE EN CINTURÓN,,Normal
ENERO, ,044 - 4NOV4                                   ,STOP,008 - MODA                                    ,002 - TEJIDO PLANO                            ,B18111817,PANTALON T/MEDIO COLOR  TELA EFECTO TEJ,,Normal
ENERO, ,044 - 4NOV4                                   ,STOP,008 - MODA                                    ,002 - TEJIDO PLANO                            ,B18112917,PANTALON T/ALTO COLOR PRENSES EN DELANT,,Normal
FEBRERO, ,044 - 4NOV4                                   ,STOP,008 - MODA                                    ,002 - TEJIDO PLANO                            ,B18113917,PANTALON T/ALTO CON BOTON EXPUESTO,,Normal
JULIO, ,044 - 4NOV4                                   ,STOP,008 - MODA                                    ,002 - TEJIDO PLANO                            ,B18227901,FALDA LARGA TIPO PAREO ESTAMPADA,,Normal
MARZO, ,044 - 4NOV4                                   ,STOP,008 - MODA                                    ,005 - DENIM                                   ,X10001860,ENTERIZO CORTO MARFIL CON CIERRE EN FRE,,Normal
SEPTIEMBRE, ,044 - 4NOV4                                   ,STOP,008 - MODA                                    ,005 - DENIM                                   ,X10001872,RETROJEAN DESCADERADO LAV OSCURO,,Normal
SEPTIEMBRE, ,044 - 4NOV4                                   ,STOP,008 - MODA                                    ,005 - DENIM                                   ,X10001873,VAQUERO DESCADERADO T/BAJO LAV MEDIO LA,,Normal
NOVIEMBRE, ,044 - 4NOV4                                   ,STOP,008 - MODA                                    ,005 - DENIM                                   ,X10002972,RETROJEAN T/DESCADERADO LAV MEDIO BROCH,,Normal
DICIEMBRE, ,044 - 4NOV4                                   ,STOP,008 - MODA                                    ,005 - DENIM                                   ,X10003872,RETROJEAN T/DESADERADO COLOR CON BOLSIL,,Normal
OCTUBRE, ,044 - 4NOV4                                   ,STOP,008 - MODA                                    ,002 - TEJIDO PLANO                            ,X10006853,FALDA T/ALTO ARENA LARGA CON BOLSILLOS,,Normal
DICIEMBRE, ,044 - 4NOV4                                   ,STOP,008 - MODA                                    ,005 - DENIM                                   ,X10008953,FALDA T/ALTO LARGA ARENA CON CORTES EN,,Normal
OCTUBRE, ,044 - 4NOV4                                   ,STOP,008 - MODA                                    ,005 - DENIM                                   ,X10009853,FALDA T/ALTO LARGA BLANCA CON ABERTURA,,Normal
DICIEMBRE, ,044 - 4NOV4                                   ,STOP,008 - MODA                                    ,005 - DENIM                                   ,X10009947,FALDA SHORT T/ALTO MARFIL CON FRENTE CR,,Normal
DICIEMBRE, ,044 - 4NOV4                                   ,STOP,008 - MODA                                    ,005 - DENIM                                   ,X10010849,TEJANO T/ALTO LAVADO MEDIO LARGO ESPECI,,Normal
SEPTIEMBRE, ,044 - 4NOV4                                   ,STOP,008 - MODA                                    ,005 - DENIM                                   ,X10012847,FALDA SHORT T/ALTO LAV MEDIO CON BOLSIL,,Normal
ENERO, ,044 - 4NOV4                                   ,STOP,008 - MODA                                    ,005 - DENIM                                   ,X10013824,JOGGER T/BAJO DESCADERADO COLOR DETALLE,,Normal
JUNIO, ,044 - 4NOV4                                   ,STOP,008 - MODA                                    ,005 - DENIM                                   ,X10014924,JOGGER T/ALTO LAV MEDIO CON BOLSILLOS E,,Normal
MARZO, ,044 - 4NOV4                                   ,STOP,008 - MODA                                    ,005 - DENIM                                   ,X10015949,TEJANO T/ALTO LAV OSCURO CON DETALLE EN,,Normal
OCTUBRE, ,044 - 4NOV4                                   ,STOP,008 - MODA                                    ,005 - DENIM                                   ,X10016918,LEVANTACOLA T/ALTO COLOR CON BOLSILLOS,,Normal
SEPTIEMBRE, ,044 - 4NOV4                                   ,STOP,008 - MODA                                    ,005 - DENIM                                   ,X10016942,BAGGY T/ALTO COLOR CON ELASTICO EN CINT,,Normal
DICIEMBRE, ,044 - 4NOV4                                   ,STOP,008 - MODA                                    ,005 - DENIM                                   ,X10016946,OVERALL CORTO T/ALTO LAV MEDIO OSCURO,,Normal
NOVIEMBRE, ,044 - 4NOV4                                   ,STOP,008 - MODA                                    ,005 - DENIM                                   ,X10016947,FALDA SHORT T/ALTO CON DELANTERO IRREGU,,Normal
NOVIEMBRE, ,044 - 4NOV4                                   ,STOP,008 - MODA                                    ,005 - DENIM                                   ,X10017818,LEVANTACOLA T/ALTO NEGRO CON DETALLE EN,,Normal
OCTUBRE, ,044 - 4NOV4                                   ,STOP,008 - MODA                                    ,005 - DENIM                                   ,X10017824,JOGGER T/ALTO COLOR BOLSILLOS EN COSTAD,,Normal
ABRIL, ,044 - 4NOV4                                   ,STOP,008 - MODA                                    ,002 - TEJIDO PLANO                            ,X10017946,OVERALL CORTO LAV MEDIO CON ROTOS,,Normal
DICIEMBRE, ,044 - 4NOV4                                   ,STOP,008 - MODA                                    ,005 - DENIM                                   ,X10017947,FALDA SHORT T/ALTO COLOR CON TAPA EN FR,,Normal
MARZO, ,044 - 4NOV4                                   ,STOP,008 - MODA                                    ,005 - DENIM                                   ,X10017949,TEJANO LEVANTACOLA T/ALTO LAV OSCURO,,Normal
OCTUBRE, ,044 - 4NOV4                                   ,STOP,008 - MODA                                    ,005 - DENIM                                   ,X10018818,LEVANTACOLA TIRO ALTO CON DETALLE EN CO,,Normal
ENERO, ,044 - 4NOV4                                   ,STOP,008 - MODA                                    ,002 - TEJIDO PLANO                            ,X10018824,JOGGER T/ALTO LAV CLARO DETALLE EN BOTA,,Normal
NOVIEMBRE, ,044 - 4NOV4                                   ,STOP,008 - MODA                                    ,005 - DENIM                                   ,X10018942,BAGGY PREMIUM T/ALTO LAV OSCURO CON PIN,,Normal
DICIEMBRE, ,044 - 4NOV4                                   ,STOP,008 - MODA                                    ,002 - TEJIDO PLANO                            ,X10019818,LEVANTACOLA T/ALTO NEGRO EN TELA EFECTO,,Normal
DICIEMBRE, ,044 - 4NOV4                                   ,STOP,008 - MODA                                    ,005 - DENIM                                   ,X10019847,FALDA SHORT CORTA LAV MEDIO CORTES EN D,,Normal
DICIEMBRE, ,044 - 4NOV4                                   ,STOP,008 - MODA                                    ,005 - DENIM                                   ,X10020918,LEVANTACOLA T/ALTO LAV CLARO BOTONES EX,,Normal
FEBRERO, ,044 - 4NOV4                                   ,STOP,008 - MODA                                    ,005 - DENIM                                   ,X10020949,TEJANO T/ALTO OSCURO EN COURDUROY,,Normal
FEBRERO, ,044 - 4NOV4                                   ,STOP,008 - MODA                                    ,005 - DENIM                                   ,X10021947,FALDA SHORT T/ALTO LAVADO MEDIO DENIM,,Normal
MAYO, ,044 - 4NOV4                                   ,STOP,008 - MODA                                    ,005 - DENIM                                   ,X10021949,TEJANO T/ALTO LAV CLARO CON DOBLE BOTON,,Normal
MAYO, ,044 - 4NOV4                                   ,STOP,008 - MODA                                    ,005 - DENIM                                   ,X10022849,TEJANO T/ALTO LAV MEDIO OSCURO DETALLE,,Normal
JULIO, ,044 - 4NOV4                                   ,STOP,008 - MODA                                    ,005 - DENIM                                   ,X10022918,LEVANTACOLA T/ALTO LAV OSCURO DETALLE E,,Normal
JUNIO, ,044 - 4NOV4                                   ,STOP,008 - MODA                                    ,005 - DENIM                                   ,X10024949,TEJANO T/MEDIO LAV MEDIO OSCURO CON DET,,Normal
JUNIO, ,044 - 4NOV4                                   ,STOP,008 - MODA                                    ,005 - DENIM                                   ,X10025849,TEJANO LEVANTACOLA T/ALTO LAV MEDIO CON,,Normal
MARZO, ,044 - 4NOV4                                   ,STOP,008 - MODA                                    ,005 - DENIM                                   ,X10025918,LEVANTACOLA T/ALTO LAV MEDIO DETALLE EN,,Normal
MAYO, ,044 - 4NOV4                                   ,STOP,008 - MODA                                    ,005 - DENIM                                   ,X10026818,LEVANTACOLA T/ALTO LAV MEDIO  DETALLE E,,Normal
JULIO, ,044 - 4NOV4                                   ,STOP,008 - MODA                                    ,005 - DENIM                                   ,X10026849,TEJANO T/ALTO LAV MEDIO CON DOBLE BOTÓN,,Normal
MAYO, ,044 - 4NOV4                                   ,STOP,008 - MODA                                    ,005 - DENIM                                   ,X10027918,LEVANTACOLA T/ALTO LAV MEDIO OSCURO BOT,,Normal
JULIO, ,044 - 4NOV4                                   ,STOP,008 - MODA                                    ,005 - DENIM                                   ,X10028948,CULOTT T/ALTO LAV MEDIO CON CORREA,,Normal
JULIO, ,044 - 4NOV4                                   ,STOP,008 - MODA                                    ,005 - DENIM                                   ,X10028949,TEJANO T/ALTO LAV MEDIO CON ROTOS BOTA,,Normal
MAYO, ,044 - 4NOV4                                   ,STOP,008 - MODA                                    ,005 - DENIM                                   ,X10029918,LEVANTACOLA T/ALTO LAV MEDIO CON DETALL,,Normal
JULIO, ,044 - 4NOV4                                   ,STOP,008 - MODA                                    ,005 - DENIM                                   ,X10030818,LEVANTACOLA T/ALTO LAV MEDIO CON BOTONE,,Normal
SEPTIEMBRE, ,044 - 4NOV4                                   ,STOP,008 - MODA                                    ,005 - DENIM                                   ,X10030949,TEJANO T/ALTO LAV MEDIO CON BOLSILLOS D,,Normal
AGOSTO, ,044 - 4NOV4                                   ,STOP,008 - MODA                                    ,005 - DENIM                                   ,X10031849,TEJANO T/ALTO LAV MEDIO DETALLE EN BOLS,,Normal
JUNIO, ,044 - 4NOV4                                   ,STOP,008 - MODA                                    ,005 - DENIM                                   ,X10031918,LEVANTACOLA T/ALTO LAV MEDIO DETALLE EN,,Normal
JUNIO, ,044 - 4NOV4                                   ,STOP,008 - MODA                                    ,005 - DENIM                                   ,X10031948,CULOTT T/ALTO LAV OSCURO BOTA AMPLIA,,Normal
FEBRERO, ,044 - 4NOV4                                   ,STOP,008 - MODA                                    ,005 - DENIM                                   ,X10032949,TEJANO T/MEDIO LAV OSCURO CORTE EN FREN,,Normal
OCTUBRE, ,044 - 4NOV4                                   ,STOP,008 - MODA                                    ,005 - DENIM                                   ,X10033848,CULOTT T/ALTO COLOR CORTE FRENTE,,Normal
SEPTIEMBRE, ,044 - 4NOV4                                   ,STOP,008 - MODA                                    ,005 - DENIM                                   ,X10033849,TEJANO LEVANTACOLA T/ALTO NEGRO BOTONES,,Normal
OCTUBRE, ,044 - 4NOV4                                   ,STOP,008 - MODA                                    ,005 - DENIM                                   ,X10034849,TEJANO LEVANTACOLA T/MEDIO LAV MEDIO OS,,Normal
JULIO, ,044 - 4NOV4                                   ,STOP,008 - MODA                                    ,005 - DENIM                                   ,X10035818,LEVANTACOLA T/ALTO CROP LAV MEDIO  BOTO,,Normal
DICIEMBRE, ,044 - 4NOV4                                   ,STOP,008 - MODA                                    ,005 - DENIM                                   ,X10035948,CULOTT T/ALTO LAV MEDIO CON CORREA,,Normal
NOVIEMBRE, ,044 - 4NOV4                                   ,STOP,008 - MODA                                    ,005 - DENIM                                   ,X10035949,TEJANO T/MEDIO LAV OSCURO PASADORES CRU,,Normal
DICIEMBRE, ,044 - 4NOV4                                   ,STOP,008 - MODA                                    ,005 - DENIM                                   ,X10036844,OVERALL LARGO COLOR  CON DETALLE EN BOL,,Normal
ENERO, ,044 - 4NOV4                                   ,STOP,008 - MODA                                    ,005 - DENIM                                   ,X10036948,CULOTT T/ALTO LAV OSCURO DETALLE EN DEL,,Normal
NOVIEMBRE, ,010 - 1MAR2                                   ,STOP,008 - MODA                                    ,005 - DENIM                                   ,X10036949,TEJANO T/ALTO LAV/OSCURO BOLSILLOS CON,001 - PRODUCCION INTERNA TELA NACIONALIZADA   ,Normal
FEBRERO, ,010 - 1MAR2                                   ,STOP,008 - MODA                                    ,005 - DENIM                                   ,X10037948,CULOTT T/ALTO LAV OSCURO BOTA ANCHA,,Normal
DICIEMBRE, ,010 - 1MAR2                                   ,STOP,008 - MODA                                    ,005 - DENIM                                   ,X10037949,TEJANO LEVANTACOLA T/BAJO LAV MEDIO BOT,,Normal
DICIEMBRE, ,010 - 1MAR2                                   ,STOP,008 - MODA                                    ,005 - DENIM                                   ,X10038849,TEJANO LEVANTACOLA T/ALTO LAV OSCURO BO,,Normal
AGOSTO, ,010 - 1MAR2                                   ,STOP,008 - MODA                                    ,005 - DENIM                                   ,X10038918,LEVANTACOLA PREMIUM  T/ALTO NEGRO  BOLS,,Normal
SEPTIEMBRE, ,010 - 1MAR2                                   ,STOP,008 - MODA                                    ,005 - DENIM                                   ,X10039818,LEVANTACOLA T/ALTO LAV MEDIO BOTA RECTA,,Normal
DICIEMBRE, ,010 - 1MAR2                                   ,STOP,008 - MODA                                    ,005 - DENIM                                   ,X10039949,TEJANO T/ALTO COLOR CON BOLSILLOS Y TAP,,Normal
DICIEMBRE, ,010 - 1MAR2                                   ,STOP,008 - MODA                                    ,005 - DENIM                                   ,X10040822,MOM JEAN PREMIUM T/ALTO CON TACTO SUAVE,,Normal
MAYO, ,010 - 1MAR2                                   ,STOP,008 - MODA                                    ,002 - TEJIDO PLANO                            ,X10040823,FALDA T/ALTO ARENA CON BOLSILLOS FUNCIO,,Normal
ENERO, ,010 - 1MAR2                                   ,STOP,008 - MODA                                    ,005 - DENIM                                   ,X10040849,TEJANO T/ALTO COLOR CON DOBLE PRETINA,,Normal
OCTUBRE, ,010 - 1MAR2                                   ,STOP,008 - MODA                                    ,005 - DENIM                                   ,X10040918,LEVANTACOLA T/ALTO LAV MEDIO OSCURO CON,,Normal
SEPTIEMBRE, ,010 - 1MAR2                                   ,STOP,008 - MODA                                    ,005 - DENIM                                   ,X10041818,LEVANTACOLA T/ALTO LAV MEDIO CON BOTA D,,Normal
DICIEMBRE, ,010 - 1MAR2                                   ,STOP,008 - MODA                                    ,005 - DENIM                                   ,X10041949,TEJANO T/ALTO LAV OSCURO BOTA AMPLIA,,Normal
OCTUBRE, ,010 - 1MAR2                                   ,STOP,008 - MODA                                    ,005 - DENIM                                   ,X10042818,LEVANTACOLA T/ALTO LAV MEDIO DETALLE EN,,Normal
ENERO, ,010 - 1MAR2                                   ,STOP,008 - MODA                                    ,005 - DENIM                                   ,X10042949,TEJANO LEVANTACOLA T/ALTO NEGRO BOTA D,,Normal
OCTUBRE, ,010 - 1MAR2                                   ,STOP,008 - MODA                                    ,005 - DENIM                                   ,X10043818,LEVANTACOLA T/ALTO LAV OSCURO CON BOLSI,,Normal
FEBRERO, ,010 - 1MAR2                                   ,STOP,008 - MODA                                    ,005 - DENIM                                   ,X10044822,MOM JEAN T/ALTO LAV MEDIO OSCURO CON PR,,Normal
SEPTIEMBRE, ,010 - 1MAR2                                   ,STOP,008 - MODA                                    ,005 - DENIM                                   ,X10044823,FALDA CORTA CON DESGASTE,,Normal
NOVIEMBRE, ,010 - 1MAR2                                   ,STOP,008 - MODA                                    ,005 - DENIM                                   ,X10044918,LEVANTACOLA T/ALTO LAV OSCURO DETALLE E,,Normal
SEPTIEMBRE, ,010 - 1MAR2                                   ,STOP,008 - MODA                                    ,005 - DENIM                                   ,X10045822,MOM JEAN TIRO BAJO LAV MEDIO CON ROTOS,,Normal
NOVIEMBRE, ,010 - 1MAR2                                   ,STOP,008 - MODA                                    ,005 - DENIM                                   ,X10045918,LEVANTACOLA T/ALTO NEGRO CON APLIQUE EN,,Normal
NOVIEMBRE, ,010 - 1MAR2                                   ,STOP,008 - MODA                                    ,005 - DENIM                                   ,X10046818,LEVANTACOLA T/ALTO LAV MEDIO OSCURO CON,,Normal
DICIEMBRE, ,010 - 1MAR2                                   ,STOP,008 - MODA                                    ,005 - DENIM                                   ,X10046822,MOM JEAN DESCADERADO LAV MEDIO DETALLE,,Normal
SEPTIEMBRE, ,010 - 1MAR2                                   ,STOP,008 - MODA                                    ,005 - DENIM                                   ,X10046923,FALDA T/ALTO CORTA LAV CLARO CON CORTES,,Normal
DICIEMBRE, ,010 - 1MAR2                                   ,STOP,008 - MODA                                    ,005 - DENIM                                   ,X10047918,LEVANTACOLA T/ALTO LAV MEDIO OSC APLIQU,,Normal
DICIEMBRE, ,010 - 1MAR2                                   ,STOP,008 - MODA                                    ,005 - DENIM                                   ,X10047922,MOM JEAN T/ALTO LAV CLARO CON ROTOS,,Normal
DICIEMBRE, ,010 - 1MAR2                                   ,STOP,008 - MODA                                    ,005 - DENIM                                   ,X10048918,LEVANTACOLA T/ALTO LAV MEDIO CON BOLSIL,,Normal
NOVIEMBRE, ,010 - 1MAR2                                   ,STOP,008 - MODA                                    ,002 - TEJIDO PLANO                            ,X10048923,FALDA T/ALTO LAV CLARO CORTA CON TELA D,,Normal
DICIEMBRE, ,010 - 1MAR2                                   ,STOP,008 - MODA                                    ,005 - DENIM                                   ,X10049918,LEVANTACOLA T/ALTO LAV MEDIO CON INSUMO,,Normal
DICIEMBRE, ,010 - 1MAR2                                   ,STOP,008 - MODA                                    ,005 - DENIM                                   ,X10050812,LIPOJEAN T/ALTO LAV OSCURO SIN BOLSILLO,,Normal
NOVIEMBRE, ,010 - 1MAR2                                   ,STOP,008 - MODA                                    ,005 - DENIM                                   ,X10050818,LEVANTACOLA T/ALTO NEGRO EFECTO CUERO,,Normal
NOVIEMBRE, ,010 - 1MAR2                                   ,STOP,008 - MODA                                    ,005 - DENIM                                   ,X10051818,LEVANTACOLA T/ALTO PLATA TELA CON EFECT,,Normal
DICIEMBRE, ,010 - 1MAR2                                   ,STOP,008 - MODA                                    ,005 - DENIM                                   ,X10052818,LEVANTACOLA T/ALTO LAV MEDIO DETALLE EN,,Normal
DICIEMBRE, ,010 - 1MAR2                                   ,STOP,008 - MODA                                    ,005 - DENIM                                   ,X10053818,LEVANTACOLA T/ALTO LAV OSC CON APLIQUE,,Normal
ABRIL, ,010 - 1MAR2                                   ,STOP,008 - MODA                                    ,005 - DENIM                                   ,X10053823,FALDA T/ALTO LAV MEDIO LARGA CON ABERTU,,Normal
ENERO, ,010 - 1MAR2                                   ,STOP,008 - MODA                                    ,005 - DENIM                                   ,X10054918,LEVANTACOLA T/ALTO  LAV MEDIO RELOJERA,,Normal
ENERO, ,010 - 1MAR2                                   ,STOP,008 - MODA                                    ,005 - DENIM                                   ,X10055818,LEVANTACOLA T/ALTO LAV MEDIO CON ACCES,,Normal
ENERO, ,010 - 1MAR2                                   ,STOP,008 - MODA                                    ,005 - DENIM                                   ,X10056918,LEVANTACOLA T/ALTO LAV OSCURO CON BOLSI,,Normal
FEBRERO, ,010 - 1MAR2                                   ,STOP,008 - MODA                                    ,005 - DENIM                                   ,X10057918,LEVANTACOLA T/ALTO LAV OSCURO DETALLE E,,Normal
NOVIEMBRE, ,010 - 1MAR2                                   ,STOP,008 - MODA                                    ,005 - DENIM                                   ,X10057923,FALDA T/ALTO LAV MEDIO CON HEBILLA,,Normal
NOVIEMBRE, ,010 - 1MAR2                                   ,STOP,008 - MODA                                    ,005 - DENIM                                   ,X10058823,FALDA T/ALTO CORTA NEGRA CON REMACHES E,,Normal
DICIEMBRE, ,010 - 1MAR2                                   ,STOP,008 - MODA                                    ,005 - DENIM                                   ,X10059823,FALDA T/ALTO CORTA LAV OSCURO CON TABLA,,Normal
JUNIO, ,010 - 1MAR2                                   ,STOP,008 - MODA                                    ,005 - DENIM                                   ,X10065955,RETROJEAN T/MEDIO LAV MEDIO CLARO CON C,,Normal
NOVIEMBRE, ,010 - 1MAR2                                   ,STOP,008 - MODA                                    ,005 - DENIM                                   ,X10066816,ELASTIK PREMIUM  T/ALTO LAV MEDIO BOTA,,Normal
AGOSTO, ,010 - 1MAR2                                   ,STOP,008 - MODA                                    ,005 - DENIM                                   ,X10069834,PANTALON CARGO T/BAJO LAV MEDIO CON BOL,,Normal
AGOSTO, ,010 - 1MAR2                                   ,STOP,008 - MODA                                    ,005 - DENIM                                   ,X10070855,RETROJEAN T/BAJO LAV CLARO CON DESGASTE,,Normal
OCTUBRE, ,010 - 1MAR2                                   ,STOP,008 - MODA                                    ,005 - DENIM                                   ,X10071855,RETROJEAN T/ALTO LAV CLARO CON CORDON E,,Normal
NOVIEMBRE, ,010 - 1MAR2                                   ,STOP,008 - MODA                                    ,005 - DENIM                                   ,X10071934,PANTALON CARGO T/ALTO LAV MEDIO OSCURO,,Normal
NOVIEMBRE, ,010 - 1MAR2                                   ,STOP,008 - MODA                                    ,005 - DENIM                                   ,X10072834,PANTALON CARGO T/ALTO COLOR CON BOLSILL,,Normal
MAYO, ,010 - 1MAR2                                   ,STOP,008 - MODA                                    ,005 - DENIM                                   ,X10072916,ELASTIK PREMIUM T/ALTO LAV MEDIO PINZAS,,Normal
SEPTIEMBRE, ,010 - 1MAR2                                   ,STOP,008 - MODA                                    ,005 - DENIM                                   ,X10072955,RETROJEAN T/ALTO LAV CLARO CON DESGASTE,,Normal
MAYO, ,010 - 1MAR2                                   ,STOP,008 - MODA                                    ,005 - DENIM                                   ,X10073816,ELASTIK  PREMIUM T/ALTO LAV MEDIO CON A,,Normal
DICIEMBRE, ,010 - 1MAR2                                   ,STOP,008 - MODA                                    ,005 - DENIM                                   ,X10073934,PANTALON CARGO T/ALTO LAV CLARO CON BOL,,Normal
ENERO, ,010 - 1MAR2                                   ,STOP,008 - MODA                                    ,005 - DENIM                                   ,X10074834,PANTALON CARGO T/ALTO BLANCO BOTA AMPLI,,Normal
NOVIEMBRE, ,013 - 2ABR1                                   ,STOP,008 - MODA                                    ,005 - DENIM                                   ,X10074955,RETROJEAN T/ALTO  CON CORTES EN FRENTE,001 - PRODUCCION INTERNA TELA NACIONALIZADA   ,Normal
ENERO, ,013 - 2ABR1                                   ,STOP,008 - MODA                                    ,005 - DENIM                                   ,X10075834,PANTALON CARGO T/ALTO BLANCO DELANTERO,,Normal
OCTUBRE, ,013 - 2ABR1                                   ,STOP,008 - MODA                                    ,005 - DENIM                                   ,X10075855,RETROJEAN T/ALTO LASER ESTRELLAS,,Normal
JULIO, ,013 - 2ABR1                                   ,STOP,008 - MODA                                    ,005 - DENIM                                   ,X10075916,ELASTIK PREMIUM T/ALTO LAV OSCURO SIN B,,Normal
AGOSTO, ,013 - 2ABR1                                   ,STOP,008 - MODA                                    ,005 - DENIM                                   ,X10076816,ELASTIK PREMIUM T/ALTO LAV MEDIO OSCURO,,Normal
NOVIEMBRE, ,013 - 2ABR1                                   ,STOP,008 - MODA                                    ,005 - DENIM                                   ,X10076855,RETROJEAN T/ALTO  NEGRO TELA EFECTO CUE,,Normal
FEBRERO, ,013 - 2ABR1                                   ,STOP,008 - MODA                                    ,005 - DENIM                                   ,X10076934,PANTALON CARGO T/ALTO LAV MEDIO CON COR,,Normal
SEPTIEMBRE, ,013 - 2ABR1                                   ,STOP,008 - MODA                                    ,005 - DENIM                                   ,X10077816,ELASTIK PREMIUM  T/BAJO LAV MEDIO OSCUR,,Normal
NOVIEMBRE, ,013 - 2ABR1                                   ,STOP,008 - MODA                                    ,005 - DENIM                                   ,X10077855,RETROJEAN T/ALTO LAV CLARO EFECTO BRIL,,Normal
OCTUBRE, ,013 - 2ABR1                                   ,STOP,008 - MODA                                    ,005 - DENIM                                   ,X10078816,ELASTIK PREMIUM T/MEDIO LAV OSCURO CON,,Normal
DICIEMBRE, ,045 - 4DIC1                                   ,STOP,008 - MODA                                    ,005 - DENIM                                   ,X10078955,RETROJEAN T/ALTO LAV OSCURO CON CORREA,001 - PRODUCCION INTERNA TELA NACIONALIZADA   ,Normal
ENERO, ,045 - 4DIC1                                   ,STOP,008 - MODA                                    ,005 - DENIM                                   ,X10079816,ELASTIK PREMIUM T/ALTO LAV OSCURO BOTA,,Normal
DICIEMBRE, ,045 - 4DIC1                                   ,STOP,008 - MODA                                    ,005 - DENIM                                   ,X10079855,RETROJEAN T/DESCADERADO NEGRO BOTA AMPL,,Normal
ENERO, ,045 - 4DIC1                                   ,STOP,008 - MODA                                    ,005 - DENIM                                   ,X10080855,RETROJEAN DESCADERADO LAV CLARO DETALLE,,Normal
ENERO, ,045 - 4DIC1                                   ,STOP,008 - MODA                                    ,005 - DENIM                                   ,X10081955,RETROJEAN T/ALTO LAV OSCURO BOTA RECTA,,Normal
FEBRERO, ,045 - 4DIC1                                   ,STOP,008 - MODA                                    ,005 - DENIM                                   ,X10082955,RETROJEAN  T/ALTO LAV CLARO CON CORREA,,Normal
FEBRERO, ,045 - 4DIC1                                   ,STOP,008 - MODA                                    ,005 - DENIM                                   ,X10083955,RETROJEAN T/ALTO COLOR,,Normal
FEBRERO, ,045 - 4DIC1                                   ,STOP,008 - MODA                                    ,005 - DENIM                                   ,X10084955,RETROJEAN T/ALTO COLOR BOTA ANCHA,,Normal
ABRIL, ,045 - 4DIC1                                   ,STOP,008 - MODA                                    ,005 - DENIM                                   ,X10085855,RETROJEAN T/ALTO BLANCO CON CORTES EN C,,Normal
NOVIEMBRE, ,045 - 4DIC1                                   ,STOP,008 - MODA                                    ,005 - DENIM                                   ,X10109901,PANTALON T/ALTO COLOR CON CHARRETERAS E,,Normal
JUNIO, ,045 - 4DIC1                                   ,STOP,008 - MODA                                    ,005 - DENIM                                   ,X10114914,ESCULTOR T/ALTO LAV OSCURO DETALLE EN P,,Normal
AGOSTO, ,045 - 4DIC1                                   ,STOP,008 - MODA                                    ,005 - DENIM                                   ,X10116914,ESCULTOR T/ALTO LAV OSCURO DOBLE PRETIN,,Normal
OCTUBRE, ,045 - 4DIC1                                   ,STOP,008 - MODA                                    ,005 - DENIM                                   ,X10118914,ESCULTOR PREMIUM T/ALTO NEGRO DETALLE E,,Normal
DICIEMBRE, ,045 - 4DIC1                                   ,STOP,008 - MODA                                    ,005 - DENIM                                   ,X10123914,ESCULTOR PREMIUM T/ALTO  NEGRO BOTA TUB,,Normal
FEBRERO, ,045 - 4DIC1                                   ,STOP,008 - MODA                                    ,005 - DENIM                                   ,X10124914,ESCULTOR T/ALTO OSCURO CON HILO CONTRAS,,Normal
MAYO, ,045 - 4DIC1                                   ,STOP,008 - MODA                                    ,005 - DENIM                                   ,X10125817,REDUCTOR T/ALTO  BOTA TUBO CON ROTOS,,Normal
FEBRERO, ,045 - 4DIC1                                   ,STOP,008 - MODA                                    ,005 - DENIM                                   ,X10125914,ESCULTOR PREMIUM T/ALTO LAV OSCURO  BOT,,Normal
MARZO, ,045 - 4DIC1                                   ,STOP,008 - MODA                                    ,005 - DENIM                                   ,X10126914,ESCULTOR T/ALTO LAV MEDIO CON DETALLE E,,Normal
MAYO, ,045 - 4DIC1                                   ,STOP,008 - MODA                                    ,005 - DENIM                                   ,X10127914,ESCULTOR PREMIUM T/ALTO LAV MEDIO SIN B,,Normal
MAYO, ,045 - 4DIC1                                   ,STOP,008 - MODA                                    ,005 - DENIM                                   ,X10128914,ESCULTOR T/ALTO ARENA CON DETALLE EN  P,,Normal
JUNIO, ,045 - 4DIC1                                   ,STOP,008 - MODA                                    ,005 - DENIM                                   ,X10129814,ESCULTOR T/ALTO LAV MEDIO  CORTES EN PR,,Normal
JULIO, ,045 - 4DIC1                                   ,STOP,008 - MODA                                    ,005 - DENIM                                   ,X10130814,ESCULTOR T/ALTO LAV MEDIO CON ACCESORIO,,Normal
OCTUBRE, ,045 - 4DIC1                                   ,STOP,008 - MODA                                    ,005 - DENIM                                   ,X10132814,ESCULTOR T/ALTO LAV MEDIO OSCURO BOTA T,,Normal
OCTUBRE, ,045 - 4DIC1                                   ,STOP,008 - MODA                                    ,005 - DENIM                                   ,X10132917,REDUCTOR T/ALTO LAV MEDIO BOTA TUBO,,Normal
NOVIEMBRE, ,045 - 4DIC1                                   ,STOP,008 - MODA                                    ,005 - DENIM                                   ,X10133914,ESCULTOR T/ALTO LAV MEDIO CON APLIQUES,,Normal
FEBRERO, ,045 - 4DIC1                                   ,STOP,008 - MODA                                    ,005 - DENIM                                   ,X10133917,CAPRI REDUCTOR T/ALTO LAV MEDIO BOTA D,,Normal
DICIEMBRE, ,045 - 4DIC1                                   ,STOP,008 - MODA                                    ,005 - DENIM                                   ,X10134803,BERMUDA T/ALTO BOTA DESFLECADA,,Normal
NOVIEMBRE, ,045 - 4DIC1                                   ,STOP,008 - MODA                                    ,005 - DENIM                                   ,X10134814,ESCULTOR T/ALTO LAV MEDIO OSCURO BOTA F,,Normal
AGOSTO, ,045 - 4DIC1                                   ,STOP,008 - MODA                                    ,005 - DENIM                                   ,X10134905,TORERO T/ALTO LAV MEDIO CON BOLSILLOS,,Normal
NOVIEMBRE, ,045 - 4DIC1                                   ,STOP,008 - MODA                                    ,005 - DENIM                                   ,X10135814,ESCULTOR T/ALTO LAV MEDIO CON BORDADO,,Normal
MAYO, ,045 - 4DIC1                                   ,STOP,008 - MODA                                    ,005 - DENIM                                   ,X10136802,CAPRI PREMIUM T/ALTO NEGRO CON ABERTURA,,Normal
ENERO, ,045 - 4DIC1                                   ,STOP,008 - MODA                                    ,005 - DENIM                                   ,X10136814,ESCULTOR T/ALTO LAV OSCURO,,Normal
FEBRERO, ,045 - 4DIC1                                   ,STOP,008 - MODA                                    ,005 - DENIM                                   ,X10137803,BERMUDA T/ALTO COLOR PRETINA ANCHA,,Normal
ENERO, ,045 - 4DIC1                                   ,STOP,008 - MODA                                    ,005 - DENIM                                   ,X10137914,ESCULTOR T/ALTO LAV CLARO BOTA TUBO,,Normal
OCTUBRE, ,045 - 4DIC1                                   ,STOP,008 - MODA                                    ,005 - DENIM                                   ,X10138902,CAPRI T/ALTO LAV MEDIO CON BOLSILLOS,,Normal
MARZO, ,045 - 4DIC1                                   ,STOP,008 - MODA                                    ,005 - DENIM                                   ,X10138903,BERMUDA T/ALTO COLOR CON BOLSILLOS EN F,,Normal
OCTUBRE, ,045 - 4DIC1                                   ,STOP,008 - MODA                                    ,005 - DENIM                                   ,X10139802,CAPRI T/ALTO NEGRO EN TELA CON EFECTO,,Normal
DICIEMBRE, ,045 - 4DIC1                                   ,STOP,008 - MODA                                    ,005 - DENIM                                   ,X10140902,CAPRI T/ALTO LAV MEDIO CON ABERTURA EN,,Normal
MAYO, ,045 - 4DIC1                                   ,STOP,008 - MODA                                    ,005 - DENIM                                   ,X10140903,BERMUDA T/ALTO  COLOR  CON DOBLE PRETIN,,Normal
MAYO, ,045 - 4DIC1                                   ,STOP,008 - MODA                                    ,005 - DENIM                                   ,X10141803,BERMUDA T/ALTO LAV CLARO CON DETALLE EN,,Normal
NOVIEMBRE, ,045 - 4DIC1                                   ,STOP,008 - MODA                                    ,005 - DENIM                                   ,X10142803,BERMUDA T/ALTO COLOR CON BOLSILLOS EN C,,Normal
JUNIO, ,045 - 4DIC1                                   ,STOP,008 - MODA                                    ,005 - DENIM                                   ,X10143903,BERMUDA T/ALTO LAVADO MEDIO CON BOTONES,,Normal
JULIO, ,045 - 4DIC1                                   ,STOP,008 - MODA                                    ,005 - DENIM                                   ,X10145803,BERMUDA T/ALTO LAV CLARO CON CORDON EN,,Normal
JULIO, ,045 - 4DIC1                                   ,STOP,008 - MODA                                    ,005 - DENIM                                   ,X10146903,BERMUDA T/ALTO CON BOLSILLOS PARCHE,,Normal
FEBRERO, ,045 - 4DIC1                                   ,STOP,008 - MODA                                    ,005 - DENIM                                   ,X10149903,BERMUDA T/ALTO LAV MEDIO CON BOLSILLOS,,Normal
OCTUBRE, ,045 - 4DIC1                                   ,STOP,008 - MODA                                    ,005 - DENIM                                   ,X10150803,BERMUDA T/ALTO LAV CLARO CON LASER,,Normal
NOVIEMBRE, ,045 - 4DIC1                                   ,STOP,008 - MODA                                    ,005 - DENIM                                   ,X10151903,BERMUDA T/ALTO COLOR BOLSILLOS EN COSTA,,Normal
DICIEMBRE, ,045 - 4DIC1                                   ,STOP,008 - MODA                                    ,005 - DENIM                                   ,X10152803,BERMUDA T/ALTO LAV MEDIO OSCURO CON PIE,,Normal
DICIEMBRE, ,045 - 4DIC1                                   ,STOP,008 - MODA                                    ,005 - DENIM                                   ,X10153903,BERMUDA  T/ALTO COLOR ABERTURA EN COSTA,,Normal
NOVIEMBRE, ,016 - 2ABR4                                   ,STOP,008 - MODA                                    ,005 - DENIM                                   ,X10154803,BERMUDA T/ALTO LAV CLARO CON TACHES BOL,001 - PRODUCCION INTERNA TELA NACIONALIZADA   ,Normal
DICIEMBRE, ,016 - 2ABR4                                   ,STOP,008 - MODA                                    ,005 - DENIM                                   ,X10155803,BERMUDA T/ALTO COLOR CON APLIQUE,,Normal
ENERO, ,016 - 2ABR4                                   ,STOP,008 - MODA                                    ,005 - DENIM                                   ,X10156903,BERMUDA T/ALTO COLOR BLANCO,,Normal
DICIEMBRE, ,016 - 2ABR4                                   ,STOP,008 - MODA                                    ,005 - DENIM                                   ,X10157903,BERMUDA T/ALTO LAVADO OSCURO CON BOLSIL,,Normal
DICIEMBRE, ,016 - 2ABR4                                   ,STOP,008 - MODA                                    ,005 - DENIM                                   ,X10158903,BERMUDA T/ALTO MARFIL EN TELA EFECTO BR,,Normal
ENERO, ,016 - 2ABR4                                   ,STOP,008 - MODA                                    ,005 - DENIM                                   ,X10159803,BERMUDA T/ALTO LAV CLARO CON CORDON EN,,Normal
ENERO, ,016 - 2ABR4                                   ,STOP,008 - MODA                                    ,005 - DENIM                                   ,X10160903,BERMUDA T/ALTO LAV OSCURO CON BOLSILLOS,,Normal
ENERO, ,016 - 2ABR4                                   ,STOP,008 - MODA                                    ,005 - DENIM                                   ,X10161903,BERMUDA T/ALTO MARFIL CON BOTA AMPLIA,,Normal
FEBRERO, ,016 - 2ABR4                                   ,STOP,008 - MODA                                    ,005 - DENIM                                   ,X10162903,BERMUDA T/ALTO LAV CLARO SIN BOLSILLOS,,Normal
ENERO, ,016 - 2ABR4                                   ,STOP,008 - MODA                                    ,005 - DENIM                                   ,X10163803,BERMUDA T/MEDIO A  RAYAS,,Normal
FEBRERO, ,016 - 2ABR4                                   ,STOP,008 - MODA                                    ,005 - DENIM                                   ,X10164903,BERMUDA T/ALTO LAV MEDIO CON BOTA AMPLI,,Normal
FEBRERO, ,016 - 2ABR4                                   ,STOP,008 - MODA                                    ,005 - DENIM                                   ,X10165903,BERMUDA T/ALTO LAVADO MEDIO CON BOTONES,,Normal
FEBRERO, ,016 - 2ABR4                                   ,STOP,008 - MODA                                    ,005 - DENIM                                   ,X10168903,BERMUDA T/ALTO LAV MEDIO CON BOLSILLOS,,Normal
FEBRERO, ,016 - 2ABR4                                   ,STOP,008 - MODA                                    ,005 - DENIM                                   ,X10169903,BERMUDA T/ALTO MARFIL,,Normal
JUNIO, ,016 - 2ABR4                                   ,STOP,008 - MODA                                    ,005 - DENIM                                   ,X10235913,VAQUERO T/ALTO  BOTA RECTA,,Normal
NOVIEMBRE, ,016 - 2ABR4                                   ,STOP,008 - MODA                                    ,005 - DENIM                                   ,X10255913,VAQUERO T/ALTO COLOR EN CORDUROY BOTA R,,Normal
OCTUBRE, ,016 - 2ABR4                                   ,STOP,008 - MODA                                    ,005 - DENIM                                   ,X10258813,VAQUERO T/ALTO LAV MEDIO BOLSILLO EN CO,,Normal
NOVIEMBRE, ,016 - 2ABR4                                   ,STOP,008 - MODA                                    ,005 - DENIM                                   ,X10263913,VAQUERO T/ALTO LAV MEDIO CON BOTONES EX,,Normal
FEBRERO, ,016 - 2ABR4                                   ,STOP,008 - MODA                                    ,005 - DENIM                                   ,X10266913,VAQUERO T/ALTO LAV MEDIO BOTA RECTA  BO,,Normal
ABRIL, ,016 - 2ABR4                                   ,STOP,008 - MODA                                    ,005 - DENIM                                   ,X10271813,VAQUERO T/ALTO LAV MEDIO V BOTA 21 CON,,Normal
MAYO, ,016 - 2ABR4                                   ,STOP,008 - MODA                                    ,005 - DENIM                                   ,X10272913,VAQUERO T/ALTO LAV CLARO CON DETALLE EN,,Normal
SEPTIEMBRE, ,016 - 2ABR4                                   ,STOP,008 - MODA                                    ,005 - DENIM                                   ,X10274913,VAQUERO T/ALTO COLOR EN TELA TEXTURIZAD,,Normal
JUNIO, ,016 - 2ABR4                                   ,STOP,008 - MODA                                    ,005 - DENIM                                   ,X10275913,VAQUERO T/ALTO LAV MEDIO LARGO ESPECIAL,,Normal
JULIO, ,016 - 2ABR4                                   ,STOP,008 - MODA                                    ,005 - DENIM                                   ,X10276813,VAQUERO T/MEDIO LAV CLARO CON DESGASTES,,Normal
JUNIO, ,016 - 2ABR4                                   ,STOP,008 - MODA                                    ,005 - DENIM                                   ,X10279913,VAQUERO T/ALTO  BOTA RECTA,,Normal
JULIO, ,016 - 2ABR4                                   ,STOP,008 - MODA                                    ,005 - DENIM                                   ,X10281813,VAQUERO T/BAJO LAV MEDIO CON CINTURON,,Normal
AGOSTO, ,016 - 2ABR4                                   ,STOP,008 - MODA                                    ,005 - DENIM                                   ,X10282913,VAQUERO T/ALTO COLOR CON TEXTURA,,Normal
JULIO, ,016 - 2ABR4                                   ,STOP,008 - MODA                                    ,005 - DENIM                                   ,X10284813,VAQUERO T/ALTO LAV MEDIO LARGO ESPECIAL,,Normal
ENERO, ,016 - 2ABR4                                   ,STOP,008 - MODA                                    ,005 - DENIM                                   ,X10285833,SHORT T/ALTO COLOR ARENA CON GUARDAPOLV,,Normal
JULIO, ,016 - 2ABR4                                   ,STOP,008 - MODA                                    ,005 - DENIM                                   ,X10285913,VAQUERO T/ALTO  BOTA TUBO TOBILLERO,,Normal
OCTUBRE, ,016 - 2ABR4                                   ,STOP,008 - MODA                                    ,005 - DENIM                                   ,X10286913,VAQUERO T/ALTO COLOR BOTA TUBO,,Normal
SEPTIEMBRE, ,016 - 2ABR4                                   ,STOP,008 - MODA                                    ,005 - DENIM                                   ,X10287813,VAQUERO T/ALTO  LAV MEDIO BOTA TUBO CRO,,Normal
OCTUBRE, ,016 - 2ABR4                                   ,STOP,008 - MODA                                    ,005 - DENIM                                   ,X10288913,VAQUERO T/ALTO BLANCO BOTA TUBO,,Normal
OCTUBRE, ,016 - 2ABR4                                   ,STOP,008 - MODA                                    ,005 - DENIM                                   ,X10289813,VAQUERO T/MEDIO LAV MEDIO OSCURO TOBILL,,Normal
OCTUBRE, ,016 - 2ABR4                                   ,STOP,008 - MODA                                    ,005 - DENIM                                   ,X10290813,VAQUERO T/ALTO LAV MEDIO OSCURO CORTE E,,Normal
NOVIEMBRE, ,016 - 2ABR4                                   ,STOP,008 - MODA                                    ,005 - DENIM                                   ,X10291913,VAQUERO T/ALTO LAV MEDIO BOTA TUBO,,Normal
NOVIEMBRE, ,016 - 2ABR4                                   ,STOP,008 - MODA                                    ,005 - DENIM                                   ,X10292913,VAQUERO T/ALTO LAV CLARO DETALLE EN BOL,,Normal
DICIEMBRE, ,016 - 2ABR4                                   ,STOP,008 - MODA                                    ,005 - DENIM                                   ,X10293913,VAQUERO T/BAJO LAV MEDIO BOTA RECTA,,Normal
DICIEMBRE, ,016 - 2ABR4                                   ,STOP,008 - MODA                                    ,005 - DENIM                                   ,X10294813,VAQUERO T/ALTO LAV MEDIO CON BRILLOS,,Normal
NOVIEMBRE, ,016 - 2ABR4                                   ,STOP,008 - MODA                                    ,005 - DENIM                                   ,X10295813,VAQUERO T/ALTO LAV OSCURO CON INSUMO BR,,Normal
NOVIEMBRE, ,016 - 2ABR4                                   ,STOP,008 - MODA                                    ,005 - DENIM                                   ,X10296813,VAQUERO T/ALTO LAV CLARO BOTA TUBO,001 - PRODUCCION INTERNA TELA NACIONALIZADA   ,Normal
DICIEMBRE, ,016 - 2ABR4                                   ,STOP,008 - MODA                                    ,005 - DENIM                                   ,X10298913,VAQUERO T/ALTO COLOR EN CORDUROY,,Normal
NOVIEMBRE, ,016 - 2ABR4                                   ,STOP,008 - MODA                                    ,005 - DENIM                                   ,X10299813,VAQUERO T/ALTO NEGRO CON APLIQUE EN FRE,,Normal
DICIEMBRE, ,016 - 2ABR4                                   ,STOP,008 - MODA                                    ,005 - DENIM                                   ,X10300813,VAQUERO T/ALTO LAV MEDIO CON APLIQUE BO,,Normal
NOVIEMBRE, ,016 - 2ABR4                                   ,STOP,008 - MODA                                    ,005 - DENIM                                   ,X10301813,VAQUERO T/ALTO LAV OSCURO CON INSUMO BR,,Normal
JULIO, ,016 - 2ABR4                                   ,STOP,008 - MODA                                    ,005 - DENIM                                   ,X10301933,SHORT T/MEDIO LAV CLARO ABERTURAS EN CO,,Normal
ENERO, ,016 - 2ABR4                                   ,STOP,008 - MODA                                    ,005 - DENIM                                   ,X10302913,VAQUERO T/ALTO COLOR CON BOLSILLOS,,Normal
AGOSTO, ,016 - 2ABR4                                   ,STOP,008 - MODA                                    ,005 - DENIM                                   ,X10303833,SHORT T/ALTO TEÑIDO CON DETALLE EN PRET,,Normal
DICIEMBRE, ,016 - 2ABR4                                   ,STOP,008 - MODA                                    ,005 - DENIM                                   ,X10303913,VAQUERO T/ALTO MARFIL EN TELA BORDADA,,Normal
NOVIEMBRE, ,016 - 2ABR4                                   ,STOP,008 - MODA                                    ,005 - DENIM                                   ,X10304813,VAQUERO T/ALTO ESTAMPADO ANIMAL BOTA RE,,Normal
ENERO, ,016 - 2ABR4                                   ,STOP,008 - MODA                                    ,005 - DENIM                                   ,X10305813,VAQUERO T/ALTO LAV MEDIO BOTA RECTA DO,,Normal
ENERO, ,016 - 2ABR4                                   ,STOP,008 - MODA                                    ,005 - DENIM                                   ,X10306913,PANTALON VAQUERO TIRO ALTO,,Normal
FEBRERO, ,016 - 2ABR4                                   ,STOP,008 - MODA                                    ,005 - DENIM                                   ,X10307913,VAQUERO T/MEDIO NEGRO CON BOLSILLOS,,Normal
ENERO, ,016 - 2ABR4                                   ,STOP,008 - MODA                                    ,005 - DENIM                                   ,X10308813,VAQUERO T/ALTO LAV MEDIO OSCURO CORTE E,,Normal
FEBRERO, ,016 - 2ABR4                                   ,STOP,008 - MODA                                    ,002 - TEJIDO PLANO                            ,X10309913,VAQUERO T/ALTO BLANCO CON CINTURON,,Normal
DICIEMBRE, ,016 - 2ABR4                                   ,STOP,008 - MODA                                    ,005 - DENIM                                   ,X10329833,SHORT T/ALTO COLOR MARFIL  CON DESGASTE,,Normal
DICIEMBRE, ,016 - 2ABR4                                   ,STOP,008 - MODA                                    ,005 - DENIM                                   ,X10331833,SHORT T/ALTO LAV CLARO  CON CORDON EN P,,Normal
MARZO, ,016 - 2ABR4                                   ,STOP,008 - MODA                                    ,005 - DENIM                                   ,X10333833,SHORT T/ALTO LAV CLARO CON GUARDA POLVO,,Normal
MAYO, ,016 - 2ABR4                                   ,STOP,008 - MODA                                    ,005 - DENIM                                   ,X10338933,SHORT T/ALTO LAV MEDIO CON RUEDO DESGAS,,Normal
NOVIEMBRE, ,016 - 2ABR4                                   ,STOP,008 - MODA                                    ,005 - DENIM                                   ,X10341833,SHORT T/ALTO LAV MEDIO CON CORDÓN,,Normal
AGOSTO, ,016 - 2ABR4                                   ,STOP,008 - MODA                                    ,005 - DENIM                                   ,X10342933,SHORT T/ALTO LAV MEDIO CON BOLSILLOS DI,,Normal
JULIO, ,016 - 2ABR4                                   ,STOP,008 - MODA                                    ,005 - DENIM                                   ,X10343933,SHORT T/ALTO LAV MEDIO CON BOLSILLOS,,Normal
FEBRERO, ,016 - 2ABR4                                   ,STOP,008 - MODA                                    ,005 - DENIM                                   ,X10345833,SHORT PREMIUM T/ALTO LAV MEDIO BOLSILLO,,Normal
OCTUBRE, ,016 - 2ABR4                                   ,STOP,008 - MODA                                    ,005 - DENIM                                   ,X10346933,SHORT T/MEDIO LAV OSCURO CON BOLSILLOS,,Normal
OCTUBRE, ,016 - 2ABR4                                   ,STOP,008 - MODA                                    ,005 - DENIM                                   ,X10348933,SHORT T/ALTO COLOR CON BOLSILLOS,,Normal
SEPTIEMBRE, ,016 - 2ABR4                                   ,STOP,008 - MODA                                    ,005 - DENIM                                   ,X10349833,SHORT T/ALTO COLOR CON RUEDO DESFLECADO,,Normal
OCTUBRE, ,016 - 2ABR4                                   ,STOP,008 - MODA                                    ,005 - DENIM                                   ,X10350833,SHORT T/ALTO COLOR CON BOLSILLOS,,Normal
OCTUBRE, ,016 - 2ABR4                                   ,STOP,008 - MODA                                    ,005 - DENIM                                   ,X10351833,SHORT T/MEDIO COLOR TELA EFECTO,,Normal
NOVIEMBRE, ,016 - 2ABR4                                   ,STOP,008 - MODA                                    ,005 - DENIM                                   ,X10352833,SHORT T/ALTO COLOR CON GUARDAPOLVO,,Normal
DICIEMBRE, ,016 - 2ABR4                                   ,STOP,008 - MODA                                    ,005 - DENIM                                   ,X10353833,SHORT T/ALTO LAV OSCURO BOLSILLOS EN DE,,Normal
OCTUBRE, ,016 - 2ABR4                                   ,STOP,008 - MODA                                    ,005 - DENIM                                   ,X10354833,SHORT T/ALTO COLOR CON DETALLE EN COTIL,,Normal
ENERO, ,016 - 2ABR4                                   ,STOP,008 - MODA                                    ,005 - DENIM                                   ,X10356933,SHORT T/ALTO LAV MEDIO CON CORDON EN PR,001 - PRODUCCION INTERNA TELA NACIONALIZADA   ,Normal
DICIEMBRE, ,016 - 2ABR4                                   ,STOP,008 - MODA                                    ,005 - DENIM                                   ,X10358833,SHORT  T/ALTO NEGRO TELA EFECTO CUERO,,Normal
ENERO, ,016 - 2ABR4                                   ,STOP,008 - MODA                                    ,005 - DENIM                                   ,X10359933,SHORT T/ALTO LAV MEDIO DETALLE EN BOLSI,,Normal
ENERO, ,016 - 2ABR4                                   ,STOP,008 - MODA                                    ,005 - DENIM                                   ,X10360833,SHORT T/ALTO BLANCO CON LACE UP EN DELA,,Normal
FEBRERO, ,016 - 2ABR4                                   ,STOP,008 - MODA                                    ,005 - DENIM                                   ,X10361933,SHORT T/ALTO LAV MEDIO CON BOLSILLOS,,Normal
FEBRERO, ,016 - 2ABR4                                   ,STOP,008 - MODA                                    ,005 - DENIM                                   ,X10362933,SHORT T/ALTO LAV MEDIO CON LASER,,Normal
ABRIL, ,016 - 2ABR4                                   ,STOP,008 - MODA                                    ,002 - TEJIDO PLANO                            ,X10364933,SHORT T/ALTO LAV CLARO CON BOTA DESFLEC,,Normal
DICIEMBRE, ,016 - 2ABR4                                   ,STOP,008 - MODA                                    ,001 - TEJIDO PUNTO                            ,X11006823,BODY ML ESCOTE V CON RECOGIDO EN FRENTE,,Normal
DICIEMBRE, ,016 - 2ABR4                                   ,STOP,008 - MODA                                    ,001 - TEJIDO PUNTO                            ,X11010822,BODY MC SILUETA AJUSTADA CON ESCOTE EN,,Normal
ENERO, ,016 - 2ABR4                                   ,STOP,008 - MODA                                    ,001 - TEJIDO PUNTO                            ,X11011825,BODY TIRAS CON  ESPALDA PRONUNCIADA,,Normal
ENERO, ,016 - 2ABR4                                   ,STOP,008 - MODA                                    ,001 - TEJIDO PUNTO                            ,X11015825,BODY TIRAS CON ESPALDA PRONUNCIADA,,Normal
DICIEMBRE, ,016 - 2ABR4                                   ,STOP,008 - MODA                                    ,001 - TEJIDO PUNTO                            ,X11020824,BODY MS CUELLO REDONDO EN TELA CON BRIL,,Normal
ABRIL, ,016 - 2ABR4                                   ,STOP,008 - MODA                                    ,001 - TEJIDO PUNTO                            ,X11021824,BODY PREMIUM MS CON DRAPEADO Y ARGOLLA,,Normal
SEPTIEMBRE, ,016 - 2ABR4                                   ,STOP,008 - MODA                                    ,001 - TEJIDO PUNTO                            ,X11087815,CAMISETA ML PREMIUM CUELLO TORTUGA CON,,Normal
SEPTIEMBRE, ,016 - 2ABR4                                   ,STOP,008 - MODA                                    ,001 - TEJIDO PUNTO                            ,X11108912,CAMISETA TIRAS CON ENTORCHADO EN RIB,,Normal
OCTUBRE, ,016 - 2ABR4                                   ,STOP,008 - MODA                                    ,001 - TEJIDO PUNTO                            ,X11112812,CAMISETA TIRAS CON SESGO CON ALMA,,Normal
SEPTIEMBRE, ,016 - 2ABR4                                   ,STOP,008 - MODA                                    ,001 - TEJIDO PUNTO                            ,X11113815,CAMISETA ML EN RIB CON CORTES AL CORTE,,Normal
NOVIEMBRE, ,016 - 2ABR4                                   ,STOP,008 - MODA                                    ,001 - TEJIDO PUNTO                            ,X11114912,CAMISETA TIRAS CON BOLEROS EN ESCOTE,,Normal
NOVIEMBRE, ,016 - 2ABR4                                   ,STOP,008 - MODA                                    ,001 - TEJIDO PUNTO                            ,X11117812,CAMISETA TIRAS ESCOTE EN V CON LENTEJUE,,Normal
ABRIL, ,016 - 2ABR4                                   ,STOP,008 - MODA                                    ,001 - TEJIDO PUNTO                            ,X11119915,CAMISETA ML EN MALLA ESTAMPADA,,Normal
NOVIEMBRE, ,016 - 2ABR4                                   ,STOP,008 - MODA                                    ,001 - TEJIDO PUNTO                            ,X11121815,CAMISETA PREMIUM ML CUELLO REDONDO,,Normal
OCTUBRE, ,016 - 2ABR4                                   ,STOP,008 - MODA                                    ,001 - TEJIDO PUNTO                            ,X11122815,CAMISETA ML EN RIB CON PERILLA,,Normal
NOVIEMBRE, ,016 - 2ABR4                                   ,STOP,008 - MODA                                    ,001 - TEJIDO PUNTO                            ,X11123915,CAMISETA ML CON COSTURAS EXPUESTAS,,Normal
MARZO, ,016 - 2ABR4                                   ,STOP,008 - MODA                                    ,001 - TEJIDO PUNTO                            ,X11124915,CAMISETA PREMIUM ML CON ESCOTE IRREGULA,,Normal
NOVIEMBRE, ,016 - 2ABR4                                   ,STOP,008 - MODA                                    ,001 - TEJIDO PUNTO                            ,X11127815,CAMISETA ML TELA BRILLANTE CON TOP INTE,,Normal
DICIEMBRE, ,016 - 2ABR4                                   ,STOP,008 - MODA                                    ,001 - TEJIDO PUNTO                            ,X11128815,CAMISETA PREMIUM ML ESCOTE V Y ABERTURA,,Normal
NOVIEMBRE, ,016 - 2ABR4                                   ,STOP,008 - MODA                                    ,001 - TEJIDO PUNTO                            ,X11129815,CAMISETA ML EN MALLA CON RECOGIDO Y TOP,,Normal
DICIEMBRE, ,016 - 2ABR4                                   ,STOP,008 - MODA                                    ,001 - TEJIDO PUNTO                            ,X11130915,CAMISETA ML CON CORTES EN FRENTE,,Normal
FEBRERO, ,016 - 2ABR4                                   ,STOP,008 - MODA                                    ,001 - TEJIDO PUNTO                            ,X11134915,CAMISETA PREMIUM ML ESCOTE ASIMETRICO,,Normal
ABRIL, ,016 - 2ABR4                                   ,STOP,008 - MODA                                    ,001 - TEJIDO PUNTO                            ,X11135815,CAMISETA ML CON ABERTURA EN PUÑO,,Normal
AGOSTO, ,016 - 2ABR4                                   ,STOP,008 - MODA                                    ,001 - TEJIDO PUNTO                            ,X11205913,CAMISETA MS FONDO ENTERO CON CORTES,,Normal
NOVIEMBRE, ,016 - 2ABR4                                   ,STOP,008 - MODA                                    ,001 - TEJIDO PUNTO                            ,X11211813,CAMISETA MS CON APLIQUES EN FRENTE EN R,,Normal
NOVIEMBRE, ,016 - 2ABR4                                   ,STOP,008 - MODA                                    ,001 - TEJIDO PUNTO                            ,X11212813,CAMISETA MS CON APLIQUE EN FRENTE,,Normal
NOVIEMBRE, ,016 - 2ABR4                                   ,STOP,008 - MODA                                    ,001 - TEJIDO PUNTO                            ,X11217913,CAMISETA MS EN RIB CON LUREX,,Normal
MAYO, ,016 - 2ABR4                                   ,STOP,008 - MODA                                    ,001 - TEJIDO PUNTO                            ,X11223813,CAMISETA MS CON PERILLA BOTONES Y RIB A,,Normal
FEBRERO, ,016 - 2ABR4                                   ,STOP,008 - MODA                                    ,001 - TEJIDO PUNTO                            ,X11224913,CAMISTA MS EN RIB CON ESTAMPADO Y TEÑID,,Normal
MARZO, ,016 - 2ABR4                                   ,STOP,008 - MODA                                    ,001 - TEJIDO PUNTO                            ,X11228913,CAMISETA MS CON ARGOLLA EN HOMBRO,,Normal
ABRIL, ,016 - 2ABR4                                   ,STOP,008 - MODA                                    ,001 - TEJIDO PUNTO                            ,X11229813,CAMISETA MS EN RIB CON TACHES EN ESCOTE,,Normal
JUNIO, ,016 - 2ABR4                                   ,STOP,008 - MODA                                    ,001 - TEJIDO PUNTO                            ,X11235913,CAMISETA MS PREMIUM CON DRAPEADO EN SIS,,Normal
SEPTIEMBRE, ,016 - 2ABR4                                   ,STOP,008 - MODA                                    ,001 - TEJIDO PUNTO                            ,X11236913,CAMISETA MS PREMIUM CUELLO REDONDO CON,,Normal
JUNIO, ,016 - 2ABR4                                   ,STOP,008 - MODA                                    ,001 - TEJIDO PUNTO                            ,X11239913,CAMISETA  MS PREMIUM MS CON DRAPEADO EN,,Normal
JULIO, ,016 - 2ABR4                                   ,STOP,008 - MODA                                    ,001 - TEJIDO PUNTO                            ,X11242813,CAMISETA MS CON ARGOLLAS EFECTO MADERA,,Normal
JULIO, ,016 - 2ABR4                                   ,STOP,008 - MODA                                    ,001 - TEJIDO PUNTO                            ,X11243813,CAMISETA MS EN TELA IMITACIÓN TEJIDA,,Normal
JULIO, ,016 - 2ABR4                                   ,STOP,008 - MODA                                    ,001 - TEJIDO PUNTO                            ,X11244913,CAMISETA PREMIUM MS CON ARGOLLA,,Normal
JULIO, ,016 - 2ABR4                                   ,STOP,008 - MODA                                    ,001 - TEJIDO PUNTO                            ,X11245813,CAMISETA MS EN TELA GALLETA CON ABERTUR,,Normal
SEPTIEMBRE, ,016 - 2ABR4                                   ,STOP,008 - MODA                                    ,001 - TEJIDO PUNTO                            ,X11252913,CAMISETA MS EN RIB TEJIDO CON BORDADO F,,Normal
SEPTIEMBRE, ,016 - 2ABR4                                   ,STOP,008 - MODA                                    ,001 - TEJIDO PUNTO                            ,X11253813,CAMISETA PREMIUM MS CUELLO EN V CON REC,,Normal
SEPTIEMBRE, ,016 - 2ABR4                                   ,STOP,008 - MODA                                    ,001 - TEJIDO PUNTO                            ,X11257813,CAMISETA MS TELA GALLETA BORDADA CROP,,Normal
FEBRERO, ,016 - 2ABR4                                   ,STOP,008 - MODA                                    ,001 - TEJIDO PUNTO                            ,X11258913,CAMISETA MS CON CORTES EN FRENTE,,Normal
OCTUBRE, ,016 - 2ABR4                                   ,STOP,008 - MODA                                    ,001 - TEJIDO PUNTO                            ,X11259913,CAMISETA PREMIUM MS ESCOTE CUADRADO REC,,Normal
OCTUBRE, ,016 - 2ABR4                                   ,STOP,008 - MODA                                    ,001 - TEJIDO PUNTO                            ,X11260813,CAMISETA MS CON APLIQUES DE ESTRELLAS,,Normal
OCTUBRE, ,016 - 2ABR4                                   ,STOP,008 - MODA                                    ,001 - TEJIDO PUNTO                            ,X11261813,CAMISETA MS  ESCOTE CUADRADO,,Normal
OCTUBRE, ,016 - 2ABR4                                   ,STOP,008 - MODA                                    ,001 - TEJIDO PUNTO                            ,X11262813,CAMISETA MS  ESCOTE CUADRADO,,Normal
NOVIEMBRE, ,016 - 2ABR4                                   ,STOP,008 - MODA                                    ,001 - TEJIDO PUNTO                            ,X11265913,CAMISETA MS CON CORTE EN BUSTO,,Normal
NOVIEMBRE, ,016 - 2ABR4                                   ,STOP,008 - MODA                                    ,001 - TEJIDO PUNTO                            ,X11267813,CAMISETA MS TIPO CORSET EN MALLA CROP,,Normal
DICIEMBRE, ,016 - 2ABR4                                   ,STOP,008 - MODA                                    ,001 - TEJIDO PUNTO                            ,X11268913,CAMISETA MS AJUSTADA CON CORTES CROP,,Normal
MARZO, ,016 - 2ABR4                                   ,STOP,008 - MODA                                    ,001 - TEJIDO PUNTO                            ,X11269813,CAMISETA PREMIUM MS CON ARGOLLA  CROP,,Normal
NOVIEMBRE, ,016 - 2ABR4                                   ,STOP,008 - MODA                                    ,001 - TEJIDO PUNTO                            ,X11271813,CAMISETA MS EN TULL CON APLIQUES,,Normal
DICIEMBRE, ,016 - 2ABR4                                   ,STOP,008 - MODA                                    ,001 - TEJIDO PUNTO                            ,X11274813,CAMISETA MS CON ESCOTE ESPALDA,,Normal
ENERO, ,016 - 2ABR4                                   ,STOP,008 - MODA                                    ,001 - TEJIDO PUNTO                            ,X11276913,CAMISETA PREMIUM MS CON ENTORCHADO EN H,,Normal
ABRIL, ,016 - 2ABR4                                   ,STOP,008 - MODA                                    ,001 - TEJIDO PUNTO                            ,X11769914,CAMISETA T-SHIRT MC CON ESTAMPADO,001 - PRODUCCION INTERNA TELA NACIONALIZADA   ,Normal
DICIEMBRE, ,016 - 2ABR4                                   ,STOP,008 - MODA                                    ,001 - TEJIDO PUNTO                            ,X11279913,CAMISETA MS CON APLIQUES BORDADOS,,Normal
ENERO, ,016 - 2ABR4                                   ,STOP,008 - MODA                                    ,001 - TEJIDO PUNTO                            ,X11280813,CAMISETA MS EN RIB CON ESTAMPADO,,Normal
FEBRERO, ,016 - 2ABR4                                   ,STOP,008 - MODA                                    ,001 - TEJIDO PUNTO                            ,X11283913,CAMISETA MS CON RECOGIDO EN FRENTE,,Normal
FEBRERO, ,016 - 2ABR4                                   ,STOP,008 - MODA                                    ,001 - TEJIDO PUNTO                            ,X11284913,CAMISETA MS IMITACIÓN DOBLE PRENDA,,Normal
JUNIO, ,016 - 2ABR4                                   ,STOP,008 - MODA                                    ,001 - TEJIDO PUNTO                            ,X11450914,CAMISETA MC CON DEGRADADO Y ESTAMPADO,,Normal
DICIEMBRE, ,016 - 2ABR4                                   ,STOP,008 - MODA                                    ,001 - TEJIDO PUNTO                            ,X11592914,CAMISETA MC ESTAMPADA,,Normal
ENERO, ,016 - 2ABR4                                   ,STOP,008 - MODA                                    ,001 - TEJIDO PUNTO                            ,X11595814,CAMISETA  PREMIUM  MC CON ESTAMPADO LOC,,Normal
NOVIEMBRE, ,016 - 2ABR4                                   ,STOP,008 - MODA                                    ,001 - TEJIDO PUNTO                            ,X11600914,CAMISETA MC CON CUELLO Y PUÑOS,,Normal
MARZO, ,016 - 2ABR4                                   ,STOP,008 - MODA                                    ,001 - TEJIDO PUNTO                            ,X11601814,CAMISETA MC CON PIEZAS EN CONTRASTE CRO,,Normal
MAYO, ,016 - 2ABR4                                   ,STOP,008 - MODA                                    ,001 - TEJIDO PUNTO                            ,X11628914,CAMISETA MC PREMIUM CON UN HOMBRO CAIDO,,Normal
JUNIO, ,016 - 2ABR4                                   ,STOP,008 - MODA                                    ,001 - TEJIDO PUNTO                            ,X11632914,CAMISETA MC FRENTE BORDADO Y ABERTURA E,,Normal
ENERO, ,016 - 2ABR4                                   ,STOP,008 - MODA                                    ,001 - TEJIDO PUNTO                            ,X11633914,CAMISETA MC CON TELA GALLETA Y PUNTADA,,Normal
MAYO, ,016 - 2ABR4                                   ,STOP,008 - MODA                                    ,001 - TEJIDO PUNTO                            ,X11634914,CAMISETA MC PREMIUM ESCOTE SEMI CORAZON,,Normal
MAYO, ,016 - 2ABR4                                   ,STOP,008 - MODA                                    ,001 - TEJIDO PUNTO                            ,X11635814,CAMISETA MC TIPO POLO CROP,,Normal
DICIEMBRE, ,016 - 2ABR4                                   ,STOP,008 - MODA                                    ,001 - TEJIDO PUNTO                            ,X11638814,CAMISETA MC A RAYAS CUELLO EN RIB,,Normal
JULIO, ,016 - 2ABR4                                   ,STOP,008 - MODA                                    ,001 - TEJIDO PUNTO                            ,X11639814,CAMISETA PREMIUM MC CON ESTAMPADO CROP,,Normal
JULIO, ,016 - 2ABR4                                   ,STOP,008 - MODA                                    ,001 - TEJIDO PUNTO                            ,X11640814,CAMISETA  PREMIUM MC CON ESCOTE EN ESPA,,Normal
JULIO, ,016 - 2ABR4                                   ,STOP,008 - MODA                                    ,001 - TEJIDO PUNTO                            ,X11642914,CAMISETA PREMIUM MC CON ESTAMPADO EN FR,,Normal
JULIO, ,016 - 2ABR4                                   ,STOP,008 - MODA                                    ,001 - TEJIDO PUNTO                            ,X11644914,CAMISETA PREMIUM MC ESTAMPADA SOY LATIN,,Normal
OCTUBRE, ,016 - 2ABR4                                   ,STOP,008 - MODA                                    ,001 - TEJIDO PUNTO                            ,X11645914,CAMISETA PREMIUM MC CON ARGOLLA EN HOMB,,Normal
NOVIEMBRE, ,016 - 2ABR4                                   ,STOP,008 - MODA                                    ,001 - TEJIDO PUNTO                            ,X11650814,CAMISETA MC RUEDO EFECTO GLOBO,,Normal
AGOSTO, ,016 - 2ABR4                                   ,STOP,008 - MODA                                    ,001 - TEJIDO PUNTO                            ,X11655814,CAMISETA MC CON BOLSILLO EN POPELINA,,Normal
ENERO, ,016 - 2ABR4                                   ,STOP,008 - MODA                                    ,001 - TEJIDO PUNTO                            ,X11659914,CAMISETA MC CON TELA GALLETA Y PUNTADA,,Normal
SEPTIEMBRE, ,016 - 2ABR4                                   ,STOP,008 - MODA                                    ,001 - TEJIDO PUNTO                            ,X11660814,CAMISETA MC CON ESTAMPADO CROP,,Normal
SEPTIEMBRE, ,016 - 2ABR4                                   ,STOP,008 - MODA                                    ,001 - TEJIDO PUNTO                            ,X11666814,CAMISETA PREMIUM MC CON FRENTE IRREGULA,,Normal
OCTUBRE, ,016 - 2ABR4                                   ,STOP,008 - MODA                                    ,001 - TEJIDO PUNTO                            ,X11667914,CAMISETA MC CUELLO EN V CON PIEZAS EN M,,Normal
FEBRERO, ,016 - 2ABR4                                   ,STOP,008 - MODA                                    ,001 - TEJIDO PUNTO                            ,X11673814,CAMISETA PREMIUM MC CON PIEZAS EN CONTR,,Normal
OCTUBRE, ,016 - 2ABR4                                   ,STOP,008 - MODA                                    ,001 - TEJIDO PUNTO                            ,X11674814,CAMISETA MC FULLPRINT CON RETILINEO,,Normal
NOVIEMBRE, ,016 - 2ABR4                                   ,STOP,008 - MODA                                    ,001 - TEJIDO PUNTO                            ,X11675914,CAMISETA MC CON ESTAMPADO LOCALIZADO,,Normal
NOVIEMBRE, ,016 - 2ABR4                                   ,STOP,008 - MODA                                    ,001 - TEJIDO PUNTO                            ,X11676814,CAMISETA MC CON APLIQUES,,Normal
NOVIEMBRE, ,016 - 2ABR4                                   ,STOP,008 - MODA                                    ,001 - TEJIDO PUNTO                            ,X11678914,CAMISETA MC GLOBAL ESTAMPADO FRENTE,,Normal
NOVIEMBRE, ,016 - 2ABR4                                   ,STOP,008 - MODA                                    ,001 - TEJIDO PUNTO                            ,X11679814,CAMISETA MC CUELLO REDONDO CON TELA BRI,,Normal
DICIEMBRE, ,045 - 4DIC1                                   ,STOP,008 - MODA                                    ,001 - TEJIDO PUNTO                            ,MS0005140,VESTIDO MANGA SISA CORTO,001 - PRODUCCION INTERNA TELA NACIONALIZADA   ,Normal
NOVIEMBRE, ,010 - 1MAR2                                   ,STOP,008 - MODA                                    ,005 - DENIM                                   ,B10036949,TEJANO T/ALTO LAV/OSCURO BOLSILLOS CON T,001 - PRODUCCION INTERNA TELA NACIONALIZADA   ,Normal
DICIEMBRE, ,010 - 1MAR2                                   ,STOP,008 - MODA                                    ,001 - TEJIDO PUNTO                            ,X11681914,CAMISETA MC CON CUELLO REDONDO Y PERILL,,Normal
OCTUBRE, ,010 - 1MAR2                                   ,STOP,008 - MODA                                    ,001 - TEJIDO PUNTO                            ,X11682814,CAMISETA MC ESTAMPADA EN FRENTE,,Normal
DICIEMBRE, ,010 - 1MAR2                                   ,STOP,008 - MODA                                    ,001 - TEJIDO PUNTO                            ,X11684914,CAMISETA MC A RAYAS CON BRILLO,,Normal
DICIEMBRE, ,010 - 1MAR2                                   ,STOP,008 - MODA                                    ,001 - TEJIDO PUNTO                            ,X11685914,CAMISETA MC A RAYAS EN RIB Y ESCOTE BAN,,Normal
NOVIEMBRE, ,010 - 1MAR2                                   ,STOP,008 - MODA                                    ,001 - TEJIDO PUNTO                            ,X11686914,CAMISETA MC CON ENCAJE EN ESCOTE,,Normal
MARZO, ,010 - 1MAR2                                   ,STOP,008 - MODA                                    ,001 - TEJIDO PUNTO                            ,X11687914,CAMISETA MC CON ESTAMPADO EN FRENTE,,Normal
DICIEMBRE, ,010 - 1MAR2                                   ,STOP,008 - MODA                                    ,001 - TEJIDO PUNTO                            ,X11688814,CAMISETA MC CON APLIQUES Y ESTAMPADO,,Normal
NOVIEMBRE, ,010 - 1MAR2                                   ,STOP,008 - MODA                                    ,001 - TEJIDO PUNTO                            ,X11689814,CAMISETA MC A RAYAS CROP,,Normal
DICIEMBRE, ,010 - 1MAR2                                   ,STOP,008 - MODA                                    ,001 - TEJIDO PUNTO                            ,X11691814,CAMISETA MC CON GUARDAPOLVO Y ESTAMPADO,,Normal
NOVIEMBRE, ,010 - 1MAR2                                   ,STOP,008 - MODA                                    ,001 - TEJIDO PUNTO                            ,X11692814,CAMISETA MC RIB ESTAMPADA,,Normal
DICIEMBRE, ,010 - 1MAR2                                   ,STOP,008 - MODA                                    ,001 - TEJIDO PUNTO                            ,X11693914,CAMISETA MC CON APLIQUES EN MANGAS,,Normal
DICIEMBRE, ,010 - 1MAR2                                   ,STOP,008 - MODA                                    ,001 - TEJIDO PUNTO                            ,X11694914,CAMISETA MC GLOBAL ESTAMPADA,,Normal
DICIEMBRE, ,010 - 1MAR2                                   ,STOP,008 - MODA                                    ,001 - TEJIDO PUNTO                            ,X11695814,CAMISETA MC TRENDY ESTAMPADA,,Normal
DICIEMBRE, ,010 - 1MAR2                                   ,STOP,008 - MODA                                    ,001 - TEJIDO PUNTO                            ,X11696814,CAMISETA MC CON ENTORCHADO EN FRENTE,,Normal
NOVIEMBRE, ,010 - 1MAR2                                   ,STOP,008 - MODA                                    ,001 - TEJIDO PUNTO                            ,X11698914,CAMISETA PREMIUM MC ESTAMPADO LOCALIZAD,,Normal
NOVIEMBRE, ,010 - 1MAR2                                   ,STOP,008 - MODA                                    ,001 - TEJIDO PUNTO                            ,X11699914,CAMISETA MC CON TECNICA COMBINADA TONO,,Normal
DICIEMBRE, ,010 - 1MAR2                                   ,STOP,008 - MODA                                    ,001 - TEJIDO PUNTO                            ,X11700914,CAMISETA MC EN TELA EFECTO BRILLO CON R,,Normal
DICIEMBRE, ,010 - 1MAR2                                   ,STOP,008 - MODA                                    ,001 - TEJIDO PUNTO                            ,X11702914,CAMISETA MC A RAYAS,,Normal
DICIEMBRE, ,010 - 1MAR2                                   ,STOP,008 - MODA                                    ,001 - TEJIDO PUNTO                            ,X11704914,CAMISETA PREMIUM MC CON ESTAMPADO LOCAL,,Normal
ENERO, ,010 - 1MAR2                                   ,STOP,008 - MODA                                    ,001 - TEJIDO PUNTO                            ,X11706914,CAMISETA MC CON APLIQUES EN HOMBRO,,Normal
ENERO, ,010 - 1MAR2                                   ,STOP,008 - MODA                                    ,001 - TEJIDO PUNTO                            ,X11707914,CAMISETA MC ESTAMPADA Y PUNTADA DECORAT,,Normal
DICIEMBRE, ,010 - 1MAR2                                   ,STOP,008 - MODA                                    ,001 - TEJIDO PUNTO                            ,X11709914,CAMISETA MC ABERTURA EN ESCOTE,,Normal
ENERO, ,010 - 1MAR2                                   ,STOP,008 - MODA                                    ,001 - TEJIDO PUNTO                            ,X11710914,CAMISETA MC ESTAMPADA FRENTE Y ESPALDA,,Normal
ENERO, ,010 - 1MAR2                                   ,STOP,008 - MODA                                    ,001 - TEJIDO PUNTO                            ,X11711914,CAMISETA MC FRENTE BORDADO Y ABERTURA E,,Normal
ENERO, ,010 - 1MAR2                                   ,STOP,008 - MODA                                    ,001 - TEJIDO PUNTO                            ,X11713814,CAMISETA MC CON RUEDO ANCHO Y ABERTURA,,Normal
ENERO, ,010 - 1MAR2                                   ,STOP,008 - MODA                                    ,001 - TEJIDO PUNTO                            ,X11714914,CAMISETA MC CUELLO SPORT Y PERILLA,,Normal
ENERO, ,010 - 1MAR2                                   ,STOP,008 - MODA                                    ,001 - TEJIDO PUNTO                            ,X11715814,CAMISETA MC CON INSUMO EN RUEDO,,Normal
ENERO, ,010 - 1MAR2                                   ,STOP,008 - MODA                                    ,001 - TEJIDO PUNTO                            ,X11716814,CAMISETA MC CON PIEZA TEJIDA EN FRENTE,,Normal
ENERO, ,010 - 1MAR2                                   ,STOP,008 - MODA                                    ,001 - TEJIDO PUNTO                            ,X11717814,CAMISETA PREMIUM MC AJUSTADA,,Normal
ENERO, ,010 - 1MAR2                                   ,STOP,008 - MODA                                    ,001 - TEJIDO PUNTO                            ,X11718914,CAMISETA PREMIUM MC CON ESTAMPADO EN FR,,Normal
FEBRERO, ,010 - 1MAR2                                   ,STOP,008 - MODA                                    ,001 - TEJIDO PUNTO                            ,X11721914,CAMISETA MC ESCOTE ASIMETRICO TELA CON,,Normal
FEBRERO, ,010 - 1MAR2                                   ,STOP,008 - MODA                                    ,001 - TEJIDO PUNTO                            ,X11722914,CAMISETA MC STRAPPLE TELA CON TEXTURA,,Normal
FEBRERO, ,010 - 1MAR2                                   ,STOP,008 - MODA                                    ,001 - TEJIDO PUNTO                            ,X11723914,CAMISETA MC EN RIB CON PERILLA,,Normal
FEBRERO, ,010 - 1MAR2                                   ,STOP,008 - MODA                                    ,001 - TEJIDO PUNTO                            ,X11724914,CAMISETA MC CON BORDADO CON CORDON,,Normal
FEBRERO, ,010 - 1MAR2                                   ,STOP,008 - MODA                                    ,001 - TEJIDO PUNTO                            ,X11725914,CAMISETA MC A RAYAS ESTAMPADO LOCALIZAD,,Normal
ABRIL, ,010 - 1MAR2                                   ,STOP,008 - MODA                                    ,001 - TEJIDO PUNTO                            ,X11726814,CAMISETA MC CON ESTAMPADO EFECTO BORDAD,,Normal
ABRIL, ,010 - 1MAR2                                   ,STOP,008 - MODA                                    ,001 - TEJIDO PUNTO                            ,X11727814,CAMISETA MC CON BORDADO EN FRENTE,,Normal
ABRIL, ,010 - 1MAR2                                   ,STOP,008 - MODA                                    ,001 - TEJIDO PUNTO                            ,X11728814,CAMISETA MC CON ESTAMPADO EN FRENTE,,Normal
ABRIL, ,010 - 1MAR2                                   ,STOP,008 - MODA                                    ,001 - TEJIDO PUNTO                            ,X11729914,CAMISETA MC CON BOTONES EN HOMBRO,,Normal
ABRIL, ,010 - 1MAR2                                   ,STOP,008 - MODA                                    ,001 - TEJIDO PUNTO                            ,X11732914,CAMISETA MC A RAYAS CON RECTILINEO,,Normal
MARZO, ,010 - 1MAR2                                   ,STOP,008 - MODA                                    ,001 - TEJIDO PUNTO                            ,X11733814,CAMISETA PREMIUM MC CROP,,Normal
ABRIL, ,010 - 1MAR2                                   ,STOP,008 - MODA                                    ,001 - TEJIDO PUNTO                            ,X11734814,CAMISETA MC CON RECOGIDO EN COSTADO,,Normal
FEBRERO, ,010 - 1MAR2                                   ,STOP,008 - MODA                                    ,001 - TEJIDO PUNTO                            ,X11739914,CAMISETA MC ESTAMPADO LOCALIZADO,,Normal
ABRIL, ,010 - 1MAR2                                   ,STOP,008 - MODA                                    ,001 - TEJIDO PUNTO                            ,X11740914,CAMISETA MC CON ESTAMPADO LOCALIZADO,,Normal
MARZO, ,010 - 1MAR2                                   ,STOP,008 - MODA                                    ,001 - TEJIDO PUNTO                            ,X11741914,CAMISETA MC CON ESTAMPADO MUJER,,Normal
FEBRERO, ,010 - 1MAR2                                   ,STOP,008 - MODA                                    ,001 - TEJIDO PUNTO                            ,X11743914,CAMISETA MC ESTAMPADA EN FRENTE,,Normal
ABRIL, ,010 - 1MAR2                                   ,STOP,008 - MODA                                    ,001 - TEJIDO PUNTO                            ,X11745814,CAMISETA MC AMPLIA ESTAMPADA LARGO CROP,,Normal
DICIEMBRE, ,046 - 4DIC2                                   ,STOP,008 - MODA                                    ,002 - TEJIDO PLANO                            ,MS0005033,BLUSA MANGA 3/4 CUELLO CUADRADO,001 - PRODUCCION INTERNA TELA NACIONALIZADA   ,Normal
DICIEMBRE, ,046 - 4DIC2                                   ,STOP,008 - MODA                                    ,003 - TEJIDO MIXTO                            ,MS0005034,BLUSA MANGA CORTA EN MALLA,001 - PRODUCCION INTERNA TELA NACIONALIZADA   ,Normal
DICIEMBRE, ,046 - 4DIC2                                   ,STOP,008 - MODA                                    ,002 - TEJIDO PLANO                            ,MS0005035,VESTIDO TIRAS LARGO,001 - PRODUCCION INTERNA TELA NACIONALIZADA   ,Normal
NOVIEMBRE, ,046 - 4DIC2                                   ,STOP,003 - OPORTUNIDADES                           ,001 - TEJIDO PUNTO                            ,MS0005036,T-SHIRT MANGA CORTA,001 - PRODUCCION INTERNA TELA NACIONALIZADA   ,Normal
ABRIL, ,046 - 4DIC2                                   ,STOP,008 - MODA                                    ,001 - TEJIDO PUNTO                            ,X11746814,CAMISETA MC CON ABERTURA EN RUEDO COSTA,,Normal
ABRIL, ,046 - 4DIC2                                   ,STOP,008 - MODA                                    ,001 - TEJIDO PUNTO                            ,X11768914,CAMISETA PREMIUM MC CON ESCOTE ASIMÉTRI,,Normal
MAYO, ,046 - 4DIC2                                   ,STOP,008 - MODA                                    ,001 - TEJIDO PUNTO                            ,X12003807,BLUSA STRAPPLE CON BOTONES CROP,,Normal
DICIEMBRE, ,046 - 4DIC2                                   ,STOP,008 - MODA                                    ,002 - TEJIDO PLANO                            ,X12006807,BLUSA STRAPPLE CON PERILLA FALSA,,Normal
SEPTIEMBRE, ,046 - 4DIC2                                   ,STOP,008 - MODA                                    ,005 - DENIM                                   ,X12061903,BLUSA MS EN DENM CON BROCHES,,Normal
SEPTIEMBRE, ,046 - 4DIC2                                   ,STOP,008 - MODA                                    ,005 - DENIM                                   ,X12062903,BLUSA MS EN OJALILLO CUELLO ALTO,,Normal
OCTUBRE, ,046 - 4DIC2                                   ,STOP,008 - MODA                                    ,005 - DENIM                                   ,X12064903,BLUSA  MS LAV CLARO CON BOLSILLOS EN FR,,Normal
FEBRERO, ,046 - 4DIC2                                   ,STOP,008 - MODA                                    ,005 - DENIM                                   ,X12067903,BLUSA MS CON BOLSILLO Y TAPAS,,Normal
MAYO, ,046 - 4DIC2                                   ,STOP,008 - MODA                                    ,002 - TEJIDO PLANO                            ,X12070803,BLUSA MS CON PINZAS Y PERILLA OCULTA CR,,Normal
JUNIO, ,046 - 4DIC2                                   ,STOP,008 - MODA                                    ,002 - TEJIDO PLANO                            ,X12073903,BLUSA MS CON RECOGIDO EN FRENTE AJUSTAD,,Normal
JULIO, ,046 - 4DIC2                                   ,STOP,008 - MODA                                    ,002 - TEJIDO PLANO                            ,X12074803,BLUSA MS CON AMARRE EN FRENTE Y ESCOTE,,Normal
FEBRERO, ,046 - 4DIC2                                   ,STOP,008 - MODA                                    ,005 - DENIM                                   ,X12074904,BLUSA MC ROMANTICA A RAYAS,,Normal
AGOSTO, ,046 - 4DIC2                                   ,STOP,008 - MODA                                    ,002 - TEJIDO PLANO                            ,X12077803,BLUSA MS ENTRECRUZADA FULLPRINT,,Normal
OCTUBRE, ,046 - 4DIC2                                   ,STOP,008 - MODA                                    ,002 - TEJIDO PLANO                            ,X12079903,BLUSA MS CON BOTONES FORRADOS,,Normal
OCTUBRE, ,046 - 4DIC2                                   ,STOP,008 - MODA                                    ,002 - TEJIDO PLANO                            ,X12081803,BLUSA MS CON CIERRE EN FRENTE,,Normal
MAYO, ,046 - 4DIC2                                   ,STOP,008 - MODA                                    ,002 - TEJIDO PLANO                            ,X12081909,BLUSA TIRAS CROP CON CORTES Y NIDO DE A,,Normal
NOVIEMBRE, ,046 - 4DIC2                                   ,STOP,008 - MODA                                    ,002 - TEJIDO PLANO                            ,X12086903,BLUSA MS CON ABROCHADURA  EN FRENTE,,Normal
DICIEMBRE, ,046 - 4DIC2                                   ,STOP,008 - MODA                                    ,002 - TEJIDO PLANO                            ,X12088903,BLUSA MS CON CADENA METALICA EN ESPALDA,,Normal
DICIEMBRE, ,046 - 4DIC2                                   ,STOP,008 - MODA                                    ,002 - TEJIDO PLANO                            ,X12089903,BLUSA MS CON CHARRETERAS EN CINTURA Y B,,Normal
OCTUBRE, ,046 - 4DIC2                                   ,STOP,008 - MODA                                    ,002 - TEJIDO PLANO                            ,X12089909,BLUSA TIRAS EN SATIN CON ENCAJE,,Normal
FEBRERO, ,046 - 4DIC2                                   ,STOP,008 - MODA                                    ,002 - TEJIDO PLANO                            ,X12090903,BLUSA MS CON PERILLA OCULTA,,Normal
NOVIEMBRE, ,046 - 4DIC2                                   ,STOP,008 - MODA                                    ,002 - TEJIDO PLANO                            ,X12090909,BLUSA TIRAS FULL PRINT CROP,,Normal
NOVIEMBRE, ,046 - 4DIC2                                   ,STOP,008 - MODA                                    ,002 - TEJIDO PLANO                            ,X12093809,BLUSA TIRAS CON DRAPEADO EN TELA BRILLA,,Normal
NOVIEMBRE, ,046 - 4DIC2                                   ,STOP,008 - MODA                                    ,002 - TEJIDO PLANO                            ,X12094809,BLUSA TIRAS FONDO ENTERO CON ENCAJE,,Normal
DICIEMBRE, ,047 - 4DIC3                                   ,STOP,008 - MODA                                    ,002 - TEJIDO PLANO                            ,MS0005069,PANTALON TIRO ALTO PALAZZO,001 - PRODUCCION INTERNA TELA NACIONALIZADA   ,Normal
DICIEMBRE, ,047 - 4DIC3                                   ,STOP,008 - MODA                                    ,001 - TEJIDO PUNTO                            ,MS0005071,VESTIDO TIRAS CORTO,001 - PRODUCCION INTERNA TELA NACIONALIZADA   ,Normal
NOVIEMBRE, ,047 - 4DIC3                                   ,STOP,008 - MODA                                    ,002 - TEJIDO PLANO                            ,X12095809,BLUSA TIRAS FULL PRINT CON ENCAJE,,Normal
NOVIEMBRE, ,047 - 4DIC3                                   ,STOP,008 - MODA                                    ,002 - TEJIDO PLANO                            ,X12096909,BLUSA TIRAS CON TACHES,,Normal
MAYO, ,047 - 4DIC3                                   ,STOP,008 - MODA                                    ,002 - TEJIDO PLANO                            ,X12104909,BLUSA TIRAS FULL PRINT,,Normal
JUNIO, ,047 - 4DIC3                                   ,STOP,008 - MODA                                    ,002 - TEJIDO PLANO                            ,X12105809,BLUSA TIRAS CON ESCOTE EN V Y CORTES TI,,Normal
JULIO, ,047 - 4DIC3                                   ,STOP,008 - MODA                                    ,002 - TEJIDO PLANO                            ,X12106809,BLUSA TIRAS TIPO CROP,,Normal
AGOSTO, ,047 - 4DIC3                                   ,STOP,008 - MODA                                    ,002 - TEJIDO PLANO                            ,X12107909,BLUSA TIRAS CON BOTONES EN ESPALDA,,Normal
OCTUBRE, ,047 - 4DIC3                                   ,STOP,008 - MODA                                    ,002 - TEJIDO PLANO                            ,X12108909,BLUSA TIRAS CON CORTES EN FRENTE Y ESCO,,Normal
DICIEMBRE, ,047 - 4DIC3                                   ,STOP,008 - MODA                                    ,002 - TEJIDO PLANO                            ,X12110909,BLUSA TIRAS ESCOTE EN V TELA BRILLANTE,,Normal
DICIEMBRE, ,047 - 4DIC3                                   ,STOP,008 - MODA                                    ,002 - TEJIDO PLANO                            ,X12111809,BLUSA TIRAS ESCOTE DRAPEADO EN TELA BRI,,Normal
FEBRERO, ,047 - 4DIC3                                   ,STOP,008 - MODA                                    ,002 - TEJIDO PLANO                            ,X12112909,BLUSA TIRAS ESCOTE DRAPEADO,,Normal
NOVIEMBRE, ,047 - 4DIC3                                   ,STOP,008 - MODA                                    ,002 - TEJIDO PLANO                            ,X12119806,BLUSA M3/4  ARENA CON CHARRETERAS Y BRO,,Normal
MAYO, ,047 - 4DIC3                                   ,STOP,008 - MODA                                    ,002 - TEJIDO PLANO                            ,X12122906,BLUSA M3/4 CON CORTES EN FRENTE Y MANGA,,Normal
NOVIEMBRE, ,044 - 4NOV4                                   ,STOP,008 - MODA                                    ,001 - TEJIDO PUNTO                            ,MS0005104,BODY MANGA CORTA CRUZADO EN FRENTE,001 - PRODUCCION INTERNA TELA NACIONALIZADA   ,Normal
NOVIEMBRE, ,044 - 4NOV4                                   ,STOP,008 - MODA                                    ,001 - TEJIDO PUNTO                            ,MS0005105,BODY STRAPPLES AMARRE EN CUELLO,001 - PRODUCCION INTERNA TELA NACIONALIZADA   ,Normal
NOVIEMBRE, ,044 - 4NOV4                                   ,STOP,008 - MODA                                    ,001 - TEJIDO PUNTO                            ,MS0005106,VESTIDO MANGA 3/4 CORTO,001 - PRODUCCION INTERNA TELA NACIONALIZADA   ,Normal
NOVIEMBRE, ,042 - 4NOV2                                   ,STOP,008 - MODA                                    ,001 - TEJIDO PUNTO                            ,MS0004700,CAMISETA MANGA CORTA CON PIEDRAS,001 - PRODUCCION INTERNA TELA NACIONALIZADA   ,Normal
AGOSTO, ,042 - 4NOV2                                   ,STOP,008 - MODA                                    ,002 - TEJIDO PLANO                            ,X12126906,BLUSA M3/4 FULLPRINT CON CHARRETERA,,Normal
AGOSTO, ,042 - 4NOV2                                   ,STOP,008 - MODA                                    ,002 - TEJIDO PLANO                            ,X12128806,BLUSA M3/4 CON CHARRETERA Y BOLSILLOS C,,Normal
OCTUBRE, ,042 - 4NOV2                                   ,STOP,008 - MODA                                    ,002 - TEJIDO PLANO                            ,X12130906,BLUSA M3/4 CON CHARRETERAS Y BOTONES,,Normal
OCTUBRE, ,042 - 4NOV2                                   ,STOP,008 - MODA                                    ,002 - TEJIDO PLANO                            ,X12131806,BLUSA M3/4 CON BOLSIILO ESTAMPADO Y PER,,Normal
NOVIEMBRE, ,042 - 4NOV2                                   ,STOP,008 - MODA                                    ,002 - TEJIDO PLANO                            ,X12132906,BLUSA M3/4 CON ESCALERILLA Y BOLEROS,,Normal
NOVIEMBRE, ,042 - 4NOV2                                   ,STOP,008 - MODA                                    ,002 - TEJIDO PLANO                            ,X12134906,BLUSA M3/4 CON AMARRE Y BOTONES,,Normal
NOVIEMBRE, ,042 - 4NOV2                                   ,STOP,008 - MODA                                    ,002 - TEJIDO PLANO                            ,X12135906,BLUSA M3/4 CON BOLSILLOS Y PERILLA,,Normal
DICIEMBRE, ,042 - 4NOV2                                   ,STOP,008 - MODA                                    ,002 - TEJIDO PLANO                            ,X12136906,BLUSA M3/4 CON CUELLO Y ESCOTE EN V,,Normal
DICIEMBRE, ,042 - 4NOV2                                   ,STOP,008 - MODA                                    ,002 - TEJIDO PLANO                            ,X12139906,BLUSA M3/4 CON BORDADO EN FRENTE,,Normal
NOVIEMBRE, ,042 - 4NOV2                                   ,STOP,008 - MODA                                    ,002 - TEJIDO PLANO                            ,X12140806,BLUSA M3/4 CON CHARRETERA Y BOTONES,,Normal
DICIEMBRE, ,042 - 4NOV2                                   ,STOP,008 - MODA                                    ,002 - TEJIDO PLANO                            ,X12141906,BLUSA M3/4 CON CUELLO Y BOTONES,,Normal
ENERO, ,042 - 4NOV2                                   ,STOP,008 - MODA                                    ,002 - TEJIDO PLANO                            ,X12142906,BLUSA M3/4 ESCOTE EN V FRENTE CRUZADO,,Normal
ENERO, ,042 - 4NOV2                                   ,STOP,008 - MODA                                    ,002 - TEJIDO PLANO                            ,MS0005144,C,,Normal
NOVIEMBRE, ,043 - 4NOV3                                   ,STOP,008 - MODA                                    ,002 - TEJIDO PLANO                            ,MS0005145,BLUSA MANGA CORTA CON ENCAJE,001 - PRODUCCION INTERNA TELA NACIONALIZADA   ,Normal
NOVIEMBRE, ,043 - 4NOV3                                   ,STOP,008 - MODA                                    ,002 - TEJIDO PLANO                            ,MS0005146,BLUSA MANGA SISA CRUZADA,001 - PRODUCCION INTERNA TELA NACIONALIZADA   ,Normal
ENERO, ,043 - 4NOV3                                   ,STOP,008 - MODA                                    ,002 - TEJIDO PLANO                            ,X12143906,BLUSA M3/4 CON CHARRETERA ESCOTE EN V,,Normal
DICIEMBRE, ,043 - 4NOV3                                   ,STOP,008 - MODA                                    ,002 - TEJIDO PLANO                            ,X12144906,BLUSA M3/4 ESCOTE EN V TELA CON EFECTO,,Normal
ENERO, ,043 - 4NOV3                                   ,STOP,008 - MODA                                    ,002 - TEJIDO PLANO                            ,X12145906,BLUSA M3/4 CON AMARRE LATERAL,,Normal
ENERO, ,043 - 4NOV3                                   ,STOP,008 - MODA                                    ,002 - TEJIDO PLANO                            ,X12146806,BLUSA M3/4 EN TELA CON EFECTO,,Normal
FEBRERO, ,043 - 4NOV3                                   ,STOP,008 - MODA                                    ,002 - TEJIDO PLANO                            ,X12147906,BLUSA M3/4 CON BOLEROS Y BOTONES,,Normal
FEBRERO, ,043 - 4NOV3                                   ,STOP,008 - MODA                                    ,002 - TEJIDO PLANO                            ,X12148906,BLUSA MANGA 3/4 LAVADO CLARO,,Normal
ABRIL, ,043 - 4NOV3                                   ,STOP,008 - MODA                                    ,002 - TEJIDO PLANO                            ,X12149906,BLUSA M3/4 CON CORDÓN DECORATIVO,,Normal
JUNIO, ,043 - 4NOV3                                   ,STOP,008 - MODA                                    ,002 - TEJIDO PLANO                            ,X12150905,BLUSA ML UN SOLO HOMBRO,,Normal
ABRIL, ,043 - 4NOV3                                   ,STOP,008 - MODA                                    ,002 - TEJIDO PLANO                            ,X12150906,BLUSA M3/4 ESTAMPADA CON ELASTICO EN MA,,Normal
AGOSTO, ,043 - 4NOV3                                   ,STOP,008 - MODA                                    ,002 - TEJIDO PLANO                            ,X12155905,BLUSA ML A RAYAS CON BOLSILLOS,,Normal
AGOSTO, ,043 - 4NOV3                                   ,STOP,008 - MODA                                    ,002 - TEJIDO PLANO                            ,X12157905,BLUSA ML CON BORDADO EN FRENTE EN EL RU,,Normal
FEBRERO, ,043 - 4NOV3                                   ,STOP,008 - MODA                                    ,002 - TEJIDO PLANO                            ,X12183905,BLUSA ML A RAYAS CON CUELLO Y PUÑOS EN,,Normal
ABRIL, ,043 - 4NOV3                                   ,STOP,008 - MODA                                    ,002 - TEJIDO PLANO                            ,X12187805,BLUSA ML CON BOTONES FORRADOS  EFECTO L,,Normal
MAYO, ,043 - 4NOV3                                   ,STOP,008 - MODA                                    ,002 - TEJIDO PLANO                            ,X12188905,BLUSA ML ESTAMPADA CON CUELLO Y PERILLA,,Normal
OCTUBRE, ,043 - 4NOV3                                   ,STOP,008 - MODA                                    ,002 - TEJIDO PLANO                            ,X12189905,BLUSA ML CON CUELLO Y PERILLA EFECTO TE,,Normal
SEPTIEMBRE, ,043 - 4NOV3                                   ,STOP,008 - MODA                                    ,002 - TEJIDO PLANO                            ,X12190905,BLUSA ML A RAYAS CON BOTONES,,Normal
MAYO, ,043 - 4NOV3                                   ,STOP,008 - MODA                                    ,002 - TEJIDO PLANO                            ,X12191805,BLUSA ML CON PINZAS EN CINTURA,,Normal
JUNIO, ,043 - 4NOV3                                   ,STOP,008 - MODA                                    ,002 - TEJIDO PLANO                            ,X12194905,BLUSA ML CON FRENTE CRUZADO Y RECOGIDO,,Normal
AGOSTO, ,043 - 4NOV3                                   ,STOP,008 - MODA                                    ,002 - TEJIDO PLANO                            ,X12196905,BLUSA ML CON ESTAMPADO EN FRENTE,,Normal
OCTUBRE, ,043 - 4NOV3                                   ,STOP,008 - MODA                                    ,002 - TEJIDO PLANO                            ,X12197905,BLUSA ML CON BROCHE EN ESCOTE,,Normal
SEPTIEMBRE, ,043 - 4NOV3                                   ,STOP,008 - MODA                                    ,002 - TEJIDO PLANO                            ,X12198805,BLUSA ML AJUSTADA CON CUELLO Y CREMALLE,,Normal
OCTUBRE, ,043 - 4NOV3                                   ,STOP,008 - MODA                                    ,002 - TEJIDO PLANO                            ,X12199905,BLUSA ML CON CUELLO Y DETALLE EN PUÑO,,Normal
OCTUBRE, ,043 - 4NOV3                                   ,STOP,008 - MODA                                    ,002 - TEJIDO PLANO                            ,X12200805,BLUSA ML A RAYAS CON BOLSILLO CROP,,Normal
OCTUBRE, ,043 - 4NOV3                                   ,STOP,008 - MODA                                    ,002 - TEJIDO PLANO                            ,X12201805,BLUSA ML CON BOTONES EN FRENTE,,Normal
NOVIEMBRE, ,043 - 4NOV3                                   ,STOP,008 - MODA                                    ,002 - TEJIDO PLANO                            ,X12202905,BLUSA ML CON OJALETES Y AMARRE,,Normal
OCTUBRE, ,043 - 4NOV3                                   ,STOP,008 - MODA                                    ,002 - TEJIDO PLANO                            ,X12204805,BLUSA M/L LAV MEDIO,,Normal
DICIEMBRE, ,043 - 4NOV3                                   ,STOP,008 - MODA                                    ,002 - TEJIDO PLANO                            ,X12205905,BLUSA ML A RAYAS CON BOTONES Y CUELLO,,Normal
DICIEMBRE, ,043 - 4NOV3                                   ,STOP,008 - MODA                                    ,002 - TEJIDO PLANO                            ,X12207905,BLUSA ML A RAYAS CON BOTONES Y CUELLO,,Normal
NOVIEMBRE, ,043 - 4NOV3                                   ,STOP,008 - MODA                                    ,002 - TEJIDO PLANO                            ,X12209805,BLUSA ML CON HEBILLA Y TIRAS CROP,,Normal
DICIEMBRE, ,043 - 4NOV3                                   ,STOP,008 - MODA                                    ,002 - TEJIDO PLANO                            ,X12210805,BLUSA ML CON BOLSILLOS Y BOTONES EN FRE,,Normal
DICIEMBRE, ,043 - 4NOV3                                   ,STOP,008 - MODA                                    ,002 - TEJIDO PLANO                            ,X12211905,BLUSA ML FULLPRINT,,Normal
DICIEMBRE, ,043 - 4NOV3                                   ,STOP,008 - MODA                                    ,002 - TEJIDO PLANO                            ,X12212805,BLUSA ML CON CREMALLERA Y CORTES EN FRE,,Normal
DICIEMBRE, ,043 - 4NOV3                                   ,STOP,008 - MODA                                    ,002 - TEJIDO PLANO                            ,X12214805,BLUSA ML ESCOTE REDONDO Y CUELLO,,Normal
DICIEMBRE, ,043 - 4NOV3                                   ,STOP,008 - MODA                                    ,002 - TEJIDO PLANO                            ,X12215905,BLUSA ML CON AMARRE Y TELA CON BORDADO,,Normal
ENERO, ,043 - 4NOV3                                   ,STOP,008 - MODA                                    ,002 - TEJIDO PLANO                            ,X12216905,BLUSA ML ESTAMPADA CON CUELLO,,Normal
ENERO, ,043 - 4NOV3                                   ,STOP,008 - MODA                                    ,002 - TEJIDO PLANO                            ,X12217905,BLUSA ML A RAYAS CON PERILLA Y BOTONES,,Normal
ENERO, ,043 - 4NOV3                                   ,STOP,008 - MODA                                    ,002 - TEJIDO PLANO                            ,X12218905,BLUSA ML CON AMARRE EN PUÑOS,,Normal
ENERO, ,043 - 4NOV3                                   ,STOP,008 - MODA                                    ,002 - TEJIDO PLANO                            ,X12219905,BLUSA ML A RAYAS CON PERILLA Y BOTONES,,Normal
ENERO, ,043 - 4NOV3                                   ,STOP,008 - MODA                                    ,002 - TEJIDO PLANO                            ,X12220805,BLUSA ML EN OJALILLO,,Normal
FEBRERO, ,043 - 4NOV3                                   ,STOP,008 - MODA                                    ,002 - TEJIDO PLANO                            ,X12221905,BLUSA ML LAVADO MEDIO CON BOTONES MANGA,,Normal
FEBRERO, ,043 - 4NOV3                                   ,STOP,008 - MODA                                    ,002 - TEJIDO PLANO                            ,X12222905,BLUSA ML CON TELA BORDADA,,Normal
ABRIL, ,043 - 4NOV3                                   ,STOP,008 - MODA                                    ,002 - TEJIDO PLANO                            ,X12223805,BLUSA ML CON CUELLO EN TELA CON EFECTO,,Normal
ABRIL, ,043 - 4NOV3                                   ,STOP,008 - MODA                                    ,001 - TEJIDO PUNTO                            ,X12227805,BLUSA ML TIPO TEJIDO,,Normal
JUNIO, ,043 - 4NOV3                                   ,STOP,008 - MODA                                    ,002 - TEJIDO PLANO                            ,X12252804,BLUSA MC CON ABERTURA EN ESCOTE LARGO C,,Normal
JUNIO, ,043 - 4NOV3                                   ,STOP,008 - MODA                                    ,002 - TEJIDO PLANO                            ,X12293904,BLUSA MC CON BOLSILLOS EN FRENTE OVERSI,,Normal
NOVIEMBRE, ,043 - 4NOV3                                   ,STOP,008 - MODA                                    ,002 - TEJIDO PLANO                            ,X12311904,BLUSA MC EN SATIN CON CUELLO RECTILINEO,,Normal
ENERO, ,043 - 4NOV3                                   ,STOP,008 - MODA                                    ,002 - TEJIDO PLANO                            ,X12315804,BLUSA MC CON CUELLO SPORT ESTAMPADA CRO,,Normal
MARZO, ,043 - 4NOV3                                   ,STOP,008 - MODA                                    ,002 - TEJIDO PLANO                            ,X12316804,BLUSA MC CON ESTAMPADO Y BOTONES FORRAD,,Normal
MARZO, ,043 - 4NOV3                                   ,STOP,008 - MODA                                    ,002 - TEJIDO PLANO                            ,X12317904,BLUSA MC CON JARETA EN RUEDO EN TELA CO,,Normal
MARZO, ,043 - 4NOV3                                   ,STOP,008 - MODA                                    ,002 - TEJIDO PLANO                            ,X12321804,BLUSA MC FULL PRINT,,Normal
ABRIL, ,043 - 4NOV3                                   ,STOP,008 - MODA                                    ,002 - TEJIDO PLANO                            ,X12322804,BLUSA MC CON TELA BORDADA,,Normal
JUNIO, ,043 - 4NOV3                                   ,STOP,008 - MODA                                    ,002 - TEJIDO PLANO                            ,X12324904,BLUSA MC A RAYAS CON ANUDADO,,Normal
MAYO, ,043 - 4NOV3                                   ,STOP,008 - MODA                                    ,002 - TEJIDO PLANO                            ,X12326804,BLUSA MC CON CUELLO PERILLA Y BOTONES C,,Normal
JUNIO, ,043 - 4NOV3                                   ,STOP,008 - MODA                                    ,002 - TEJIDO PLANO                            ,X12327904,BLUSA MC CON TIRAS EN FRENTE,,Normal
JULIO, ,043 - 4NOV3                                   ,STOP,008 - MODA                                    ,002 - TEJIDO PLANO                            ,X12330904,BLUSA MC CON ELASTICOS,,Normal
JULIO, ,043 - 4NOV3                                   ,STOP,008 - MODA                                    ,002 - TEJIDO PLANO                            ,X12331804,BLUSA MC CON BOLSILLOS TIPO CROP,,Normal
JULIO, ,043 - 4NOV3                                   ,STOP,008 - MODA                                    ,002 - TEJIDO PLANO                            ,X12332804,BLUSA MC CON ENTORCHADO EN FRENTE TIPO,,Normal
AGOSTO, ,043 - 4NOV3                                   ,STOP,008 - MODA                                    ,002 - TEJIDO PLANO                            ,X12334804,BLUSA MC CON BOTONES FORRADOS,,Normal
JULIO, ,043 - 4NOV3                                   ,STOP,008 - MODA                                    ,002 - TEJIDO PLANO                            ,X12335904,BLUSA MC CON BOLERO EN MANGA ESTAMPADA,,Normal
SEPTIEMBRE, ,043 - 4NOV3                                   ,STOP,008 - MODA                                    ,002 - TEJIDO PLANO                            ,X12336804,BLUSA MC CUELLO SPORT CON TAPAS DE BOLS,,Normal
SEPTIEMBRE, ,043 - 4NOV3                                   ,STOP,008 - MODA                                    ,005 - DENIM                                   ,X12337804,BLUSA MC LAV OSCURO AJUSTADA,,Normal
OCTUBRE, ,043 - 4NOV3                                   ,STOP,008 - MODA                                    ,002 - TEJIDO PLANO                            ,X12451804,BLUSA MC A RAYAS CON BOLSILLO EN FRENTE,,Normal
NOVIEMBRE, ,043 - 4NOV3                                   ,STOP,008 - MODA                                    ,002 - TEJIDO PLANO                            ,X12452904,BLUSA MC CON BOTONES EN TELA CON EFECTO,,Normal
OCTUBRE, ,043 - 4NOV3                                   ,STOP,008 - MODA                                    ,002 - TEJIDO PLANO                            ,X12453804,BLUSA MC CON PINZAS Y PERILLA,,Normal
DICIEMBRE, ,043 - 4NOV3                                   ,STOP,008 - MODA                                    ,002 - TEJIDO PLANO                            ,X12454804,BLUSA MC CUELLO SPORT EN TELA BRILLANTE,,Normal
NOVIEMBRE, ,043 - 4NOV3                                   ,STOP,008 - MODA                                    ,002 - TEJIDO PLANO                            ,X12456904,BLUSA MC ESCOTE CORAZON CON CORTES EN F,,Normal
DICIEMBRE, ,043 - 4NOV3                                   ,STOP,008 - MODA                                    ,002 - TEJIDO PLANO                            ,X12457904,BLUSA M/C LAV CLARO CON APLIQUE EN CUEL,,Normal
NOVIEMBRE, ,043 - 4NOV3                                   ,STOP,008 - MODA                                    ,002 - TEJIDO PLANO                            ,X12459804,BLUSA MC CON BOLSILLOS Y BOTONES EN FRE,,Normal
DICIEMBRE, ,043 - 4NOV3                                   ,STOP,008 - MODA                                    ,002 - TEJIDO PLANO                            ,X12460904,BLUSA MC A RAYAS CON ESCOTE V,,Normal
ENERO, ,043 - 4NOV3                                   ,STOP,008 - MODA                                    ,002 - TEJIDO PLANO                            ,X12461904,BLUSA MC TELA EFECTO BORDADO CON BOTONE,,Normal
ENERO, ,043 - 4NOV3                                   ,STOP,008 - MODA                                    ,002 - TEJIDO PLANO                            ,X12462904,BLUSA MC CON CUELLO Y BOTON EN FRENTE,,Normal
FEBRERO, ,043 - 4NOV3                                   ,STOP,008 - MODA                                    ,002 - TEJIDO PLANO                            ,X12463904,BLUSA MC CON CORTES Y RECOGIDOS,,Normal
FEBRERO, ,043 - 4NOV3                                   ,STOP,008 - MODA                                    ,002 - TEJIDO PLANO                            ,PLANTILLA SPERIOR,PLANTILLA SPERIOR,,Normal
ABRIL, ,043 - 4NOV3                                   ,STOP,003 - OPORTUNIDADES                           ,001 - TEJIDO PUNTO                            ,X13002819,BODY TIRAS CON ESCOTE TRIANGULAR PUNTA,,Normal
NOVIEMBRE, ,043 - 4NOV3                                   ,STOP,003 - OPORTUNIDADES                           ,001 - TEJIDO PUNTO                            ,X13002928,CELUJEAN T/MEDIO ROMANTICA SIN BOLSILLO,,Normal
ENERO, ,043 - 4NOV3                                   ,STOP,003 - OPORTUNIDADES                           ,002 - TEJIDO PLANO                            ,X13003918,BLUSA TIRAS  FONDO ENTERO OPORTUNIDADES,,Normal
MAYO, ,043 - 4NOV3                                   ,STOP,003 - OPORTUNIDADES                           ,002 - TEJIDO PLANO                            ,X13004975,BLUSA MS CON ESCOTE EN V PUNTA DE PRECI,,Normal
FEBRERO, ,043 - 4NOV3                                   ,STOP,003 - OPORTUNIDADES                           ,002 - TEJIDO PLANO                            ,X13005918,BLUSA TIRAS CON PEPAS ESCOTE EN V PUNTA,,Normal
JUNIO, ,043 - 4NOV3                                   ,STOP,003 - OPORTUNIDADES                           ,002 - TEJIDO PLANO                            ,X13005975,BLUSA MS EN TELA CON EFECTO PUNTA DE PR,,Normal
OCTUBRE, ,043 - 4NOV3                                   ,STOP,003 - OPORTUNIDADES                           ,002 - TEJIDO PLANO                            ,X13006875,BLUSA MS TIPO CORSET PUNTA DE PRECIO,,Normal
FEBRERO, ,043 - 4NOV3                                   ,STOP,003 - OPORTUNIDADES                           ,002 - TEJIDO PLANO                            ,X13007971,BLUSA MC FONDO ENTERO PUNTA DE PRECIO,,Normal
OCTUBRE, ,043 - 4NOV3                                   ,STOP,003 - OPORTUNIDADES                           ,002 - TEJIDO PLANO                            ,X13016822,LEVANTACOLA T/ALTO CON BOLSILLOS OPORTU,,Normal
JUNIO, ,043 - 4NOV3                                   ,STOP,003 - OPORTUNIDADES                           ,002 - TEJIDO PLANO                            ,X13021833,SHORT TIRO ALTO CON DESGASTES PUNTA DE,,Normal
MARZO, ,043 - 4NOV3                                   ,STOP,003 - OPORTUNIDADES                           ,002 - TEJIDO PLANO                            ,X13049855,CAMISETA MS EN RIB CON SESGO EN CONTRAS,,Normal
ENERO, ,043 - 4NOV3                                   ,STOP,003 - OPORTUNIDADES                           ,001 - TEJIDO PUNTO                            ,X13108853,CAMISETA MC A RAYAS TIPO CROP PUNTA DE,,Normal
OCTUBRE, ,040 - 4OCT4                                   ,STOP,009 - CONSCIENTE,005 - DENIM                                   ,MS0004821,FALDA CORTA CON COTILLA DELANTERA,001 - PRODUCCION INTERNA TELA NACIONALIZADA   ,Normal
MAYO, ,016 - 2ABR4                                   ,STOP,008 - MODA                                    ,001 - TEJIDO PUNTO                            ,B1173914,CAMISETA MC ESTAMPADA Y PUNTADA DECORATI,001 - PRODUCCION INTERNA TELA NACIONALIZADA   ,Normal
MAYO, ,016 - 2ABR4                                   ,STOP,008 - MODA                                    ,001 - TEJIDO PUNTO                            ,B12160905,BLUSA ML CON LETIN EN PERILLA,,Normal
AGOSTO, ,016 - 2ABR4                                   ,STOP,003 - OPORTUNIDADES                           ,001 - TEJIDO PUNTO                            ,X13109853,CAMISETA MC CON ESTAMPADO EN FRENTE PUN,,Normal
SEPTIEMBRE, ,016 - 2ABR4                                   ,STOP,003 - OPORTUNIDADES                           ,001 - TEJIDO PUNTO                            ,X13111853,CAMISETA MC EN RIB ESTAMPADA PUNTA DE P,,Normal
OCTUBRE, ,016 - 2ABR4                                   ,STOP,003 - OPORTUNIDADES                           ,001 - TEJIDO PUNTO                            ,X13114853,CAMISETA MC CON ESTAMPADO PUNTA DE PREC,,Normal
DICIEMBRE, ,016 - 2ABR4                                   ,STOP,003 - OPORTUNIDADES                           ,001 - TEJIDO PUNTO                            ,X13117953,CAMISETA MC EN RIB FRENTE CRUZADO PUNTA,,Normal
DICIEMBRE, ,016 - 2ABR4                                   ,STOP,003 - OPORTUNIDADES                           ,001 - TEJIDO PUNTO                            ,X13119853,CAMISETA MC CON ESTAMPADO PUNTA DE PREC,,Normal
DICIEMBRE, ,016 - 2ABR4                                   ,STOP,003 - OPORTUNIDADES                           ,001 - TEJIDO PUNTO                            ,X13120853,CAMISETA MC EN RIB PUNTA DE PRECIO,,Normal
DICIEMBRE, ,016 - 2ABR4                                   ,STOP,003 - OPORTUNIDADES                           ,001 - TEJIDO PUNTO                            ,X13121953,CAMISETA MC CON APLIQUES PUNTA DE PRECI,,Normal
ENERO, ,016 - 2ABR4                                   ,STOP,003 - OPORTUNIDADES                           ,001 - TEJIDO PUNTO                            ,X13122953,CAMISETA MC CON ESTAMPADO PUNTA DE PREC,,Normal
ENERO, ,016 - 2ABR4                                   ,STOP,003 - OPORTUNIDADES                           ,001 - TEJIDO PUNTO                            ,X13124853,CAMISETA MC ESTAMPADA PUNTA DE PRECIO,,Normal
MARZO, ,016 - 2ABR4                                   ,STOP,003 - OPORTUNIDADES                           ,001 - TEJIDO PUNTO                            ,X13125853,CAMISETA MC CON ESTAMPADO OPORTUNIDADES,,Normal
MARZO, ,016 - 2ABR4                                   ,STOP,003 - OPORTUNIDADES                           ,001 - TEJIDO PUNTO                            ,X14003917,BLAZER ML OVERSIZE CON BOLSILLO RIBETE,,Normal
ABRIL, ,016 - 2ABR4                                   ,STOP,008 - MODA                                    ,002 - TEJIDO PLANO                            ,X14008917,BLAZER ML CON CANAL EN CINTURA Y TANCA,,Normal
MAYO, ,016 - 2ABR4                                   ,STOP,008 - MODA                                    ,002 - TEJIDO PLANO                            ,X14128904,BUSO ML ESTAMPADO IMITANDO DOBLE PRENDA,,Normal
SEPTIEMBRE, ,016 - 2ABR4                                   ,STOP,008 - MODA                                    ,001 - TEJIDO PUNTO                            ,X14157804,BUSO CUELLO EN V,,Normal
OCTUBRE, ,016 - 2ABR4                                   ,STOP,008 - MODA                                    ,001 - TEJIDO PUNTO                            ,X14158804,BUSO ML CON ESTAMPADO EN FRENTE,,Normal
DICIEMBRE, ,016 - 2ABR4                                   ,STOP,008 - MODA                                    ,001 - TEJIDO PUNTO                            ,X14169902,CHALECO MS CON BOTONES EXPUESTOS DIAGON,,Normal
SEPTIEMBRE, ,016 - 2ABR4                                   ,STOP,008 - MODA                                    ,001 - TEJIDO PUNTO                            ,X14170902,CHALECO MS FORRADO CON CORTES,,Normal
SEPTIEMBRE, ,016 - 2ABR4                                   ,STOP,008 - MODA                                    ,002 - TEJIDO PLANO                            ,X14186802,CHALECO MS CON BOTONES Y CORTES EN FREN,,Normal
OCTUBRE, ,016 - 2ABR4                                   ,STOP,008 - MODA                                    ,002 - TEJIDO PLANO                            ,X14188902,CHALECO MS CON BOTONES METALICOS,,Normal
DICIEMBRE, ,016 - 2ABR4                                   ,STOP,008 - MODA                                    ,001 - TEJIDO PUNTO                            ,X14194902,CHALECO MS TELA EFECTO TEJIDO CON BOTON,,Normal
DICIEMBRE, ,016 - 2ABR4                                   ,STOP,008 - MODA                                    ,002 - TEJIDO PLANO                            ,X14196902,CHALECO MS CON BOTONES CROP,,Normal
ENERO, ,016 - 2ABR4                                   ,STOP,008 - MODA                                    ,005 - DENIM                                   ,X14197802,CHALECO MS A RAYAS CON IMITACION RIBETE,,Normal
ENERO, ,016 - 2ABR4                                   ,STOP,008 - MODA                                    ,001 - TEJIDO PUNTO                            ,X14199802,CHALECO MS CON BOTONES EN FRENTE ESCOTE,,Normal
ABRIL, ,016 - 2ABR4                                   ,STOP,008 - MODA                                    ,001 - TEJIDO PUNTO                            ,X14205902,CHALECO MS CON AMARRE EN FRENTE,,Normal
MAYO, ,016 - 2ABR4                                   ,STOP,008 - MODA                                    ,002 - TEJIDO PLANO                            ,X14338901,CHAQUETA ML CON BOLSILLOS Y BOTONES,,Normal
SEPTIEMBRE, ,016 - 2ABR4                                   ,STOP,008 - MODA                                    ,005 - DENIM                                   ,X14339901,CHAQUETA ML LAV CLARO EN TELA TEXTURIZA,,Normal
JULIO, ,016 - 2ABR4                                   ,STOP,008 - MODA                                    ,005 - DENIM                                   ,X14341801,CHAQUETA ML LAV MEDIO OSCURO CUELLO EN,,Normal
AGOSTO, ,016 - 2ABR4                                   ,STOP,008 - MODA                                    ,002 - TEJIDO PLANO                            ,X14343801,SOBREBLUSA  ML CON BOLSILLOS EN FRENTE,,Normal
AGOSTO, ,016 - 2ABR4                                   ,STOP,008 - MODA                                    ,005 - DENIM                                   ,X14349901,CHAQUETA M/L EN DRIL CON CUELLO EN CORD,,Normal
AGOSTO, ,016 - 2ABR4                                   ,STOP,008 - MODA                                    ,005 - DENIM                                   ,X14351801,SOBRECAMISA  LAV MEDIO OSCURO,,Normal
NOVIEMBRE, ,016 - 2ABR4                                   ,STOP,008 - MODA                                    ,005 - DENIM                                   ,X14353901,CHAQUETA M/LARGA LAV OSCURO CUELLO CORD,,Normal
OCTUBRE, ,016 - 2ABR4                                   ,STOP,008 - MODA                                    ,002 - TEJIDO PLANO                            ,X14354801,CHAQUETA ML CON RECTILINEO Y ESTRELLA E,,Normal
NOVIEMBRE, ,016 - 2ABR4                                   ,STOP,008 - MODA                                    ,005 - DENIM                                   ,X14355801,CHAQUETA ML LAV MEDIO  APLIQUE EN PIEDR,,Normal
DICIEMBRE, ,016 - 2ABR4                                   ,STOP,008 - MODA                                    ,005 - DENIM                                   ,X14356901,CHAQUETA ML COLOR CON TEXTURA LASER,,Normal
FEBRERO, ,016 - 2ABR4                                   ,STOP,008 - MODA                                    ,005 - DENIM                                   ,X14360901,CHAQUETA  ML BLANCA EN TELA TOSCANA,,Normal
FEBRERO, ,016 - 2ABR4                                   ,STOP,005 - ESENCIAL                                ,005 - DENIM                                   ,X15001865,LIPOJEAN PREMIUM T/ALTO COLOR BASICO,,Normal
SEPTIEMBRE, ,047 - 4DIC3                                   ,STOP,005 - ESENCIAL                                ,005 - DENIM                                   ,X15001904,BERMUDA T/ALTO COLOR ESENCIALES,001 - PRODUCCION INTERNA TELA NACIONALIZADA   ,Normal
OCTUBRE, ,047 - 4DIC3                                   ,STOP,005 - ESENCIAL                                ,005 - DENIM                                   ,X15001908,RETROJEAN DESCADERADO ESENCIALES,,Normal
DICIEMBRE, ,045 - 4DIC1                                   ,STOP,005 - ESENCIAL                                ,005 - DENIM                                   ,X15001921,TEJANO T/ALTO ESENCIALES BOTA ANCHA,001 - PRODUCCION INTERNA TELA NACIONALIZADA   ,Normal
FEBRERO, ,002 - 1ENE2                                   ,STOP,004 - ESENCIAL MODA                           ,001 - TEJIDO PUNTO                            ,X15001950,CAMISETA PREMIUM ML ESENCIALES,001 - PRODUCCION INTERNA TELA NACIONALIZADA   ,Normal
MARZO, ,038 - 4OCT2                                   ,STOP,004 - ESENCIAL MODA                           ,001 - TEJIDO PUNTO                            ,X15001953,BODY PREMIUM ML SILUETA AJUSTADA ESENCI,001 - PRODUCCION INTERNA TELA NACIONALIZADA   ,Normal
DICIEMBRE, ,038 - 4OCT2                                   ,STOP,004 - ESENCIAL MODA                           ,001 - TEJIDO PUNTO                            ,X15001957,BLUSA MS CON ESCOTE EN V ESENCIALES,,Normal
MARZO, ,038 - 4OCT2                                   ,STOP,005 - ESENCIAL                                ,001 - TEJIDO PUNTO                            ,X15001970,CAMISETA MS BASICO EN RIB CROP TOP NEWY,,Normal
DICIEMBRE, ,003 - 1ENE3                                   ,STOP,004 - ESENCIAL MODA                           ,005 - DENIM                                   ,X15001994,EJECUTIVO T/ALTO  BASICO BOTA TUBO ESEN,001 - PRODUCCION INTERNA TELA NACIONALIZADA   ,Normal
NOVIEMBRE, ,003 - 1ENE3                                   ,STOP,005 - ESENCIAL                                ,005 - DENIM                                   ,X15001996,VAQUERO DESCADERADO T/BAJO BOTA RECTA E,,Normal
ENERO, ,040 - 4OCT4                                   ,STOP,005 - ESENCIAL                                ,005 - DENIM                                   ,X15002842,LEVANTACOLA T/ALTO BOTA TUBO ESENCIALES,001 - PRODUCCION INTERNA TELA NACIONALIZADA   ,Normal
SEPTIEMBRE, ,040 - 4OCT4                                   ,STOP,004 - ESENCIAL MODA                           ,005 - DENIM                                   ,X15002852,CAMISETA MS EN RIB TIPO CROP ESENCIALES,,Normal
FEBRERO, ,005 - 1FEB1                                   ,STOP,005 - ESENCIAL                                ,005 - DENIM                                   ,X15002965,LIPOJEAN T/ALTO LAVADO ESENCIALES BOTA,001 - PRODUCCION INTERNA TELA NACIONALIZADA   ,Normal
DICIEMBRE, ,005 - 1FEB1                                   ,STOP,004 - ESENCIAL MODA                           ,005 - DENIM                                   ,X15002994,EJECUTIVO T/ALTO BOTA 21 ESENCIALES,,Normal
FEBRERO, ,047 - 4DIC3                                   ,STOP,004 - ESENCIAL MODA                           ,001 - TEJIDO PUNTO                            ,X15002995,BODY PREMIUM MS DOBLE FAZ ESENCIALES,001 - PRODUCCION INTERNA TELA NACIONALIZADA   ,Normal
NOVIEMBRE, ,003 - 1ENE3                                   ,STOP,005 - ESENCIAL                                ,005 - DENIM                                   ,X15003842,LEVANTACOLA PREMIUM T/ALTO BOTA TUBO ES,001 - PRODUCCION INTERNA TELA NACIONALIZADA   ,Normal
JUNIO, ,047 - 4DIC3                                   ,STOP,005 - ESENCIAL                                ,005 - DENIM                                   ,X15003965,LIPOJEAN PREMIUM T/ALTO NEGRO BOTA TUBO,001 - PRODUCCION INTERNA TELA NACIONALIZADA   ,Normal
ABRIL, ,047 - 4DIC3                                   ,STOP,005 - ESENCIAL                                ,005 - DENIM                                   ,X15004849,CAMISETA PREMIUM MC FONDO ENTERO DOBLE,,Normal
MAYO, ,003 - 1ENE3                                   ,STOP,005 - ESENCIAL                                ,001 - TEJIDO PUNTO                            ,X15004852,CAMISETA MS EN RIB ESENCIALES,001 - PRODUCCION INTERNA TELA NACIONALIZADA   ,Normal
SEPTIEMBRE, ,045 - 4DIC1                                   ,STOP,005 - ESENCIAL                                ,005 - DENIM                                   ,X15004921,TEJANO LEVANTACOLA T/ALTO  ESENCIALES,001 - PRODUCCION INTERNA TELA NACIONALIZADA   ,Normal
MAYO, ,018 - 2MAY2                                   ,STOP,008 - MODA                                    ,005 - DENIM                                   ,X10042944,ENTERIZO LARGO ML LAV CLARO,001 - PRODUCCION INTERNA TELA NACIONALIZADA   ,Normal
MAYO, ,018 - 2MAY2                                   ,STOP,005 - ESENCIAL                                ,005 - DENIM                                   ,X15004935,ELASTIK PREMIUM  T/ALTO BOTA TUBO ESENC,,Normal
MARZO, ,047 - 4DIC3                                   ,STOP,005 - ESENCIAL                                ,005 - DENIM                                   ,X15004942,LEVANTACOLA T/ALTO BOTA RECTA ESENCIALE,001 - PRODUCCION INTERNA TELA NACIONALIZADA   ,Normal
MARZO, ,010 - 1MAR2                                   ,STOP,005 - ESENCIAL                                ,002 - TEJIDO PLANO                            ,X15004956,BLUSA M3/4 ESENCIALES,001 - PRODUCCION INTERNA TELA NACIONALIZADA   ,Normal
JULIO, ,045 - 4DIC1                                   ,STOP,004 - ESENCIAL MODA                           ,005 - DENIM                                   ,X15005821,TEJANO PREMIUM LEVANTACOLA T/ALTO NEGRO,001 - PRODUCCION INTERNA TELA NACIONALIZADA   ,Normal
MARZO, ,045 - 4DIC1                                   ,STOP,004 - ESENCIAL MODA                           ,005 - DENIM                                   ,X15005849,CAMISETA MC ESENCIALES,,Normal
NOVIEMBRE, ,045 - 4DIC1                                   ,STOP,005 - ESENCIAL                                ,005 - DENIM                                   ,X15005939,ESCULTOR  T/ALTO BOTA TUBO COLOR BASICO,,Normal
SEPTIEMBRE, ,045 - 4DIC1                                   ,STOP,004 - ESENCIAL MODA                           ,001 - TEJIDO PUNTO                            ,X15005952,CAMISETA PREMIUM  MS DOBLE FAZ ESENCIAL,,Normal
MARZO, ,041 - 4NOV1                                   ,STOP,004 - ESENCIAL MODA                           ,002 - TEJIDO PLANO                            ,X15005955,BLUSA ML FONDO ENTERO ESENCIALES,001 - PRODUCCION INTERNA TELA NACIONALIZADA   ,Normal
NOVIEMBRE, ,003 - 1ENE3                                   ,STOP,005 - ESENCIAL                                ,005 - DENIM                                   ,X15006942,LEVANTACOLA PREMIUM T/ALTO NEGRO BOTA R,001 - PRODUCCION INTERNA TELA NACIONALIZADA   ,Normal
OCTUBRE, ,038 - 4OCT2                                   ,STOP,005 - ESENCIAL                                ,001 - TEJIDO PUNTO                            ,X15006949,CAMISETA PREMIUM MC FONDO ENTERO ESENCI,,Normal
ENERO, ,047 - 4DIC3                                   ,STOP,004 - ESENCIAL MODA                           ,001 - TEJIDO PUNTO                            ,X15006952,CAMISETA PREMIUM MS ESENCIALES,001 - PRODUCCION INTERNA TELA NACIONALIZADA   ,Normal
JUNIO, ,047 - 4DIC3                                   ,STOP,005 - ESENCIAL                                ,005 - DENIM                                   ,X15007942,LEVANTACOLA  T/ALTO LAV MEDIO BOTA TUBO,,Normal
NOVIEMBRE, ,042 - 4NOV2                                   ,STOP,005 - ESENCIAL                                ,001 - TEJIDO PUNTO                            ,X15007949,CAMISETA MC PREMIUM ESENCIALES,001 - PRODUCCION INTERNA TELA NACIONALIZADA   ,Normal
ABRIL, ,010 - 1MAR2                                   ,STOP,005 - ESENCIAL                                ,001 - TEJIDO PUNTO                            ,X15007952,CAMISETA MS ESENCIALES,001 - PRODUCCION INTERNA TELA NACIONALIZADA   ,Normal
SEPTIEMBRE, ,003 - 1ENE3                                   ,STOP,004 - ESENCIAL MODA                           ,001 - TEJIDO PUNTO                            ,X15008849,CAMISETA PREMIUM MC FONDO ENTERO DOBLE,001 - PRODUCCION INTERNA TELA NACIONALIZADA   ,Normal
OCTUBRE, ,044 - 4NOV4                                   ,STOP,004 - ESENCIAL MODA                           ,005 - DENIM                                   ,X15008888,RETROJEAN T/ALTO ESENCIALES,001 - PRODUCCION INTERNA TELA NACIONALIZADA   ,Normal
MARZO, ,010 - 1MAR2                                   ,STOP,005 - ESENCIAL                                ,001 - TEJIDO PUNTO                            ,X15008952,CAMISETA PREMIUM MS ESCOTE REDONDO ESEN,001 - PRODUCCION INTERNA TELA NACIONALIZADA   ,Normal
DICIEMBRE, ,003 - 1ENE3                                   ,STOP,004 - ESENCIAL MODA                           ,001 - TEJIDO PUNTO                            ,X15009949,CAMISETA MC CON MINI RUCHE EN RUEDOS ES,001 - PRODUCCION INTERNA TELA NACIONALIZADA   ,Normal
MARZO, ,010 - 1MAR2                                   ,STOP,004 - ESENCIAL MODA                           ,001 - TEJIDO PUNTO                            ,X15010809,CHAQUETA ML CON CIERRE Y CORDON ESENCIA,001 - PRODUCCION INTERNA TELA NACIONALIZADA   ,Normal
MARZO, ,010 - 1MAR2                                   ,STOP,005 - ESENCIAL                                ,005 - DENIM                                   ,X15010911,SHORT T/ALTO ESENCIALES,001 - PRODUCCION INTERNA TELA NACIONALIZADA   ,Normal
JULIO, ,047 - 4DIC3                                   ,STOP,004 - ESENCIAL MODA                           ,001 - TEJIDO PUNTO                            ,X15010949,CAMISETA PREMIUM MC CON ESCOTE EN V ESE,001 - PRODUCCION INTERNA TELA NACIONALIZADA   ,Normal
ABRIL, ,047 - 4DIC3                                   ,STOP,005 - ESENCIAL                                ,001 - TEJIDO PUNTO                            ,X15011949,CAMISETA PREMIUM MC CON CUELLO V ESENCI,,Normal
ABRIL, ,047 - 4DIC3                                   ,STOP,004 - ESENCIAL MODA                           ,001 - TEJIDO PUNTO                            ,X15012949,CAMISETA MC ESENCIALES MODA,,Normal
MARZO, ,010 - 1MAR2                                   ,STOP,005 - ESENCIAL                                ,001 - TEJIDO PUNTO                            ,X15013949,CAMISETA MC ESENCIALES,001 - PRODUCCION INTERNA TELA NACIONALIZADA   ,Normal
SEPTIEMBRE, ,003 - 1ENE3                                   ,STOP,004 - ESENCIAL MODA                           ,005 - DENIM                                   ,X15014824,CHAQUETA ML  ESENCIALES  EN DENIM,001 - PRODUCCION INTERNA TELA NACIONALIZADA   ,Normal
SEPTIEMBRE, ,003 - 1ENE3                                   ,STOP,004 - ESENCIAL MODA                           ,005 - DENIM                                   ,X15014844,VAQUERO T/ALTO BOTA RECTA ESENCIALES,,Normal
ABRIL, ,047 - 4DIC3                                   ,STOP,005 - ESENCIAL                                ,005 - DENIM                                   ,X15015824,CHAQUETA ML NEGRA ESENCIALES,001 - PRODUCCION INTERNA TELA NACIONALIZADA   ,Normal
MARZO, ,047 - 4DIC3                                   ,STOP,004 - ESENCIAL MODA                           ,001 - TEJIDO PUNTO                            ,X15015849,CAMISETA MC ESTAMPADO CROP ESENCIAL MOD,,Normal
AGOSTO, ,045 - 4DIC1                                   ,STOP,005 - ESENCIAL                                ,005 - DENIM                                   ,X15015944,VAQUERO T/ALTO  BOTA RECTA ESENCIALES,001 - PRODUCCION INTERNA TELA NACIONALIZADA   ,Normal
MARZO, ,045 - 4DIC1                                   ,STOP,005 - ESENCIAL                                ,005 - DENIM                                   ,X15016944,VAQUERO T/ALTO ESENCIALES BOTA TUBO,,Normal
MARZO, ,045 - 4DIC1                                   ,STOP,004 - ESENCIAL MODA                           ,001 - TEJIDO PUNTO                            ,X15016949,CAMISETA PREMIUM MC ESTAMPADO ESENCIAL,,Normal
MARZO, ,010 - 1MAR2                                   ,STOP,005 - ESENCIAL                                ,005 - DENIM                                   ,X15017944,VAQUERO T/ALTO BOTA TUBO ESENCIALES,001 - PRODUCCION INTERNA TELA NACIONALIZADA   ,Normal
MARZO, ,010 - 1MAR2                                   ,STOP,004 - ESENCIAL MODA                           ,001 - TEJIDO PUNTO                            ,X15017949,CAMISETA MC  ESTAMPADO EN FRENTE ESENCI,,Normal
JULIO, ,010 - 1MAR2                                   ,STOP,004 - ESENCIAL MODA                           ,005 - DENIM                                   ,X15022301,EJECUTIVO T/ALTO BASICO,,Normal
MARZO, ,010 - 1MAR2                                   ,STOP,005 - ESENCIAL                                ,005 - DENIM                                   ,X15045501,ESCULTOR PREMIUM TA BASICO SIN BOLSILLO,,Normal
NOVIEMBRE, ,010 - 1MAR2                                   ,STOP,005 - ESENCIAL                                ,005 - DENIM                                   ,X15056901,LIPOJEAN T/ALTO BLANCO  BOTA TUBO BASIC,,Normal
NOVIEMBRE, ,042 - 4NOV2                                   ,STOP,008 - MODA                                    ,005 - DENIM                                   ,MS0004715,VAQUERO T/ALTO LAV MEDIO TACHES,001 - PRODUCCION INTERNA TELA NACIONALIZADA   ,Normal
NOVIEMBRE, ,041 - 4NOV1                                   ,STOP,008 - MODA                                    ,005 - DENIM                                   ,MS0004716,MOM T/ALTO LAV MEDIO OSCURO,001 - PRODUCCION INTERNA TELA NACIONALIZADA   ,Normal
NOVIEMBRE, ,042 - 4NOV2                                   ,STOP,008 - MODA                                    ,005 - DENIM                                   ,MS0004717,CULOTT T/ALTO LAV MEDIO OSCURO,001 - PRODUCCION INTERNA TELA NACIONALIZADA   ,Normal
ENERO, ,044 - 4NOV4                                   ,STOP,005 - ESENCIAL                                ,002 - TEJIDO PLANO                            ,X15059901,PANTALON T/ALTO ESENCIALES  BOTA RECTA,001 - PRODUCCION INTERNA TELA NACIONALIZADA   ,Normal
OCTUBRE, ,044 - 4NOV4                                   ,STOP,008 - MODA                                    ,002 - TEJIDO PLANO                            ,X18001938,BERMUDA T/ALTO COLOR CON PINZAS,,Normal
AGOSTO, ,044 - 4NOV4                                   ,STOP,008 - MODA                                    ,005 - DENIM                                   ,X18001969,CULOTT T/ALTO COLOR CON BOLSILLOS,,Normal
ENERO, ,044 - 4NOV4                                   ,STOP,008 - MODA                                    ,005 - DENIM                                   ,X18001988,RETROJEAN T/ALTO ELASTICO EN CINTURA,,Normal
DICIEMBRE, ,044 - 4NOV4                                   ,STOP,008 - MODA                                    ,002 - TEJIDO PLANO                            ,X18002833,ENTERIZO LARGO COLOR ELASTICO EN CINTUR,,Normal
ENERO, ,044 - 4NOV4                                   ,STOP,008 - MODA                                    ,002 - TEJIDO PLANO                            ,X18002937,ENTERIZO TIRAS CON ESCOTE EN ESPALDA,,Normal
JULIO, ,044 - 4NOV4                                   ,STOP,008 - MODA                                    ,002 - TEJIDO PLANO                            ,X18003837,ENTERIZO TIRAS CRUZADO EN FRENTE,,Normal
SEPTIEMBRE, ,044 - 4NOV4                                   ,STOP,008 - MODA                                    ,005 - DENIM                                   ,X18004837,ENTERIZO DE TIRAS LARGO COLOR,,Normal
DICIEMBRE, ,044 - 4NOV4                                   ,STOP,008 - MODA                                    ,005 - DENIM                                   ,X18005937,ENTERIZO LARGO TIRAS LAV OSCURO  TIPO R,,Normal
NOVIEMBRE, ,044 - 4NOV4                                   ,STOP,008 - MODA                                    ,001 - TEJIDO PUNTO                            ,X18006820,VESTIDO ML CON JARETA EN COSTADO DOBLE,,Normal
DICIEMBRE, ,044 - 4NOV4                                   ,STOP,008 - MODA                                    ,001 - TEJIDO PUNTO                            ,X18007826,PANTALÓN T/ALTO NEGRO TIPO LEGGIN,,Normal
DICIEMBRE, ,044 - 4NOV4                                   ,STOP,008 - MODA                                    ,001 - TEJIDO PUNTO                            ,X18007920,VESTIDO ML CON ESCOTE EN V LARGO FULL P,,Normal
NOVIEMBRE, ,044 - 4NOV4                                   ,STOP,008 - MODA                                    ,001 - TEJIDO PUNTO                            ,X18008821,VESTIDO MS EN MALLA DOBLE PRENDA,,Normal
AGOSTO, ,044 - 4NOV4                                   ,STOP,008 - MODA                                    ,005 - DENIM                                   ,X18011916,JOGGER T/ALTO COLOR ELASTICO EN CINTUR,,Normal
OCTUBRE, ,044 - 4NOV4                                   ,STOP,008 - MODA                                    ,005 - DENIM                                   ,X18012816,JOGGER T/ALTO COLOR CON ELASTICO EN BOT,,Normal
NOVIEMBRE, ,044 - 4NOV4                                   ,STOP,008 - MODA                                    ,005 - DENIM                                   ,X18014807,FALDA SHORT CORTA FONDO ENTERO,,Normal
JUNIO, ,044 - 4NOV4                                   ,STOP,008 - MODA                                    ,002 - TEJIDO PLANO                            ,X18017807,FALDA SHORT CORTA CON ABERTURA EN FRENT,,Normal
AGOSTO, ,044 - 4NOV4                                   ,STOP,008 - MODA                                    ,005 - DENIM                                   ,X18021890,PANTALON T/ALTO COLOR CON BOLSILLOS,,Normal
AGOSTO, ,044 - 4NOV4                                   ,STOP,008 - MODA                                    ,005 - DENIM                                   ,X18022890,PANTALON CARGO T/ALTO COLOR CON BOLSILL,,Normal
NOVIEMBRE, ,044 - 4NOV4                                   ,STOP,008 - MODA                                    ,005 - DENIM                                   ,X18023990,PANTALON CARGO T/DESCADERADO COLOR,,Normal
OCTUBRE, ,044 - 4NOV4                                   ,STOP,008 - MODA                                    ,005 - DENIM                                   ,X18024890,PANTALON CARGO T/ALTO COLOR BOLSILLOS I,,Normal
NOVIEMBRE, ,044 - 4NOV4                                   ,STOP,008 - MODA                                    ,005 - DENIM                                   ,X18025890,PANTALON CARGO T/ALTO COLOR DETALLE EN,,Normal
ENERO, ,044 - 4NOV4                                   ,STOP,008 - MODA                                    ,005 - DENIM                                   ,X18026990,PANTALON CARGO T/ALTO COLOR,,Normal
MARZO, ,044 - 4NOV4                                   ,STOP,008 - MODA                                    ,005 - DENIM                                   ,X18048823,VESTIDO TIRAS LARGO RECOGIDO EN BUSTO F,,Normal
MAYO, ,044 - 4NOV4                                   ,STOP,008 - MODA                                    ,002 - TEJIDO PLANO                            ,X18049923,VESTIDO TIRAS LARGO FULL PRINT CON CORD,,Normal
AGOSTO, ,044 - 4NOV4                                   ,STOP,008 - MODA                                    ,002 - TEJIDO PLANO                            ,X18050923,VESTIDO TIRAS COSTO A RAYAS,,Normal
DICIEMBRE, ,044 - 4NOV4                                   ,STOP,008 - MODA                                    ,002 - TEJIDO PLANO                            ,X18052923,VESTIDO TIRAS LARGO A RAYAS TELA CON EF,,Normal
DICIEMBRE, ,044 - 4NOV4                                   ,STOP,008 - MODA                                    ,002 - TEJIDO PLANO                            ,X18053923,VESTIDO TIRAS LARGO ESTAMPADO FULL PRIN,,Normal
ABRIL, ,044 - 4NOV4                                   ,STOP,008 - MODA                                    ,001 - TEJIDO PUNTO                            ,X18056923,VESTIDO PREMIUM TIRAS CORTE EN CINTURA,,Normal
JUNIO, ,044 - 4NOV4                                   ,STOP,008 - MODA                                    ,002 - TEJIDO PLANO                            ,X18081817,PANTALÓN T/ALTO EN TELA EFECTO GAMUZADA,,Normal
AGOSTO, ,044 - 4NOV4                                   ,STOP,008 - MODA                                    ,002 - TEJIDO PLANO                            ,X18083817,PANTALON TIRO ALTO FULL PRINT,,Normal
JULIO, ,044 - 4NOV4                                   ,STOP,008 - MODA                                    ,002 - TEJIDO PLANO                            ,X18084917,PANTALON T/ALTO ARENA CON AMARRE Y BOLS,,Normal
SEPTIEMBRE, ,044 - 4NOV4                                   ,STOP,008 - MODA                                    ,002 - TEJIDO PLANO                            ,X18085917,PANTALÓN PREMIUM T/ALTO NEGRO  BOTONES,,Normal
MAYO, ,044 - 4NOV4                                   ,STOP,008 - MODA                                    ,002 - TEJIDO PLANO                            ,X18086917,PANTALON T/ALTO EN TELA EFECTO SEMILLA,,Normal
MAYO, ,044 - 4NOV4                                   ,STOP,008 - MODA                                    ,002 - TEJIDO PLANO                            ,X18087917,PANTALON T/ALTO DOBLE PRETINA,,Normal
DICIEMBRE, ,044 - 4NOV4                                   ,STOP,008 - MODA                                    ,002 - TEJIDO PLANO                            ,X18088817,PANTALÓN T/ALTO NEGRO CON PRETINA EN CU,,Normal
JUNIO, ,044 - 4NOV4                                   ,STOP,008 - MODA                                    ,002 - TEJIDO PLANO                            ,X18090817,PANTALON T/ALTO FONDO ENTERO,,Normal
MAYO, ,044 - 4NOV4                                   ,STOP,008 - MODA                                    ,002 - TEJIDO PLANO                            ,X18093817,PANTALÓN T/ALTO NEGRO BOTA ANCHA CON BO,,Normal
ABRIL, ,044 - 4NOV4                                   ,STOP,008 - MODA                                    ,002 - TEJIDO PLANO                            ,X18094817,PANTALON T/ALTO FULL PRINT,,Normal
JUNIO, ,044 - 4NOV4                                   ,STOP,008 - MODA                                    ,002 - TEJIDO PLANO                            ,X18097917,PANTALON T/ALTO COLOR  CON SESGOS EN CI,,Normal
JUNIO, ,044 - 4NOV4                                   ,STOP,008 - MODA                                    ,002 - TEJIDO PLANO                            ,X18098817,PANTALÓN T/ALTO CON CINTURÓN Y HEBILLA,,Normal
JULIO, ,044 - 4NOV4                                   ,STOP,008 - MODA                                    ,002 - TEJIDO PLANO                            ,X18100917,PANTALÓN T/ALTO CON RECOGIDOS EN PRETIN,,Normal
SEPTIEMBRE, ,044 - 4NOV4                                   ,STOP,008 - MODA                                    ,002 - TEJIDO PLANO                            ,X18101817,PANTALÓN T/ALTO CON PRETINA EN CONTRAST,,Normal
SEPTIEMBRE, ,044 - 4NOV4                                   ,STOP,008 - MODA                                    ,002 - TEJIDO PLANO                            ,X18103917,PANTALON T/ALTO CON PRETINA TRASLADADA,,Normal
NOVIEMBRE, ,044 - 4NOV4                                   ,STOP,008 - MODA                                    ,002 - TEJIDO PLANO                            ,X18106817,PANTALÓN T/ALTO NEGRO CON CHARRETERA EN,,Normal
ENERO, ,044 - 4NOV4                                   ,STOP,008 - MODA                                    ,002 - TEJIDO PLANO                            ,X18107917,PANTALON T/ALTO CON SESGOS EN CINTURA,,Normal
DICIEMBRE, ,044 - 4NOV4                                   ,STOP,008 - MODA                                    ,002 - TEJIDO PLANO                            ,X18108917,PANTALÓN T/ALTO CON HERRAJE EN CINTURÓN,,Normal
DICIEMBRE, ,044 - 4NOV4                                   ,STOP,008 - MODA                                    ,002 - TEJIDO PLANO                            ,X18109817,PANTALON T/ALTO DOBLE PRETINA,,Normal
DICIEMBRE, ,044 - 4NOV4                                   ,STOP,008 - MODA                                    ,002 - TEJIDO PLANO                            ,X18110917,PANTALON T/ALTO COLOR A RAYAS,,Normal
ENERO, ,044 - 4NOV4                                   ,STOP,008 - MODA                                    ,002 - TEJIDO PLANO                            ,X18111817,PANTALON T/MEDIO COLOR  TELA EFECTO TEJ,,Normal
ENERO, ,044 - 4NOV4                                   ,STOP,008 - MODA                                    ,002 - TEJIDO PLANO                            ,X18112917,PANTALON T/ALTO COLOR PRENSES EN DELANT,,Normal
FEBRERO, ,044 - 4NOV4                                   ,STOP,008 - MODA                                    ,002 - TEJIDO PLANO                            ,X18113917,PANTALON T/ALTO CON BOTON EXPUESTO,,Normal
ABRIL, ,044 - 4NOV4                                   ,STOP,008 - MODA                                    ,002 - TEJIDO PLANO                            ,X18115917,PANTALÓN T/ALTO CON BOTONES EN BOLSILLO,,Normal
JULIO, ,044 - 4NOV4                                   ,STOP,008 - MODA                                    ,002 - TEJIDO PLANO                            ,X18188804,SHORT T/ALTO COLOR EN LINO DETALLE EN P,,Normal
JULIO, ,044 - 4NOV4                                   ,STOP,008 - MODA                                    ,002 - TEJIDO PLANO                            ,X18227901,FALDA LARGA TIPO PAREO ESTAMPADA,,Normal
NOVIEMBRE, ,044 - 4NOV4                                   ,STOP,008 - MODA                                    ,002 - TEJIDO PLANO                            ,X18230801,FALDA LARGA ANIMAL PRINT CON ABERTURA E,,Normal
DICIEMBRE, ,044 - 4NOV4                                   ,STOP,008 - MODA                                    ,002 - TEJIDO PLANO                            ,X18231801,FALDA CORTA COLOR CON CIERRE EN FRENTE,,Normal
JULIO, ,044 - 4NOV4                                   ,STOP,008 - MODA                                    ,002 - TEJIDO PLANO                            ,X18232801,FALDA LARGA FULLPRINT CON ABERTURA,,Normal
JULIO, ,044 - 4NOV4                                   ,STOP,008 - MODA                                    ,002 - TEJIDO PLANO                            ,X18233901,FALDA TIRO ALTO FULLPRINT LARGA,,Normal
AGOSTO, ,044 - 4NOV4                                   ,STOP,008 - MODA                                    ,002 - TEJIDO PLANO                            ,X18234801,FALDA CORTA COLOR CON CIERRE EN FRENTE,,Normal
SEPTIEMBRE, ,044 - 4NOV4                                   ,STOP,008 - MODA                                    ,002 - TEJIDO PLANO                            ,X18235801,FALDA CORTA A CUADROS CON TABLAS,,Normal
OCTUBRE, ,044 - 4NOV4                                   ,STOP,008 - MODA                                    ,002 - TEJIDO PLANO                            ,X18236801,FALDA T/ALTO  CORTA CON TABLAS,,Normal
NOVIEMBRE, ,044 - 4NOV4                                   ,STOP,008 - MODA                                    ,001 - TEJIDO PUNTO                            ,X18237801,FALDA PREMIUM LARGA SILUETA AJUSTADA,,Normal
AGOSTO, ,044 - 4NOV4                                   ,STOP,008 - MODA                                    ,001 - TEJIDO PUNTO                            ,X19019851,PASHMINA ESTAMPADA CON PASADOR,,Normal
OCTUBRE, ,039 - 4OCT3                                   ,STOP,008 - MODA                                    ,002 - TEJIDO PLANO                            ,MS0004660,CAMISA MANGA LARGA DETALLE EN CUELLO,001 - PRODUCCION INTERNA TELA NACIONALIZADA   ,Normal
OCTUBRE, ,039 - 4OCT3                                   ,STOP,008 - MODA                                    ,001 - TEJIDO PUNTO                            ,MS0004661,BLUSA M3/4 CON CHARRETERA Y BOTONES,001 - PRODUCCION INTERNA TELA NACIONALIZADA   ,Normal
OCTUBRE,09-SEPTIEMBRE,039 - 4OCT3                                   ,STOP,008 - MODA                                    ,002 - TEJIDO PLANO                            ,MS0004662,CAMISA MANGA LARGA CON APLIQUE EN FRENTE,001 - PRODUCCION INTERNA TELA NACIONALIZADA   ,Prioridad Alta
OCTUBRE, ,040 - 4OCT4                                   ,STOP,008 - MODA                                    ,001 - TEJIDO PUNTO                            ,MS0004681,TOP MANGA CORTA ESCOTE EN ESPALDA,001 - PRODUCCION INTERNA TELA NACIONALIZADA   ,Normal
NOVIEMBRE, ,042 - 4NOV2                                   ,STOP,008 - MODA                                    ,002 - TEJIDO PLANO                            ,MS0004682,CAMISA MANGA LARGA  NUDO FRENTE BORDADA,001 - PRODUCCION INTERNA TELA NACIONALIZADA   ,Normal
OCTUBRE, ,040 - 4OCT4                                   ,STOP,008 - MODA                                    ,001 - TEJIDO PUNTO                            ,MS0004683,BODY MANGA LARGA EN ENCAJE,001 - PRODUCCION INTERNA TELA NACIONALIZADA   ,Normal
OCTUBRE, ,040 - 4OCT4                                   ,STOP,008 - MODA                                    ,001 - TEJIDO PUNTO                            ,MS0004684,TOP TIRAS BRILLOS CON CIERRE FRENTE,001 - PRODUCCION INTERNA TELA NACIONALIZADA   ,Normal
OCTUBRE,09-SEPTIEMBRE,039 - 4OCT3                                   ,STOP,008 - MODA                                    ,002 - TEJIDO PLANO                            ,MS0004685,PANTALON MODA  TIRO ALTO BRILLO,001 - PRODUCCION INTERNA TELA NACIONALIZADA   ,Prioridad Alta
OCTUBRE, ,040 - 4OCT4                                   ,STOP,008 - MODA                                    ,002 - TEJIDO PLANO                            ,MS0004663,CAMISA MANGA 3/4 EFECTO TRANSPARENCIA,001 - PRODUCCION INTERNA TELA NACIONALIZADA   ,Normal
OCTUBRE, ,040 - 4OCT4                                   ,STOP,008 - MODA                                    ,001 - TEJIDO PUNTO                            ,MS0004686,LEGGINS BRILLOS  TIPO FLARE,001 - PRODUCCION INTERNA TELA NACIONALIZADA   ,Normal
NOVIEMBRE, ,041 - 4NOV1                                   ,STOP,008 - MODA                                    ,005 - DENIM                                   ,MS0004718,RETROJEAN T/MEDIO LAV MEDIO,001 - PRODUCCION INTERNA TELA NACIONALIZADA   ,Normal
DICIEMBRE, ,046 - 4DIC2                                   ,STOP,008 - MODA                                    ,001 - TEJIDO PUNTO                            ,MS0005037,T-SHIRT MANGA CORTA,001 - PRODUCCION INTERNA TELA NACIONALIZADA   ,Normal
NOVIEMBRE, ,044 - 4NOV4                                   ,STOP,008 - MODA                                    ,001 - TEJIDO PUNTO                            ,MS0005108,PANTALON TIRO ALTO CON TACHES,001 - PRODUCCION INTERNA TELA NACIONALIZADA   ,Normal
NOVIEMBRE, ,043 - 4NOV3                                   ,STOP,008 - MODA                                    ,001 - TEJIDO PUNTO                            ,MS0005147,T-SHIRT MANGA CORTA ESTAMPADA,001 - PRODUCCION INTERNA TELA NACIONALIZADA   ,Normal
MAYO, ,018 - 2MAY2                                   ,STOP,008 - MODA                                    ,005 - DENIM                                   ,B10042944,ENTERIZO LARGO ML LAV CLARO,001 - PRODUCCION INTERNA TELA NACIONALIZADA   ,Normal
SEPTIEMBRE, ,034 - 3SEP2                                   ,STOP,008 - MODA                                    ,001 - TEJIDO PUNTO                            ,MS0004611,CHAQUETA TIPO BOMBER,001 - PRODUCCION INTERNA TELA NACIONALIZADA   ,Normal
SEPTIEMBRE, ,034 - 3SEP2                                   ,STOP,008 - MODA                                    ,001 - TEJIDO PUNTO                            ,X102759131,VAQUERO T/ALTO LAV MEDIO LARGO ESPECIAL,,Normal
OCTUBRE, ,040 - 4OCT4                                   ,STOP,009 - CONSCIENTE,002 - TEJIDO PLANO                            ,MS0005024,FALDA SHORT TIRO MEDIO CON TABLAS,,Normal
OCTUBRE, ,040 - 4OCT4                                   ,STOP,009 - CONSCIENTE,002 - TEJIDO PLANO                            ,130039289,CELUJEAN T/ALTO ROMANTICA CON BOLSILLOS,,Normal
JUNIO,07-JULIO,022 - 2JUN2                                   ,STOP,009 - CONSCIENTE,005 - DENIM                                   ,ST0004531,CAPRI TIRO ALTO LEVANTA COLA,,Prioridad Alta
JUNIO, ,022 - 2JUN2                                   ,STOP,009 - CONSCIENTE,005 - DENIM                                   ,150043112,SHORT T/MEDIO BASICO,,Normal
JUNIO, ,022 - 2JUN2                                   ,STOP,009 - CONSCIENTE,005 - DENIM                                   ,PLNATILLA-SUPERIOR STOP,SUPERIOR STOP,,Normal
SEPTIEMBRE,08-AGOSTO,035 - 3SEP3                                   ,STOP,008 - MODA                                    ,001 - TEJIDO PUNTO                            ,MS0004609,CAMISA MANGA CORTA CON RECOGIDO,001 - PRODUCCION INTERNA TELA NACIONALIZADA   ,Prioridad Alta
AGOSTO, ,035 - 3SEP3                                   ,STOP,008 - MODA                                    ,001 - TEJIDO PUNTO                            ,X14140805,CHAQUETA ML CON CIERRE EN FRENTE Y CORD,,Normal
AGOSTO, ,035 - 3SEP3                                   ,STOP,008 - MODA                                    ,001 - TEJIDO PUNTO                            ,MY0005390,camiseta manga corta doble prenda,,Normal
AGOSTO, ,035 - 3SEP3                                   ,STOP,008 - MODA                                    ,001 - TEJIDO PUNTO                            ,MY0005391,CAMISETA MANGA SISA CON ABERTURA,,Normal
AGOSTO, ,035 - 3SEP3                                   ,STOP,008 - MODA                                    ,001 - TEJIDO PUNTO                            ,MY0005392,BODY MANGA CORTA CON CUT OUT PECHO,,Normal
NOVIEMBRE, ,043 - 4NOV3                                   ,STOP,008 - MODA                                    ,002 - TEJIDO PLANO                            ,MS0005387,BARREL T/ALTO EN VELVET DESARROLLO,001 - PRODUCCION INTERNA TELA NACIONALIZADA   ,Normal
ABRIL, ,016 - 2ABR4                                   ,STOP,008 - MODA                                    ,001 - TEJIDO PUNTO                            ,B11136915,CAMISETA ML CON PUNTERAS EN ESCOTE,001 - PRODUCCION INTERNA TELA NACIONALIZADA   ,Normal
ABRIL, ,016 - 2ABR4                                   ,STOP,008 - MODA                                    ,001 - TEJIDO PUNTO                            ,X11136915,CAMISETA ML CON PUNTERAS EN ESCOTE,001 - PRODUCCION INTERNA TELA NACIONALIZADA   ,Normal
JUNIO, ,021 - 2JUN1                                   ,STOP,008 - MODA                                    ,002 - TEJIDO PLANO                            ,STX0004937,PANTALON  TEJANO T/ALTO COLOR ESTAMPADO,001 - PRODUCCION INTERNA TELA NACIONALIZADA   ,Normal
JUNIO, ,021 - 2JUN1                                   ,STOP,005 - ESENCIAL                                ,005 - DENIM                                   ,B150028423,LEVANTACOLA T/ALTO BOTA TUBO ESENCIALES,001 - PRODUCCION INTERNA TELA NACIONALIZADA   ,Normal
NOVIEMBRE, ,999 - NO APLICA                               ,STOP,008 - MODA                                    ,002 - TEJIDO PLANO                            ,MS0005388,PANTALON CON PRETINA DOBLE,001 - PRODUCCION INTERNA TELA NACIONALIZADA   ,Normal
OCTUBRE, ,037 - 4OCT1                                   ,STOP,004 - ESENCIAL MODA                           ,002 - TEJIDO PLANO                            ,15004956EM,CAMISA MANGA 3/4 ESENCIALES,001 - PRODUCCION INTERNA TELA NACIONALIZADA   ,Normal
OCTUBRE, ,037 - 4OCT1                                   ,STOP,004 - ESENCIAL MODA                           ,002 - TEJIDO PLANO                            ,"PLANTILLA SHORT, PANTALON, FALDA, FALDA SHORT","PLANTILLA SHORT, PANTALON, FALDA, FALDA",,Normal
DICIEMBRE, ,046 - 4DIC2                                   ,STOP,008 - MODA                                    ,005 - DENIM                                   ,MS0005207,PALAZZO T.ALTO LAV NEGRO MEDIO,001 - PRODUCCION INTERNA TELA NACIONALIZADA   ,Normal
DICIEMBRE, ,047 - 4DIC3                                   ,STOP,008 - MODA                                    ,005 - DENIM                                   ,MS0005208,PALAZZO T. ALTO LAV MEDIO,001 - PRODUCCION INTERNA TELA NACIONALIZADA   ,Normal
MAYO, ,017 - 2MAY1                                   ,STOP,008 - MODA                                    ,005 - DENIM                                   ,X10079834,CARGO T/ALTO LAV CLARO CON CORD,001 - PRODUCCION INTERNA TELA NACIONALIZADA   ,Normal
MAYO, ,017 - 2MAY1                                   ,STOP,008 - MODA                                    ,005 - DENIM                                   ,B10079834,CARGO T/ALTO LAV CLARO CON CORD,001 - PRODUCCION INTERNA TELA NACIONALIZADA   ,Normal
NOVIEMBRE, ,043 - 4NOV3                                   ,STOP,008 - MODA                                    ,005 - DENIM                                   ,MS0005121,RETROJEAN T/ALTO LAV MEDIO OSCURO,001 - PRODUCCION INTERNA TELA NACIONALIZADA   ,Normal
NOVIEMBRE, ,043 - 4NOV3                                   ,STOP,008 - MODA                                    ,005 - DENIM                                   ,MS0005122,BERMUDA T/ALTO LAV MEDIO,001 - PRODUCCION INTERNA TELA NACIONALIZADA   ,Normal
NOVIEMBRE, ,043 - 4NOV3                                   ,STOP,008 - MODA                                    ,001 - TEJIDO PUNTO                            ,MS0005151,TOP MANGA CORTA CON PRENSES,001 - PRODUCCION INTERNA TELA NACIONALIZADA   ,Normal
NOVIEMBRE, ,043 - 4NOV3                                   ,STOP,008 - MODA                                    ,002 - TEJIDO PLANO                            ,MS0005159,VESTIDO MANGA SISA CORTO DRAPEADO,001 - PRODUCCION INTERNA TELA NACIONALIZADA   ,Normal
NOVIEMBRE, ,043 - 4NOV3                                   ,STOP,008 - MODA                                    ,001 - TEJIDO PUNTO                            ,MS0005160,VESTIDO MANGA LARGA LARGO,001 - PRODUCCION INTERNA TELA NACIONALIZADA   ,Normal
NOVIEMBRE, ,043 - 4NOV3                                   ,STOP,008 - MODA                                    ,001 - TEJIDO PUNTO                            ,MS0005161,TOP MANGA CORTA DRAPEADA,001 - PRODUCCION INTERNA TELA NACIONALIZADA   ,Normal
NOVIEMBRE, ,043 - 4NOV3                                   ,STOP,008 - MODA                                    ,001 - TEJIDO PUNTO                            ,MS0005162,TOP MANGA SISA RECAMADO,001 - PRODUCCION INTERNA TELA NACIONALIZADA   ,Normal
NOVIEMBRE, ,043 - 4NOV3                                   ,STOP,008 - MODA                                    ,001 - TEJIDO PUNTO                            ,MS0005163,C,,Normal
NOVIEMBRE, ,043 - 4NOV3                                   ,STOP,008 - MODA                                    ,001 - TEJIDO PUNTO                            ,MS0005164,C,,Normal
NOVIEMBRE, ,044 - 4NOV4                                   ,STOP,008 - MODA                                    ,005 - DENIM                                   ,MS0005109,VAQUERO T/ALTO ROSA EMPOLVADO,001 - PRODUCCION INTERNA TELA NACIONALIZADA   ,Normal
NOVIEMBRE, ,044 - 4NOV4                                   ,STOP,008 - MODA                                    ,002 - TEJIDO PLANO                            ,MS0005110,CULOTTE T/ALTO CHOCOLATE ASIMETRICO,001 - PRODUCCION INTERNA TELA NACIONALIZADA   ,Normal
NOVIEMBRE, ,044 - 4NOV4                                   ,STOP,008 - MODA                                    ,002 - TEJIDO PLANO                            ,MS0005111,RETROJEAN T/ALTO GRIS CLARO,001 - PRODUCCION INTERNA TELA NACIONALIZADA   ,Normal
NOVIEMBRE, ,043 - 4NOV3                                   ,STOP,008 - MODA                                    ,005 - DENIM                                   ,MS0005117,TEJANO T/ALTO COLOR NEGRO,001 - PRODUCCION INTERNA TELA NACIONALIZADA   ,Normal
NOVIEMBRE, ,043 - 4NOV3                                   ,STOP,008 - MODA                                    ,005 - DENIM                                   ,MS0005118,CULOTT T/ALTO LAV OSCURO,001 - PRODUCCION INTERNA TELA NACIONALIZADA   ,Normal
NOVIEMBRE, ,043 - 4NOV3                                   ,STOP,008 - MODA                                    ,005 - DENIM                                   ,MS0005119,VAQUERO T/ALTO LAV CLARO,001 - PRODUCCION INTERNA TELA NACIONALIZADA   ,Normal
NOVIEMBRE, ,043 - 4NOV3                                   ,STOP,008 - MODA                                    ,002 - TEJIDO PLANO                            ,MS0005120,RETROJEAN T/ALTO COLOR,001 - PRODUCCION INTERNA TELA NACIONALIZADA   ,Normal
NOVIEMBRE, ,043 - 4NOV3                                   ,STOP,008 - MODA                                    ,002 - TEJIDO PLANO                            ,MS0005060,CAMISA MANGA LARGA BRILLO,001 - PRODUCCION INTERNA TELA NACIONALIZADA   ,Normal
DICIEMBRE, ,047 - 4DIC3                                   ,STOP,004 - ESENCIAL MODA                           ,001 - TEJIDO PUNTO                            ,MS0005062,T-SHIRT MANGA CORTA ESTAMPADA,001 - PRODUCCION INTERNA TELA NACIONALIZADA   ,Normal
DICIEMBRE, ,047 - 4DIC3                                   ,STOP,008 - MODA                                    ,001 - TEJIDO PUNTO                            ,MS0005063,T-SHIRT MANGA CORTA  ESTAMPADA EN FRENTE,001 - PRODUCCION INTERNA TELA NACIONALIZADA   ,Normal
DICIEMBRE, ,047 - 4DIC3                                   ,STOP,008 - MODA                                    ,001 - TEJIDO PUNTO                            ,MS0005064,T-SHIRT MANGA CORTA ESTAMPADA,001 - PRODUCCION INTERNA TELA NACIONALIZADA   ,Normal
DICIEMBRE, ,045 - 4DIC1                                   ,STOP,008 - MODA                                    ,001 - TEJIDO PUNTO                            ,MS0005378,TOP MANGA SISA ABERTURA FRENTE,001 - PRODUCCION INTERNA TELA NACIONALIZADA   ,Normal
DICIEMBRE, ,045 - 4DIC1                                   ,STOP,008 - MODA                                    ,001 - TEJIDO PUNTO                            ,MS0005028,TOP MANGA SISA CON CORTES EN FRENTE,001 - PRODUCCION INTERNA TELA NACIONALIZADA   ,Normal
DICIEMBRE, ,045 - 4DIC1                                   ,STOP,008 - MODA                                    ,001 - TEJIDO PUNTO                            ,MS0005029,BODY MANGA LARGA EN MESH,001 - PRODUCCION INTERNA TELA NACIONALIZADA   ,Normal
DICIEMBRE, ,045 - 4DIC1                                   ,STOP,008 - MODA                                    ,001 - TEJIDO PUNTO                            ,MS0005030,BODY MANGA LARGA CUELLO BANDEJA,001 - PRODUCCION INTERNA TELA NACIONALIZADA   ,Normal
DICIEMBRE, ,045 - 4DIC1                                   ,STOP,008 - MODA                                    ,001 - TEJIDO PUNTO                            ,MS0005031,BODY MANGA SISA CON TRANSPARENCIA,001 - PRODUCCION INTERNA TELA NACIONALIZADA   ,Normal
DICIEMBRE, ,045 - 4DIC1                                   ,STOP,008 - MODA                                    ,001 - TEJIDO PUNTO                            ,MS0005056,S,,Normal
DICIEMBRE, ,046 - 4DIC2                                   ,STOP,008 - MODA                                    ,001 - TEJIDO PUNTO                            ,MS0005057,VESTIDO DE TIRAS LARGO,001 - PRODUCCION INTERNA TELA NACIONALIZADA   ,Normal
DICIEMBRE, ,046 - 4DIC2                                   ,STOP,008 - MODA                                    ,001 - TEJIDO PUNTO                            ,MS0005058,V,,Normal
DICIEMBRE, ,047 - 4DIC3                                   ,STOP,008 - MODA                                    ,002 - TEJIDO PLANO                            ,MS0005059,CAMISA MANGA LARGA CON APLIQUES,001 - PRODUCCION INTERNA TELA NACIONALIZADA   ,Normal
NOVIEMBRE, ,043 - 4NOV3                                   ,STOP,008 - MODA                                    ,001 - TEJIDO PUNTO                            ,MS0005148,T-SHIRT MANGA CORTA ESTAMPADO,001 - PRODUCCION INTERNA TELA NACIONALIZADA   ,Normal
NOVIEMBRE, ,043 - 4NOV3                                   ,STOP,008 - MODA                                    ,001 - TEJIDO PUNTO                            ,MS0005149,TOP MANGA LARGA CON HERRAJE,001 - PRODUCCION INTERNA TELA NACIONALIZADA   ,Normal
NOVIEMBRE, ,043 - 4NOV3                                   ,STOP,008 - MODA                                    ,001 - TEJIDO PUNTO                            ,MS0005150,TOP STRAPPLE DRAPEADO,001 - PRODUCCION INTERNA TELA NACIONALIZADA   ,Normal
SEPTIEMBRE, ,034 - 3SEP2                                   ,STOP,008 - MODA                                    ,001 - TEJIDO PUNTO                            ,MS0005065,TOP MANGA SISA CUELLO REDONDO,,Normal
NOVIEMBRE, ,047 - 4DIC3                                   ,STOP,008 - MODA                                    ,001 - TEJIDO PUNTO                            ,MS0005067,TOP MANGA SISA DRAPEADO EN HOMBRO,001 - PRODUCCION INTERNA TELA NACIONALIZADA   ,Normal
NOVIEMBRE, ,044 - 4NOV4                                   ,STOP,008 - MODA                                    ,002 - TEJIDO PLANO                            ,MS0005116,PANTALON T/ALTO EFECTO CUERO,001 - PRODUCCION INTERNA TELA NACIONALIZADA   ,Normal
NOVIEMBRE, ,043 - 4NOV3                                   ,STOP,008 - MODA                                    ,002 - TEJIDO PLANO                            ,MS0005123,SHORT T/ALTO BLANCO APLIQUES,001 - PRODUCCION INTERNA TELA NACIONALIZADA   ,Normal
ABRIL, ,014 - 2ABR2                                   ,STOP,008 - MODA                                    ,005 - DENIM                                   ,X10080916,ELASTIK  PREMUIM T/ALTO L/MED OSCURO CON,001 - PRODUCCION INTERNA TELA NACIONALIZADA   ,Normal
ABRIL, ,014 - 2ABR2                                   ,STOP,008 - MODA                                    ,002 - TEJIDO PLANO                            ,B10086855,RETROJEAN T/ALTO NEGRO CON CORTES LATER,,Normal
ABRIL, ,014 - 2ABR2                                   ,STOP,008 - MODA                                    ,002 - TEJIDO PLANO                            ,X12142905 ,BLUSA ML CON BOLERO EN FRENTE,,Normal
ABRIL, ,014 - 2ABR2                                   ,STOP,008 - MODA                                    ,002 - TEJIDO PLANO                            ,X14332801,CHAQUETA ML CON BOLSILLOS CARGO Y CREMAL,,Normal
DICIEMBRE, ,046 - 4DIC2                                   ,STOP,008 - MODA                                    ,001 - TEJIDO PUNTO                            ,MS0005038,BODY TIRAS CON SESGOS,001 - PRODUCCION INTERNA TELA NACIONALIZADA   ,Normal
OCTUBRE,09-SEPTIEMBRE,040 - 4OCT4                                   ,STOP,008 - MODA                                    ,002 - TEJIDO PLANO                            ,MS0004687,BERMUDA TIPO SASTRE,001 - PRODUCCION INTERNA TELA NACIONALIZADA   ,Prioridad Alta
OCTUBRE,09-SEPTIEMBRE,040 - 4OCT4                                   ,STOP,008 - MODA                                    ,001 - TEJIDO PUNTO                            ,MS0004688,VESTIDO MANGA CORTA MESH EST LARGO,001 - PRODUCCION INTERNA TELA NACIONALIZADA   ,Prioridad Alta
NOVIEMBRE, ,042 - 4NOV2                                   ,STOP,008 - MODA                                    ,002 - TEJIDO PLANO                            ,MS0004689,BLUSA MANGA LARGA ESTAM  CON CINTURON,001 - PRODUCCION INTERNA TELA NACIONALIZADA   ,Normal
NOVIEMBRE, ,041 - 4NOV1                                   ,STOP,003 - OPORTUNIDADES                           ,001 - TEJIDO PUNTO                            ,MS0004690,T-SHIRT   MANGA CORTA ESTAMPADA OPORT,001 - PRODUCCION INTERNA TELA NACIONALIZADA   ,Normal
NOVIEMBRE, ,042 - 4NOV2                                   ,STOP,008 - MODA                                    ,002 - TEJIDO PLANO                            ,MS0004719,BARREL T/ALTO CHOCOLATE,001 - PRODUCCION INTERNA TELA NACIONALIZADA   ,Normal
NOVIEMBRE, ,041 - 4NOV1                                   ,STOP,008 - MODA                                    ,002 - TEJIDO PLANO                            ,MS0004720,BERMUDA T/ALTO TEÑIDA CAFÉ OSCURO,001 - PRODUCCION INTERNA TELA NACIONALIZADA   ,Normal
NOVIEMBRE, ,042 - 4NOV2                                   ,STOP,008 - MODA                                    ,005 - DENIM                                   ,MS0004721,BERMUDA T/MEDIO LAV MEDIO OSCURO,001 - PRODUCCION INTERNA TELA NACIONALIZADA   ,Normal
NOVIEMBRE, ,042 - 4NOV2                                   ,STOP,008 - MODA                                    ,005 - DENIM                                   ,19108933,GAFAS ROMANTICA DISEÑO EN MARCO,,Normal
NOVIEMBRE, ,042 - 4NOV2                                   ,STOP,008 - MODA                                    ,005 - DENIM                                   ,12094805,BLUSA ML  FULL PRINT TIPO CROP CON ANUD,,Normal
ABRIL, ,016 - 2ABR4                                   ,STOP,008 - MODA                                    ,005 - DENIM                                   ,X10172903,BERMUDA T/ALTO LAV MEDIO CON RELOJERA,001 - PRODUCCION INTERNA TELA NACIONALIZADA   ,Normal
JUNIO, ,023 - 2JUN3                                   ,STOP,008 - MODA                                    ,002 - TEJIDO PLANO                            ,18240901,FALDA T/ALTO CON TABLAS Y BOTONES,001 - PRODUCCION INTERNA TELA NACIONALIZADA   ,Normal
JUNIO, ,023 - 2JUN3                                   ,STOP,008 - MODA                                    ,005 - DENIM                                   ,10102955,RETROJEAN T/ALTO LAV MEDIO CON BOLSILLOS,001 - PRODUCCION INTERNA TELA NACIONALIZADA   ,Normal
JUNIO, ,023 - 2JUN3                                   ,STOP,008 - MODA                                    ,002 - TEJIDO PLANO                            ,10083934,PANTALON CARGO T/ALTO COLOR BLANCO,001 - PRODUCCION INTERNA TELA NACIONALIZADA   ,Normal
JUNIO, ,021 - 2JUN1                                   ,STOP,008 - MODA                                    ,001 - TEJIDO PUNTO                            ,11794814,CAMISETA T-SHRT MC CON ESTAMPADO,001 - PRODUCCION INTERNA TELA NACIONALIZADA   ,Normal
ABRIL, ,021 - 2JUN1                                   ,STOP,008 - MODA                                    ,002 - TEJIDO PLANO                            ,X10086855,RETROJEAN T/ALTO NEGRO CON CORTES LATER,,Normal
DICIEMBRE, ,045 - 4DIC1                                   ,STOP,008 - MODA                                    ,001 - TEJIDO PUNTO                            ,MS0005025,T-SHIRT MANGA CORTA ESTAMPADO POLKA,001 - PRODUCCION INTERNA TELA NACIONALIZADA   ,Normal
OCTUBRE, ,040 - 4OCT4                                   ,STOP,008 - MODA                                    ,002 - TEJIDO PLANO                            ,MS0004664,BLUSA MANGA 3/4 CON CIERRE EN FRENTE,001 - PRODUCCION INTERNA TELA NACIONALIZADA   ,Normal
OCTUBRE, ,040 - 4OCT4                                   ,STOP,008 - MODA                                    ,001 - TEJIDO PUNTO                            ,MS0004665,BLUSA  TIRAS ESTAMPADA,001 - PRODUCCION INTERNA TELA NACIONALIZADA   ,Normal
OCTUBRE, ,039 - 4OCT3                                   ,STOP,003 - OPORTUNIDADES                           ,001 - TEJIDO PUNTO                            ,MS0004666,T-SHIRT  MANGA CORTA ESTAMPADA OPORT,001 - PRODUCCION INTERNA TELA NACIONALIZADA   ,Normal
OCTUBRE, ,039 - 4OCT3                                   ,STOP,003 - OPORTUNIDADES                           ,001 - TEJIDO PUNTO                            ,150059553,CAMISA MANGA LARGA FONDO ENTERO ESENCIAL,,Normal
OCTUBRE, ,040 - 4OCT4                                   ,STOP,009 - CONSCIENTE,002 - TEJIDO PLANO                            ,MS0004634,SHORT  CON BOLSILLOS DELANTEROS,001 - PRODUCCION INTERNA TELA NACIONALIZADA   ,Normal
OCTUBRE, ,040 - 4OCT4                                   ,STOP,009 - CONSCIENTE,005 - DENIM                                   ,MS0004635,SHORT TIRO ALTO BOLSILLO CUADRADO,001 - PRODUCCION INTERNA TELA NACIONALIZADA   ,Normal
OCTUBRE, ,040 - 4OCT4                                   ,STOP,008 - MODA                                    ,001 - TEJIDO PUNTO                            ,MS0004671,T-SHIRT MANGA CORTA ESTAMPADA,001 - PRODUCCION INTERNA TELA NACIONALIZADA   ,Normal
NOVIEMBRE, ,042 - 4NOV2                                   ,STOP,008 - MODA                                    ,001 - TEJIDO PUNTO                            ,MS0004693,T-SHIRT  MANGA CORTA CON TECNICA Y BORDA,001 - PRODUCCION INTERNA TELA NACIONALIZADA   ,Normal
NOVIEMBRE, ,041 - 4NOV1                                   ,STOP,008 - MODA                                    ,001 - TEJIDO PUNTO                            ,MS0004698,BODY MANGA CORTA CON RECOGIDO,001 - PRODUCCION INTERNA TELA NACIONALIZADA   ,Normal
NOVIEMBRE, ,041 - 4NOV1                                   ,STOP,008 - MODA                                    ,001 - TEJIDO PUNTO                            ,CAPRI PLANTILLA,CAPRI TIRO ALTO PLANTILLA,,Normal
NOVIEMBRE, ,041 - 4NOV1                                   ,STOP,008 - MODA                                    ,001 - TEJIDO PUNTO                            ,CARGO PLANTILLA,CARGO TIRO ALTO DENIM,,Normal
NOVIEMBRE, ,041 - 4NOV1                                   ,STOP,008 - MODA                                    ,001 - TEJIDO PUNTO                            ,PLANTILLA CULOTT TIRO ALTO DENIM,CULOTT TIRO ALTO EN DENIM,,Normal
NOVIEMBRE, ,041 - 4NOV1                                   ,STOP,008 - MODA                                    ,001 - TEJIDO PUNTO                            ,INF DENIM TIRO ALTO PLANTILLA,JEAN TIRO ALTO DENIM PLANTILLA,,Normal
OCTUBRE, ,041 - 4NOV1                                   ,STOP,008 - MODA                                    ,005 - DENIM                                   ,X10148903,BERMUDA T/ALTO LAV CLARO CON CORDÓN EN,,Normal
FEBRERO, ,041 - 4NOV1                                   ,STOP,008 - MODA                                    ,005 - DENIM                                   ,X11605814,CAMISETA MC CON TELA CON FLAME,,Normal
ABRIL, ,041 - 4NOV1                                   ,STOP,008 - MODA                                    ,002 - TEJIDO PLANO                            ,X10038948,CULOTT TIRO ALTO BOTA ANCHA,,Normal
ABRIL, ,041 - 4NOV1                                   ,STOP,008 - MODA                                    ,002 - TEJIDO PLANO                            ,X10041944,OVERALL LARGO LAV CLARO BOTA DOBLADA,,Normal
ABRIL, ,041 - 4NOV1                                   ,STOP,008 - MODA                                    ,002 - TEJIDO PLANO                            ,B10041944,OVERALL LARGO LAV CLARO BOTA DOBLADA,,Normal
ABRIL, ,041 - 4NOV1                                   ,STOP,008 - MODA                                    ,002 - TEJIDO PLANO                            ,B10059918,LEVANTACOLA T/ALTO NEGRO CON CIERRE EN,,Normal
JUNIO, ,041 - 4NOV1                                   ,STOP,008 - MODA                                    ,005 - DENIM                                   ,X10062855,RETROJEAN T/ALTO COLOR CON BOLSILLOS,,Normal
SEPTIEMBRE, ,041 - 4NOV1                                   ,STOP,008 - MODA                                    ,005 - DENIM                                   ,B10274913,VAQUERO T/ALTO COLOR EN TELA TEXTURIZAD,,Normal
ABRIL, ,041 - 4NOV1                                   ,STOP,008 - MODA                                    ,002 - TEJIDO PLANO                            ,X10077934,PANTALON CARGO T/ALTO LAVADO OSCURO,,Normal
ABRIL, ,041 - 4NOV1                                   ,STOP,008 - MODA                                    ,002 - TEJIDO PLANO                            ,B10310913,VAQUERO T/ALTO LAV CLARO DETALLE EN BOL,,Normal
ABRIL, ,041 - 4NOV1                                   ,STOP,008 - MODA                                    ,002 - TEJIDO PLANO                            ,X10310913,VAQUERO T/ALTO LAV CLARO DETALLE EN BOL,,Normal
ABRIL, ,041 - 4NOV1                                   ,STOP,008 - MODA                                    ,002 - TEJIDO PLANO                            ,X1231380,BLUSA MC CON CREMALLERA Y BOLSILLOS TIPO,,Normal
NOVIEMBRE, ,041 - 4NOV1                                   ,STOP,008 - MODA                                    ,001 - TEJIDO PUNTO                            ,X1113912,CAMISETA TIRAS ESCOTE CUADRADO EN TELA,,Normal
MAYO, ,041 - 4NOV1                                   ,STOP,008 - MODA                                    ,002 - TEJIDO PLANO                            ,X12153906,BLUSA M3/4 CON RECOGIDO EN CUELLO,,Normal
ABRIL, ,041 - 4NOV1                                   ,STOP,003 - OPORTUNIDADES                           ,001 - TEJIDO PUNTO                            ,X13128953,CAMISETA MC ESTAMPADA OPORTUNIDADES,,Normal
ABRIL, ,041 - 4NOV1                                   ,STOP,003 - OPORTUNIDADES                           ,001 - TEJIDO PUNTO                            ,X13126953,CAMISETA MC ESTAMPADA OPORTUNIDADES,,Normal
MAYO, ,016 - 2ABR4                                   ,STOP,008 - MODA                                    ,001 - TEJIDO PUNTO                            ,B11773914,CAMISETA MC ESTAMPADA Y PUNTADA DECORATI,001 - PRODUCCION INTERNA TELA NACIONALIZADA   ,Normal
OCTUBRE, ,016 - 2ABR4                                   ,STOP,008 - MODA                                    ,002 - TEJIDO PLANO                            ,B10011846,OVERALL CORTO COLOR TIPO CARGO CON GUAR,,Normal
AGOSTO, ,016 - 2ABR4                                   ,STOP,008 - MODA                                    ,005 - DENIM                                   ,X10016924,JOGGER T/ALTO LAV CLARO TAPAS EN DELANT,,Normal
FEBRERO, ,016 - 2ABR4                                   ,STOP,008 - MODA                                    ,005 - DENIM                                   ,B10032949,TEJANO T/MEDIO LAV OSCURO CORTE EN FREN,,Normal
ABRIL, ,016 - 2ABR4                                   ,STOP,008 - MODA                                    ,002 - TEJIDO PLANO                            ,B10038948,CULOTT TIRO ALTO BOTA ANCHA,,Normal
NOVIEMBRE, ,042 - 4NOV2                                   ,STOP,008 - MODA                                    ,001 - TEJIDO PUNTO                            ,MS0004928,T-SHIRT  MANGA CORTA CON TECNICA Y BORDA,001 - PRODUCCION INTERNA TELA NACIONALIZADA   ,Normal
JUNIO, ,021 - 2JUN1                                   ,STOP,008 - MODA                                    ,002 - TEJIDO PLANO                            ,ST0004937,PANTALON  TEJANO T/ALTO COLOR ESTAMPADO,001 - PRODUCCION INTERNA TELA NACIONALIZADA   ,Normal
MAYO, ,016 - 2ABR4                                   ,STOP,008 - MODA                                    ,001 - TEJIDO PUNTO                            ,X11773914,CAMISETA MC ESTAMPADA Y PUNTADA DECORATI,001 - PRODUCCION INTERNA TELA NACIONALIZADA   ,Normal
MAYO, ,016 - 2ABR4                                   ,STOP,008 - MODA                                    ,001 - TEJIDO PUNTO                            ,X11774914,CAMISETA MC ESTAMPADA COLCAFÉ,,Normal
JUNIO, ,016 - 2ABR4                                   ,STOP,008 - MODA                                    ,001 - TEJIDO PUNTO                            ,X12185905,BLUSA ML ESTAMPADA DE PUNTOS,,Normal
MARZO, ,016 - 2ABR4                                   ,STOP,008 - MODA                                    ,001 - TEJIDO PUNTO                            ,X11617914,CAMISETA MC CON ESCOTE EN V Y ESTAMPADO,,Normal
ABRIL, ,013 - 2ABR1                                   ,STOP,008 - MODA                                    ,002 - TEJIDO PLANO                            ,X10089855,RETROJEAN T/ALTO COLOR NATURAL CON CINTU,001 - PRODUCCION INTERNA TELA NACIONALIZADA   ,Normal
ABRIL, ,016 - 2ABR4                                   ,STOP,008 - MODA                                    ,002 - TEJIDO PLANO                            ,X10091955,RETROJEAN T/ALTO MARFIL DETALLE EN COSTA,001 - PRODUCCION INTERNA TELA NACIONALIZADA   ,Normal
ABRIL, ,016 - 2ABR4                                   ,STOP,008 - MODA                                    ,005 - DENIM                                   ,X10138914,ESCULTOR T/ALTO LAV MEDIO OSCURO CIERRE,001 - PRODUCCION INTERNA TELA NACIONALIZADA   ,Normal
ABRIL, ,016 - 2ABR4                                   ,STOP,008 - MODA                                    ,002 - TEJIDO PLANO                            ,B10058818,LEVANTACOLA T/ALTO CON ABERTURA LATERAL,,Normal
ABRIL, ,016 - 2ABR4                                   ,STOP,008 - MODA                                    ,002 - TEJIDO PLANO                            ,B10043949,TEJANO T/ALTO LAV MEDIO BOTA ANCHA,,Normal
ABRIL, ,016 - 2ABR4                                   ,STOP,008 - MODA                                    ,002 - TEJIDO PLANO                            ,B10367933,SHORT T/ALTO LAV MEDIO OSCURO DETALLE EN,,Normal
ABRIL, ,016 - 2ABR4                                   ,STOP,008 - MODA                                    ,002 - TEJIDO PLANO                            ,B10365833,SHORT T/ALTO TAUPE CON GUARDAPOLVO,,Normal
ABRIL, ,016 - 2ABR4                                   ,STOP,008 - MODA                                    ,005 - DENIM                                   ,B10316913,VAQUERO T/ALTO LAV MEDIO OSCURO ESTAMPAD,,Normal
ABRIL, ,016 - 2ABR4                                   ,STOP,008 - MODA                                    ,002 - TEJIDO PLANO                            ,X18055923,VESTIDO TIRAS LARGO ESTAMPADO,,Normal
ABRIL, ,016 - 2ABR4                                   ,STOP,008 - MODA                                    ,002 - TEJIDO PLANO                            ,B18055923,VESTIDO TIRAS LARGO ESTAMPADO,,Normal
DICIEMBRE, ,016 - 2ABR4                                   ,STOP,008 - MODA                                    ,001 - TEJIDO PUNTO                            ,X18054823,VESTIDO TIRAS LARGO FULLPRINT CON ABERT,,Normal
MARZO, ,016 - 2ABR4                                   ,STOP,004 - ESENCIAL MODA                           ,001 - TEJIDO PUNTO                            ,B15016949,CAMISETA PREMIUM MC ESTAMPADO ESENCIAL,,Normal
OCTUBRE, ,016 - 2ABR4                                   ,STOP,003 - OPORTUNIDADES                           ,001 - TEJIDO PUNTO                            ,X13113953,CAMISETA PREMIUM MC ESCOTE CUADRADO PUN,,Normal
ABRIL, ,016 - 2ABR4                                   ,STOP,008 - MODA                                    ,002 - TEJIDO PLANO                            ,X12225905,BLUSA ML TELAS EN CONTRASTE CON RAYAS,,Normal
ABRIL, ,016 - 2ABR4                                   ,STOP,008 - MODA                                    ,001 - TEJIDO PUNTO                            ,X11747814,CAMISETA MC CON ESTAMPADO EN FRENTE,,Normal
MAYO, ,016 - 2ABR4                                   ,STOP,008 - MODA                                    ,001 - TEJIDO PUNTO                            ,B11007923,BODY PREMIUM ML CON RECOGIDO EN FRENTE,,Normal
MAYO, ,016 - 2ABR4                                   ,STOP,008 - MODA                                    ,001 - TEJIDO PUNTO                            ,X11007923,BODY PREMIUM ML CON RECOGIDO EN FRENTE,,Normal
ABRIL, ,016 - 2ABR4                                   ,STOP,008 - MODA                                    ,001 - TEJIDO PUNTO                            ,B11119915,CAMISETA ML EN MALLA ESTAMPADA,,Normal
OCTUBRE, ,016 - 2ABR4                                   ,STOP,008 - MODA                                    ,005 - DENIM                                   ,B10290813,VAQUERO T/ALTO LAV MEDIO OSCURO CORTE E,,Normal
DICIEMBRE, ,047 - 4DIC3                                   ,STOP,008 - MODA                                    ,002 - TEJIDO PLANO                            ,MS0005061,BLUSA MANGA SISA BORDADA,001 - PRODUCCION INTERNA TELA NACIONALIZADA   ,Normal
DICIEMBRE, ,046 - 4DIC2                                   ,STOP,008 - MODA                                    ,002 - TEJIDO PLANO                            ,MS0005081,JOGGER T/ALTO MARFIL,001 - PRODUCCION INTERNA TELA NACIONALIZADA   ,Normal
NOVIEMBRE, ,043 - 4NOV3                                   ,STOP,008 - MODA                                    ,001 - TEJIDO PUNTO                            ,MS0005088,BLUSA MANGA CORTA CUELLO SPORT,001 - PRODUCCION INTERNA TELA NACIONALIZADA   ,Normal
NOVIEMBRE, ,043 - 4NOV3                                   ,STOP,008 - MODA                                    ,003 - TEJIDO MIXTO                            ,MS0005089,BLUSA TIRAS CUELLO HALTER,001 - PRODUCCION INTERNA TELA NACIONALIZADA   ,Normal
NOVIEMBRE, ,043 - 4NOV3                                   ,STOP,008 - MODA                                    ,002 - TEJIDO PLANO                            ,MS0005090,BLUSA MANGA SISA CON CIERRE,001 - PRODUCCION INTERNA TELA NACIONALIZADA   ,Normal
NOVIEMBRE, ,043 - 4NOV3                                   ,STOP,003 - OPORTUNIDADES                           ,001 - TEJIDO PUNTO                            ,MS0005091,T-SHIRT MANGA CORTA ESTAMPADA,001 - PRODUCCION INTERNA TELA NACIONALIZADA   ,Normal
NOVIEMBRE, ,043 - 4NOV3                                   ,STOP,004 - ESENCIAL MODA                           ,001 - TEJIDO PUNTO                            ,MS0005092,T-SHIRT MANGA CORTA ESTAMPADA,001 - PRODUCCION INTERNA TELA NACIONALIZADA   ,Normal
NOVIEMBRE, ,044 - 4NOV4                                   ,STOP,004 - ESENCIAL MODA                           ,001 - TEJIDO PUNTO                            ,MS0005093,T-SHIRT MANGA CORTA ESTAMPADA,001 - PRODUCCION INTERNA TELA NACIONALIZADA   ,Normal
NOVIEMBRE, ,044 - 4NOV4                                   ,STOP,008 - MODA                                    ,001 - TEJIDO PUNTO                            ,MS0005094,T-SHIRT MANGA CORTA CON PIEDRAS,001 - PRODUCCION INTERNA TELA NACIONALIZADA   ,Normal
NOVIEMBRE, ,043 - 4NOV3                                   ,STOP,008 - MODA                                    ,001 - TEJIDO PUNTO                            ,MS0005095,TOP MANGA LARGA CON TRANSPARENCIA,001 - PRODUCCION INTERNA TELA NACIONALIZADA   ,Normal
SEPTIEMBRE, ,043 - 4NOV3                                   ,STOP,008 - MODA                                    ,001 - TEJIDO PUNTO                            ,X11664814,CAMISETA MC EN RIB CON CORTES EN FRENTE,,Normal
FEBRERO, ,043 - 4NOV3                                   ,STOP,008 - MODA                                    ,002 - TEJIDO PLANO                            ,X14202902,CHALECO MS CON BOTONES EN FRENTE CROP,,Normal
DICIEMBRE, ,043 - 4NOV3                                   ,STOP,008 - MODA                                    ,002 - TEJIDO PLANO                            ,X11586914,CAMISETA MC EN ENCAJE DOBLE PRENDA,,Normal
NOVIEMBRE, ,043 - 4NOV3                                   ,STOP,008 - MODA                                    ,002 - TEJIDO PLANO                            ,X12098909,BLUSA TIRAS EN TELA CON EFECTO GLITTER,,Normal
FEBRERO, ,043 - 4NOV3                                   ,STOP,008 - MODA                                    ,001 - TEJIDO PUNTO                            ,X11736914,CAMISETA MC ESTAMPADO LOCALIZADO,,Normal
ABRIL, ,043 - 4NOV3                                   ,STOP,008 - MODA                                    ,001 - TEJIDO PUNTO                            ,X11730914,CAMISETA PREMIUM  MC AJUSTADA,,Normal
ABRIL, ,043 - 4NOV3                                   ,STOP,008 - MODA                                    ,001 - TEJIDO PUNTO                            ,B11720914,CAMISETA MC TIPO POLO CON RECTILINEOS,,Normal
ABRIL, ,043 - 4NOV3                                   ,STOP,008 - MODA                                    ,001 - TEJIDO PUNTO                            ,X11720914,CAMISETA MC TIPO POLO CON RECTILINEOS,,Normal
ABRIL, ,043 - 4NOV3                                   ,STOP,008 - MODA                                    ,001 - TEJIDO PUNTO                            ,B11734814,CAMISETA MC CON RECOGIDO EN COSTADO,,Normal
OCTUBRE, ,039 - 4OCT3                                   ,STOP,008 - MODA                                    ,001 - TEJIDO PUNTO                            ,MS0004906,CAMISETA MANGA CORTA ESTAMPADA,,Normal
OCTUBRE, ,039 - 4OCT3                                   ,STOP,008 - MODA                                    ,001 - TEJIDO PUNTO                            ,X12313804,BLUSA MC CON CREMALLERA Y BOLSILLOS,,Normal
SEPTIEMBRE, ,039 - 4OCT3                                   ,STOP,008 - MODA                                    ,005 - DENIM                                   ,X10070834,PANTALON CARGO T/ALTO NEGRO,,Normal
MAYO, ,020 - 2MAY4                                   ,STOP,008 - MODA                                    ,005 - DENIM                                   ,ST0004941,CULOTT TIRO ALTO BOTA ANCHA,001 - PRODUCCION INTERNA TELA NACIONALIZADA   ,Normal
DICIEMBRE, ,045 - 4DIC1                                   ,STOP,008 - MODA                                    ,005 - DENIM                                   ,MS0005039,CAMISA MANGA LARGA LAV CLARO,001 - PRODUCCION INTERNA TELA NACIONALIZADA   ,Normal
DICIEMBRE, ,045 - 4DIC1                                   ,STOP,008 - MODA                                    ,005 - DENIM                                   ,MS0005040,VAQUERO T/ALTO LAV MEDIO,001 - PRODUCCION INTERNA TELA NACIONALIZADA   ,Normal
DICIEMBRE, ,045 - 4DIC1                                   ,STOP,008 - MODA                                    ,005 - DENIM                                   ,MS0005041,CULOTTE T/ALTO LAV MEDIO,001 - PRODUCCION INTERNA TELA NACIONALIZADA   ,Normal
DICIEMBRE, ,045 - 4DIC1                                   ,STOP,008 - MODA                                    ,005 - DENIM                                   ,MS0005042,RETROJEAN T/MEDIO NEGRO MEDIO,001 - PRODUCCION INTERNA TELA NACIONALIZADA   ,Normal
DICIEMBRE, ,047 - 4DIC3                                   ,STOP,008 - MODA                                    ,002 - TEJIDO PLANO                            ,MS0005043,TEJANO T/ALTO MARFIL,001 - PRODUCCION INTERNA TELA NACIONALIZADA   ,Normal
DICIEMBRE, ,045 - 4DIC1                                   ,STOP,008 - MODA                                    ,005 - DENIM                                   ,MS0005044,RETROJEAN T/ALTO LAV OSCURO,001 - PRODUCCION INTERNA TELA NACIONALIZADA   ,Normal
DICIEMBRE, ,045 - 4DIC1                                   ,STOP,008 - MODA                                    ,005 - DENIM                                   ,MS0005045,BERMUDA T/ALTO NEGRO,,Normal
DICIEMBRE, ,045 - 4DIC1                                   ,STOP,008 - MODA                                    ,002 - TEJIDO PLANO                            ,MS0005046,BERMUDA T/ALTO MARFIL,001 - PRODUCCION INTERNA TELA NACIONALIZADA   ,Normal
DICIEMBRE, ,045 - 4DIC1                                   ,STOP,008 - MODA                                    ,005 - DENIM                                   ,MS0005047,BERMUDA T/ALTO CON TACHES,001 - PRODUCCION INTERNA TELA NACIONALIZADA   ,Normal
DICIEMBRE, ,045 - 4DIC1                                   ,STOP,008 - MODA                                    ,005 - DENIM                                   ,MS0005084,CHALECO MANGA SISA,,Normal
DICIEMBRE, ,047 - 4DIC3                                   ,STOP,008 - MODA                                    ,005 - DENIM                                   ,MS0005085,ULTRA RETRO T/ALTO LAV CLARO,001 - PRODUCCION INTERNA TELA NACIONALIZADA   ,Normal
DICIEMBRE, ,047 - 4DIC3                                   ,STOP,008 - MODA                                    ,002 - TEJIDO PLANO                            ,MS0005086,RETRO T/ALTO MARFIL,001 - PRODUCCION INTERNA TELA NACIONALIZADA   ,Normal
DICIEMBRE, ,047 - 4DIC3                                   ,STOP,008 - MODA                                    ,005 - DENIM                                   ,MS0005087,SHORT T/ALTO LAV CLARO,001 - PRODUCCION INTERNA TELA NACIONALIZADA   ,Normal
NOVIEMBRE, ,044 - 4NOV4                                   ,STOP,008 - MODA                                    ,002 - TEJIDO PLANO                            ,MS0005113,BERMUDA T/ALTO GRIS,001 - PRODUCCION INTERNA TELA NACIONALIZADA   ,Normal
NOVIEMBRE, ,043 - 4NOV3                                   ,STOP,008 - MODA                                    ,001 - TEJIDO PUNTO                            ,MS0005152,TOP MANGA CORTA CON HEBILLAS,001 - PRODUCCION INTERNA TELA NACIONALIZADA   ,Normal
NOVIEMBRE, ,043 - 4NOV3                                   ,STOP,008 - MODA                                    ,003 - TEJIDO MIXTO                            ,MS0005153,BODY MANGA SISA EN SATIN DRAPEADO,001 - PRODUCCION INTERNA TELA NACIONALIZADA   ,Normal
NOVIEMBRE, ,043 - 4NOV3                                   ,STOP,008 - MODA                                    ,001 - TEJIDO PUNTO                            ,MS0005154,BODY MANGA SISA DRAPEADO,001 - PRODUCCION INTERNA TELA NACIONALIZADA   ,Normal
NOVIEMBRE, ,043 - 4NOV3                                   ,STOP,008 - MODA                                    ,001 - TEJIDO PUNTO                            ,MS0005155,BODY MANGA LARGA CON BRILLO,,Normal
NOVIEMBRE, ,043 - 4NOV3                                   ,STOP,008 - MODA                                    ,001 - TEJIDO PUNTO                            ,MS0005156,BODY MANGA CORTA ASIMETRICO,001 - PRODUCCION INTERNA TELA NACIONALIZADA   ,Normal
NOVIEMBRE, ,043 - 4NOV3                                   ,STOP,008 - MODA                                    ,001 - TEJIDO PUNTO                            ,MS0005157,BODY MANGA LARGA ASIMETRICO,001 - PRODUCCION INTERNA TELA NACIONALIZADA   ,Normal
NOVIEMBRE, ,043 - 4NOV3                                   ,STOP,008 - MODA                                    ,001 - TEJIDO PUNTO                            ,MS0005158,VESTIDO TIRAS  LARGO CON HERRAJE,001 - PRODUCCION INTERNA TELA NACIONALIZADA   ,Normal
ENERO, ,043 - 4NOV3                                   ,STOP,008 - MODA                                    ,005 - DENIM                                   ,b18026990,PANTALON CARGO T/ALTO COLOR,,Normal
DICIEMBRE, ,043 - 4NOV3                                   ,STOP,008 - MODA                                    ,005 - DENIM                                   ,X10041822,MOM JEAN T/ALTO LAV MEDIO CON DESGASTE,,Normal
MAYO, ,043 - 4NOV3                                   ,STOP,008 - MODA                                    ,005 - DENIM                                   ,x10028818,LEVANTACOLA T/ALTO LAV MEDIO CON CORTES,,Normal
ABRIL, ,043 - 4NOV3                                   ,STOP,008 - MODA                                    ,001 - TEJIDO PUNTO                            ,X18116817,PANTALÓN T/ALTO CON ELÁSTICO EN CINTURA,,Normal
ABRIL, ,043 - 4NOV3                                   ,STOP,008 - MODA                                    ,002 - TEJIDO PLANO                            ,X10043949,TEJANO T/ALTO LAV MEDIO BOTA ANCHA,,Normal
JULIO, ,043 - 4NOV3                                   ,STOP,008 - MODA                                    ,005 - DENIM                                   ,X10036818,LEVANTACOLA T/ALTO LAV MEDIO CON DETALL,,Normal
JULIO, ,043 - 4NOV3                                   ,STOP,008 - MODA                                    ,005 - DENIM                                   ,B10036818,LEVANTACOLA T/ALTO LAV MEDIO CON DETALL,,Normal
ABRIL, ,043 - 4NOV3                                   ,STOP,008 - MODA                                    ,005 - DENIM                                   ,X10066834,PANTALON CARGO T/ALTO TEÑIDO CIERRE EN,,Normal
AGOSTO, ,043 - 4NOV3                                   ,STOP,008 - MODA                                    ,001 - TEJIDO PUNTO                            ,X11110815,CAMISETA ML EN MESH CON ANUDADO EN BUST,,Normal
NOVIEMBRE, ,043 - 4NOV3                                   ,STOP,008 - MODA                                    ,002 - TEJIDO PLANO                            ,MS0005221,TOP MANGA SISA CON TACHES,001 - PRODUCCION INTERNA TELA NACIONALIZADA   ,Normal
ABRIL, ,014 - 2ABR2                                   ,STOP,008 - MODA                                    ,005 - DENIM                                   ,X10060918,LEVANTACOLA T/ALTO LAV OSCURO CON CORREA,001 - PRODUCCION INTERNA TELA NACIONALIZADA   ,Normal
ABRIL, ,016 - 2ABR4                                   ,STOP,008 - MODA                                    ,002 - TEJIDO PLANO                            ,X10088855,RETROJEAN T/ALTO NEGRO CON CORTES LATERA,001 - PRODUCCION INTERNA TELA NACIONALIZADA   ,Normal
ABRIL, ,016 - 2ABR4                                   ,STOP,008 - MODA                                    ,001 - TEJIDO PUNTO                            ,B18116817,PANTALÓN T/ALTO CON ELÁSTICO EN CINTURA,,Normal
NOVIEMBRE, ,044 - 4NOV4                                   ,STOP,008 - MODA                                    ,005 - DENIM                                   ,MS0005193,OVERALL MANGA SISA LAV NEGRO,001 - PRODUCCION INTERNA TELA NACIONALIZADA   ,Normal
ABRIL, ,044 - 4NOV4                                   ,STOP,008 - MODA                                    ,005 - DENIM                                   ,B10066834,PANTALON CARGO T/ALTO TEÑIDO CIERRE EN,,Normal
DICIEMBRE, ,047 - 4DIC3                                   ,STOP,008 - MODA                                    ,005 - DENIM                                   ,MS0005319,BERMUDA T/ALTO LAV CLARO,001 - PRODUCCION INTERNA TELA NACIONALIZADA   ,Normal
NOVIEMBRE, ,042 - 4NOV2                                   ,STOP,004 - ESENCIAL MODA                           ,001 - TEJIDO PUNTO                            ,15004852EM,CAMISETA MANGA SISA EN RIB ESENCIALES,001 - PRODUCCION INTERNA TELA NACIONALIZADA   ,Normal
NOVIEMBRE, ,041 - 4NOV1                                   ,STOP,004 - ESENCIAL MODA                           ,001 - TEJIDO PUNTO                            ,15001953EM,BODY MANGA LARGA ESENCIALES,001 - PRODUCCION INTERNA TELA NACIONALIZADA   ,Normal
NOVIEMBRE, ,041 - 4NOV1                                   ,STOP,008 - MODA                                    ,005 - DENIM                                   ,B10057923,FALDA T/ALTO LAV MEDIO CON HEBILLA,,Normal
NOVIEMBRE, ,041 - 4NOV1                                   ,STOP,008 - MODA                                    ,005 - DENIM                                   ,X121859051,BLUSA ML ESTAMPADA DE PUNTOS,,Normal
SEPTIEMBRE, ,041 - 4NOV1                                   ,STOP,008 - MODA                                    ,005 - DENIM                                   ,B10077816,ELASTIK PREMIUM  T/BAJO LAV MEDIO OSCUR,,Normal
AGOSTO, ,041 - 4NOV1                                   ,STOP,008 - MODA                                    ,005 - DENIM                                   ,B10282913,VAQUERO T/ALTO COLOR CON TEXTURA,,Normal
OCTUBRE, ,041 - 4NOV1                                   ,STOP,008 - MODA                                    ,005 - DENIM                                   ,B10288913,VAQUERO T/ALTO BLANCO BOTA TUBO,,Normal
OCTUBRE, ,041 - 4NOV1                                   ,STOP,008 - MODA                                    ,005 - DENIM                                   ,B10351833,SHORT T/MEDIO COLOR TELA EFECTO,,Normal
AGOSTO, ,041 - 4NOV1                                   ,STOP,008 - MODA                                    ,001 - TEJIDO PUNTO                            ,B11110815,CAMISETA ML EN MESH CON ANUDADO EN BUST,,Normal
MARZO, ,041 - 4NOV1                                   ,STOP,008 - MODA                                    ,001 - TEJIDO PUNTO                            ,B11269813,CAMISETA PREMIUM MS CON ARGOLLA  CROP,,Normal
ENERO, ,041 - 4NOV1                                   ,STOP,008 - MODA                                    ,001 - TEJIDO PUNTO                            ,B11659914,CAMISETA MC CON TELA GALLETA Y PUNTADA,,Normal
NOVIEMBRE, ,041 - 4NOV1                                   ,STOP,008 - MODA                                    ,001 - TEJIDO PUNTO                            ,B11698914,CAMISETA PREMIUM MC ESTAMPADO LOCALIZAD,,Normal
NOVIEMBRE, ,041 - 4NOV1                                   ,STOP,008 - MODA                                    ,002 - TEJIDO PLANO                            ,B12132906,BLUSA M3/4 CON ESCALERILLA Y BOLEROS,,Normal
NOVIEMBRE, ,041 - 4NOV1                                   ,STOP,005 - ESENCIAL                                ,005 - DENIM                                   ,X150028422,LEVANTACOLA T/ALTO ESENCIAL,001 - PRODUCCION INTERNA TELA NACIONALIZADA   ,Normal
JUNIO, ,041 - 4NOV1                                   ,STOP,008 - MODA                                    ,005 - DENIM                                   ,B10143903,BERMUDA T/ALTO LAVADO MEDIO CON BOTONES,,Normal
DICIEMBRE, ,041 - 4NOV1                                   ,STOP,008 - MODA                                    ,002 - TEJIDO PLANO                            ,B12138806,BLUSA M3/4 CUELLO SPORT CON BORDADO,,Normal
NOVIEMBRE, ,041 - 4NOV1                                   ,STOP,008 - MODA                                    ,002 - TEJIDO PLANO                            ,B12140806,BLUSA M3/4 CON CHARRETERA Y BOTONES,,Normal
MAYO, ,041 - 4NOV1                                   ,STOP,008 - MODA                                    ,002 - TEJIDO PLANO                            ,B12326804,BLUSA MC CON CUELLO PERILLA Y BOTONES C,,Normal
MAYO, ,041 - 4NOV1                                   ,STOP,008 - MODA                                    ,002 - TEJIDO PLANO                            ,B102759131,VAQUERO T/ALTO LAV MEDIO LARGO ESPECIAL,,Normal
MAYO, ,041 - 4NOV1                                   ,STOP,008 - MODA                                    ,002 - TEJIDO PLANO                            ,B11587914,CAMISETA MC ESTAMPADA FULL PRINT,,Normal
MAYO, ,041 - 4NOV1                                   ,STOP,008 - MODA                                    ,002 - TEJIDO PLANO                            ,B100169421,BAGGY T/ALTO COLOR CON ELASTICO EN CINT,001 - PRODUCCION INTERNA TELA NACIONALIZADA   ,Normal
MAYO, ,041 - 4NOV1                                   ,STOP,008 - MODA                                    ,002 - TEJIDO PLANO                            ,X100169421,BAGGY T/ALTO COLOR CON ELASTICO EN CINT,001 - PRODUCCION INTERNA TELA NACIONALIZADA   ,Normal
ABRIL, ,016 - 2ABR4                                   ,STOP,008 - MODA                                    ,002 - TEJIDO PLANO                            ,B10039948,CULOTT T/ALTO BLANCO BORDADO EN BOTA,001 - PRODUCCION INTERNA TELA NACIONALIZADA   ,Normal
JULIO, ,016 - 2ABR4                                   ,STOP,008 - MODA                                    ,005 - DENIM                                   ,B10284813,VAQUERO T/ALTO LAV MEDIO LARGO ESPECIAL,,Normal
FEBRERO, ,016 - 2ABR4                                   ,STOP,008 - MODA                                    ,005 - DENIM                                   ,X10363933,SHORT T/ALTO LAV OSCURO CON CINTURON,,Normal
NOVIEMBRE, ,016 - 2ABR4                                   ,STOP,003 - OPORTUNIDADES                           ,005 - DENIM                                   ,X13045855,CAMISETA MS CON PESPUNTES EN LUREX PUNT,,Normal
NOVIEMBRE, ,016 - 2ABR4                                   ,STOP,008 - MODA                                    ,001 - TEJIDO PUNTO                            ,X11113912,CAMISETA TIRAS ESCOTE CUADRADO EN TELA,,Normal
ABRIL, ,016 - 2ABR4                                   ,STOP,008 - MODA                                    ,002 - TEJIDO PLANO                            ,X10059918,LEVANTACOLA T/ALTO NEGRO CON CIERRE EN,,Normal
ABRIL, ,016 - 2ABR4                                   ,STOP,008 - MODA                                    ,001 - TEJIDO PUNTO                            ,X11761814,CAMISETA MC ESTAMPADO EN POSTERIOR,,Normal
ABRIL, ,014 - 2ABR2                                   ,STOP,008 - MODA                                    ,005 - DENIM                                   ,B10060918,LEVANTACOLA T/ALTO LAV OSCURO CON CORREA,001 - PRODUCCION INTERNA TELA NACIONALIZADA   ,Normal
ABRIL, ,016 - 2ABR4                                   ,STOP,008 - MODA                                    ,002 - TEJIDO PLANO                            ,B10091955,RETROJEAN T/ALTO MARFIL DETALLE EN COSTA,001 - PRODUCCION INTERNA TELA NACIONALIZADA   ,Normal
DICIEMBRE, ,016 - 2ABR4                                   ,STOP,008 - MODA                                    ,001 - TEJIDO PUNTO                            ,B11006823,BODY ML ESCOTE V CON RECOGIDO EN FRENTE,,Normal
JULIO, ,016 - 2ABR4                                   ,STOP,008 - MODA                                    ,001 - TEJIDO PUNTO                            ,X11010825,BODY TIRAS CON ARGOLLAS,,Normal
JULIO, ,016 - 2ABR4                                   ,STOP,008 - MODA                                    ,001 - TEJIDO PUNTO                            ,B11010825,BODY TIRAS CON ARGOLLAS,,Normal
DICIEMBRE, ,016 - 2ABR4                                   ,STOP,005 - ESENCIAL                                ,005 - DENIM                                   ,B15013844,VAQUERO T/ALTO BOTA ANCHA LARGO ESPECIA,,Normal
ENERO, ,016 - 2ABR4                                   ,STOP,008 - MODA                                    ,001 - TEJIDO PUNTO                            ,B11015825,BODY TIRAS CON ESPALDA PRONUNCIADA,,Normal
JULIO, ,016 - 2ABR4                                   ,STOP,008 - MODA                                    ,001 - TEJIDO PUNTO                            ,X11029916,CAMISETA PREMIUM M3/4 CUELLO ALTO,,Normal
JULIO, ,016 - 2ABR4                                   ,STOP,008 - MODA                                    ,001 - TEJIDO PUNTO                            ,B11029916,CAMISETA PREMIUM M3/4 CUELLO ALTO,,Normal
MARZO, ,016 - 2ABR4                                   ,STOP,008 - MODA                                    ,001 - TEJIDO PUNTO                            ,B11124915,CAMISETA PREMIUM ML CON ESCOTE IRREGULA,,Normal
DICIEMBRE, ,016 - 2ABR4                                   ,STOP,005 - ESENCIAL                                ,005 - DENIM                                   ,X15013844,VAQUERO T/ALTO BOTA ANCHA LARGO ESPECIA,,Normal
DICIEMBRE, ,016 - 2ABR4                                   ,STOP,005 - ESENCIAL                                ,005 - DENIM                                   ,MS0005210,PALAZZO T.ALTO MARFIL,,Normal
NOVIEMBRE, ,047 - 4DIC3                                   ,STOP,008 - MODA                                    ,001 - TEJIDO PUNTO                            ,MS0005211,TOP MANGA CORTA,001 - PRODUCCION INTERNA TELA NACIONALIZADA   ,Normal
NOVIEMBRE, ,044 - 4NOV4                                   ,STOP,004 - ESENCIAL MODA                           ,002 - TEJIDO PLANO                            ,15005955EM,CAMISA MANGA LARGA FONDO ENTERO ESENCIAL,001 - PRODUCCION INTERNA TELA NACIONALIZADA   ,Normal
NOVIEMBRE, ,043 - 4NOV3                                   ,STOP,004 - ESENCIAL MODA                           ,001 - TEJIDO PUNTO                            ,15006949EM,CAMISETA MANGA CORTA FONDO ENTERO,001 - PRODUCCION INTERNA TELA NACIONALIZADA   ,Normal
NOVIEMBRE, ,041 - 4NOV1                                   ,STOP,004 - ESENCIAL MODA                           ,001 - TEJIDO PUNTO                            ,15008952EM,CAMISETA PREMIUM MANGA SISA,001 - PRODUCCION INTERNA TELA NACIONALIZADA   ,Normal
OCTUBRE, ,038 - 4OCT2                                   ,STOP,004 - ESENCIAL MODA                           ,001 - TEJIDO PUNTO                            ,15006952EM,TOP PREMIUM MANGA SISA,001 - PRODUCCION INTERNA TELA NACIONALIZADA   ,Normal
OCTUBRE, ,040 - 4OCT4                                   ,STOP,004 - ESENCIAL MODA                           ,001 - TEJIDO PUNTO                            ,15009949EM,CAMISETA MANGA CORTA CON RUCHE ESENCIAL,001 - PRODUCCION INTERNA TELA NACIONALIZADA   ,Normal
OCTUBRE, ,040 - 4OCT4                                   ,STOP,004 - ESENCIAL MODA                           ,001 - TEJIDO PUNTO                            ,0005292,CAMISETA MANGA CORTA CON RUCHE ESENCIAL,001 - PRODUCCION INTERNA TELA NACIONALIZADA   ,Normal
OCTUBRE, ,038 - 4OCT2                                   ,STOP,004 - ESENCIAL MODA                           ,001 - TEJIDO PUNTO                            ,15013949EM,T-SHIRT MANGA CORTA ESENCIAL,001 - PRODUCCION INTERNA TELA NACIONALIZADA   ,Normal
DICIEMBRE, ,045 - 4DIC1                                   ,STOP,008 - MODA                                    ,001 - TEJIDO PUNTO                            ,MS0005373,TOP MANGA SISA CON CORTES EN FRENTE,001 - PRODUCCION INTERNA TELA NACIONALIZADA   ,Normal
JULIO, ,045 - 4DIC1                                   ,STOP,008 - MODA                                    ,002 - TEJIDO PLANO                            ,B18188804,SHORT T/ALTO COLOR EN LINO DETALLE EN P,,Normal
JULIO, ,045 - 4DIC1                                   ,STOP,008 - MODA                                    ,002 - TEJIDO PLANO                            ,MS0005215,PALAZZO T.ALTO LAV CLARO,,Normal
JULIO, ,045 - 4DIC1                                   ,STOP,008 - MODA                                    ,002 - TEJIDO PLANO                            ,MS0005216,PALAZZO T.ALTO LAV MEDIO OSCURO,,Normal
JUNIO, ,045 - 4DIC1                                   ,STOP,008 - MODA                                    ,001 - TEJIDO PUNTO                            ,X11637914,CAMISETA PREMIUM MC CON ESTAMPADO EN FR,,Normal
DICIEMBRE, ,045 - 4DIC1                                   ,STOP,008 - MODA                                    ,005 - DENIM                                   ,X10357933,SHORT T/ALTO MARFIL CON BOLSILLOS EN DE,,Normal
