MES,GRUPO DE ENTREGA,MARCA,TIPO DE LINEA,LINEA,TIPO DE MATERIAL,O.P. NÚMERO,REFERENCIA,DESC. ITEM,DETALLE EXT. 1,DESC. NORMAL DETALLE EXT. 1,DESC. DETALLE EXT. 2,CANT. COMPLETA,FECHA CREACION,DESC. OPERACION
JUNIO,022 - 2JUN2                                   ,STOP,008 - MODA                                    ,000 - JEANS                                   ,005 - DENIM                                   ,MOP-00000002,ST0001277                                         ,RETROJEAN T/ALTO LAV CLARO BOTA DESFLECA,IND01               ,CLARO,T-10,366,2026-04-08,CORTE
JUNIO,022 - 2JUN2                                   ,STOP,008 - MODA                                    ,000 - JEANS                                   ,005 - DENIM                                   ,MOP-00000002,ST0001277                                         ,RETROJEAN T/ALTO LAV CLARO BOTA DESFLECA,IND01               ,CLARO,T-12,216,2026-04-08,CORTE
JUNIO,022 - 2JUN2                                   ,STOP,008 - MODA                                    ,000 - JEANS                                   ,005 - DENIM                                   ,MOP-00000002,ST0001277                                         ,RETROJEAN T/ALTO LAV CLARO BOTA DESFLECA,IND01               ,CLARO,T-14,150,2026-04-08,CORTE
JUNIO,022 - 2JUN2                                   ,STOP,008 - MODA                                    ,000 - JEANS                                   ,005 - DENIM                                   ,MOP-00000002,ST0001277                                         ,RETROJEAN T/ALTO LAV CLARO BOTA DESFLECA,IND01               ,CLARO,T-5,150,2026-04-08,CORTE
JUNIO,022 - 2JUN2                                   ,STOP,008 - MODA                                    ,000 - JEANS                                   ,005 - DENIM                                   ,MOP-00000002,ST0001277                                         ,RETROJEAN T/ALTO LAV CLARO BOTA DESFLECA,IND01               ,CLARO,T-6,212,2026-04-08,CORTE
JUNIO,022 - 2JUN2                                   ,STOP,008 - MODA                                    ,000 - JEANS                                   ,005 - DENIM                                   ,MOP-00000002,ST0001277                                         ,RETROJEAN T/ALTO LAV CLARO BOTA DESFLECA,IND01               ,CLARO,T-8,356,2026-04-08,CORTE
JUNIO,021 - 2JUN1                                   ,STOP,008 - MODA                                    ,004 - SOBRETODOS                              ,005 - DENIM                                   ,MOP-00000003,ST0001299                                         ,CHAQUETA ML LAV CLARO CON JARETA,IND01               ,CLARO,T-L,360,2026-04-08,CORTE                                   
JUNIO,021 - 2JUN1                                   ,STOP,008 - MODA                                    ,004 - SOBRETODOS                              ,005 - DENIM                                   ,MOP-00000003,ST0001299                                         ,CHAQUETA ML LAV CLARO CON JARETA,IND01               ,CLARO,T-M,366,2026-04-08,CORTE                                   
JUNIO,021 - 2JUN1                                   ,STOP,008 - MODA                                    ,004 - SOBRETODOS                              ,005 - DENIM                                   ,MOP-00000003,ST0001299                                         ,CHAQUETA ML LAV CLARO CON JARETA,IND01               ,CLARO,T-S,270,2026-04-08,CORTE                                   
JUNIO,021 - 2JUN1                                   ,STOP,008 - MODA                                    ,004 - SOBRETODOS                              ,005 - DENIM                                   ,MOP-00000003,ST0001299                                         ,CHAQUETA ML LAV CLARO CON JARETA,IND01               ,CLARO,T-XL,180,2026-04-08,CORTE                                   
JUNIO,021 - 2JUN1                                   ,STOP,008 - MODA                                    ,000 - JEANS                                   ,005 - DENIM                                   ,MOP-00000004,ST0001282                                         ,RETROJEAN T/MEDIO LAV MEDIO BOTA DESFLEC,IND02               ,MEDIO,T-10,357,2026-04-09,CORTE
JUNIO,021 - 2JUN1                                   ,STOP,008 - MODA                                    ,000 - JEANS                                   ,005 - DENIM                                   ,MOP-00000004,ST0001282                                         ,RETROJEAN T/MEDIO LAV MEDIO BOTA DESFLEC,IND02               ,MEDIO,T-12,210,2026-04-09,CORTE
JUNIO,021 - 2JUN1                                   ,STOP,008 - MODA                                    ,000 - JEANS                                   ,005 - DENIM                                   ,MOP-00000004,ST0001282                                         ,RETROJEAN T/MEDIO LAV MEDIO BOTA DESFLEC,IND02               ,MEDIO,T-14,146,2026-04-09,CORTE
JUNIO,021 - 2JUN1                                   ,STOP,008 - MODA                                    ,000 - JEANS                                   ,005 - DENIM                                   ,MOP-00000004,ST0001282                                         ,RETROJEAN T/MEDIO LAV MEDIO BOTA DESFLEC,IND02               ,MEDIO,T-5,146,2026-04-09,CORTE
JUNIO,021 - 2JUN1                                   ,STOP,008 - MODA                                    ,000 - JEANS                                   ,005 - DENIM                                   ,MOP-00000004,ST0001282                                         ,RETROJEAN T/MEDIO LAV MEDIO BOTA DESFLEC,IND02               ,MEDIO,T-6,214,2026-04-09,CORTE
JUNIO,021 - 2JUN1                                   ,STOP,008 - MODA                                    ,000 - JEANS                                   ,005 - DENIM                                   ,MOP-00000004,ST0001282                                         ,RETROJEAN T/MEDIO LAV MEDIO BOTA DESFLEC,IND02               ,MEDIO,T-8,357,2026-04-09,CORTE
JUNIO,023 - 2JUN3                                   ,STOP,008 - MODA                                    ,000 - JEANS                                   ,005 - DENIM                                   ,MOP-00000005,ST0001283                                         ,RETROJEAN T/MEDIO LAV CLARO CON ABERTURA,IND01               ,CLARO,T-10,333,2026-04-09,CORTE
JUNIO,023 - 2JUN3                                   ,STOP,008 - MODA                                    ,000 - JEANS                                   ,005 - DENIM                                   ,MOP-00000005,ST0001283                                         ,RETROJEAN T/MEDIO LAV CLARO CON ABERTURA,IND01               ,CLARO,T-12,258,2026-04-09,CORTE
JUNIO,023 - 2JUN3                                   ,STOP,008 - MODA                                    ,000 - JEANS                                   ,005 - DENIM                                   ,MOP-00000005,ST0001283                                         ,RETROJEAN T/MEDIO LAV CLARO CON ABERTURA,IND01               ,CLARO,T-14,197,2026-04-09,CORTE
JUNIO,023 - 2JUN3                                   ,STOP,008 - MODA                                    ,000 - JEANS                                   ,005 - DENIM                                   ,MOP-00000005,ST0001283                                         ,RETROJEAN T/MEDIO LAV CLARO CON ABERTURA,IND01               ,CLARO,T-5,136,2026-04-09,CORTE
JUNIO,023 - 2JUN3                                   ,STOP,008 - MODA                                    ,000 - JEANS                                   ,005 - DENIM                                   ,MOP-00000005,ST0001283                                         ,RETROJEAN T/MEDIO LAV CLARO CON ABERTURA,IND01               ,CLARO,T-6,200,2026-04-09,CORTE
JUNIO,023 - 2JUN3                                   ,STOP,008 - MODA                                    ,000 - JEANS                                   ,005 - DENIM                                   ,MOP-00000005,ST0001283                                         ,RETROJEAN T/MEDIO LAV CLARO CON ABERTURA,IND01               ,CLARO,T-8,333,2026-04-09,CORTE
FEBRERO,002 - 1ENE2                                   ,STOP,004 - ESENCIAL MODA                           ,001 - CAMISETA                                ,001 - TEJIDO PUNTO                            ,MOP-00000006,15001950                                          ,CAMISETA PREMIUM MANGA LARGA ESENCIAL,19-4004             ,NEGRO,T-L,49,2026-04-09,CORTE
FEBRERO,002 - 1ENE2                                   ,STOP,004 - ESENCIAL MODA                           ,001 - CAMISETA                                ,001 - TEJIDO PUNTO                            ,MOP-00000006,15001950                                          ,CAMISETA PREMIUM MANGA LARGA ESENCIAL,19-4004             ,NEGRO,T-M,48,2026-04-09,CORTE
FEBRERO,002 - 1ENE2                                   ,STOP,004 - ESENCIAL MODA                           ,001 - CAMISETA                                ,001 - TEJIDO PUNTO                            ,MOP-00000006,15001950                                          ,CAMISETA PREMIUM MANGA LARGA ESENCIAL,19-4004             ,NEGRO,T-S,48,2026-04-09,CORTE
FEBRERO,002 - 1ENE2                                   ,STOP,004 - ESENCIAL MODA                           ,001 - CAMISETA                                ,001 - TEJIDO PUNTO                            ,MOP-00000006,15001950                                          ,CAMISETA PREMIUM MANGA LARGA ESENCIAL,19-4004             ,NEGRO,T-XL,96,2026-04-09,CORTE
JUNIO,023 - 2JUN3                                   ,STOP,008 - MODA                                    ,002 - BLUSA-CAMISA                            ,002 - TEJIDO PLANO                            ,MOP-00000007,ST0001285                                         ,BLUSA MS CON AMARRE EN CUELLO,11-0602             ,MARFIL,T-L,288,2026-04-28,CORTE
JUNIO,023 - 2JUN3                                   ,STOP,008 - MODA                                    ,002 - BLUSA-CAMISA                            ,002 - TEJIDO PLANO                            ,MOP-00000007,ST0001285                                         ,BLUSA MS CON AMARRE EN CUELLO,11-0602             ,MARFIL,T-M,384,2026-04-28,CORTE
JUNIO,023 - 2JUN3                                   ,STOP,008 - MODA                                    ,002 - BLUSA-CAMISA                            ,002 - TEJIDO PLANO                            ,MOP-00000007,ST0001285                                         ,BLUSA MS CON AMARRE EN CUELLO,11-0602             ,MARFIL,T-S,296,2026-04-28,CORTE
JUNIO,022 - 2JUN2                                   ,STOP,008 - MODA                                    ,000 - JEANS                                   ,005 - DENIM                                   ,MOP-00000008,ST0001297                                         ,MOM JEAN T/ALTO LAV MEDIO CON BOTA DESFL,IND02               ,MEDIO,T-10,632,2026-04-09,CORTE
JUNIO,022 - 2JUN2                                   ,STOP,008 - MODA                                    ,000 - JEANS                                   ,005 - DENIM                                   ,MOP-00000008,ST0001297                                         ,MOM JEAN T/ALTO LAV MEDIO CON BOTA DESFL,IND02               ,MEDIO,T-12,526,2026-04-09,CORTE
JUNIO,022 - 2JUN2                                   ,STOP,008 - MODA                                    ,000 - JEANS                                   ,005 - DENIM                                   ,MOP-00000008,ST0001297                                         ,MOM JEAN T/ALTO LAV MEDIO CON BOTA DESFL,IND02               ,MEDIO,T-14,369,2026-04-09,CORTE
JUNIO,022 - 2JUN2                                   ,STOP,008 - MODA                                    ,000 - JEANS                                   ,005 - DENIM                                   ,MOP-00000008,ST0001297                                         ,MOM JEAN T/ALTO LAV MEDIO CON BOTA DESFL,IND02               ,MEDIO,T-5,263,2026-04-09,CORTE
JUNIO,022 - 2JUN2                                   ,STOP,008 - MODA                                    ,000 - JEANS                                   ,005 - DENIM                                   ,MOP-00000008,ST0001297                                         ,MOM JEAN T/ALTO LAV MEDIO CON BOTA DESFL,IND02               ,MEDIO,T-6,374,2026-04-09,CORTE
JUNIO,022 - 2JUN2                                   ,STOP,008 - MODA                                    ,000 - JEANS                                   ,005 - DENIM                                   ,MOP-00000008,ST0001297                                         ,MOM JEAN T/ALTO LAV MEDIO CON BOTA DESFL,IND02               ,MEDIO,T-8,634,2026-04-09,CORTE
JUNIO,021 - 2JUN1                                   ,STOP,008 - MODA                                    ,010 - PRENDAS DE MODA                         ,005 - DENIM                                   ,MOP-00000009,ST0001298                                         ,FALDA LARGA LAVADO CLARO CON ABERTURA,IND01               ,CLARO,T-10,702,2026-04-09,CORTE
JUNIO,021 - 2JUN1                                   ,STOP,008 - MODA                                    ,010 - PRENDAS DE MODA                         ,005 - DENIM                                   ,MOP-00000009,ST0001298                                         ,FALDA LARGA LAVADO CLARO CON ABERTURA,IND01               ,CLARO,T-12,498,2026-04-09,CORTE
JUNIO,021 - 2JUN1                                   ,STOP,008 - MODA                                    ,010 - PRENDAS DE MODA                         ,005 - DENIM                                   ,MOP-00000009,ST0001298                                         ,FALDA LARGA LAVADO CLARO CON ABERTURA,IND01               ,CLARO,T-14,300,2026-04-09,CORTE
JUNIO,021 - 2JUN1                                   ,STOP,008 - MODA                                    ,010 - PRENDAS DE MODA                         ,005 - DENIM                                   ,MOP-00000009,ST0001298                                         ,FALDA LARGA LAVADO CLARO CON ABERTURA,IND01               ,CLARO,T-6,556,2026-04-09,CORTE
JUNIO,021 - 2JUN1                                   ,STOP,008 - MODA                                    ,010 - PRENDAS DE MODA                         ,005 - DENIM                                   ,MOP-00000009,ST0001298                                         ,FALDA LARGA LAVADO CLARO CON ABERTURA,IND01               ,CLARO,T-8,698,2026-04-09,CORTE
JUNIO,022 - 2JUN2                                   ,STOP,008 - MODA                                    ,004 - SOBRETODOS                              ,002 - TEJIDO PLANO                            ,MOP-00000010,ST0001284                                         ,CHALECO MS CON BOTONES EN FRENTE CROP,19-4035             ,AZUL MEDIO,T-L,384,2026-05-05,CORTE
JUNIO,022 - 2JUN2                                   ,STOP,008 - MODA                                    ,004 - SOBRETODOS                              ,002 - TEJIDO PLANO                            ,MOP-00000010,ST0001284                                         ,CHALECO MS CON BOTONES EN FRENTE CROP,19-4035             ,AZUL MEDIO,T-M,514,2026-05-05,CORTE
JUNIO,022 - 2JUN2                                   ,STOP,008 - MODA                                    ,004 - SOBRETODOS                              ,002 - TEJIDO PLANO                            ,MOP-00000010,ST0001284                                         ,CHALECO MS CON BOTONES EN FRENTE CROP,19-4035             ,AZUL MEDIO,T-S,540,2026-05-05,CORTE
JUNIO,022 - 2JUN2                                   ,STOP,008 - MODA                                    ,004 - SOBRETODOS                              ,002 - TEJIDO PLANO                            ,MOP-00000010,ST0001284                                         ,CHALECO MS CON BOTONES EN FRENTE CROP,19-4035             ,AZUL MEDIO,T-XL,128,2026-05-05,CORTE
JUNIO,022 - 2JUN2                                   ,STOP,008 - MODA                                    ,003 - CORTOS                                  ,005 - DENIM                                   ,MOP-00000012,ST0001279                                         ,BERMUDA T/ALTO TONO MEDIO BOTA DESFLECAD,IND02               ,MEDIO,T-10,344,2026-04-09,CORTE
JUNIO,022 - 2JUN2                                   ,STOP,008 - MODA                                    ,003 - CORTOS                                  ,005 - DENIM                                   ,MOP-00000012,ST0001279                                         ,BERMUDA T/ALTO TONO MEDIO BOTA DESFLECAD,IND02               ,MEDIO,T-12,264,2026-04-09,CORTE
JUNIO,022 - 2JUN2                                   ,STOP,008 - MODA                                    ,003 - CORTOS                                  ,005 - DENIM                                   ,MOP-00000012,ST0001279                                         ,BERMUDA T/ALTO TONO MEDIO BOTA DESFLECAD,IND02               ,MEDIO,T-14,192,2026-04-09,CORTE
JUNIO,022 - 2JUN2                                   ,STOP,008 - MODA                                    ,003 - CORTOS                                  ,005 - DENIM                                   ,MOP-00000012,ST0001279                                         ,BERMUDA T/ALTO TONO MEDIO BOTA DESFLECAD,IND02               ,MEDIO,T-6,192,2026-04-09,CORTE
JUNIO,022 - 2JUN2                                   ,STOP,008 - MODA                                    ,003 - CORTOS                                  ,005 - DENIM                                   ,MOP-00000012,ST0001279                                         ,BERMUDA T/ALTO TONO MEDIO BOTA DESFLECAD,IND02               ,MEDIO,T-8,339,2026-04-09,CORTE
SEPTIEMBRE,047 - 4DIC3                                   ,STOP,005 - ESENCIAL                                ,003 - CORTOS                                  ,005 - DENIM                                   ,MOP-00000013,15001904                                          ,BERMUDA T/ALTO ESENCIAL,19-4004             ,NEGRO,T-10,149,2026-04-11,CORTE                                   
SEPTIEMBRE,047 - 4DIC3                                   ,STOP,005 - ESENCIAL                                ,003 - CORTOS                                  ,005 - DENIM                                   ,MOP-00000013,15001904                                          ,BERMUDA T/ALTO ESENCIAL,19-4004             ,NEGRO,T-12,147,2026-04-11,CORTE                                   
SEPTIEMBRE,047 - 4DIC3                                   ,STOP,005 - ESENCIAL                                ,003 - CORTOS                                  ,005 - DENIM                                   ,MOP-00000013,15001904                                          ,BERMUDA T/ALTO ESENCIAL,19-4004             ,NEGRO,T-14,49,2026-04-11,CORTE                                   
JUNIO,021 - 2JUN1                                   ,STOP,008 - MODA                                    ,003 - CORTOS                                  ,005 - DENIM                                   ,MOP-00000014,ST0001306                                         ,BERMUDA T/ALTO LAV MEDIO BOTA DESFLECAD,IND02               ,MEDIO,T-10,20,2026-05-08,CORTE
JUNIO,021 - 2JUN1                                   ,STOP,008 - MODA                                    ,003 - CORTOS                                  ,005 - DENIM                                   ,MOP-00000014,ST0001306                                         ,BERMUDA T/ALTO LAV MEDIO BOTA DESFLECAD,IND02               ,MEDIO,T-12,10,2026-05-08,CORTE
JUNIO,021 - 2JUN1                                   ,STOP,008 - MODA                                    ,003 - CORTOS                                  ,005 - DENIM                                   ,MOP-00000014,ST0001306                                         ,BERMUDA T/ALTO LAV MEDIO BOTA DESFLECAD,IND02               ,MEDIO,T-14,10,2026-05-08,CORTE
JUNIO,021 - 2JUN1                                   ,STOP,008 - MODA                                    ,003 - CORTOS                                  ,005 - DENIM                                   ,MOP-00000014,ST0001306                                         ,BERMUDA T/ALTO LAV MEDIO BOTA DESFLECAD,IND02               ,MEDIO,T-6,11,2026-05-08,CORTE
JUNIO,021 - 2JUN1                                   ,STOP,008 - MODA                                    ,003 - CORTOS                                  ,005 - DENIM                                   ,MOP-00000014,ST0001306                                         ,BERMUDA T/ALTO LAV MEDIO BOTA DESFLECAD,IND02               ,MEDIO,T-8,22,2026-05-08,CORTE
JUNIO,022 - 2JUN2                                   ,STOP,008 - MODA                                    ,001 - CAMISETA                                ,001 - TEJIDO PUNTO                            ,MOP-00000016,ST0001305                                         ,CAMISETA MC TELA CON PUNTADA DECORATIVA,19-4004             ,NEGRO,T-L,374,2026-04-11,CORTE
JUNIO,022 - 2JUN2                                   ,STOP,008 - MODA                                    ,001 - CAMISETA                                ,001 - TEJIDO PUNTO                            ,MOP-00000016,ST0001305                                         ,CAMISETA MC TELA CON PUNTADA DECORATIVA,19-4004             ,NEGRO,T-M,748,2026-04-11,CORTE
JUNIO,022 - 2JUN2                                   ,STOP,008 - MODA                                    ,001 - CAMISETA                                ,001 - TEJIDO PUNTO                            ,MOP-00000016,ST0001305                                         ,CAMISETA MC TELA CON PUNTADA DECORATIVA,19-4004             ,NEGRO,T-S,575,2026-04-11,CORTE
JUNIO,022 - 2JUN2                                   ,STOP,008 - MODA                                    ,001 - CAMISETA                                ,001 - TEJIDO PUNTO                            ,MOP-00000016,ST0001305                                         ,CAMISETA MC TELA CON PUNTADA DECORATIVA,19-4004             ,NEGRO,T-XL,374,2026-04-11,CORTE
JUNIO,022 - 2JUN2                                   ,STOP,008 - MODA                                    ,001 - CAMISETA                                ,001 - TEJIDO PUNTO                            ,MOP-00000016,ST0001305                                         ,CAMISETA MC TELA CON PUNTADA DECORATIVA,19-4004             ,NEGRO,T-XS,187,2026-04-11,CORTE
JUNIO,021 - 2JUN1                                   ,STOP,008 - MODA                                    ,016 - TOP -BODY                               ,001 - TEJIDO PUNTO                            ,MOP-00000017,ST0001308                                         ,BODY ASIMETRICO CON BOLERO,11-0601             ,BLANCO,T-L,239,2026-04-11,CORTE
JUNIO,021 - 2JUN1                                   ,STOP,008 - MODA                                    ,016 - TOP -BODY                               ,001 - TEJIDO PUNTO                            ,MOP-00000017,ST0001308                                         ,BODY ASIMETRICO CON BOLERO,11-0601             ,BLANCO,T-M,328,2026-04-11,CORTE
JUNIO,021 - 2JUN1                                   ,STOP,008 - MODA                                    ,016 - TOP -BODY                               ,001 - TEJIDO PUNTO                            ,MOP-00000017,ST0001308                                         ,BODY ASIMETRICO CON BOLERO,11-0601             ,BLANCO,T-S,266,2026-04-11,CORTE
JUNIO,021 - 2JUN1                                   ,STOP,008 - MODA                                    ,016 - TOP -BODY                               ,001 - TEJIDO PUNTO                            ,MOP-00000017,ST0001308                                         ,BODY ASIMETRICO CON BOLERO,11-0601             ,BLANCO,T-XL,163,2026-04-11,CORTE
JUNIO,021 - 2JUN1                                   ,STOP,008 - MODA                                    ,016 - TOP -BODY                               ,001 - TEJIDO PUNTO                            ,MOP-00000017,ST0001308                                         ,BODY ASIMETRICO CON BOLERO,11-0601             ,BLANCO,T-XS,76,2026-04-11,CORTE
FEBRERO,047 - 4DIC3                                   ,STOP,005 - ESENCIAL                                ,016 - TOP -BODY                               ,001 - TEJIDO PUNTO                            ,MOP-00000018,15002995                                          ,BODY MS FONDO ENTERO DOBLE FAZ  ESENCIAL,11-0602             ,MARFIL,T-L,44,2026-04-11,CORTE                                   
FEBRERO,047 - 4DIC3                                   ,STOP,005 - ESENCIAL                                ,016 - TOP -BODY                               ,001 - TEJIDO PUNTO                            ,MOP-00000018,15002995                                          ,BODY MS FONDO ENTERO DOBLE FAZ  ESENCIAL,11-0602             ,MARFIL,T-M,139,2026-04-11,CORTE                                   
FEBRERO,047 - 4DIC3                                   ,STOP,005 - ESENCIAL                                ,016 - TOP -BODY                               ,001 - TEJIDO PUNTO                            ,MOP-00000018,15002995                                          ,BODY MS FONDO ENTERO DOBLE FAZ  ESENCIAL,11-0602             ,MARFIL,T-S,234,2026-04-11,CORTE                                   
FEBRERO,047 - 4DIC3                                   ,STOP,005 - ESENCIAL                                ,016 - TOP -BODY                               ,001 - TEJIDO PUNTO                            ,MOP-00000018,15002995                                          ,BODY MS FONDO ENTERO DOBLE FAZ  ESENCIAL,19-4004             ,NEGRO,T-L,72,2026-04-11,CORTE                                   
FEBRERO,047 - 4DIC3                                   ,STOP,005 - ESENCIAL                                ,016 - TOP -BODY                               ,001 - TEJIDO PUNTO                            ,MOP-00000018,15002995                                          ,BODY MS FONDO ENTERO DOBLE FAZ  ESENCIAL,19-4004             ,NEGRO,T-M,144,2026-04-11,CORTE                                   
FEBRERO,047 - 4DIC3                                   ,STOP,005 - ESENCIAL                                ,016 - TOP -BODY                               ,001 - TEJIDO PUNTO                            ,MOP-00000018,15002995                                          ,BODY MS FONDO ENTERO DOBLE FAZ  ESENCIAL,19-4004             ,NEGRO,T-S,150,2026-04-11,CORTE                                   
SEPTIEMBRE,045 - 4DIC1                                   ,STOP,005 - ESENCIAL                                ,000 - JEANS                                   ,005 - DENIM                                   ,MOP-00000019,15004921                                          ,TEJANO LEVANTACOLA ESENCIAL,IND02               ,MEDIO,T-6,102,2026-04-11,CORTE                                   
SEPTIEMBRE,045 - 4DIC1                                   ,STOP,005 - ESENCIAL                                ,000 - JEANS                                   ,005 - DENIM                                   ,MOP-00000019,15004921                                          ,TEJANO LEVANTACOLA ESENCIAL,IND02               ,MEDIO,T-8,200,2026-04-11,CORTE                                   
JUNIO,021 - 2JUN1                                   ,STOP,008 - MODA                                    ,016 - TOP -BODY                               ,001 - TEJIDO PUNTO                            ,MOP-00000020,11645914                                          ,TOP PREMIUM MC CON ARGOLLA EN HOMB,19-4004             ,NEGRO,T-L,471,2026-04-15,CORTE
JUNIO,021 - 2JUN1                                   ,STOP,008 - MODA                                    ,016 - TOP -BODY                               ,001 - TEJIDO PUNTO                            ,MOP-00000020,11645914                                          ,TOP PREMIUM MC CON ARGOLLA EN HOMB,19-4004             ,NEGRO,T-M,620,2026-04-15,CORTE
JUNIO,021 - 2JUN1                                   ,STOP,008 - MODA                                    ,016 - TOP -BODY                               ,001 - TEJIDO PUNTO                            ,MOP-00000020,11645914                                          ,TOP PREMIUM MC CON ARGOLLA EN HOMB,19-4004             ,NEGRO,T-S,679,2026-04-15,CORTE
JUNIO,021 - 2JUN1                                   ,STOP,008 - MODA                                    ,016 - TOP -BODY                               ,001 - TEJIDO PUNTO                            ,MOP-00000020,11645914                                          ,TOP PREMIUM MC CON ARGOLLA EN HOMB,19-4004             ,NEGRO,T-XS,155,2026-04-15,CORTE
JUNIO,023 - 2JUN3                                   ,STOP,008 - MODA                                    ,002 - BLUSA-CAMISA                            ,002 - TEJIDO PLANO                            ,MOP-00000021,ST0001312                                         ,BLUSA ML CON ABROCHADURA EN FRENTE   ,12-0601             ,BLANCO,T-L,230,2026-04-11,CORTE
JUNIO,023 - 2JUN3                                   ,STOP,008 - MODA                                    ,002 - BLUSA-CAMISA                            ,002 - TEJIDO PLANO                            ,MOP-00000021,ST0001312                                         ,BLUSA ML CON ABROCHADURA EN FRENTE   ,12-0601             ,BLANCO,T-M,248,2026-04-11,CORTE
JUNIO,023 - 2JUN3                                   ,STOP,008 - MODA                                    ,002 - BLUSA-CAMISA                            ,002 - TEJIDO PLANO                            ,MOP-00000021,ST0001312                                         ,BLUSA ML CON ABROCHADURA EN FRENTE   ,12-0601             ,BLANCO,T-S,203,2026-04-11,CORTE
JUNIO,023 - 2JUN3                                   ,STOP,008 - MODA                                    ,002 - BLUSA-CAMISA                            ,002 - TEJIDO PLANO                            ,MOP-00000021,ST0001312                                         ,BLUSA ML CON ABROCHADURA EN FRENTE   ,12-0601             ,BLANCO,T-XL,154,2026-04-11,CORTE
JUNIO,023 - 2JUN3                                   ,STOP,008 - MODA                                    ,002 - BLUSA-CAMISA                            ,002 - TEJIDO PLANO                            ,MOP-00000021,ST0001312                                         ,BLUSA ML CON ABROCHADURA EN FRENTE   ,12-0601             ,BLANCO,T-XS,78,2026-04-11,CORTE
JUNIO,023 - 2JUN3                                   ,STOP,008 - MODA                                    ,002 - BLUSA-CAMISA                            ,002 - TEJIDO PLANO                            ,MOP-00000021,ST0001312                                         ,BLUSA ML CON ABROCHADURA EN FRENTE   ,18-1763             ,ROJO,T-L,230,2026-04-11,CORTE
JUNIO,023 - 2JUN3                                   ,STOP,008 - MODA                                    ,002 - BLUSA-CAMISA                            ,002 - TEJIDO PLANO                            ,MOP-00000021,ST0001312                                         ,BLUSA ML CON ABROCHADURA EN FRENTE   ,18-1763             ,ROJO,T-M,282,2026-04-11,CORTE
JUNIO,023 - 2JUN3                                   ,STOP,008 - MODA                                    ,002 - BLUSA-CAMISA                            ,002 - TEJIDO PLANO                            ,MOP-00000021,ST0001312                                         ,BLUSA ML CON ABROCHADURA EN FRENTE   ,18-1763             ,ROJO,T-S,217,2026-04-11,CORTE
JUNIO,023 - 2JUN3                                   ,STOP,008 - MODA                                    ,002 - BLUSA-CAMISA                            ,002 - TEJIDO PLANO                            ,MOP-00000021,ST0001312                                         ,BLUSA ML CON ABROCHADURA EN FRENTE   ,18-1763             ,ROJO,T-XL,153,2026-04-11,CORTE
JUNIO,023 - 2JUN3                                   ,STOP,008 - MODA                                    ,002 - BLUSA-CAMISA                            ,002 - TEJIDO PLANO                            ,MOP-00000021,ST0001312                                         ,BLUSA ML CON ABROCHADURA EN FRENTE   ,18-1763             ,ROJO,T-XS,76,2026-04-11,CORTE
AGOSTO,045 - 4DIC1                                   ,STOP,005 - ESENCIAL                                ,000 - JEANS                                   ,005 - DENIM                                   ,MOP-00000022,15015944                                          ,VAQUERO T/ALTO  BOTA RECTA ESENCIAL,IND01               ,CLARO,T-10,322,2026-04-11,CORTE                                   
AGOSTO,045 - 4DIC1                                   ,STOP,005 - ESENCIAL                                ,000 - JEANS                                   ,005 - DENIM                                   ,MOP-00000022,15015944                                          ,VAQUERO T/ALTO  BOTA RECTA ESENCIAL,IND01               ,CLARO,T-6,163,2026-04-11,CORTE                                   
AGOSTO,045 - 4DIC1                                   ,STOP,005 - ESENCIAL                                ,000 - JEANS                                   ,005 - DENIM                                   ,MOP-00000022,15015944                                          ,VAQUERO T/ALTO  BOTA RECTA ESENCIAL,IND01               ,CLARO,T-8,322,2026-04-11,CORTE                                   
AGOSTO,045 - 4DIC1                                   ,STOP,005 - ESENCIAL                                ,000 - JEANS                                   ,005 - DENIM                                   ,MOP-00000023,15015944                                          ,VAQUERO T/ALTO  BOTA RECTA ESENCIAL,IND02               ,MEDIO,T-10,459,2026-04-11,CORTE                                   
AGOSTO,045 - 4DIC1                                   ,STOP,005 - ESENCIAL                                ,000 - JEANS                                   ,005 - DENIM                                   ,MOP-00000023,15015944                                          ,VAQUERO T/ALTO  BOTA RECTA ESENCIAL,IND02               ,MEDIO,T-12,153,2026-04-11,CORTE                                   
AGOSTO,045 - 4DIC1                                   ,STOP,005 - ESENCIAL                                ,000 - JEANS                                   ,005 - DENIM                                   ,MOP-00000023,15015944                                          ,VAQUERO T/ALTO  BOTA RECTA ESENCIAL,IND02               ,MEDIO,T-14,52,2026-04-11,CORTE                                   
AGOSTO,045 - 4DIC1                                   ,STOP,005 - ESENCIAL                                ,000 - JEANS                                   ,005 - DENIM                                   ,MOP-00000023,15015944                                          ,VAQUERO T/ALTO  BOTA RECTA ESENCIAL,IND02               ,MEDIO,T-6,152,2026-04-11,CORTE                                   
AGOSTO,045 - 4DIC1                                   ,STOP,005 - ESENCIAL                                ,000 - JEANS                                   ,005 - DENIM                                   ,MOP-00000023,15015944                                          ,VAQUERO T/ALTO  BOTA RECTA ESENCIAL,IND02               ,MEDIO,T-8,153,2026-04-11,CORTE                                   
AGOSTO,045 - 4DIC1                                   ,STOP,005 - ESENCIAL                                ,000 - JEANS                                   ,005 - DENIM                                   ,MOP-00000024,15015944                                          ,VAQUERO T/ALTO  BOTA RECTA ESENCIAL,IND04               ,OSCURO,T-10,312,2026-04-11,CORTE                                   
AGOSTO,045 - 4DIC1                                   ,STOP,005 - ESENCIAL                                ,000 - JEANS                                   ,005 - DENIM                                   ,MOP-00000024,15015944                                          ,VAQUERO T/ALTO  BOTA RECTA ESENCIAL,IND04               ,OSCURO,T-12,312,2026-04-11,CORTE                                   
AGOSTO,045 - 4DIC1                                   ,STOP,005 - ESENCIAL                                ,000 - JEANS                                   ,005 - DENIM                                   ,MOP-00000024,15015944                                          ,VAQUERO T/ALTO  BOTA RECTA ESENCIAL,IND04               ,OSCURO,T-14,104,2026-04-11,CORTE                                   
AGOSTO,045 - 4DIC1                                   ,STOP,005 - ESENCIAL                                ,000 - JEANS                                   ,005 - DENIM                                   ,MOP-00000024,15015944                                          ,VAQUERO T/ALTO  BOTA RECTA ESENCIAL,IND04               ,OSCURO,T-8,105,2026-04-11,CORTE                                   
OCTUBRE,044 - 4NOV4                                   ,STOP,004 - ESENCIAL MODA                           ,000 - JEANS                                   ,005 - DENIM                                   ,MOP-00000025,15008888                                          ,RETROJEAN T/ALTO ESENCIAL,IND01               ,CLARO,T-10,45,2026-04-11,CORTE                                   
OCTUBRE,044 - 4NOV4                                   ,STOP,004 - ESENCIAL MODA                           ,000 - JEANS                                   ,005 - DENIM                                   ,MOP-00000025,15008888                                          ,RETROJEAN T/ALTO ESENCIAL,IND01               ,CLARO,T-12,92,2026-04-11,CORTE                                   
OCTUBRE,044 - 4NOV4                                   ,STOP,004 - ESENCIAL MODA                           ,000 - JEANS                                   ,005 - DENIM                                   ,MOP-00000025,15008888                                          ,RETROJEAN T/ALTO ESENCIAL,IND01               ,CLARO,T-14,46,2026-04-11,CORTE                                   
OCTUBRE,044 - 4NOV4                                   ,STOP,004 - ESENCIAL MODA                           ,000 - JEANS                                   ,005 - DENIM                                   ,MOP-00000025,15008888                                          ,RETROJEAN T/ALTO ESENCIAL,IND01               ,CLARO,T-8,92,2026-04-11,CORTE                                   
OCTUBRE,044 - 4NOV4                                   ,STOP,004 - ESENCIAL MODA                           ,000 - JEANS                                   ,005 - DENIM                                   ,MOP-00000026,15008888                                          ,RETROJEAN T/ALTO ESENCIAL,IND02               ,MEDIO,T-10,143,2026-04-11,CORTE                                   
OCTUBRE,044 - 4NOV4                                   ,STOP,004 - ESENCIAL MODA                           ,000 - JEANS                                   ,005 - DENIM                                   ,MOP-00000026,15008888                                          ,RETROJEAN T/ALTO ESENCIAL,IND02               ,MEDIO,T-12,48,2026-04-11,CORTE                                   
OCTUBRE,044 - 4NOV4                                   ,STOP,004 - ESENCIAL MODA                           ,000 - JEANS                                   ,005 - DENIM                                   ,MOP-00000026,15008888                                          ,RETROJEAN T/ALTO ESENCIAL,IND02               ,MEDIO,T-14,142,2026-04-11,CORTE                                   
OCTUBRE,044 - 4NOV4                                   ,STOP,004 - ESENCIAL MODA                           ,000 - JEANS                                   ,005 - DENIM                                   ,MOP-00000026,15008888                                          ,RETROJEAN T/ALTO ESENCIAL,IND02               ,MEDIO,T-6,47,2026-04-11,CORTE                                   
OCTUBRE,044 - 4NOV4                                   ,STOP,004 - ESENCIAL MODA                           ,000 - JEANS                                   ,005 - DENIM                                   ,MOP-00000026,15008888                                          ,RETROJEAN T/ALTO ESENCIAL,IND02               ,MEDIO,T-8,189,2026-04-11,CORTE                                   
OCTUBRE,044 - 4NOV4                                   ,STOP,004 - ESENCIAL MODA                           ,000 - JEANS                                   ,005 - DENIM                                   ,MOP-00000027,15008888                                          ,RETROJEAN T/ALTO ESENCIAL,IND04               ,OSCURO,T-10,282,2026-04-11,CORTE                                   
OCTUBRE,044 - 4NOV4                                   ,STOP,004 - ESENCIAL MODA                           ,000 - JEANS                                   ,005 - DENIM                                   ,MOP-00000027,15008888                                          ,RETROJEAN T/ALTO ESENCIAL,IND04               ,OSCURO,T-12,141,2026-04-11,CORTE                                   
OCTUBRE,044 - 4NOV4                                   ,STOP,004 - ESENCIAL MODA                           ,000 - JEANS                                   ,005 - DENIM                                   ,MOP-00000027,15008888                                          ,RETROJEAN T/ALTO ESENCIAL,IND04               ,OSCURO,T-14,141,2026-04-11,CORTE                                   
OCTUBRE,044 - 4NOV4                                   ,STOP,004 - ESENCIAL MODA                           ,000 - JEANS                                   ,005 - DENIM                                   ,MOP-00000027,15008888                                          ,RETROJEAN T/ALTO ESENCIAL,IND04               ,OSCURO,T-8,192,2026-04-11,CORTE                                   
ENERO,047 - 4DIC3                                   ,STOP,005 - ESENCIAL                                ,016 - TOP -BODY                               ,001 - TEJIDO PUNTO                            ,MOP-00000028,15006952                                          ,TOP PREMIUM MANGA SISA ESENCIAL,11-0601             ,BLANCO,T-M,153,2026-04-13,CORTE                                   
ENERO,047 - 4DIC3                                   ,STOP,005 - ESENCIAL                                ,016 - TOP -BODY                               ,001 - TEJIDO PUNTO                            ,MOP-00000028,15006952                                          ,TOP PREMIUM MANGA SISA ESENCIAL,11-0601             ,BLANCO,T-S,153,2026-04-13,CORTE                                   
ENERO,047 - 4DIC3                                   ,STOP,005 - ESENCIAL                                ,016 - TOP -BODY                               ,001 - TEJIDO PUNTO                            ,MOP-00000028,15006952                                          ,TOP PREMIUM MANGA SISA ESENCIAL,19-4004             ,NEGRO,T-M,184,2026-04-13,CORTE                                   
ENERO,047 - 4DIC3                                   ,STOP,005 - ESENCIAL                                ,016 - TOP -BODY                               ,001 - TEJIDO PUNTO                            ,MOP-00000028,15006952                                          ,TOP PREMIUM MANGA SISA ESENCIAL,19-4004             ,NEGRO,T-XL,92,2026-04-13,CORTE                                   
ABRIL,047 - 4DIC3                                   ,STOP,005 - ESENCIAL                                ,004 - SOBRETODOS                              ,005 - DENIM                                   ,MOP-00000029,15015824                                          ,CHAQUETA DENIM NEGRA ESENCIAL,19-4004             ,NEGRO,T-L,94,2026-04-17,CORTE                                   
ABRIL,047 - 4DIC3                                   ,STOP,005 - ESENCIAL                                ,004 - SOBRETODOS                              ,005 - DENIM                                   ,MOP-00000029,15015824                                          ,CHAQUETA DENIM NEGRA ESENCIAL,19-4004             ,NEGRO,T-M,192,2026-04-17,CORTE                                   
ABRIL,047 - 4DIC3                                   ,STOP,005 - ESENCIAL                                ,004 - SOBRETODOS                              ,005 - DENIM                                   ,MOP-00000029,15015824                                          ,CHAQUETA DENIM NEGRA ESENCIAL,19-4004             ,NEGRO,T-S,52,2026-04-17,CORTE                                   
ABRIL,047 - 4DIC3                                   ,STOP,005 - ESENCIAL                                ,004 - SOBRETODOS                              ,005 - DENIM                                   ,MOP-00000029,15015824                                          ,CHAQUETA DENIM NEGRA ESENCIAL,19-4004             ,NEGRO,T-XL,47,2026-04-17,CORTE                                   
JUNIO,023 - 2JUN3                                   ,STOP,008 - MODA                                    ,010 - PRENDAS DE MODA                         ,005 - DENIM                                   ,MOP-00000030,ST0004607                                         ,ENTERIZO CORTO LAV OSCURO CON CIERRE,IND04               ,OSCURO,T-M,294,2026-04-13,CORTE
JUNIO,023 - 2JUN3                                   ,STOP,008 - MODA                                    ,010 - PRENDAS DE MODA                         ,005 - DENIM                                   ,MOP-00000030,ST0004607                                         ,ENTERIZO CORTO LAV OSCURO CON CIERRE,IND04               ,OSCURO,T-S,294,2026-04-13,CORTE
JUNIO,023 - 2JUN3                                   ,STOP,008 - MODA                                    ,010 - PRENDAS DE MODA                         ,005 - DENIM                                   ,MOP-00000030,ST0004607                                         ,ENTERIZO CORTO LAV OSCURO CON CIERRE,IND04               ,OSCURO,T-XS,158,2026-04-13,CORTE
JUNIO,021 - 2JUN1                                   ,STOP,008 - MODA                                    ,002 - BLUSA-CAMISA                            ,001 - TEJIDO PUNTO                            ,MOP-00000031,ST0004561                                         ,BLUSA MANGA LARGA TELA EFECTO TEJIDO,11-0602             ,MARFIL,T-L,365,2026-04-15,CORTE
JUNIO,021 - 2JUN1                                   ,STOP,008 - MODA                                    ,002 - BLUSA-CAMISA                            ,001 - TEJIDO PUNTO                            ,MOP-00000031,ST0004561                                         ,BLUSA MANGA LARGA TELA EFECTO TEJIDO,11-0602             ,MARFIL,T-M,496,2026-04-15,CORTE
JUNIO,021 - 2JUN1                                   ,STOP,008 - MODA                                    ,002 - BLUSA-CAMISA                            ,001 - TEJIDO PUNTO                            ,MOP-00000031,ST0004561                                         ,BLUSA MANGA LARGA TELA EFECTO TEJIDO,11-0602             ,MARFIL,T-S,375,2026-04-15,CORTE
JUNIO,021 - 2JUN1                                   ,STOP,008 - MODA                                    ,002 - BLUSA-CAMISA                            ,001 - TEJIDO PUNTO                            ,MOP-00000031,ST0004561                                         ,BLUSA MANGA LARGA TELA EFECTO TEJIDO,11-0602             ,MARFIL,T-XL,248,2026-04-15,CORTE
JUNIO,021 - 2JUN1                                   ,STOP,008 - MODA                                    ,002 - BLUSA-CAMISA                            ,001 - TEJIDO PUNTO                            ,MOP-00000031,ST0004561                                         ,BLUSA MANGA LARGA TELA EFECTO TEJIDO,11-0602             ,MARFIL,T-XS,131,2026-04-15,CORTE
SEPTIEMBRE,045 - 4DIC1                                   ,STOP,005 - ESENCIAL                                ,000 - JEANS                                   ,005 - DENIM                                   ,MOP-00000032,15004921                                          ,TEJANO LEVANTACOLA ESENCIAL,IND04               ,OSCURO,T-10,148,2026-04-13,CORTE                                   
SEPTIEMBRE,045 - 4DIC1                                   ,STOP,005 - ESENCIAL                                ,000 - JEANS                                   ,005 - DENIM                                   ,MOP-00000032,15004921                                          ,TEJANO LEVANTACOLA ESENCIAL,IND04               ,OSCURO,T-12,97,2026-04-13,CORTE                                   
SEPTIEMBRE,045 - 4DIC1                                   ,STOP,005 - ESENCIAL                                ,000 - JEANS                                   ,005 - DENIM                                   ,MOP-00000032,15004921                                          ,TEJANO LEVANTACOLA ESENCIAL,IND04               ,OSCURO,T-6,46,2026-04-13,CORTE                                   
SEPTIEMBRE,045 - 4DIC1                                   ,STOP,005 - ESENCIAL                                ,000 - JEANS                                   ,005 - DENIM                                   ,MOP-00000032,15004921                                          ,TEJANO LEVANTACOLA ESENCIAL,IND04               ,OSCURO,T-8,197,2026-04-13,CORTE                                   
SEPTIEMBRE,045 - 4DIC1                                   ,STOP,005 - ESENCIAL                                ,000 - JEANS                                   ,005 - DENIM                                   ,MOP-00000033,15004921                                          ,TEJANO LEVANTACOLA ESENCIAL,IND02               ,MEDIO,T-10,340,2026-04-14,CORTE                                   
SEPTIEMBRE,045 - 4DIC1                                   ,STOP,005 - ESENCIAL                                ,000 - JEANS                                   ,005 - DENIM                                   ,MOP-00000033,15004921                                          ,TEJANO LEVANTACOLA ESENCIAL,IND02               ,MEDIO,T-12,85,2026-04-14,CORTE                                   
SEPTIEMBRE,045 - 4DIC1                                   ,STOP,005 - ESENCIAL                                ,000 - JEANS                                   ,005 - DENIM                                   ,MOP-00000033,15004921                                          ,TEJANO LEVANTACOLA ESENCIAL,IND02               ,MEDIO,T-6,85,2026-04-14,CORTE                                   
JULIO,045 - 4DIC1                                   ,STOP,005 - ESENCIAL                                ,000 - JEANS                                   ,005 - DENIM                                   ,MOP-00000034,15005821                                          ,TEJANO PREMIUM LEVANTACOLA T/ALTO ESENCI,IND07               ,NEGRO OSCURO,T-10,284,2026-04-13,CORTE                                   
JULIO,045 - 4DIC1                                   ,STOP,005 - ESENCIAL                                ,000 - JEANS                                   ,005 - DENIM                                   ,MOP-00000034,15005821                                          ,TEJANO PREMIUM LEVANTACOLA T/ALTO ESENCI,IND07               ,NEGRO OSCURO,T-12,285,2026-04-13,CORTE                                   
NOVIEMBRE,003 - 1ENE3                                   ,STOP,005 - ESENCIAL                                ,000 - JEANS                                   ,005 - DENIM                                   ,MOP-00000035,15006942                                          ,LEVANTACOLA T/ALTO BOTA RECTA ESENCIAL,19-4004             ,NEGRO,T-10,192,2026-04-13,CORTE                                   
NOVIEMBRE,003 - 1ENE3                                   ,STOP,005 - ESENCIAL                                ,000 - JEANS                                   ,005 - DENIM                                   ,MOP-00000035,15006942                                          ,LEVANTACOLA T/ALTO BOTA RECTA ESENCIAL,19-4004             ,NEGRO,T-12,94,2026-04-13,CORTE                                   
NOVIEMBRE,003 - 1ENE3                                   ,STOP,005 - ESENCIAL                                ,000 - JEANS                                   ,005 - DENIM                                   ,MOP-00000035,15006942                                          ,LEVANTACOLA T/ALTO BOTA RECTA ESENCIAL,19-4004             ,NEGRO,T-14,94,2026-04-13,CORTE                                   
NOVIEMBRE,003 - 1ENE3                                   ,STOP,005 - ESENCIAL                                ,000 - JEANS                                   ,005 - DENIM                                   ,MOP-00000035,15006942                                          ,LEVANTACOLA T/ALTO BOTA RECTA ESENCIAL,19-4004             ,NEGRO,T-16,94,2026-04-13,CORTE                                   
NOVIEMBRE,003 - 1ENE3                                   ,STOP,005 - ESENCIAL                                ,000 - JEANS                                   ,005 - DENIM                                   ,MOP-00000035,15006942                                          ,LEVANTACOLA T/ALTO BOTA RECTA ESENCIAL,19-4004             ,NEGRO,T-6,103,2026-04-13,CORTE                                   
NOVIEMBRE,003 - 1ENE3                                   ,STOP,005 - ESENCIAL                                ,000 - JEANS                                   ,005 - DENIM                                   ,MOP-00000035,15006942                                          ,LEVANTACOLA T/ALTO BOTA RECTA ESENCIAL,19-4004             ,NEGRO,T-8,192,2026-04-13,CORTE                                   
JUNIO,022 - 2JUN2                                   ,STOP,008 - MODA                                    ,002 - BLUSA-CAMISA                            ,002 - TEJIDO PLANO                            ,MOP-00000037,ST0004605                                         ,BLUSA M3/4 CON PERILLA INTERRUMPIDA,18-1657             ,ROJO,T-L,260,2026-04-15,CORTE
JUNIO,022 - 2JUN2                                   ,STOP,008 - MODA                                    ,002 - BLUSA-CAMISA                            ,002 - TEJIDO PLANO                            ,MOP-00000037,ST0004605                                         ,BLUSA M3/4 CON PERILLA INTERRUMPIDA,18-1657             ,ROJO,T-M,343,2026-04-15,CORTE
JUNIO,022 - 2JUN2                                   ,STOP,008 - MODA                                    ,002 - BLUSA-CAMISA                            ,002 - TEJIDO PLANO                            ,MOP-00000037,ST0004605                                         ,BLUSA M3/4 CON PERILLA INTERRUMPIDA,18-1657             ,ROJO,T-S,255,2026-04-15,CORTE
JUNIO,022 - 2JUN2                                   ,STOP,008 - MODA                                    ,002 - BLUSA-CAMISA                            ,002 - TEJIDO PLANO                            ,MOP-00000037,ST0004605                                         ,BLUSA M3/4 CON PERILLA INTERRUMPIDA,18-1657             ,ROJO,T-XL,172,2026-04-15,CORTE
JUNIO,022 - 2JUN2                                   ,STOP,008 - MODA                                    ,002 - BLUSA-CAMISA                            ,002 - TEJIDO PLANO                            ,MOP-00000037,ST0004605                                         ,BLUSA M3/4 CON PERILLA INTERRUMPIDA,18-1657             ,ROJO,T-XS,88,2026-04-15,CORTE
JUNIO,022 - 2JUN2                                   ,STOP,008 - MODA                                    ,002 - BLUSA-CAMISA                            ,002 - TEJIDO PLANO                            ,MOP-00000037,ST0004605                                         ,BLUSA M3/4 CON PERILLA INTERRUMPIDA,19-4118             ,AZUL OSCURO,T-L,253,2026-04-15,CORTE
JUNIO,022 - 2JUN2                                   ,STOP,008 - MODA                                    ,002 - BLUSA-CAMISA                            ,002 - TEJIDO PLANO                            ,MOP-00000037,ST0004605                                         ,BLUSA M3/4 CON PERILLA INTERRUMPIDA,19-4118             ,AZUL OSCURO,T-M,339,2026-04-15,CORTE
JUNIO,022 - 2JUN2                                   ,STOP,008 - MODA                                    ,002 - BLUSA-CAMISA                            ,002 - TEJIDO PLANO                            ,MOP-00000037,ST0004605                                         ,BLUSA M3/4 CON PERILLA INTERRUMPIDA,19-4118             ,AZUL OSCURO,T-S,255,2026-04-15,CORTE
JUNIO,022 - 2JUN2                                   ,STOP,008 - MODA                                    ,002 - BLUSA-CAMISA                            ,002 - TEJIDO PLANO                            ,MOP-00000037,ST0004605                                         ,BLUSA M3/4 CON PERILLA INTERRUMPIDA,19-4118             ,AZUL OSCURO,T-XL,169,2026-04-15,CORTE
JUNIO,022 - 2JUN2                                   ,STOP,008 - MODA                                    ,002 - BLUSA-CAMISA                            ,002 - TEJIDO PLANO                            ,MOP-00000037,ST0004605                                         ,BLUSA M3/4 CON PERILLA INTERRUMPIDA,19-4118             ,AZUL OSCURO,T-XS,84,2026-04-15,CORTE
DICIEMBRE,003 - 1ENE3                                   ,STOP,004 - ESENCIAL MODA                           ,001 - CAMISETA                                ,001 - TEJIDO PUNTO                            ,MOP-00000038,15009949                                          ,CAMISETA MANGA CORTA CON RUCHE ESENCIAL,11-0602             ,MARFIL,T-L,137,2026-06-02,CORTE                                   
DICIEMBRE,003 - 1ENE3                                   ,STOP,004 - ESENCIAL MODA                           ,001 - CAMISETA                                ,001 - TEJIDO PUNTO                            ,MOP-00000038,15009949                                          ,CAMISETA MANGA CORTA CON RUCHE ESENCIAL,11-0602             ,MARFIL,T-M,162,2026-06-02,CORTE                                   
DICIEMBRE,003 - 1ENE3                                   ,STOP,004 - ESENCIAL MODA                           ,001 - CAMISETA                                ,001 - TEJIDO PUNTO                            ,MOP-00000038,15009949                                          ,CAMISETA MANGA CORTA CON RUCHE ESENCIAL,11-0602             ,MARFIL,T-S,137,2026-06-02,CORTE                                   
JUNIO,023 - 2JUN3                                   ,STOP,008 - MODA                                    ,010 - PRENDAS DE MODA                         ,001 - TEJIDO PUNTO                            ,MOP-00000039,ST0004606                                         ,VESTIDO TIRAS CORTO TELA DE PUNTOS,11-0602             ,MARFIL,T-L,272,2026-04-14,CORTE
JUNIO,023 - 2JUN3                                   ,STOP,008 - MODA                                    ,010 - PRENDAS DE MODA                         ,001 - TEJIDO PUNTO                            ,MOP-00000039,ST0004606                                         ,VESTIDO TIRAS CORTO TELA DE PUNTOS,11-0602             ,MARFIL,T-M,384,2026-04-14,CORTE
JUNIO,023 - 2JUN3                                   ,STOP,008 - MODA                                    ,010 - PRENDAS DE MODA                         ,001 - TEJIDO PUNTO                            ,MOP-00000039,ST0004606                                         ,VESTIDO TIRAS CORTO TELA DE PUNTOS,11-0602             ,MARFIL,T-S,273,2026-04-14,CORTE
JUNIO,021 - 2JUN1                                   ,STOP,003 - OPORTUNIDADES                           ,001 - CAMISETA                                ,001 - TEJIDO PUNTO                            ,MOP-00000040,ST0001314                                         ,T-SHIRT MC CON ESTAMPADO PUNTA DE PRECI,19-1761             ,ROJO,T-L,552,2026-04-14,CORTE
JUNIO,021 - 2JUN1                                   ,STOP,003 - OPORTUNIDADES                           ,001 - CAMISETA                                ,001 - TEJIDO PUNTO                            ,MOP-00000040,ST0001314                                         ,T-SHIRT MC CON ESTAMPADO PUNTA DE PRECI,19-1761             ,ROJO,T-M,722,2026-04-14,CORTE
JUNIO,021 - 2JUN1                                   ,STOP,003 - OPORTUNIDADES                           ,001 - CAMISETA                                ,001 - TEJIDO PUNTO                            ,MOP-00000040,ST0001314                                         ,T-SHIRT MC CON ESTAMPADO PUNTA DE PRECI,19-1761             ,ROJO,T-S,555,2026-04-14,CORTE
JUNIO,021 - 2JUN1                                   ,STOP,003 - OPORTUNIDADES                           ,001 - CAMISETA                                ,001 - TEJIDO PUNTO                            ,MOP-00000040,ST0001314                                         ,T-SHIRT MC CON ESTAMPADO PUNTA DE PRECI,19-1761             ,ROJO,T-XL,414,2026-04-14,CORTE
JUNIO,021 - 2JUN1                                   ,STOP,003 - OPORTUNIDADES                           ,001 - CAMISETA                                ,001 - TEJIDO PUNTO                            ,MOP-00000040,ST0001314                                         ,T-SHIRT MC CON ESTAMPADO PUNTA DE PRECI,19-1761             ,ROJO,T-XS,138,2026-04-14,CORTE
JUNIO,021 - 2JUN1                                   ,STOP,003 - OPORTUNIDADES                           ,001 - CAMISETA                                ,001 - TEJIDO PUNTO                            ,MOP-00000040,ST0001314                                         ,T-SHIRT MC CON ESTAMPADO PUNTA DE PRECI,19-4004             ,NEGRO,T-L,536,2026-04-14,CORTE
JUNIO,021 - 2JUN1                                   ,STOP,003 - OPORTUNIDADES                           ,001 - CAMISETA                                ,001 - TEJIDO PUNTO                            ,MOP-00000040,ST0001314                                         ,T-SHIRT MC CON ESTAMPADO PUNTA DE PRECI,19-4004             ,NEGRO,T-M,706,2026-04-14,CORTE
JUNIO,021 - 2JUN1                                   ,STOP,003 - OPORTUNIDADES                           ,001 - CAMISETA                                ,001 - TEJIDO PUNTO                            ,MOP-00000040,ST0001314                                         ,T-SHIRT MC CON ESTAMPADO PUNTA DE PRECI,19-4004             ,NEGRO,T-S,545,2026-04-14,CORTE
JUNIO,021 - 2JUN1                                   ,STOP,003 - OPORTUNIDADES                           ,001 - CAMISETA                                ,001 - TEJIDO PUNTO                            ,MOP-00000040,ST0001314                                         ,T-SHIRT MC CON ESTAMPADO PUNTA DE PRECI,19-4004             ,NEGRO,T-XL,402,2026-04-14,CORTE
JUNIO,021 - 2JUN1                                   ,STOP,003 - OPORTUNIDADES                           ,001 - CAMISETA                                ,001 - TEJIDO PUNTO                            ,MOP-00000040,ST0001314                                         ,T-SHIRT MC CON ESTAMPADO PUNTA DE PRECI,19-4004             ,NEGRO,T-XS,134,2026-04-14,CORTE
JUNIO,021 - 2JUN1                                   ,STOP,008 - MODA                                    ,002 - BLUSA-CAMISA                            ,002 - TEJIDO PLANO                            ,MOP-00000041,ST0001307                                         ,CAMISA ML CON ESCOTE EN V,19-4004             ,NEGRO,T-L,209,2026-04-15,CORTE
JUNIO,021 - 2JUN1                                   ,STOP,008 - MODA                                    ,002 - BLUSA-CAMISA                            ,002 - TEJIDO PLANO                            ,MOP-00000041,ST0001307                                         ,CAMISA ML CON ESCOTE EN V,19-4004             ,NEGRO,T-M,281,2026-04-15,CORTE
JUNIO,021 - 2JUN1                                   ,STOP,008 - MODA                                    ,002 - BLUSA-CAMISA                            ,002 - TEJIDO PLANO                            ,MOP-00000041,ST0001307                                         ,CAMISA ML CON ESCOTE EN V,19-4004             ,NEGRO,T-S,205,2026-04-15,CORTE
JUNIO,021 - 2JUN1                                   ,STOP,008 - MODA                                    ,002 - BLUSA-CAMISA                            ,002 - TEJIDO PLANO                            ,MOP-00000041,ST0001307                                         ,CAMISA ML CON ESCOTE EN V,19-4004             ,NEGRO,T-XL,144,2026-04-15,CORTE
JUNIO,021 - 2JUN1                                   ,STOP,008 - MODA                                    ,002 - BLUSA-CAMISA                            ,002 - TEJIDO PLANO                            ,MOP-00000041,ST0001307                                         ,CAMISA ML CON ESCOTE EN V,19-4004             ,NEGRO,T-XS,72,2026-04-15,CORTE
MAYO,003 - 1ENE3                                   ,STOP,005 - ESENCIAL                                ,016 - TOP -BODY                               ,001 - TEJIDO PUNTO                            ,MOP-00000042,15004852                                          ,TOP MANGA SISA EN RIB ESENCIAL,11-0602             ,MARFIL,T-L,52,2026-04-20,CORTE                                   
MAYO,003 - 1ENE3                                   ,STOP,005 - ESENCIAL                                ,016 - TOP -BODY                               ,001 - TEJIDO PUNTO                            ,MOP-00000042,15004852                                          ,TOP MANGA SISA EN RIB ESENCIAL,11-0602             ,MARFIL,T-M,52,2026-04-20,CORTE                                   
MAYO,003 - 1ENE3                                   ,STOP,005 - ESENCIAL                                ,016 - TOP -BODY                               ,001 - TEJIDO PUNTO                            ,MOP-00000042,15004852                                          ,TOP MANGA SISA EN RIB ESENCIAL,11-0602             ,MARFIL,T-XL,52,2026-04-20,CORTE                                   
SEPTIEMBRE,003 - 1ENE3                                   ,STOP,004 - ESENCIAL MODA                           ,016 - TOP -BODY                               ,001 - TEJIDO PUNTO                            ,MOP-00000043,15008849                                          ,TOP MANGA CORTA  DOBLE FAZ ESENCIAL,11-0602             ,MARFIL,T-M,48,2026-05-07,CORTE                                   
SEPTIEMBRE,003 - 1ENE3                                   ,STOP,004 - ESENCIAL MODA                           ,016 - TOP -BODY                               ,001 - TEJIDO PUNTO                            ,MOP-00000043,15008849                                          ,TOP MANGA CORTA  DOBLE FAZ ESENCIAL,11-0602             ,MARFIL,T-S,96,2026-05-07,CORTE                                   
SEPTIEMBRE,003 - 1ENE3                                   ,STOP,004 - ESENCIAL MODA                           ,016 - TOP -BODY                               ,001 - TEJIDO PUNTO                            ,MOP-00000043,15008849                                          ,TOP MANGA CORTA  DOBLE FAZ ESENCIAL,19-4004             ,NEGRO,T-M,48,2026-05-07,CORTE                                   
SEPTIEMBRE,003 - 1ENE3                                   ,STOP,004 - ESENCIAL MODA                           ,016 - TOP -BODY                               ,001 - TEJIDO PUNTO                            ,MOP-00000043,15008849                                          ,TOP MANGA CORTA  DOBLE FAZ ESENCIAL,19-4004             ,NEGRO,T-S,48,2026-05-07,CORTE                                   
SEPTIEMBRE,003 - 1ENE3                                   ,STOP,004 - ESENCIAL MODA                           ,016 - TOP -BODY                               ,001 - TEJIDO PUNTO                            ,MOP-00000043,15008849                                          ,TOP MANGA CORTA  DOBLE FAZ ESENCIAL,19-4004             ,NEGRO,T-XS,48,2026-05-07,CORTE                                   
JULIO,026 - 3JUL2                                   ,STOP,008 - MODA                                    ,001 - CAMISETA                                ,001 - TEJIDO PUNTO                            ,MOP-00000044,ST0000296                                         ,CAMISETA MANGA CORTA CON ESTAMPADO,19-1940             ,VINOTINTO,T-L,567,2026-04-16,CORTE
JULIO,026 - 3JUL2                                   ,STOP,008 - MODA                                    ,001 - CAMISETA                                ,001 - TEJIDO PUNTO                            ,MOP-00000044,ST0000296                                         ,CAMISETA MANGA CORTA CON ESTAMPADO,19-1940             ,VINOTINTO,T-M,711,2026-04-16,CORTE
JULIO,026 - 3JUL2                                   ,STOP,008 - MODA                                    ,001 - CAMISETA                                ,001 - TEJIDO PUNTO                            ,MOP-00000044,ST0000296                                         ,CAMISETA MANGA CORTA CON ESTAMPADO,19-1940             ,VINOTINTO,T-S,581,2026-04-16,CORTE
JULIO,026 - 3JUL2                                   ,STOP,008 - MODA                                    ,001 - CAMISETA                                ,001 - TEJIDO PUNTO                            ,MOP-00000044,ST0000296                                         ,CAMISETA MANGA CORTA CON ESTAMPADO,19-1940             ,VINOTINTO,T-XL,423,2026-04-16,CORTE
JULIO,026 - 3JUL2                                   ,STOP,008 - MODA                                    ,001 - CAMISETA                                ,001 - TEJIDO PUNTO                            ,MOP-00000044,ST0000296                                         ,CAMISETA MANGA CORTA CON ESTAMPADO,19-1940             ,VINOTINTO,T-XS,141,2026-04-16,CORTE
JULIO,025 - 3JUL1                                   ,STOP,008 - MODA                                    ,002 - BLUSA-CAMISA                            ,002 - TEJIDO PLANO                            ,MOP-00000045,ST0000271                                         ,BLUSA MANGA SISA CUELLO HALTER,19-1716             ,VINOTINTO,T-L,230,2026-04-16,CORTE
JULIO,025 - 3JUL1                                   ,STOP,008 - MODA                                    ,002 - BLUSA-CAMISA                            ,002 - TEJIDO PLANO                            ,MOP-00000045,ST0000271                                         ,BLUSA MANGA SISA CUELLO HALTER,19-1716             ,VINOTINTO,T-M,444,2026-04-16,CORTE
JULIO,025 - 3JUL1                                   ,STOP,008 - MODA                                    ,002 - BLUSA-CAMISA                            ,002 - TEJIDO PLANO                            ,MOP-00000045,ST0000271                                         ,BLUSA MANGA SISA CUELLO HALTER,19-1716             ,VINOTINTO,T-S,339,2026-04-16,CORTE
JULIO,025 - 3JUL1                                   ,STOP,008 - MODA                                    ,002 - BLUSA-CAMISA                            ,002 - TEJIDO PLANO                            ,MOP-00000045,ST0000271                                         ,BLUSA MANGA SISA CUELLO HALTER,19-1716             ,VINOTINTO,T-XL,117,2026-04-16,CORTE
JULIO,025 - 3JUL1                                   ,STOP,008 - MODA                                    ,002 - BLUSA-CAMISA                            ,002 - TEJIDO PLANO                            ,MOP-00000045,ST0000271                                         ,BLUSA MANGA SISA CUELLO HALTER,19-1716             ,VINOTINTO,T-XS,117,2026-04-16,CORTE
JULIO,027 - 3JUL3                                   ,STOP,008 - MODA                                    ,016 - TOP -BODY                               ,001 - TEJIDO PUNTO                            ,MOP-00000046,ST0000301                                         ,BODY MANGA LARGA TELA EN ENCAJE,11-0602             ,MARFIL,T-L,213,2026-04-17,CORTE
JULIO,027 - 3JUL3                                   ,STOP,008 - MODA                                    ,016 - TOP -BODY                               ,001 - TEJIDO PUNTO                            ,MOP-00000046,ST0000301                                         ,BODY MANGA LARGA TELA EN ENCAJE,11-0602             ,MARFIL,T-M,426,2026-04-17,CORTE
JULIO,027 - 3JUL3                                   ,STOP,008 - MODA                                    ,016 - TOP -BODY                               ,001 - TEJIDO PUNTO                            ,MOP-00000046,ST0000301                                         ,BODY MANGA LARGA TELA EN ENCAJE,11-0602             ,MARFIL,T-S,323,2026-04-17,CORTE
JULIO,027 - 3JUL3                                   ,STOP,008 - MODA                                    ,016 - TOP -BODY                               ,001 - TEJIDO PUNTO                            ,MOP-00000046,ST0000301                                         ,BODY MANGA LARGA TELA EN ENCAJE,11-0602             ,MARFIL,T-XL,102,2026-04-17,CORTE
JULIO,027 - 3JUL3                                   ,STOP,008 - MODA                                    ,016 - TOP -BODY                               ,001 - TEJIDO PUNTO                            ,MOP-00000046,ST0000301                                         ,BODY MANGA LARGA TELA EN ENCAJE,11-0602             ,MARFIL,T-XS,102,2026-04-17,CORTE
JULIO,027 - 3JUL3                                   ,STOP,004 - ESENCIAL MODA                           ,001 - CAMISETA                                ,001 - TEJIDO PUNTO                            ,MOP-00000047,ST0000303                                         ,CAMISETA MANGA CORTA ESTAMPADO,12-1305             ,ROSA CLARO,T-L,480,2026-04-17,CORTE
JULIO,027 - 3JUL3                                   ,STOP,004 - ESENCIAL MODA                           ,001 - CAMISETA                                ,001 - TEJIDO PUNTO                            ,MOP-00000047,ST0000303                                         ,CAMISETA MANGA CORTA ESTAMPADO,12-1305             ,ROSA CLARO,T-M,809,2026-04-17,CORTE
JULIO,027 - 3JUL3                                   ,STOP,004 - ESENCIAL MODA                           ,001 - CAMISETA                                ,001 - TEJIDO PUNTO                            ,MOP-00000047,ST0000303                                         ,CAMISETA MANGA CORTA ESTAMPADO,12-1305             ,ROSA CLARO,T-S,652,2026-04-17,CORTE
JULIO,027 - 3JUL3                                   ,STOP,004 - ESENCIAL MODA                           ,001 - CAMISETA                                ,001 - TEJIDO PUNTO                            ,MOP-00000047,ST0000303                                         ,CAMISETA MANGA CORTA ESTAMPADO,12-1305             ,ROSA CLARO,T-XL,320,2026-04-17,CORTE
JULIO,027 - 3JUL3                                   ,STOP,004 - ESENCIAL MODA                           ,001 - CAMISETA                                ,001 - TEJIDO PUNTO                            ,MOP-00000047,ST0000303                                         ,CAMISETA MANGA CORTA ESTAMPADO,12-1305             ,ROSA CLARO,T-XS,160,2026-04-17,CORTE
MARZO,010 - 1MAR2                                   ,STOP,005 - ESENCIAL                                ,003 - CORTOS                                  ,005 - DENIM                                   ,MOP-00000048,15015814                                          ,SHORT T/ALTO ESENCIAL,IND04               ,OSCURO,T-10,298,2026-04-17,CORTE                                   
MARZO,010 - 1MAR2                                   ,STOP,005 - ESENCIAL                                ,003 - CORTOS                                  ,005 - DENIM                                   ,MOP-00000048,15015814                                          ,SHORT T/ALTO ESENCIAL,IND04               ,OSCURO,T-12,300,2026-04-17,CORTE                                   
MARZO,010 - 1MAR2                                   ,STOP,005 - ESENCIAL                                ,003 - CORTOS                                  ,005 - DENIM                                   ,MOP-00000048,15015814                                          ,SHORT T/ALTO ESENCIAL,IND04               ,OSCURO,T-14,151,2026-04-17,CORTE                                   
MARZO,010 - 1MAR2                                   ,STOP,005 - ESENCIAL                                ,003 - CORTOS                                  ,005 - DENIM                                   ,MOP-00000048,15015814                                          ,SHORT T/ALTO ESENCIAL,IND04               ,OSCURO,T-6,150,2026-04-17,CORTE                                   
MARZO,010 - 1MAR2                                   ,STOP,005 - ESENCIAL                                ,003 - CORTOS                                  ,005 - DENIM                                   ,MOP-00000048,15015814                                          ,SHORT T/ALTO ESENCIAL,IND04               ,OSCURO,T-8,297,2026-04-17,CORTE                                   
MARZO,038 - 4OCT2                                   ,STOP,005 - ESENCIAL                                ,016 - TOP -BODY                               ,001 - TEJIDO PUNTO                            ,MOP-00000049,15001953                                          ,BODY PREMIUM MANGA LARGA ESENCIAL,11-0601             ,BLANCO,T-L,286,2026-04-18,CORTE                                   
MARZO,038 - 4OCT2                                   ,STOP,005 - ESENCIAL                                ,016 - TOP -BODY                               ,001 - TEJIDO PUNTO                            ,MOP-00000049,15001953                                          ,BODY PREMIUM MANGA LARGA ESENCIAL,11-0601             ,BLANCO,T-M,572,2026-04-18,CORTE                                   
MARZO,038 - 4OCT2                                   ,STOP,005 - ESENCIAL                                ,016 - TOP -BODY                               ,001 - TEJIDO PUNTO                            ,MOP-00000049,15001953                                          ,BODY PREMIUM MANGA LARGA ESENCIAL,11-0601             ,BLANCO,T-S,591,2026-04-18,CORTE                                   
MARZO,038 - 4OCT2                                   ,STOP,005 - ESENCIAL                                ,016 - TOP -BODY                               ,001 - TEJIDO PUNTO                            ,MOP-00000049,15001953                                          ,BODY PREMIUM MANGA LARGA ESENCIAL,11-0601             ,BLANCO,T-XS,143,2026-04-18,CORTE                                   
MARZO,038 - 4OCT2                                   ,STOP,005 - ESENCIAL                                ,016 - TOP -BODY                               ,001 - TEJIDO PUNTO                            ,MOP-00000049,15001953                                          ,BODY PREMIUM MANGA LARGA ESENCIAL,19-4004             ,NEGRO,T-L,324,2026-04-18,CORTE                                   
MARZO,038 - 4OCT2                                   ,STOP,005 - ESENCIAL                                ,016 - TOP -BODY                               ,001 - TEJIDO PUNTO                            ,MOP-00000049,15001953                                          ,BODY PREMIUM MANGA LARGA ESENCIAL,19-4004             ,NEGRO,T-M,648,2026-04-18,CORTE                                   
MARZO,038 - 4OCT2                                   ,STOP,005 - ESENCIAL                                ,016 - TOP -BODY                               ,001 - TEJIDO PUNTO                            ,MOP-00000049,15001953                                          ,BODY PREMIUM MANGA LARGA ESENCIAL,19-4004             ,NEGRO,T-S,516,2026-04-18,CORTE                                   
MARZO,038 - 4OCT2                                   ,STOP,005 - ESENCIAL                                ,016 - TOP -BODY                               ,001 - TEJIDO PUNTO                            ,MOP-00000049,15001953                                          ,BODY PREMIUM MANGA LARGA ESENCIAL,19-4004             ,NEGRO,T-XS,162,2026-04-18,CORTE                                   
JULIO,026 - 3JUL2                                   ,STOP,008 - MODA                                    ,002 - BLUSA-CAMISA                            ,002 - TEJIDO PLANO                            ,MOP-00000050,ST0000284                                         ,BLUSA MANGA LARGA CUELLO EN V,17-1520             ,ROSA RUBOR,T-L,430,2026-04-18,CORTE
JULIO,026 - 3JUL2                                   ,STOP,008 - MODA                                    ,002 - BLUSA-CAMISA                            ,002 - TEJIDO PLANO                            ,MOP-00000050,ST0000284                                         ,BLUSA MANGA LARGA CUELLO EN V,17-1520             ,ROSA RUBOR,T-M,611,2026-04-18,CORTE
JULIO,026 - 3JUL2                                   ,STOP,008 - MODA                                    ,002 - BLUSA-CAMISA                            ,002 - TEJIDO PLANO                            ,MOP-00000050,ST0000284                                         ,BLUSA MANGA LARGA CUELLO EN V,17-1520             ,ROSA RUBOR,T-S,481,2026-04-18,CORTE
JULIO,026 - 3JUL2                                   ,STOP,008 - MODA                                    ,002 - BLUSA-CAMISA                            ,002 - TEJIDO PLANO                            ,MOP-00000050,ST0000284                                         ,BLUSA MANGA LARGA CUELLO EN V,17-1520             ,ROSA RUBOR,T-XL,300,2026-04-18,CORTE
JULIO,026 - 3JUL2                                   ,STOP,008 - MODA                                    ,002 - BLUSA-CAMISA                            ,002 - TEJIDO PLANO                            ,MOP-00000050,ST0000284                                         ,BLUSA MANGA LARGA CUELLO EN V,17-1520             ,ROSA RUBOR,T-XS,130,2026-04-18,CORTE
AGOSTO,029 - 3AGO1                                   ,STOP,008 - MODA                                    ,003 - CORTOS                                  ,005 - DENIM                                   ,MOP-00000051,ST0000333                                         ,SHORT TIRO ALTO LAV MEDIO OSCURO,IND03               ,MEDIO OSCURO,T-10,458,2026-04-18,CORTE
AGOSTO,029 - 3AGO1                                   ,STOP,008 - MODA                                    ,003 - CORTOS                                  ,005 - DENIM                                   ,MOP-00000051,ST0000333                                         ,SHORT TIRO ALTO LAV MEDIO OSCURO,IND03               ,MEDIO OSCURO,T-12,368,2026-04-18,CORTE
AGOSTO,029 - 3AGO1                                   ,STOP,008 - MODA                                    ,003 - CORTOS                                  ,005 - DENIM                                   ,MOP-00000051,ST0000333                                         ,SHORT TIRO ALTO LAV MEDIO OSCURO,IND03               ,MEDIO OSCURO,T-14,276,2026-04-18,CORTE
AGOSTO,029 - 3AGO1                                   ,STOP,008 - MODA                                    ,003 - CORTOS                                  ,005 - DENIM                                   ,MOP-00000051,ST0000333                                         ,SHORT TIRO ALTO LAV MEDIO OSCURO,IND03               ,MEDIO OSCURO,T-6,367,2026-04-20,CORTE
AGOSTO,029 - 3AGO1                                   ,STOP,008 - MODA                                    ,003 - CORTOS                                  ,005 - DENIM                                   ,MOP-00000051,ST0000333                                         ,SHORT TIRO ALTO LAV MEDIO OSCURO,IND03               ,MEDIO OSCURO,T-8,458,2026-04-18,CORTE
JULIO,027 - 3JUL3                                   ,STOP,008 - MODA                                    ,003 - CORTOS                                  ,005 - DENIM                                   ,MOP-00000052,ST0000318                                         ,SHORT TIRO ALTO LAVADO CLARO,IND01               ,CLARO,T-10,469,2026-04-20,CORTE
JULIO,027 - 3JUL3                                   ,STOP,008 - MODA                                    ,003 - CORTOS                                  ,005 - DENIM                                   ,MOP-00000052,ST0000318                                         ,SHORT TIRO ALTO LAVADO CLARO,IND01               ,CLARO,T-12,384,2026-04-20,CORTE
JULIO,027 - 3JUL3                                   ,STOP,008 - MODA                                    ,003 - CORTOS                                  ,005 - DENIM                                   ,MOP-00000052,ST0000318                                         ,SHORT TIRO ALTO LAVADO CLARO,IND01               ,CLARO,T-14,297,2026-04-20,CORTE
JULIO,027 - 3JUL3                                   ,STOP,008 - MODA                                    ,003 - CORTOS                                  ,005 - DENIM                                   ,MOP-00000052,ST0000318                                         ,SHORT TIRO ALTO LAVADO CLARO,IND01               ,CLARO,T-6,384,2026-04-20,CORTE
JULIO,027 - 3JUL3                                   ,STOP,008 - MODA                                    ,003 - CORTOS                                  ,005 - DENIM                                   ,MOP-00000052,ST0000318                                         ,SHORT TIRO ALTO LAVADO CLARO,IND01               ,CLARO,T-8,469,2026-04-20,CORTE
JULIO,027 - 3JUL3                                   ,STOP,008 - MODA                                    ,002 - BLUSA-CAMISA                            ,005 - DENIM                                   ,MOP-00000053,ST0000320                                         ,CAMISA MANGA CORTA LAV CLARO,IND01               ,CLARO,T-L,451,2026-04-20,CORTE
JULIO,027 - 3JUL3                                   ,STOP,008 - MODA                                    ,002 - BLUSA-CAMISA                            ,005 - DENIM                                   ,MOP-00000053,ST0000320                                         ,CAMISA MANGA CORTA LAV CLARO,IND01               ,CLARO,T-M,602,2026-04-20,CORTE
JULIO,027 - 3JUL3                                   ,STOP,008 - MODA                                    ,002 - BLUSA-CAMISA                            ,005 - DENIM                                   ,MOP-00000053,ST0000320                                         ,CAMISA MANGA CORTA LAV CLARO,IND01               ,CLARO,T-S,459,2026-04-20,CORTE
JULIO,027 - 3JUL3                                   ,STOP,008 - MODA                                    ,002 - BLUSA-CAMISA                            ,005 - DENIM                                   ,MOP-00000053,ST0000320                                         ,CAMISA MANGA CORTA LAV CLARO,IND01               ,CLARO,T-XL,300,2026-04-20,CORTE
JULIO,027 - 3JUL3                                   ,STOP,008 - MODA                                    ,002 - BLUSA-CAMISA                            ,005 - DENIM                                   ,MOP-00000053,ST0000320                                         ,CAMISA MANGA CORTA LAV CLARO,IND01               ,CLARO,T-XS,151,2026-04-20,CORTE
JUNIO,021 - 2JUN1                                   ,STOP,008 - MODA                                    ,016 - TOP -BODY                               ,001 - TEJIDO PUNTO                            ,MOP-00000054,11018825                                          ,BODY TIRAS EN MALLA CON DRAPEADO,19-1102             ,NEGRO,T-L,354,2026-05-08,CORTE                                   
JUNIO,021 - 2JUN1                                   ,STOP,008 - MODA                                    ,016 - TOP -BODY                               ,001 - TEJIDO PUNTO                            ,MOP-00000054,11018825                                          ,BODY TIRAS EN MALLA CON DRAPEADO,19-1102             ,NEGRO,T-M,481,2026-05-08,CORTE                                   
JUNIO,021 - 2JUN1                                   ,STOP,008 - MODA                                    ,016 - TOP -BODY                               ,001 - TEJIDO PUNTO                            ,MOP-00000054,11018825                                          ,BODY TIRAS EN MALLA CON DRAPEADO,19-1102             ,NEGRO,T-S,354,2026-05-08,CORTE                                   
JUNIO,021 - 2JUN1                                   ,STOP,008 - MODA                                    ,016 - TOP -BODY                               ,001 - TEJIDO PUNTO                            ,MOP-00000054,11018825                                          ,BODY TIRAS EN MALLA CON DRAPEADO,19-1102             ,NEGRO,T-XL,236,2026-05-08,CORTE                                   
JUNIO,021 - 2JUN1                                   ,STOP,008 - MODA                                    ,016 - TOP -BODY                               ,001 - TEJIDO PUNTO                            ,MOP-00000054,11018825                                          ,BODY TIRAS EN MALLA CON DRAPEADO,19-1102             ,NEGRO,T-XS,118,2026-05-08,CORTE                                   
JUNIO,022 - 2JUN2                                   ,STOP,008 - MODA                                    ,001 - CAMISETA                                ,001 - TEJIDO PUNTO                            ,MOP-00000055,ST0004583                                         ,CAMISETA MC ESTAMPADA,19-1761             ,ROJO,T-L,475,2026-04-22,CORTE
JUNIO,022 - 2JUN2                                   ,STOP,008 - MODA                                    ,001 - CAMISETA                                ,001 - TEJIDO PUNTO                            ,MOP-00000055,ST0004583                                         ,CAMISETA MC ESTAMPADA,19-1761             ,ROJO,T-M,782,2026-04-22,CORTE
JUNIO,022 - 2JUN2                                   ,STOP,008 - MODA                                    ,001 - CAMISETA                                ,001 - TEJIDO PUNTO                            ,MOP-00000055,ST0004583                                         ,CAMISETA MC ESTAMPADA,19-1761             ,ROJO,T-S,652,2026-04-22,CORTE
JUNIO,022 - 2JUN2                                   ,STOP,008 - MODA                                    ,001 - CAMISETA                                ,001 - TEJIDO PUNTO                            ,MOP-00000055,ST0004583                                         ,CAMISETA MC ESTAMPADA,19-1761             ,ROJO,T-XL,324,2026-04-22,CORTE
JUNIO,022 - 2JUN2                                   ,STOP,008 - MODA                                    ,001 - CAMISETA                                ,001 - TEJIDO PUNTO                            ,MOP-00000055,ST0004583                                         ,CAMISETA MC ESTAMPADA,19-1761             ,ROJO,T-XS,171,2026-04-22,CORTE
JULIO,025 - 3JUL1                                   ,STOP,008 - MODA                                    ,000 - JEANS                                   ,002 - TEJIDO PLANO                            ,MOP-00000056,ST0000310                                         ,RETROJEAN TIRO ALTO COLOR,18-1232             ,CAFE OSCURO,T-10,194,2026-04-29,CORTE
JULIO,025 - 3JUL1                                   ,STOP,008 - MODA                                    ,000 - JEANS                                   ,002 - TEJIDO PLANO                            ,MOP-00000056,ST0000310                                         ,RETROJEAN TIRO ALTO COLOR,18-1232             ,CAFE OSCURO,T-12,116,2026-04-29,CORTE
JULIO,025 - 3JUL1                                   ,STOP,008 - MODA                                    ,000 - JEANS                                   ,002 - TEJIDO PLANO                            ,MOP-00000056,ST0000310                                         ,RETROJEAN TIRO ALTO COLOR,18-1232             ,CAFE OSCURO,T-14,78,2026-04-29,CORTE
JULIO,025 - 3JUL1                                   ,STOP,008 - MODA                                    ,000 - JEANS                                   ,002 - TEJIDO PLANO                            ,MOP-00000056,ST0000310                                         ,RETROJEAN TIRO ALTO COLOR,18-1232             ,CAFE OSCURO,T-5,38,2026-04-29,CORTE
JULIO,025 - 3JUL1                                   ,STOP,008 - MODA                                    ,000 - JEANS                                   ,002 - TEJIDO PLANO                            ,MOP-00000056,ST0000310                                         ,RETROJEAN TIRO ALTO COLOR,18-1232             ,CAFE OSCURO,T-6,118,2026-04-29,CORTE
JULIO,025 - 3JUL1                                   ,STOP,008 - MODA                                    ,000 - JEANS                                   ,002 - TEJIDO PLANO                            ,MOP-00000056,ST0000310                                         ,RETROJEAN TIRO ALTO COLOR,18-1232             ,CAFE OSCURO,T-8,194,2026-04-29,CORTE
JULIO,025 - 3JUL1                                   ,STOP,008 - MODA                                    ,000 - JEANS                                   ,002 - TEJIDO PLANO                            ,MOP-00000056,ST0000310                                         ,RETROJEAN TIRO ALTO COLOR,19-4004             ,NEGRO,T-10,187,2026-04-29,CORTE
JULIO,025 - 3JUL1                                   ,STOP,008 - MODA                                    ,000 - JEANS                                   ,002 - TEJIDO PLANO                            ,MOP-00000056,ST0000310                                         ,RETROJEAN TIRO ALTO COLOR,19-4004             ,NEGRO,T-12,109,2026-04-29,CORTE
JULIO,025 - 3JUL1                                   ,STOP,008 - MODA                                    ,000 - JEANS                                   ,002 - TEJIDO PLANO                            ,MOP-00000056,ST0000310                                         ,RETROJEAN TIRO ALTO COLOR,19-4004             ,NEGRO,T-14,78,2026-04-29,CORTE
JULIO,025 - 3JUL1                                   ,STOP,008 - MODA                                    ,000 - JEANS                                   ,002 - TEJIDO PLANO                            ,MOP-00000056,ST0000310                                         ,RETROJEAN TIRO ALTO COLOR,19-4004             ,NEGRO,T-5,31,2026-04-29,CORTE
JULIO,025 - 3JUL1                                   ,STOP,008 - MODA                                    ,000 - JEANS                                   ,002 - TEJIDO PLANO                            ,MOP-00000056,ST0000310                                         ,RETROJEAN TIRO ALTO COLOR,19-4004             ,NEGRO,T-6,116,2026-04-29,CORTE
JULIO,025 - 3JUL1                                   ,STOP,008 - MODA                                    ,000 - JEANS                                   ,002 - TEJIDO PLANO                            ,MOP-00000056,ST0000310                                         ,RETROJEAN TIRO ALTO COLOR,19-4004             ,NEGRO,T-8,187,2026-04-29,CORTE
JULIO,025 - 3JUL1                                   ,STOP,008 - MODA                                    ,008 - PANTALONES                              ,002 - TEJIDO PLANO                            ,MOP-00000057,ST0000280                                         ,PANTALON TIRO ALTO,11-0604             ,MARFIL,T-10,485,2026-05-15,CORTE
JULIO,025 - 3JUL1                                   ,STOP,008 - MODA                                    ,008 - PANTALONES                              ,002 - TEJIDO PLANO                            ,MOP-00000057,ST0000280                                         ,PANTALON TIRO ALTO,11-0604             ,MARFIL,T-12,289,2026-05-15,CORTE
JULIO,025 - 3JUL1                                   ,STOP,008 - MODA                                    ,008 - PANTALONES                              ,002 - TEJIDO PLANO                            ,MOP-00000057,ST0000280                                         ,PANTALON TIRO ALTO,11-0604             ,MARFIL,T-14,204,2026-05-15,CORTE
JULIO,025 - 3JUL1                                   ,STOP,008 - MODA                                    ,008 - PANTALONES                              ,002 - TEJIDO PLANO                            ,MOP-00000057,ST0000280                                         ,PANTALON TIRO ALTO,11-0604             ,MARFIL,T-5,212,2026-05-15,CORTE
JULIO,025 - 3JUL1                                   ,STOP,008 - MODA                                    ,008 - PANTALONES                              ,002 - TEJIDO PLANO                            ,MOP-00000057,ST0000280                                         ,PANTALON TIRO ALTO,11-0604             ,MARFIL,T-6,312,2026-05-15,CORTE
JULIO,025 - 3JUL1                                   ,STOP,008 - MODA                                    ,008 - PANTALONES                              ,002 - TEJIDO PLANO                            ,MOP-00000057,ST0000280                                         ,PANTALON TIRO ALTO,11-0604             ,MARFIL,T-8,487,2026-05-15,CORTE
JUNIO,021 - 2JUN1                                   ,STOP,008 - MODA                                    ,002 - BLUSA-CAMISA                            ,002 - TEJIDO PLANO                            ,MOP-00000058,ST0001307                                         ,CAMISA ML CON ESCOTE EN V,11-0602             ,MARFIL,T-L,258,2026-05-27,CORTE
JUNIO,021 - 2JUN1                                   ,STOP,008 - MODA                                    ,002 - BLUSA-CAMISA                            ,002 - TEJIDO PLANO                            ,MOP-00000058,ST0001307                                         ,CAMISA ML CON ESCOTE EN V,11-0602             ,MARFIL,T-M,307,2026-05-27,CORTE
JUNIO,021 - 2JUN1                                   ,STOP,008 - MODA                                    ,002 - BLUSA-CAMISA                            ,002 - TEJIDO PLANO                            ,MOP-00000058,ST0001307                                         ,CAMISA ML CON ESCOTE EN V,11-0602             ,MARFIL,T-S,205,2026-05-27,CORTE
JUNIO,021 - 2JUN1                                   ,STOP,008 - MODA                                    ,002 - BLUSA-CAMISA                            ,002 - TEJIDO PLANO                            ,MOP-00000058,ST0001307                                         ,CAMISA ML CON ESCOTE EN V,11-0602             ,MARFIL,T-XL,131,2026-05-27,CORTE
JUNIO,021 - 2JUN1                                   ,STOP,008 - MODA                                    ,002 - BLUSA-CAMISA                            ,002 - TEJIDO PLANO                            ,MOP-00000058,ST0001307                                         ,CAMISA ML CON ESCOTE EN V,11-0602             ,MARFIL,T-XS,80,2026-05-27,CORTE
ABRIL,047 - 4DIC3                                   ,STOP,005 - ESENCIAL                                ,004 - SOBRETODOS                              ,005 - DENIM                                   ,MOP-00000059,15015824                                          ,CHAQUETA DENIM NEGRA ESENCIAL,19-4004             ,NEGRO,T-L,76,2026-05-05,CORTE                                   
ABRIL,047 - 4DIC3                                   ,STOP,005 - ESENCIAL                                ,004 - SOBRETODOS                              ,005 - DENIM                                   ,MOP-00000059,15015824                                          ,CHAQUETA DENIM NEGRA ESENCIAL,19-4004             ,NEGRO,T-M,294,2026-05-05,CORTE                                   
ABRIL,047 - 4DIC3                                   ,STOP,005 - ESENCIAL                                ,004 - SOBRETODOS                              ,005 - DENIM                                   ,MOP-00000059,15015824                                          ,CHAQUETA DENIM NEGRA ESENCIAL,19-4004             ,NEGRO,T-S,296,2026-05-05,CORTE                                   
ABRIL,047 - 4DIC3                                   ,STOP,005 - ESENCIAL                                ,004 - SOBRETODOS                              ,005 - DENIM                                   ,MOP-00000059,15015824                                          ,CHAQUETA DENIM NEGRA ESENCIAL,19-4004             ,NEGRO,T-XL,38,2026-05-05,CORTE                                   
JULIO,025 - 3JUL1                                   ,STOP,008 - MODA                                    ,016 - TOP -BODY                               ,001 - TEJIDO PUNTO                            ,MOP-00000060,ST0000273                                         ,TOP MANGA LARGA  HERRAJE EN HOMBRO,11-0604             ,MARFIL,T-L,336,2026-04-22,CORTE
JULIO,025 - 3JUL1                                   ,STOP,008 - MODA                                    ,016 - TOP -BODY                               ,001 - TEJIDO PUNTO                            ,MOP-00000060,ST0000273                                         ,TOP MANGA LARGA  HERRAJE EN HOMBRO,11-0604             ,MARFIL,T-M,481,2026-04-22,CORTE
JULIO,025 - 3JUL1                                   ,STOP,008 - MODA                                    ,016 - TOP -BODY                               ,001 - TEJIDO PUNTO                            ,MOP-00000060,ST0000273                                         ,TOP MANGA LARGA  HERRAJE EN HOMBRO,11-0604             ,MARFIL,T-S,366,2026-04-22,CORTE
JULIO,025 - 3JUL1                                   ,STOP,008 - MODA                                    ,016 - TOP -BODY                               ,001 - TEJIDO PUNTO                            ,MOP-00000060,ST0000273                                         ,TOP MANGA LARGA  HERRAJE EN HOMBRO,11-0604             ,MARFIL,T-XL,218,2026-04-22,CORTE
JULIO,025 - 3JUL1                                   ,STOP,008 - MODA                                    ,016 - TOP -BODY                               ,001 - TEJIDO PUNTO                            ,MOP-00000060,ST0000273                                         ,TOP MANGA LARGA  HERRAJE EN HOMBRO,11-0604             ,MARFIL,T-XS,118,2026-04-22,CORTE
JULIO,025 - 3JUL1                                   ,STOP,008 - MODA                                    ,016 - TOP -BODY                               ,001 - TEJIDO PUNTO                            ,MOP-00000061,ST0000273                                         ,TOP MANGA LARGA  HERRAJE EN HOMBRO,19-1716             ,VINOTINTO,T-L,296,2026-05-20,CORTE
JULIO,025 - 3JUL1                                   ,STOP,008 - MODA                                    ,016 - TOP -BODY                               ,001 - TEJIDO PUNTO                            ,MOP-00000061,ST0000273                                         ,TOP MANGA LARGA  HERRAJE EN HOMBRO,19-1716             ,VINOTINTO,T-M,423,2026-05-20,CORTE
JULIO,025 - 3JUL1                                   ,STOP,008 - MODA                                    ,016 - TOP -BODY                               ,001 - TEJIDO PUNTO                            ,MOP-00000061,ST0000273                                         ,TOP MANGA LARGA  HERRAJE EN HOMBRO,19-1716             ,VINOTINTO,T-S,342,2026-05-20,CORTE
JULIO,025 - 3JUL1                                   ,STOP,008 - MODA                                    ,016 - TOP -BODY                               ,001 - TEJIDO PUNTO                            ,MOP-00000061,ST0000273                                         ,TOP MANGA LARGA  HERRAJE EN HOMBRO,19-1716             ,VINOTINTO,T-XL,212,2026-05-20,CORTE
JULIO,025 - 3JUL1                                   ,STOP,008 - MODA                                    ,016 - TOP -BODY                               ,001 - TEJIDO PUNTO                            ,MOP-00000061,ST0000273                                         ,TOP MANGA LARGA  HERRAJE EN HOMBRO,19-1716             ,VINOTINTO,T-XS,84,2026-05-20,CORTE
JULIO,025 - 3JUL1                                   ,STOP,008 - MODA                                    ,003 - CORTOS                                  ,005 - DENIM                                   ,MOP-00000062,ST0000265                                         ,FALDA SHORT TIRO ALTO COLOR NEGRO,IND06               ,NEGRO MEDIO,T-10,585,2026-05-11,CORTE
JULIO,025 - 3JUL1                                   ,STOP,008 - MODA                                    ,003 - CORTOS                                  ,005 - DENIM                                   ,MOP-00000062,ST0000265                                         ,FALDA SHORT TIRO ALTO COLOR NEGRO,IND06               ,NEGRO MEDIO,T-12,468,2026-05-11,CORTE
JULIO,025 - 3JUL1                                   ,STOP,008 - MODA                                    ,003 - CORTOS                                  ,005 - DENIM                                   ,MOP-00000062,ST0000265                                         ,FALDA SHORT TIRO ALTO COLOR NEGRO,IND06               ,NEGRO MEDIO,T-14,351,2026-05-11,CORTE
JULIO,025 - 3JUL1                                   ,STOP,008 - MODA                                    ,003 - CORTOS                                  ,005 - DENIM                                   ,MOP-00000062,ST0000265                                         ,FALDA SHORT TIRO ALTO COLOR NEGRO,IND06               ,NEGRO MEDIO,T-6,474,2026-05-11,CORTE
JULIO,025 - 3JUL1                                   ,STOP,008 - MODA                                    ,003 - CORTOS                                  ,005 - DENIM                                   ,MOP-00000062,ST0000265                                         ,FALDA SHORT TIRO ALTO COLOR NEGRO,IND06               ,NEGRO MEDIO,T-8,595,2026-05-11,CORTE
JULIO,025 - 3JUL1                                   ,STOP,008 - MODA                                    ,016 - TOP -BODY                               ,001 - TEJIDO PUNTO                            ,MOP-00000063,ST0000278                                         ,BODY MANGA SISA CON HEBILLA EN HOMBRO,11-0604             ,MARFIL,T-L,458,2026-05-13,CORTE
JULIO,025 - 3JUL1                                   ,STOP,008 - MODA                                    ,016 - TOP -BODY                               ,001 - TEJIDO PUNTO                            ,MOP-00000063,ST0000278                                         ,BODY MANGA SISA CON HEBILLA EN HOMBRO,11-0604             ,MARFIL,T-M,600,2026-05-13,CORTE
JULIO,025 - 3JUL1                                   ,STOP,008 - MODA                                    ,016 - TOP -BODY                               ,001 - TEJIDO PUNTO                            ,MOP-00000063,ST0000278                                         ,BODY MANGA SISA CON HEBILLA EN HOMBRO,11-0604             ,MARFIL,T-S,443,2026-05-13,CORTE
JULIO,025 - 3JUL1                                   ,STOP,008 - MODA                                    ,016 - TOP -BODY                               ,001 - TEJIDO PUNTO                            ,MOP-00000063,ST0000278                                         ,BODY MANGA SISA CON HEBILLA EN HOMBRO,11-0604             ,MARFIL,T-XL,300,2026-05-13,CORTE
JULIO,025 - 3JUL1                                   ,STOP,008 - MODA                                    ,016 - TOP -BODY                               ,001 - TEJIDO PUNTO                            ,MOP-00000063,ST0000278                                         ,BODY MANGA SISA CON HEBILLA EN HOMBRO,11-0604             ,MARFIL,T-XS,158,2026-05-13,CORTE
JULIO,025 - 3JUL1                                   ,STOP,003 - OPORTUNIDADES                           ,001 - CAMISETA                                ,001 - TEJIDO PUNTO                            ,MOP-00000064,ST0000282                                         ,CAMISETA MANGA CORTA ESTAMPADO FRENTE,11-0604             ,MARFIL,T-L,628,2026-06-06,CORTE
JULIO,025 - 3JUL1                                   ,STOP,003 - OPORTUNIDADES                           ,001 - CAMISETA                                ,001 - TEJIDO PUNTO                            ,MOP-00000064,ST0000282                                         ,CAMISETA MANGA CORTA ESTAMPADO FRENTE,11-0604             ,MARFIL,T-M,786,2026-06-06,CORTE
JULIO,025 - 3JUL1                                   ,STOP,003 - OPORTUNIDADES                           ,001 - CAMISETA                                ,001 - TEJIDO PUNTO                            ,MOP-00000064,ST0000282                                         ,CAMISETA MANGA CORTA ESTAMPADO FRENTE,11-0604             ,MARFIL,T-S,630,2026-06-06,CORTE
JULIO,025 - 3JUL1                                   ,STOP,003 - OPORTUNIDADES                           ,001 - CAMISETA                                ,001 - TEJIDO PUNTO                            ,MOP-00000064,ST0000282                                         ,CAMISETA MANGA CORTA ESTAMPADO FRENTE,11-0604             ,MARFIL,T-XL,468,2026-06-06,CORTE
JULIO,025 - 3JUL1                                   ,STOP,003 - OPORTUNIDADES                           ,001 - CAMISETA                                ,001 - TEJIDO PUNTO                            ,MOP-00000064,ST0000282                                         ,CAMISETA MANGA CORTA ESTAMPADO FRENTE,11-0604             ,MARFIL,T-XS,163,2026-06-06,CORTE
JULIO,025 - 3JUL1                                   ,STOP,003 - OPORTUNIDADES                           ,001 - CAMISETA                                ,001 - TEJIDO PUNTO                            ,MOP-00000064,ST0000282                                         ,CAMISETA MANGA CORTA ESTAMPADO FRENTE,18-0527             ,VERDE OLIVA,T-L,564,2026-06-06,CORTE
JULIO,025 - 3JUL1                                   ,STOP,003 - OPORTUNIDADES                           ,001 - CAMISETA                                ,001 - TEJIDO PUNTO                            ,MOP-00000064,ST0000282                                         ,CAMISETA MANGA CORTA ESTAMPADO FRENTE,18-0527             ,VERDE OLIVA,T-M,721,2026-06-06,CORTE
JULIO,025 - 3JUL1                                   ,STOP,003 - OPORTUNIDADES                           ,001 - CAMISETA                                ,001 - TEJIDO PUNTO                            ,MOP-00000064,ST0000282                                         ,CAMISETA MANGA CORTA ESTAMPADO FRENTE,18-0527             ,VERDE OLIVA,T-S,576,2026-06-06,CORTE
JULIO,025 - 3JUL1                                   ,STOP,003 - OPORTUNIDADES                           ,001 - CAMISETA                                ,001 - TEJIDO PUNTO                            ,MOP-00000064,ST0000282                                         ,CAMISETA MANGA CORTA ESTAMPADO FRENTE,18-0527             ,VERDE OLIVA,T-XL,419,2026-06-06,CORTE
JULIO,025 - 3JUL1                                   ,STOP,003 - OPORTUNIDADES                           ,001 - CAMISETA                                ,001 - TEJIDO PUNTO                            ,MOP-00000064,ST0000282                                         ,CAMISETA MANGA CORTA ESTAMPADO FRENTE,18-0527             ,VERDE OLIVA,T-XS,165,2026-06-06,CORTE
JULIO,025 - 3JUL1                                   ,STOP,008 - MODA                                    ,003 - CORTOS                                  ,002 - TEJIDO PLANO                            ,MOP-00000065,ST0000264                                         ,SHORT TIRO ALTO COLOR BLANCO,11-0601             ,BLANCO,T-10,585,2026-04-29,CORTE
JULIO,025 - 3JUL1                                   ,STOP,008 - MODA                                    ,003 - CORTOS                                  ,002 - TEJIDO PLANO                            ,MOP-00000065,ST0000264                                         ,SHORT TIRO ALTO COLOR BLANCO,11-0601             ,BLANCO,T-12,466,2026-04-29,CORTE
JULIO,025 - 3JUL1                                   ,STOP,008 - MODA                                    ,003 - CORTOS                                  ,002 - TEJIDO PLANO                            ,MOP-00000065,ST0000264                                         ,SHORT TIRO ALTO COLOR BLANCO,11-0601             ,BLANCO,T-14,347,2026-04-29,CORTE
JULIO,025 - 3JUL1                                   ,STOP,008 - MODA                                    ,003 - CORTOS                                  ,002 - TEJIDO PLANO                            ,MOP-00000065,ST0000264                                         ,SHORT TIRO ALTO COLOR BLANCO,11-0601             ,BLANCO,T-6,464,2026-04-29,CORTE
JULIO,025 - 3JUL1                                   ,STOP,008 - MODA                                    ,003 - CORTOS                                  ,002 - TEJIDO PLANO                            ,MOP-00000065,ST0000264                                         ,SHORT TIRO ALTO COLOR BLANCO,11-0601             ,BLANCO,T-8,583,2026-04-29,CORTE
JULIO,026 - 3JUL2                                   ,STOP,008 - MODA                                    ,001 - CAMISETA                                ,001 - TEJIDO PUNTO                            ,MOP-00000066,ST0000296                                         ,CAMISETA MANGA CORTA CON ESTAMPADO,11-4202             ,MARFIL,T-L,564,2026-04-23,CORTE
JULIO,026 - 3JUL2                                   ,STOP,008 - MODA                                    ,001 - CAMISETA                                ,001 - TEJIDO PUNTO                            ,MOP-00000066,ST0000296                                         ,CAMISETA MANGA CORTA CON ESTAMPADO,11-4202             ,MARFIL,T-M,705,2026-04-23,CORTE
JULIO,026 - 3JUL2                                   ,STOP,008 - MODA                                    ,001 - CAMISETA                                ,001 - TEJIDO PUNTO                            ,MOP-00000066,ST0000296                                         ,CAMISETA MANGA CORTA CON ESTAMPADO,11-4202             ,MARFIL,T-S,564,2026-04-23,CORTE
JULIO,026 - 3JUL2                                   ,STOP,008 - MODA                                    ,001 - CAMISETA                                ,001 - TEJIDO PUNTO                            ,MOP-00000066,ST0000296                                         ,CAMISETA MANGA CORTA CON ESTAMPADO,11-4202             ,MARFIL,T-XL,423,2026-04-23,CORTE
JULIO,026 - 3JUL2                                   ,STOP,008 - MODA                                    ,001 - CAMISETA                                ,001 - TEJIDO PUNTO                            ,MOP-00000066,ST0000296                                         ,CAMISETA MANGA CORTA CON ESTAMPADO,11-4202             ,MARFIL,T-XS,141,2026-04-23,CORTE
JUNIO,022 - 2JUN2                                   ,STOP,008 - MODA                                    ,001 - CAMISETA                                ,001 - TEJIDO PUNTO                            ,MOP-00000067,11793914                                          ,CAMISETA MC ESTAMPADA CON RIB,11-0602             ,MARFIL,T-L,471,2026-04-22,CORTE                                   
JUNIO,022 - 2JUN2                                   ,STOP,008 - MODA                                    ,001 - CAMISETA                                ,001 - TEJIDO PUNTO                            ,MOP-00000067,11793914                                          ,CAMISETA MC ESTAMPADA CON RIB,11-0602             ,MARFIL,T-M,808,2026-04-22,CORTE                                   
JUNIO,022 - 2JUN2                                   ,STOP,008 - MODA                                    ,001 - CAMISETA                                ,001 - TEJIDO PUNTO                            ,MOP-00000067,11793914                                          ,CAMISETA MC ESTAMPADA CON RIB,11-0602             ,MARFIL,T-S,625,2026-04-22,CORTE                                   
JUNIO,022 - 2JUN2                                   ,STOP,008 - MODA                                    ,001 - CAMISETA                                ,001 - TEJIDO PUNTO                            ,MOP-00000067,11793914                                          ,CAMISETA MC ESTAMPADA CON RIB,11-0602             ,MARFIL,T-XL,314,2026-04-22,CORTE                                   
JUNIO,022 - 2JUN2                                   ,STOP,008 - MODA                                    ,001 - CAMISETA                                ,001 - TEJIDO PUNTO                            ,MOP-00000067,11793914                                          ,CAMISETA MC ESTAMPADA CON RIB,11-0602             ,MARFIL,T-XS,157,2026-04-22,CORTE                                   
JULIO,025 - 3JUL1                                   ,STOP,008 - MODA                                    ,003 - CORTOS                                  ,002 - TEJIDO PLANO                            ,MOP-00000068,ST0000311                                         ,FALDA SHORT TIRO ALTO MARFIL,11-0604             ,MARFIL,T-10,420,2026-04-24,CORTE
JULIO,025 - 3JUL1                                   ,STOP,008 - MODA                                    ,003 - CORTOS                                  ,002 - TEJIDO PLANO                            ,MOP-00000068,ST0000311                                         ,FALDA SHORT TIRO ALTO MARFIL,11-0604             ,MARFIL,T-12,336,2026-04-24,CORTE
JULIO,025 - 3JUL1                                   ,STOP,008 - MODA                                    ,003 - CORTOS                                  ,002 - TEJIDO PLANO                            ,MOP-00000068,ST0000311                                         ,FALDA SHORT TIRO ALTO MARFIL,11-0604             ,MARFIL,T-14,252,2026-04-24,CORTE
JULIO,025 - 3JUL1                                   ,STOP,008 - MODA                                    ,003 - CORTOS                                  ,002 - TEJIDO PLANO                            ,MOP-00000068,ST0000311                                         ,FALDA SHORT TIRO ALTO MARFIL,11-0604             ,MARFIL,T-6,341,2026-04-24,CORTE
JULIO,025 - 3JUL1                                   ,STOP,008 - MODA                                    ,003 - CORTOS                                  ,002 - TEJIDO PLANO                            ,MOP-00000068,ST0000311                                         ,FALDA SHORT TIRO ALTO MARFIL,11-0604             ,MARFIL,T-8,425,2026-04-24,CORTE
JULIO,025 - 3JUL1                                   ,STOP,008 - MODA                                    ,000 - JEANS                                   ,002 - TEJIDO PLANO                            ,MOP-00000069,ST0000309                                         ,RETROJEAN TIRO ALTO COLOR VINOTINTO,19-1716             ,VINOTINTO,T-10,483,2026-04-24,CORTE
JULIO,025 - 3JUL1                                   ,STOP,008 - MODA                                    ,000 - JEANS                                   ,002 - TEJIDO PLANO                            ,MOP-00000069,ST0000309                                         ,RETROJEAN TIRO ALTO COLOR VINOTINTO,19-1716             ,VINOTINTO,T-12,269,2026-04-24,CORTE
JULIO,025 - 3JUL1                                   ,STOP,008 - MODA                                    ,000 - JEANS                                   ,002 - TEJIDO PLANO                            ,MOP-00000069,ST0000309                                         ,RETROJEAN TIRO ALTO COLOR VINOTINTO,19-1716             ,VINOTINTO,T-14,152,2026-04-24,CORTE
JULIO,025 - 3JUL1                                   ,STOP,008 - MODA                                    ,000 - JEANS                                   ,002 - TEJIDO PLANO                            ,MOP-00000069,ST0000309                                         ,RETROJEAN TIRO ALTO COLOR VINOTINTO,19-1716             ,VINOTINTO,T-5,203,2026-04-24,CORTE
JULIO,025 - 3JUL1                                   ,STOP,008 - MODA                                    ,000 - JEANS                                   ,002 - TEJIDO PLANO                            ,MOP-00000069,ST0000309                                         ,RETROJEAN TIRO ALTO COLOR VINOTINTO,19-1716             ,VINOTINTO,T-6,303,2026-04-24,CORTE
JULIO,025 - 3JUL1                                   ,STOP,008 - MODA                                    ,000 - JEANS                                   ,002 - TEJIDO PLANO                            ,MOP-00000069,ST0000309                                         ,RETROJEAN TIRO ALTO COLOR VINOTINTO,19-1716             ,VINOTINTO,T-8,483,2026-04-24,CORTE
JULIO,026 - 3JUL2                                   ,STOP,008 - MODA                                    ,003 - CORTOS                                  ,005 - DENIM                                   ,MOP-00000070,ST0000261                                         ,BERMUDA TIRO ALTO LAV OSCURO,IND04               ,OSCURO,T-10,648,2026-04-25,CORTE
JULIO,026 - 3JUL2                                   ,STOP,008 - MODA                                    ,003 - CORTOS                                  ,005 - DENIM                                   ,MOP-00000070,ST0000261                                         ,BERMUDA TIRO ALTO LAV OSCURO,IND04               ,OSCURO,T-12,538,2026-04-25,CORTE
JULIO,026 - 3JUL2                                   ,STOP,008 - MODA                                    ,003 - CORTOS                                  ,005 - DENIM                                   ,MOP-00000070,ST0000261                                         ,BERMUDA TIRO ALTO LAV OSCURO,IND04               ,OSCURO,T-14,537,2026-04-25,CORTE
JULIO,026 - 3JUL2                                   ,STOP,008 - MODA                                    ,003 - CORTOS                                  ,005 - DENIM                                   ,MOP-00000070,ST0000261                                         ,BERMUDA TIRO ALTO LAV OSCURO,IND04               ,OSCURO,T-6,542,2026-04-25,CORTE
JULIO,026 - 3JUL2                                   ,STOP,008 - MODA                                    ,003 - CORTOS                                  ,005 - DENIM                                   ,MOP-00000070,ST0000261                                         ,BERMUDA TIRO ALTO LAV OSCURO,IND04               ,OSCURO,T-8,663,2026-04-25,CORTE
JULIO,027 - 3JUL3                                   ,STOP,008 - MODA                                    ,000 - JEANS                                   ,005 - DENIM                                   ,MOP-00000071,ST0000260                                         ,RETROJEAN TIRO ALTO LAV OSCURO,IND04               ,OSCURO,T-10,598,2026-04-25,CORTE
JULIO,027 - 3JUL3                                   ,STOP,008 - MODA                                    ,000 - JEANS                                   ,005 - DENIM                                   ,MOP-00000071,ST0000260                                         ,RETROJEAN TIRO ALTO LAV OSCURO,IND04               ,OSCURO,T-12,361,2026-04-25,CORTE
JULIO,027 - 3JUL3                                   ,STOP,008 - MODA                                    ,000 - JEANS                                   ,005 - DENIM                                   ,MOP-00000071,ST0000260                                         ,RETROJEAN TIRO ALTO LAV OSCURO,IND04               ,OSCURO,T-14,238,2026-04-25,CORTE
JULIO,027 - 3JUL3                                   ,STOP,008 - MODA                                    ,000 - JEANS                                   ,005 - DENIM                                   ,MOP-00000071,ST0000260                                         ,RETROJEAN TIRO ALTO LAV OSCURO,IND04               ,OSCURO,T-5,256,2026-04-25,CORTE
JULIO,027 - 3JUL3                                   ,STOP,008 - MODA                                    ,000 - JEANS                                   ,005 - DENIM                                   ,MOP-00000071,ST0000260                                         ,RETROJEAN TIRO ALTO LAV OSCURO,IND04               ,OSCURO,T-6,360,2026-04-25,CORTE
JULIO,027 - 3JUL3                                   ,STOP,008 - MODA                                    ,000 - JEANS                                   ,005 - DENIM                                   ,MOP-00000071,ST0000260                                         ,RETROJEAN TIRO ALTO LAV OSCURO,IND04               ,OSCURO,T-8,598,2026-04-25,CORTE
ENERO,047 - 4DIC3                                   ,STOP,005 - ESENCIAL                                ,016 - TOP -BODY                               ,001 - TEJIDO PUNTO                            ,MOP-00000072,15006952                                          ,TOP PREMIUM MANGA SISA ESENCIAL,19-4004             ,NEGRO,T-L,171,2026-04-27,CORTE                                   
MAYO,020 - 2MAY4                                   ,STOP,008 - MODA                                    ,003 - CORTOS                                  ,005 - DENIM                                   ,MOP-00000073,10016947                                          ,FALDA SHORT T/ALTO CON DELANTERO IRREGU,IND01               ,CLARO,T-10,510,2026-04-27,CORTE
MAYO,020 - 2MAY4                                   ,STOP,008 - MODA                                    ,003 - CORTOS                                  ,005 - DENIM                                   ,MOP-00000073,10016947                                          ,FALDA SHORT T/ALTO CON DELANTERO IRREGU,IND01               ,CLARO,T-12,510,2026-04-27,CORTE
MAYO,020 - 2MAY4                                   ,STOP,008 - MODA                                    ,003 - CORTOS                                  ,005 - DENIM                                   ,MOP-00000073,10016947                                          ,FALDA SHORT T/ALTO CON DELANTERO IRREGU,IND01               ,CLARO,T-14,250,2026-04-27,CORTE
MAYO,020 - 2MAY4                                   ,STOP,008 - MODA                                    ,003 - CORTOS                                  ,005 - DENIM                                   ,MOP-00000073,10016947                                          ,FALDA SHORT T/ALTO CON DELANTERO IRREGU,IND01               ,CLARO,T-6,250,2026-04-27,CORTE
MAYO,020 - 2MAY4                                   ,STOP,008 - MODA                                    ,003 - CORTOS                                  ,005 - DENIM                                   ,MOP-00000073,10016947                                          ,FALDA SHORT T/ALTO CON DELANTERO IRREGU,IND01               ,CLARO,T-8,408,2026-04-27,CORTE
JUNIO,021 - 2JUN1                                   ,STOP,008 - MODA                                    ,016 - TOP -BODY                               ,001 - TEJIDO PUNTO                            ,MOP-00000074,ST0004584                                         ,BODY M SISA CON BOLERO,19-4004             ,NEGRO,T-L,252,2026-05-08,CORTE
JUNIO,021 - 2JUN1                                   ,STOP,008 - MODA                                    ,016 - TOP -BODY                               ,001 - TEJIDO PUNTO                            ,MOP-00000074,ST0004584                                         ,BODY M SISA CON BOLERO,19-4004             ,NEGRO,T-M,355,2026-05-08,CORTE
JUNIO,021 - 2JUN1                                   ,STOP,008 - MODA                                    ,016 - TOP -BODY                               ,001 - TEJIDO PUNTO                            ,MOP-00000074,ST0004584                                         ,BODY M SISA CON BOLERO,19-4004             ,NEGRO,T-S,292,2026-05-08,CORTE
JUNIO,021 - 2JUN1                                   ,STOP,008 - MODA                                    ,016 - TOP -BODY                               ,001 - TEJIDO PUNTO                            ,MOP-00000074,ST0004584                                         ,BODY M SISA CON BOLERO,19-4004             ,NEGRO,T-XL,176,2026-05-08,CORTE
JUNIO,021 - 2JUN1                                   ,STOP,008 - MODA                                    ,016 - TOP -BODY                               ,001 - TEJIDO PUNTO                            ,MOP-00000074,ST0004584                                         ,BODY M SISA CON BOLERO,19-4004             ,NEGRO,T-XS,76,2026-05-08,CORTE
JUNIO,021 - 2JUN1                                   ,STOP,003 - OPORTUNIDADES                           ,001 - CAMISETA                                ,001 - TEJIDO PUNTO                            ,MOP-00000075,ST0004585                                         ,CAMISETA T-SHIRT MC EST OPORTUNIDADES,13-2801             ,ROSA CLARO,T-L,488,2026-04-27,CORTE
JUNIO,021 - 2JUN1                                   ,STOP,003 - OPORTUNIDADES                           ,001 - CAMISETA                                ,001 - TEJIDO PUNTO                            ,MOP-00000075,ST0004585                                         ,CAMISETA T-SHIRT MC EST OPORTUNIDADES,13-2801             ,ROSA CLARO,T-M,608,2026-04-27,CORTE
JUNIO,021 - 2JUN1                                   ,STOP,003 - OPORTUNIDADES                           ,001 - CAMISETA                                ,001 - TEJIDO PUNTO                            ,MOP-00000075,ST0004585                                         ,CAMISETA T-SHIRT MC EST OPORTUNIDADES,13-2801             ,ROSA CLARO,T-S,369,2026-04-27,CORTE
JUNIO,021 - 2JUN1                                   ,STOP,003 - OPORTUNIDADES                           ,001 - CAMISETA                                ,001 - TEJIDO PUNTO                            ,MOP-00000075,ST0004585                                         ,CAMISETA T-SHIRT MC EST OPORTUNIDADES,13-2801             ,ROSA CLARO,T-XL,240,2026-04-27,CORTE
JUNIO,021 - 2JUN1                                   ,STOP,003 - OPORTUNIDADES                           ,001 - CAMISETA                                ,001 - TEJIDO PUNTO                            ,MOP-00000075,ST0004585                                         ,CAMISETA T-SHIRT MC EST OPORTUNIDADES,13-2801             ,ROSA CLARO,T-XS,120,2026-04-27,CORTE
JULIO,027 - 3JUL3                                   ,STOP,008 - MODA                                    ,008 - PANTALONES                              ,005 - DENIM                                   ,MOP-00000076,ST0000256                                         ,CULOTTE TIRO ALTO,11-0601             ,BLANCO,T-10,618,2026-05-30,CORTE
JULIO,027 - 3JUL3                                   ,STOP,008 - MODA                                    ,008 - PANTALONES                              ,005 - DENIM                                   ,MOP-00000076,ST0000256                                         ,CULOTTE TIRO ALTO,11-0601             ,BLANCO,T-12,514,2026-05-30,CORTE
JULIO,027 - 3JUL3                                   ,STOP,008 - MODA                                    ,008 - PANTALONES                              ,005 - DENIM                                   ,MOP-00000076,ST0000256                                         ,CULOTTE TIRO ALTO,11-0601             ,BLANCO,T-14,410,2026-05-30,CORTE
JULIO,027 - 3JUL3                                   ,STOP,008 - MODA                                    ,008 - PANTALONES                              ,005 - DENIM                                   ,MOP-00000076,ST0000256                                         ,CULOTTE TIRO ALTO,11-0601             ,BLANCO,T-5,306,2026-05-30,CORTE
JULIO,027 - 3JUL3                                   ,STOP,008 - MODA                                    ,008 - PANTALONES                              ,005 - DENIM                                   ,MOP-00000076,ST0000256                                         ,CULOTTE TIRO ALTO,11-0601             ,BLANCO,T-6,512,2026-05-30,CORTE
JULIO,027 - 3JUL3                                   ,STOP,008 - MODA                                    ,008 - PANTALONES                              ,005 - DENIM                                   ,MOP-00000076,ST0000256                                         ,CULOTTE TIRO ALTO,11-0601             ,BLANCO,T-8,619,2026-05-30,CORTE
JUNIO,023 - 2JUN3                                   ,STOP,008 - MODA                                    ,008 - PANTALONES                              ,002 - TEJIDO PLANO                            ,MOP-00000078,ST0001464                                         ,RETRO JEAN TIRO ALTO CAFE,18-1232             ,CAFE OSCURO,T-10,424,2026-04-28,CORTE
JUNIO,023 - 2JUN3                                   ,STOP,008 - MODA                                    ,008 - PANTALONES                              ,002 - TEJIDO PLANO                            ,MOP-00000078,ST0001464                                         ,RETRO JEAN TIRO ALTO CAFE,18-1232             ,CAFE OSCURO,T-12,320,2026-04-28,CORTE
JUNIO,023 - 2JUN3                                   ,STOP,008 - MODA                                    ,008 - PANTALONES                              ,002 - TEJIDO PLANO                            ,MOP-00000078,ST0001464                                         ,RETRO JEAN TIRO ALTO CAFE,18-1232             ,CAFE OSCURO,T-14,158,2026-04-28,CORTE
JUNIO,023 - 2JUN3                                   ,STOP,008 - MODA                                    ,008 - PANTALONES                              ,002 - TEJIDO PLANO                            ,MOP-00000078,ST0001464                                         ,RETRO JEAN TIRO ALTO CAFE,18-1232             ,CAFE OSCURO,T-5,158,2026-04-28,CORTE
JUNIO,023 - 2JUN3                                   ,STOP,008 - MODA                                    ,008 - PANTALONES                              ,002 - TEJIDO PLANO                            ,MOP-00000078,ST0001464                                         ,RETRO JEAN TIRO ALTO CAFE,18-1232             ,CAFE OSCURO,T-6,265,2026-04-28,CORTE
JUNIO,023 - 2JUN3                                   ,STOP,008 - MODA                                    ,008 - PANTALONES                              ,002 - TEJIDO PLANO                            ,MOP-00000078,ST0001464                                         ,RETRO JEAN TIRO ALTO CAFE,18-1232             ,CAFE OSCURO,T-8,428,2026-04-28,CORTE
DICIEMBRE,045 - 4DIC1                                   ,STOP,005 - ESENCIAL                                ,000 - JEANS                                   ,005 - DENIM                                   ,MOP-00000079,15001921                                          ,TEJANO T/ALTO ESENCIAL,IND01               ,CLARO,T-10,94,2026-05-01,CORTE                                   
DICIEMBRE,045 - 4DIC1                                   ,STOP,005 - ESENCIAL                                ,000 - JEANS                                   ,005 - DENIM                                   ,MOP-00000079,15001921                                          ,TEJANO T/ALTO ESENCIAL,IND01               ,CLARO,T-14,144,2026-05-01,CORTE                                   
DICIEMBRE,045 - 4DIC1                                   ,STOP,005 - ESENCIAL                                ,000 - JEANS                                   ,005 - DENIM                                   ,MOP-00000079,15001921                                          ,TEJANO T/ALTO ESENCIAL,IND01               ,CLARO,T-16,139,2026-05-01,CORTE                                   
DICIEMBRE,045 - 4DIC1                                   ,STOP,005 - ESENCIAL                                ,000 - JEANS                                   ,005 - DENIM                                   ,MOP-00000079,15001921                                          ,TEJANO T/ALTO ESENCIAL,IND01               ,CLARO,T-6,94,2026-05-01,CORTE                                   
DICIEMBRE,045 - 4DIC1                                   ,STOP,005 - ESENCIAL                                ,000 - JEANS                                   ,005 - DENIM                                   ,MOP-00000079,15001921                                          ,TEJANO T/ALTO ESENCIAL,IND01               ,CLARO,T-8,94,2026-05-01,CORTE                                   
DICIEMBRE,045 - 4DIC1                                   ,STOP,005 - ESENCIAL                                ,000 - JEANS                                   ,005 - DENIM                                   ,MOP-00000080,15001921                                          ,TEJANO T/ALTO ESENCIAL,IND04               ,OSCURO,T-10,110,2026-05-01,CORTE                                   
DICIEMBRE,045 - 4DIC1                                   ,STOP,005 - ESENCIAL                                ,000 - JEANS                                   ,005 - DENIM                                   ,MOP-00000080,15001921                                          ,TEJANO T/ALTO ESENCIAL,IND04               ,OSCURO,T-12,49,2026-05-01,CORTE                                   
DICIEMBRE,045 - 4DIC1                                   ,STOP,005 - ESENCIAL                                ,000 - JEANS                                   ,005 - DENIM                                   ,MOP-00000080,15001921                                          ,TEJANO T/ALTO ESENCIAL,IND04               ,OSCURO,T-14,167,2026-05-01,CORTE                                   
DICIEMBRE,045 - 4DIC1                                   ,STOP,005 - ESENCIAL                                ,000 - JEANS                                   ,005 - DENIM                                   ,MOP-00000080,15001921                                          ,TEJANO T/ALTO ESENCIAL,IND04               ,OSCURO,T-16,107,2026-05-01,CORTE                                   
DICIEMBRE,045 - 4DIC1                                   ,STOP,005 - ESENCIAL                                ,000 - JEANS                                   ,005 - DENIM                                   ,MOP-00000080,15001921                                          ,TEJANO T/ALTO ESENCIAL,IND04               ,OSCURO,T-6,116,2026-05-01,CORTE                                   
DICIEMBRE,045 - 4DIC1                                   ,STOP,005 - ESENCIAL                                ,000 - JEANS                                   ,005 - DENIM                                   ,MOP-00000080,15001921                                          ,TEJANO T/ALTO ESENCIAL,IND04               ,OSCURO,T-8,150,2026-05-01,CORTE                                   
FEBRERO,002 - 1ENE2                                   ,STOP,004 - ESENCIAL MODA                           ,001 - CAMISETA                                ,001 - TEJIDO PUNTO                            ,MOP-00000081,15001950                                          ,CAMISETA PREMIUM MANGA LARGA ESENCIAL,11-0601             ,BLANCO,T-L,110,2026-05-19,CORTE
FEBRERO,002 - 1ENE2                                   ,STOP,004 - ESENCIAL MODA                           ,001 - CAMISETA                                ,001 - TEJIDO PUNTO                            ,MOP-00000081,15001950                                          ,CAMISETA PREMIUM MANGA LARGA ESENCIAL,11-0601             ,BLANCO,T-M,333,2026-05-19,CORTE
FEBRERO,002 - 1ENE2                                   ,STOP,004 - ESENCIAL MODA                           ,001 - CAMISETA                                ,001 - TEJIDO PUNTO                            ,MOP-00000081,15001950                                          ,CAMISETA PREMIUM MANGA LARGA ESENCIAL,11-0601             ,BLANCO,T-S,118,2026-05-19,CORTE
FEBRERO,002 - 1ENE2                                   ,STOP,004 - ESENCIAL MODA                           ,001 - CAMISETA                                ,001 - TEJIDO PUNTO                            ,MOP-00000081,15001950                                          ,CAMISETA PREMIUM MANGA LARGA ESENCIAL,11-0601             ,BLANCO,T-XS,118,2026-05-19,CORTE
FEBRERO,002 - 1ENE2                                   ,STOP,004 - ESENCIAL MODA                           ,001 - CAMISETA                                ,001 - TEJIDO PUNTO                            ,MOP-00000081,15001950                                          ,CAMISETA PREMIUM MANGA LARGA ESENCIAL,19-4004             ,NEGRO,T-L,80,2026-05-19,CORTE
FEBRERO,002 - 1ENE2                                   ,STOP,004 - ESENCIAL MODA                           ,001 - CAMISETA                                ,001 - TEJIDO PUNTO                            ,MOP-00000081,15001950                                          ,CAMISETA PREMIUM MANGA LARGA ESENCIAL,19-4004             ,NEGRO,T-M,295,2026-05-19,CORTE
FEBRERO,002 - 1ENE2                                   ,STOP,004 - ESENCIAL MODA                           ,001 - CAMISETA                                ,001 - TEJIDO PUNTO                            ,MOP-00000081,15001950                                          ,CAMISETA PREMIUM MANGA LARGA ESENCIAL,19-4004             ,NEGRO,T-XL,144,2026-05-19,CORTE
MARZO,041 - 4NOV1                                   ,STOP,004 - ESENCIAL MODA                           ,002 - BLUSA-CAMISA                            ,002 - TEJIDO PLANO                            ,MOP-00000082,15005955                                          ,CAMISA MANGA LARGA FONDO ENTERO ESENCIAL,11-0601             ,BLANCO,T-L,92,2026-05-01,CORTE                                   
MARZO,041 - 4NOV1                                   ,STOP,004 - ESENCIAL MODA                           ,002 - BLUSA-CAMISA                            ,002 - TEJIDO PLANO                            ,MOP-00000082,15005955                                          ,CAMISA MANGA LARGA FONDO ENTERO ESENCIAL,11-0601             ,BLANCO,T-M,184,2026-05-01,CORTE                                   
MARZO,041 - 4NOV1                                   ,STOP,004 - ESENCIAL MODA                           ,002 - BLUSA-CAMISA                            ,002 - TEJIDO PLANO                            ,MOP-00000082,15005955                                          ,CAMISA MANGA LARGA FONDO ENTERO ESENCIAL,11-0601             ,BLANCO,T-S,184,2026-05-01,CORTE                                   
MARZO,041 - 4NOV1                                   ,STOP,004 - ESENCIAL MODA                           ,002 - BLUSA-CAMISA                            ,002 - TEJIDO PLANO                            ,MOP-00000082,15005955                                          ,CAMISA MANGA LARGA FONDO ENTERO ESENCIAL,11-0601             ,BLANCO,T-XL,184,2026-05-01,CORTE                                   
NOVIEMBRE,042 - 4NOV2                                   ,STOP,005 - ESENCIAL                                ,001 - CAMISETA                                ,001 - TEJIDO PUNTO                            ,MOP-00000083,15007949                                          ,CAMISETA T-SHIRT MANGA CORTA  ESENCIAL,11-0602             ,MARFIL,T-L,213,2026-05-12,CORTE                                   
NOVIEMBRE,042 - 4NOV2                                   ,STOP,005 - ESENCIAL                                ,001 - CAMISETA                                ,001 - TEJIDO PUNTO                            ,MOP-00000083,15007949                                          ,CAMISETA T-SHIRT MANGA CORTA  ESENCIAL,11-0602             ,MARFIL,T-M,216,2026-05-12,CORTE                                   
NOVIEMBRE,042 - 4NOV2                                   ,STOP,005 - ESENCIAL                                ,001 - CAMISETA                                ,001 - TEJIDO PUNTO                            ,MOP-00000083,15007949                                          ,CAMISETA T-SHIRT MANGA CORTA  ESENCIAL,11-0602             ,MARFIL,T-S,106,2026-05-12,CORTE                                   
NOVIEMBRE,042 - 4NOV2                                   ,STOP,005 - ESENCIAL                                ,001 - CAMISETA                                ,001 - TEJIDO PUNTO                            ,MOP-00000083,15007949                                          ,CAMISETA T-SHIRT MANGA CORTA  ESENCIAL,11-0602             ,MARFIL,T-XL,108,2026-05-12,CORTE                                   
NOVIEMBRE,042 - 4NOV2                                   ,STOP,005 - ESENCIAL                                ,001 - CAMISETA                                ,001 - TEJIDO PUNTO                            ,MOP-00000083,15007949                                          ,CAMISETA T-SHIRT MANGA CORTA  ESENCIAL,19-4004             ,NEGRO,T-M,65,2026-05-12,CORTE                                   
NOVIEMBRE,042 - 4NOV2                                   ,STOP,005 - ESENCIAL                                ,001 - CAMISETA                                ,001 - TEJIDO PUNTO                            ,MOP-00000083,15007949                                          ,CAMISETA T-SHIRT MANGA CORTA  ESENCIAL,19-4004             ,NEGRO,T-S,42,2026-05-12,CORTE                                   
NOVIEMBRE,042 - 4NOV2                                   ,STOP,005 - ESENCIAL                                ,001 - CAMISETA                                ,001 - TEJIDO PUNTO                            ,MOP-00000083,15007949                                          ,CAMISETA T-SHIRT MANGA CORTA  ESENCIAL,19-4004             ,NEGRO,T-XS,42,2026-05-12,CORTE                                   
ENERO,044 - 4NOV4                                   ,STOP,005 - ESENCIAL                                ,008 - PANTALONES                              ,002 - TEJIDO PLANO                            ,MOP-00000084,15059901                                          ,PANTALON TIRO ALTO ESENCIAL,19-4004             ,NEGRO,T-10,229,2026-05-05,CORTE                                   
ENERO,044 - 4NOV4                                   ,STOP,005 - ESENCIAL                                ,008 - PANTALONES                              ,002 - TEJIDO PLANO                            ,MOP-00000084,15059901                                          ,PANTALON TIRO ALTO ESENCIAL,19-4004             ,NEGRO,T-12,108,2026-05-05,CORTE                                   
ENERO,044 - 4NOV4                                   ,STOP,005 - ESENCIAL                                ,008 - PANTALONES                              ,002 - TEJIDO PLANO                            ,MOP-00000084,15059901                                          ,PANTALON TIRO ALTO ESENCIAL,19-4004             ,NEGRO,T-14,108,2026-05-05,CORTE                                   
ENERO,044 - 4NOV4                                   ,STOP,005 - ESENCIAL                                ,008 - PANTALONES                              ,002 - TEJIDO PLANO                            ,MOP-00000084,15059901                                          ,PANTALON TIRO ALTO ESENCIAL,19-4004             ,NEGRO,T-6,239,2026-05-05,CORTE                                   
ENERO,044 - 4NOV4                                   ,STOP,005 - ESENCIAL                                ,008 - PANTALONES                              ,002 - TEJIDO PLANO                            ,MOP-00000084,15059901                                          ,PANTALON TIRO ALTO ESENCIAL,19-4004             ,NEGRO,T-8,242,2026-05-05,CORTE                                   
SEPTIEMBRE,045 - 4DIC1                                   ,STOP,005 - ESENCIAL                                ,000 - JEANS                                   ,005 - DENIM                                   ,MOP-00000085,15004921                                          ,TEJANO LEVANTACOLA ESENCIAL,IND02               ,MEDIO,T-8,320,2026-05-13,CORTE                                   
JULIO,027 - 3JUL3                                   ,STOP,008 - MODA                                    ,000 - JEANS                                   ,005 - DENIM                                   ,MOP-00000086,ST0000253                                         ,CAPRI TIRO ALTO LAVADO CLARO,IND01               ,CLARO,T-10,644,2026-05-05,CORTE
JULIO,027 - 3JUL3                                   ,STOP,008 - MODA                                    ,000 - JEANS                                   ,005 - DENIM                                   ,MOP-00000086,ST0000253                                         ,CAPRI TIRO ALTO LAVADO CLARO,IND01               ,CLARO,T-12,514,2026-05-05,CORTE
JULIO,027 - 3JUL3                                   ,STOP,008 - MODA                                    ,000 - JEANS                                   ,005 - DENIM                                   ,MOP-00000086,ST0000253                                         ,CAPRI TIRO ALTO LAVADO CLARO,IND01               ,CLARO,T-14,383,2026-05-05,CORTE
JULIO,027 - 3JUL3                                   ,STOP,008 - MODA                                    ,000 - JEANS                                   ,005 - DENIM                                   ,MOP-00000086,ST0000253                                         ,CAPRI TIRO ALTO LAVADO CLARO,IND01               ,CLARO,T-16,257,2026-05-05,CORTE
JULIO,027 - 3JUL3                                   ,STOP,008 - MODA                                    ,000 - JEANS                                   ,005 - DENIM                                   ,MOP-00000086,ST0000253                                         ,CAPRI TIRO ALTO LAVADO CLARO,IND01               ,CLARO,T-6,522,2026-05-05,CORTE
JULIO,027 - 3JUL3                                   ,STOP,008 - MODA                                    ,000 - JEANS                                   ,005 - DENIM                                   ,MOP-00000086,ST0000253                                         ,CAPRI TIRO ALTO LAVADO CLARO,IND01               ,CLARO,T-8,646,2026-05-05,CORTE
DICIEMBRE,027 - 3JUL3                                   ,STOP,005 - ESENCIAL                                ,008 - PANTALONES                              ,005 - DENIM                                   ,MOP-00000087,15002994                                          ,EJECUTIVO T/ALTO BOTA 21 ESENCIALES,16-1407             ,KAKI,T-10,200,2026-05-19,CORTE                                   
DICIEMBRE,027 - 3JUL3                                   ,STOP,005 - ESENCIAL                                ,008 - PANTALONES                              ,005 - DENIM                                   ,MOP-00000087,15002994                                          ,EJECUTIVO T/ALTO BOTA 21 ESENCIALES,16-1407             ,KAKI,T-12,150,2026-05-19,CORTE                                   
DICIEMBRE,027 - 3JUL3                                   ,STOP,005 - ESENCIAL                                ,008 - PANTALONES                              ,005 - DENIM                                   ,MOP-00000087,15002994                                          ,EJECUTIVO T/ALTO BOTA 21 ESENCIALES,16-1407             ,KAKI,T-14,50,2026-05-19,CORTE                                   
DICIEMBRE,027 - 3JUL3                                   ,STOP,005 - ESENCIAL                                ,008 - PANTALONES                              ,005 - DENIM                                   ,MOP-00000087,15002994                                          ,EJECUTIVO T/ALTO BOTA 21 ESENCIALES,16-1407             ,KAKI,T-6,100,2026-05-19,CORTE                                   
DICIEMBRE,027 - 3JUL3                                   ,STOP,005 - ESENCIAL                                ,008 - PANTALONES                              ,005 - DENIM                                   ,MOP-00000087,15002994                                          ,EJECUTIVO T/ALTO BOTA 21 ESENCIALES,16-1407             ,KAKI,T-8,204,2026-05-19,CORTE                                   
DICIEMBRE,027 - 3JUL3                                   ,STOP,005 - ESENCIAL                                ,008 - PANTALONES                              ,005 - DENIM                                   ,MOP-00000087,15002994                                          ,EJECUTIVO T/ALTO BOTA 21 ESENCIALES,19-4004             ,NEGRO,T-10,379,2026-05-19,CORTE                                   
DICIEMBRE,027 - 3JUL3                                   ,STOP,005 - ESENCIAL                                ,008 - PANTALONES                              ,005 - DENIM                                   ,MOP-00000087,15002994                                          ,EJECUTIVO T/ALTO BOTA 21 ESENCIALES,19-4004             ,NEGRO,T-12,378,2026-05-19,CORTE                                   
DICIEMBRE,027 - 3JUL3                                   ,STOP,005 - ESENCIAL                                ,008 - PANTALONES                              ,005 - DENIM                                   ,MOP-00000087,15002994                                          ,EJECUTIVO T/ALTO BOTA 21 ESENCIALES,19-4004             ,NEGRO,T-14,188,2026-05-19,CORTE                                   
DICIEMBRE,027 - 3JUL3                                   ,STOP,005 - ESENCIAL                                ,008 - PANTALONES                              ,005 - DENIM                                   ,MOP-00000087,15002994                                          ,EJECUTIVO T/ALTO BOTA 21 ESENCIALES,19-4004             ,NEGRO,T-6,188,2026-05-19,CORTE                                   
DICIEMBRE,027 - 3JUL3                                   ,STOP,005 - ESENCIAL                                ,008 - PANTALONES                              ,005 - DENIM                                   ,MOP-00000087,15002994                                          ,EJECUTIVO T/ALTO BOTA 21 ESENCIALES,19-4004             ,NEGRO,T-8,570,2026-05-19,CORTE                                   
DICIEMBRE,027 - 3JUL3                                   ,STOP,005 - ESENCIAL                                ,008 - PANTALONES                              ,005 - DENIM                                   ,MOP-00000087,15002994                                          ,EJECUTIVO T/ALTO BOTA 21 ESENCIALES,19-4118             ,AZUL OSCURO,T-10,523,2026-05-19,CORTE                                   
DICIEMBRE,027 - 3JUL3                                   ,STOP,005 - ESENCIAL                                ,008 - PANTALONES                              ,005 - DENIM                                   ,MOP-00000087,15002994                                          ,EJECUTIVO T/ALTO BOTA 21 ESENCIALES,19-4118             ,AZUL OSCURO,T-12,325,2026-05-19,CORTE                                   
DICIEMBRE,027 - 3JUL3                                   ,STOP,005 - ESENCIAL                                ,008 - PANTALONES                              ,005 - DENIM                                   ,MOP-00000087,15002994                                          ,EJECUTIVO T/ALTO BOTA 21 ESENCIALES,19-4118             ,AZUL OSCURO,T-14,106,2026-05-19,CORTE                                   
DICIEMBRE,027 - 3JUL3                                   ,STOP,005 - ESENCIAL                                ,008 - PANTALONES                              ,005 - DENIM                                   ,MOP-00000087,15002994                                          ,EJECUTIVO T/ALTO BOTA 21 ESENCIALES,19-4118             ,AZUL OSCURO,T-6,198,2026-05-19,CORTE                                   
DICIEMBRE,027 - 3JUL3                                   ,STOP,005 - ESENCIAL                                ,008 - PANTALONES                              ,005 - DENIM                                   ,MOP-00000087,15002994                                          ,EJECUTIVO T/ALTO BOTA 21 ESENCIALES,19-4118             ,AZUL OSCURO,T-8,647,2026-05-19,CORTE                                   
MARZO,010 - 1MAR2                                   ,STOP,005 - ESENCIAL                                ,003 - CORTOS                                  ,005 - DENIM                                   ,MOP-00000088,15015814                                          ,SHORT T/ALTO ESENCIAL,IND01               ,CLARO,T-10,306,2026-05-01,CORTE                                   
MARZO,010 - 1MAR2                                   ,STOP,005 - ESENCIAL                                ,003 - CORTOS                                  ,005 - DENIM                                   ,MOP-00000088,15015814                                          ,SHORT T/ALTO ESENCIAL,IND01               ,CLARO,T-12,306,2026-05-01,CORTE                                   
MARZO,010 - 1MAR2                                   ,STOP,005 - ESENCIAL                                ,003 - CORTOS                                  ,005 - DENIM                                   ,MOP-00000088,15015814                                          ,SHORT T/ALTO ESENCIAL,IND01               ,CLARO,T-14,153,2026-05-01,CORTE                                   
MARZO,010 - 1MAR2                                   ,STOP,005 - ESENCIAL                                ,003 - CORTOS                                  ,005 - DENIM                                   ,MOP-00000088,15015814                                          ,SHORT T/ALTO ESENCIAL,IND01               ,CLARO,T-16,102,2026-05-01,CORTE                                   
MARZO,010 - 1MAR2                                   ,STOP,005 - ESENCIAL                                ,003 - CORTOS                                  ,005 - DENIM                                   ,MOP-00000088,15015814                                          ,SHORT T/ALTO ESENCIAL,IND01               ,CLARO,T-6,155,2026-05-01,CORTE                                   
MARZO,010 - 1MAR2                                   ,STOP,005 - ESENCIAL                                ,003 - CORTOS                                  ,005 - DENIM                                   ,MOP-00000088,15015814                                          ,SHORT T/ALTO ESENCIAL,IND01               ,CLARO,T-8,312,2026-05-01,CORTE                                   
OCTUBRE,038 - 4OCT2                                   ,STOP,005 - ESENCIAL                                ,001 - CAMISETA                                ,001 - TEJIDO PUNTO                            ,MOP-00000089,15006949                                          ,CAMISETA MANGA CORTA FONDO ENTERO,11-0602             ,MARFIL,T-L,176,2026-05-08,CORTE                                   
OCTUBRE,038 - 4OCT2                                   ,STOP,005 - ESENCIAL                                ,001 - CAMISETA                                ,001 - TEJIDO PUNTO                            ,MOP-00000089,15006949                                          ,CAMISETA MANGA CORTA FONDO ENTERO,11-0602             ,MARFIL,T-M,198,2026-05-08,CORTE                                   
OCTUBRE,038 - 4OCT2                                   ,STOP,005 - ESENCIAL                                ,001 - CAMISETA                                ,001 - TEJIDO PUNTO                            ,MOP-00000089,15006949                                          ,CAMISETA MANGA CORTA FONDO ENTERO,19-4004             ,NEGRO,T-L,278,2026-05-08,CORTE                                   
OCTUBRE,038 - 4OCT2                                   ,STOP,005 - ESENCIAL                                ,001 - CAMISETA                                ,001 - TEJIDO PUNTO                            ,MOP-00000089,15006949                                          ,CAMISETA MANGA CORTA FONDO ENTERO,19-4004             ,NEGRO,T-M,278,2026-05-08,CORTE                                   
OCTUBRE,038 - 4OCT2                                   ,STOP,005 - ESENCIAL                                ,001 - CAMISETA                                ,001 - TEJIDO PUNTO                            ,MOP-00000089,15006949                                          ,CAMISETA MANGA CORTA FONDO ENTERO,19-4004             ,NEGRO,T-S,118,2026-05-08,CORTE                                   
OCTUBRE,038 - 4OCT2                                   ,STOP,005 - ESENCIAL                                ,001 - CAMISETA                                ,001 - TEJIDO PUNTO                            ,MOP-00000089,15006949                                          ,CAMISETA MANGA CORTA FONDO ENTERO,19-4004             ,NEGRO,T-XL,12,2026-05-08,CORTE                                   
MARZO,010 - 1MAR2                                   ,STOP,005 - ESENCIAL                                ,002 - BLUSA-CAMISA                            ,002 - TEJIDO PLANO                            ,MOP-00000090,15004956                                          ,CAMISA MANGA 3/4 ESENCIAL,11-0601             ,BLANCO,T-L,359,2026-06-02,CORTE                                   
MARZO,010 - 1MAR2                                   ,STOP,005 - ESENCIAL                                ,002 - BLUSA-CAMISA                            ,002 - TEJIDO PLANO                            ,MOP-00000090,15004956                                          ,CAMISA MANGA 3/4 ESENCIAL,11-0601             ,BLANCO,T-M,532,2026-06-02,CORTE                                   
MARZO,010 - 1MAR2                                   ,STOP,005 - ESENCIAL                                ,002 - BLUSA-CAMISA                            ,002 - TEJIDO PLANO                            ,MOP-00000090,15004956                                          ,CAMISA MANGA 3/4 ESENCIAL,11-0601             ,BLANCO,T-S,544,2026-06-02,CORTE                                   
MARZO,010 - 1MAR2                                   ,STOP,005 - ESENCIAL                                ,002 - BLUSA-CAMISA                            ,002 - TEJIDO PLANO                            ,MOP-00000090,15004956                                          ,CAMISA MANGA 3/4 ESENCIAL,11-0601             ,BLANCO,T-XL,173,2026-06-02,CORTE                                   
MARZO,010 - 1MAR2                                   ,STOP,005 - ESENCIAL                                ,002 - BLUSA-CAMISA                            ,002 - TEJIDO PLANO                            ,MOP-00000090,15004956                                          ,CAMISA MANGA 3/4 ESENCIAL,14-4005             ,AZUL MEDIO,T-L,388,2026-06-02,CORTE                                   
MARZO,010 - 1MAR2                                   ,STOP,005 - ESENCIAL                                ,002 - BLUSA-CAMISA                            ,002 - TEJIDO PLANO                            ,MOP-00000090,15004956                                          ,CAMISA MANGA 3/4 ESENCIAL,14-4005             ,AZUL MEDIO,T-M,581,2026-06-02,CORTE                                   
MARZO,010 - 1MAR2                                   ,STOP,005 - ESENCIAL                                ,002 - BLUSA-CAMISA                            ,002 - TEJIDO PLANO                            ,MOP-00000090,15004956                                          ,CAMISA MANGA 3/4 ESENCIAL,14-4005             ,AZUL MEDIO,T-S,580,2026-06-02,CORTE                                   
MARZO,010 - 1MAR2                                   ,STOP,005 - ESENCIAL                                ,002 - BLUSA-CAMISA                            ,002 - TEJIDO PLANO                            ,MOP-00000090,15004956                                          ,CAMISA MANGA 3/4 ESENCIAL,14-4005             ,AZUL MEDIO,T-XL,193,2026-06-02,CORTE                                   
ABRIL,010 - 1MAR2                                   ,STOP,005 - ESENCIAL                                ,016 - TOP -BODY                               ,001 - TEJIDO PUNTO                            ,MOP-00000091,15007952                                          ,TOP MANGA SISA ESENCIAL,11-0601             ,BLANCO,T-L,319,2026-04-29,CORTE                                   
ABRIL,010 - 1MAR2                                   ,STOP,005 - ESENCIAL                                ,016 - TOP -BODY                               ,001 - TEJIDO PUNTO                            ,MOP-00000091,15007952                                          ,TOP MANGA SISA ESENCIAL,11-0601             ,BLANCO,T-M,301,2026-04-29,CORTE                                   
ABRIL,010 - 1MAR2                                   ,STOP,005 - ESENCIAL                                ,016 - TOP -BODY                               ,001 - TEJIDO PUNTO                            ,MOP-00000091,15007952                                          ,TOP MANGA SISA ESENCIAL,11-0601             ,BLANCO,T-S,94,2026-04-29,CORTE                                   
ABRIL,010 - 1MAR2                                   ,STOP,005 - ESENCIAL                                ,016 - TOP -BODY                               ,001 - TEJIDO PUNTO                            ,MOP-00000091,15007952                                          ,TOP MANGA SISA ESENCIAL,11-0601             ,BLANCO,T-XL,188,2026-04-29,CORTE                                   
ABRIL,010 - 1MAR2                                   ,STOP,005 - ESENCIAL                                ,016 - TOP -BODY                               ,001 - TEJIDO PUNTO                            ,MOP-00000092,15007952                                          ,TOP MANGA SISA ESENCIAL,19-4004             ,NEGRO,T-L,265,2026-05-26,CORTE                                   
ABRIL,010 - 1MAR2                                   ,STOP,005 - ESENCIAL                                ,016 - TOP -BODY                               ,001 - TEJIDO PUNTO                            ,MOP-00000092,15007952                                          ,TOP MANGA SISA ESENCIAL,19-4004             ,NEGRO,T-M,437,2026-05-26,CORTE                                   
ABRIL,010 - 1MAR2                                   ,STOP,005 - ESENCIAL                                ,016 - TOP -BODY                               ,001 - TEJIDO PUNTO                            ,MOP-00000092,15007952                                          ,TOP MANGA SISA ESENCIAL,19-4004             ,NEGRO,T-S,41,2026-05-26,CORTE                                   
ABRIL,010 - 1MAR2                                   ,STOP,005 - ESENCIAL                                ,016 - TOP -BODY                               ,001 - TEJIDO PUNTO                            ,MOP-00000092,15007952                                          ,TOP MANGA SISA ESENCIAL,19-4004             ,NEGRO,T-XL,306,2026-05-26,CORTE                                   
OCTUBRE,044 - 4NOV4                                   ,STOP,004 - ESENCIAL MODA                           ,000 - JEANS                                   ,005 - DENIM                                   ,MOP-00000093,15008888                                          ,RETROJEAN T/ALTO ESENCIAL,IND01               ,CLARO,T-10,52,2026-05-06,CORTE                                   
OCTUBRE,044 - 4NOV4                                   ,STOP,004 - ESENCIAL MODA                           ,000 - JEANS                                   ,005 - DENIM                                   ,MOP-00000093,15008888                                          ,RETROJEAN T/ALTO ESENCIAL,IND01               ,CLARO,T-12,26,2026-05-06,CORTE                                   
OCTUBRE,044 - 4NOV4                                   ,STOP,004 - ESENCIAL MODA                           ,000 - JEANS                                   ,005 - DENIM                                   ,MOP-00000093,15008888                                          ,RETROJEAN T/ALTO ESENCIAL,IND01               ,CLARO,T-14,26,2026-05-06,CORTE                                   
OCTUBRE,044 - 4NOV4                                   ,STOP,004 - ESENCIAL MODA                           ,000 - JEANS                                   ,005 - DENIM                                   ,MOP-00000093,15008888                                          ,RETROJEAN T/ALTO ESENCIAL,IND01               ,CLARO,T-8,57,2026-05-06,CORTE                                   
MARZO,010 - 1MAR2                                   ,STOP,005 - ESENCIAL                                ,016 - TOP -BODY                               ,001 - TEJIDO PUNTO                            ,MOP-00000094,15008952                                          ,TOP PREMIUM SISA ESENCIAL,11-0601             ,BLANCO,T-L,284,2026-04-28,CORTE                                   
MARZO,010 - 1MAR2                                   ,STOP,005 - ESENCIAL                                ,016 - TOP -BODY                               ,001 - TEJIDO PUNTO                            ,MOP-00000094,15008952                                          ,TOP PREMIUM SISA ESENCIAL,11-0601             ,BLANCO,T-M,383,2026-04-28,CORTE                                   
MARZO,010 - 1MAR2                                   ,STOP,005 - ESENCIAL                                ,016 - TOP -BODY                               ,001 - TEJIDO PUNTO                            ,MOP-00000094,15008952                                          ,TOP PREMIUM SISA ESENCIAL,11-0601             ,BLANCO,T-S,542,2026-04-28,CORTE                                   
MARZO,010 - 1MAR2                                   ,STOP,005 - ESENCIAL                                ,016 - TOP -BODY                               ,001 - TEJIDO PUNTO                            ,MOP-00000094,15008952                                          ,TOP PREMIUM SISA ESENCIAL,11-0601             ,BLANCO,T-XS,188,2026-04-28,CORTE                                   
MARZO,010 - 1MAR2                                   ,STOP,005 - ESENCIAL                                ,016 - TOP -BODY                               ,001 - TEJIDO PUNTO                            ,MOP-00000094,15008952                                          ,TOP PREMIUM SISA ESENCIAL,19-4004             ,NEGRO,T-L,369,2026-04-28,CORTE                                   
MARZO,010 - 1MAR2                                   ,STOP,005 - ESENCIAL                                ,016 - TOP -BODY                               ,001 - TEJIDO PUNTO                            ,MOP-00000094,15008952                                          ,TOP PREMIUM SISA ESENCIAL,19-4004             ,NEGRO,T-M,645,2026-04-28,CORTE                                   
MARZO,010 - 1MAR2                                   ,STOP,005 - ESENCIAL                                ,016 - TOP -BODY                               ,001 - TEJIDO PUNTO                            ,MOP-00000094,15008952                                          ,TOP PREMIUM SISA ESENCIAL,19-4004             ,NEGRO,T-S,369,2026-04-28,CORTE                                   
MARZO,010 - 1MAR2                                   ,STOP,005 - ESENCIAL                                ,016 - TOP -BODY                               ,001 - TEJIDO PUNTO                            ,MOP-00000094,15008952                                          ,TOP PREMIUM SISA ESENCIAL,19-4004             ,NEGRO,T-XS,192,2026-04-28,CORTE                                   
JULIO,025 - 3JUL1                                   ,STOP,008 - MODA                                    ,016 - TOP -BODY                               ,001 - TEJIDO PUNTO                            ,MOP-00000095,ST0000277                                         ,BODY MANGA CORTA RECOGIDO COSTADOS,18-0527             ,VERDE OLIVA,T-L,350,2026-04-29,CORTE
JULIO,025 - 3JUL1                                   ,STOP,008 - MODA                                    ,016 - TOP -BODY                               ,001 - TEJIDO PUNTO                            ,MOP-00000095,ST0000277                                         ,BODY MANGA CORTA RECOGIDO COSTADOS,18-0527             ,VERDE OLIVA,T-M,467,2026-04-29,CORTE
JULIO,025 - 3JUL1                                   ,STOP,008 - MODA                                    ,016 - TOP -BODY                               ,001 - TEJIDO PUNTO                            ,MOP-00000095,ST0000277                                         ,BODY MANGA CORTA RECOGIDO COSTADOS,18-0527             ,VERDE OLIVA,T-S,358,2026-04-29,CORTE
JULIO,025 - 3JUL1                                   ,STOP,008 - MODA                                    ,016 - TOP -BODY                               ,001 - TEJIDO PUNTO                            ,MOP-00000095,ST0000277                                         ,BODY MANGA CORTA RECOGIDO COSTADOS,18-0527             ,VERDE OLIVA,T-XL,234,2026-04-29,CORTE
JULIO,025 - 3JUL1                                   ,STOP,008 - MODA                                    ,016 - TOP -BODY                               ,001 - TEJIDO PUNTO                            ,MOP-00000095,ST0000277                                         ,BODY MANGA CORTA RECOGIDO COSTADOS,18-0527             ,VERDE OLIVA,T-XS,117,2026-04-29,CORTE
JULIO,025 - 3JUL1                                   ,STOP,008 - MODA                                    ,016 - TOP -BODY                               ,001 - TEJIDO PUNTO                            ,MOP-00000095,ST0000277                                         ,BODY MANGA CORTA RECOGIDO COSTADOS,19-1716             ,VINOTINTO,T-L,342,2026-04-29,CORTE
JULIO,025 - 3JUL1                                   ,STOP,008 - MODA                                    ,016 - TOP -BODY                               ,001 - TEJIDO PUNTO                            ,MOP-00000095,ST0000277                                         ,BODY MANGA CORTA RECOGIDO COSTADOS,19-1716             ,VINOTINTO,T-M,456,2026-04-29,CORTE
JULIO,025 - 3JUL1                                   ,STOP,008 - MODA                                    ,016 - TOP -BODY                               ,001 - TEJIDO PUNTO                            ,MOP-00000095,ST0000277                                         ,BODY MANGA CORTA RECOGIDO COSTADOS,19-1716             ,VINOTINTO,T-S,352,2026-04-29,CORTE
JULIO,025 - 3JUL1                                   ,STOP,008 - MODA                                    ,016 - TOP -BODY                               ,001 - TEJIDO PUNTO                            ,MOP-00000095,ST0000277                                         ,BODY MANGA CORTA RECOGIDO COSTADOS,19-1716             ,VINOTINTO,T-XL,228,2026-04-29,CORTE
JULIO,025 - 3JUL1                                   ,STOP,008 - MODA                                    ,016 - TOP -BODY                               ,001 - TEJIDO PUNTO                            ,MOP-00000095,ST0000277                                         ,BODY MANGA CORTA RECOGIDO COSTADOS,19-1716             ,VINOTINTO,T-XS,114,2026-04-29,CORTE
JULIO,025 - 3JUL1                                   ,STOP,008 - MODA                                    ,016 - TOP -BODY                               ,001 - TEJIDO PUNTO                            ,MOP-00000096,ST0000274                                         ,TOP MANGA CORTA CUELLO OJAL,14-0708             ,ARENA,T-L,232,2026-05-07,CORTE
JULIO,025 - 3JUL1                                   ,STOP,008 - MODA                                    ,016 - TOP -BODY                               ,001 - TEJIDO PUNTO                            ,MOP-00000096,ST0000274                                         ,TOP MANGA CORTA CUELLO OJAL,14-0708             ,ARENA,T-M,316,2026-05-07,CORTE
JULIO,025 - 3JUL1                                   ,STOP,008 - MODA                                    ,016 - TOP -BODY                               ,001 - TEJIDO PUNTO                            ,MOP-00000096,ST0000274                                         ,TOP MANGA CORTA CUELLO OJAL,14-0708             ,ARENA,T-S,250,2026-05-07,CORTE
JULIO,025 - 3JUL1                                   ,STOP,008 - MODA                                    ,016 - TOP -BODY                               ,001 - TEJIDO PUNTO                            ,MOP-00000096,ST0000274                                         ,TOP MANGA CORTA CUELLO OJAL,14-0708             ,ARENA,T-XL,156,2026-05-07,CORTE
JULIO,025 - 3JUL1                                   ,STOP,008 - MODA                                    ,016 - TOP -BODY                               ,001 - TEJIDO PUNTO                            ,MOP-00000096,ST0000274                                         ,TOP MANGA CORTA CUELLO OJAL,14-0708             ,ARENA,T-XS,78,2026-05-07,CORTE
JULIO,026 - 3JUL2                                   ,STOP,008 - MODA                                    ,001 - CAMISETA                                ,001 - TEJIDO PUNTO                            ,MOP-00000097,ST0000290                                         ,CAMISETA MANGA CORTA CON BOLEROS,19-1940             ,VINOTINTO,T-L,441,2026-04-29,CORTE
JULIO,026 - 3JUL2                                   ,STOP,008 - MODA                                    ,001 - CAMISETA                                ,001 - TEJIDO PUNTO                            ,MOP-00000097,ST0000290                                         ,CAMISETA MANGA CORTA CON BOLEROS,19-1940             ,VINOTINTO,T-M,597,2026-04-29,CORTE
JULIO,026 - 3JUL2                                   ,STOP,008 - MODA                                    ,001 - CAMISETA                                ,001 - TEJIDO PUNTO                            ,MOP-00000097,ST0000290                                         ,CAMISETA MANGA CORTA CON BOLEROS,19-1940             ,VINOTINTO,T-S,456,2026-04-29,CORTE
JULIO,026 - 3JUL2                                   ,STOP,008 - MODA                                    ,001 - CAMISETA                                ,001 - TEJIDO PUNTO                            ,MOP-00000097,ST0000290                                         ,CAMISETA MANGA CORTA CON BOLEROS,19-1940             ,VINOTINTO,T-XL,294,2026-04-29,CORTE
JULIO,026 - 3JUL2                                   ,STOP,008 - MODA                                    ,001 - CAMISETA                                ,001 - TEJIDO PUNTO                            ,MOP-00000097,ST0000290                                         ,CAMISETA MANGA CORTA CON BOLEROS,19-1940             ,VINOTINTO,T-XS,147,2026-04-29,CORTE
JULIO,026 - 3JUL2                                   ,STOP,008 - MODA                                    ,001 - CAMISETA                                ,001 - TEJIDO PUNTO                            ,MOP-00000098,ST0000290                                         ,CAMISETA MANGA CORTA CON BOLEROS,11-4202             ,MARFIL,T-L,441,2026-05-08,CORTE
JULIO,026 - 3JUL2                                   ,STOP,008 - MODA                                    ,001 - CAMISETA                                ,001 - TEJIDO PUNTO                            ,MOP-00000098,ST0000290                                         ,CAMISETA MANGA CORTA CON BOLEROS,11-4202             ,MARFIL,T-M,588,2026-05-08,CORTE
JULIO,026 - 3JUL2                                   ,STOP,008 - MODA                                    ,001 - CAMISETA                                ,001 - TEJIDO PUNTO                            ,MOP-00000098,ST0000290                                         ,CAMISETA MANGA CORTA CON BOLEROS,11-4202             ,MARFIL,T-S,471,2026-05-08,CORTE
JULIO,026 - 3JUL2                                   ,STOP,008 - MODA                                    ,001 - CAMISETA                                ,001 - TEJIDO PUNTO                            ,MOP-00000098,ST0000290                                         ,CAMISETA MANGA CORTA CON BOLEROS,11-4202             ,MARFIL,T-XL,294,2026-05-08,CORTE
JULIO,026 - 3JUL2                                   ,STOP,008 - MODA                                    ,001 - CAMISETA                                ,001 - TEJIDO PUNTO                            ,MOP-00000098,ST0000290                                         ,CAMISETA MANGA CORTA CON BOLEROS,11-4202             ,MARFIL,T-XS,147,2026-05-08,CORTE
JULIO,026 - 3JUL2                                   ,STOP,008 - MODA                                    ,002 - BLUSA-CAMISA                            ,002 - TEJIDO PLANO                            ,MOP-00000099,ST0000285                                         ,CAMISA MANGA 3/4 CON ESCALERILLAS,12-0704             ,MARFIL,T-L,555,2026-04-29,CORTE
JULIO,026 - 3JUL2                                   ,STOP,008 - MODA                                    ,002 - BLUSA-CAMISA                            ,002 - TEJIDO PLANO                            ,MOP-00000099,ST0000285                                         ,CAMISA MANGA 3/4 CON ESCALERILLAS,12-0704             ,MARFIL,T-M,748,2026-04-29,CORTE
JULIO,026 - 3JUL2                                   ,STOP,008 - MODA                                    ,002 - BLUSA-CAMISA                            ,002 - TEJIDO PLANO                            ,MOP-00000099,ST0000285                                         ,CAMISA MANGA 3/4 CON ESCALERILLAS,12-0704             ,MARFIL,T-S,561,2026-04-29,CORTE
JULIO,026 - 3JUL2                                   ,STOP,008 - MODA                                    ,002 - BLUSA-CAMISA                            ,002 - TEJIDO PLANO                            ,MOP-00000099,ST0000285                                         ,CAMISA MANGA 3/4 CON ESCALERILLAS,12-0704             ,MARFIL,T-XS,200,2026-04-29,CORTE
JULIO,026 - 3JUL2                                   ,STOP,008 - MODA                                    ,002 - BLUSA-CAMISA                            ,002 - TEJIDO PLANO                            ,MOP-00000099,ST0000285                                         ,CAMISA MANGA 3/4 CON ESCALERILLAS,18-1232             ,CAFE OSCURO,T-L,544,2026-04-29,CORTE
JULIO,026 - 3JUL2                                   ,STOP,008 - MODA                                    ,002 - BLUSA-CAMISA                            ,002 - TEJIDO PLANO                            ,MOP-00000099,ST0000285                                         ,CAMISA MANGA 3/4 CON ESCALERILLAS,18-1232             ,CAFE OSCURO,T-M,734,2026-04-29,CORTE
JULIO,026 - 3JUL2                                   ,STOP,008 - MODA                                    ,002 - BLUSA-CAMISA                            ,002 - TEJIDO PLANO                            ,MOP-00000099,ST0000285                                         ,CAMISA MANGA 3/4 CON ESCALERILLAS,18-1232             ,CAFE OSCURO,T-S,551,2026-04-29,CORTE
JULIO,026 - 3JUL2                                   ,STOP,008 - MODA                                    ,002 - BLUSA-CAMISA                            ,002 - TEJIDO PLANO                            ,MOP-00000099,ST0000285                                         ,CAMISA MANGA 3/4 CON ESCALERILLAS,18-1232             ,CAFE OSCURO,T-XS,205,2026-04-29,CORTE
JULIO,026 - 3JUL2                                   ,STOP,008 - MODA                                    ,016 - TOP -BODY                               ,001 - TEJIDO PUNTO                            ,MOP-00000100,ST0000289                                         ,TOP MANGA LARGA BOLILLO EN CUELLO,18-1232             ,CAFE OSCURO,T-L,357,2026-04-29,CORTE
JULIO,026 - 3JUL2                                   ,STOP,008 - MODA                                    ,016 - TOP -BODY                               ,001 - TEJIDO PUNTO                            ,MOP-00000100,ST0000289                                         ,TOP MANGA LARGA BOLILLO EN CUELLO,18-1232             ,CAFE OSCURO,T-M,493,2026-04-29,CORTE
JULIO,026 - 3JUL2                                   ,STOP,008 - MODA                                    ,016 - TOP -BODY                               ,001 - TEJIDO PUNTO                            ,MOP-00000100,ST0000289                                         ,TOP MANGA LARGA BOLILLO EN CUELLO,18-1232             ,CAFE OSCURO,T-S,361,2026-04-29,CORTE
JULIO,026 - 3JUL2                                   ,STOP,008 - MODA                                    ,016 - TOP -BODY                               ,001 - TEJIDO PUNTO                            ,MOP-00000100,ST0000289                                         ,TOP MANGA LARGA BOLILLO EN CUELLO,18-1232             ,CAFE OSCURO,T-XL,228,2026-04-29,CORTE
JULIO,026 - 3JUL2                                   ,STOP,008 - MODA                                    ,016 - TOP -BODY                               ,001 - TEJIDO PUNTO                            ,MOP-00000100,ST0000289                                         ,TOP MANGA LARGA BOLILLO EN CUELLO,18-1232             ,CAFE OSCURO,T-XS,99,2026-04-29,CORTE
JULIO,026 - 3JUL2                                   ,STOP,004 - ESENCIAL MODA                           ,001 - CAMISETA                                ,001 - TEJIDO PUNTO                            ,MOP-00000101,ST0000295                                         ,CAMISETA MANGA CORTA CON ESTAMPADO,17-1520             ,ROSA RUBOR,T-L,294,2026-04-29,CORTE
JULIO,026 - 3JUL2                                   ,STOP,004 - ESENCIAL MODA                           ,001 - CAMISETA                                ,001 - TEJIDO PUNTO                            ,MOP-00000101,ST0000295                                         ,CAMISETA MANGA CORTA CON ESTAMPADO,17-1520             ,ROSA RUBOR,T-M,389,2026-04-29,CORTE
JULIO,026 - 3JUL2                                   ,STOP,004 - ESENCIAL MODA                           ,001 - CAMISETA                                ,001 - TEJIDO PUNTO                            ,MOP-00000101,ST0000295                                         ,CAMISETA MANGA CORTA CON ESTAMPADO,17-1520             ,ROSA RUBOR,T-S,312,2026-04-29,CORTE
JULIO,026 - 3JUL2                                   ,STOP,004 - ESENCIAL MODA                           ,001 - CAMISETA                                ,001 - TEJIDO PUNTO                            ,MOP-00000101,ST0000295                                         ,CAMISETA MANGA CORTA CON ESTAMPADO,17-1520             ,ROSA RUBOR,T-XL,220,2026-04-29,CORTE
JULIO,026 - 3JUL2                                   ,STOP,004 - ESENCIAL MODA                           ,001 - CAMISETA                                ,001 - TEJIDO PUNTO                            ,MOP-00000101,ST0000295                                         ,CAMISETA MANGA CORTA CON ESTAMPADO,17-1520             ,ROSA RUBOR,T-XS,74,2026-04-29,CORTE
JULIO,026 - 3JUL2                                   ,STOP,004 - ESENCIAL MODA                           ,001 - CAMISETA                                ,001 - TEJIDO PUNTO                            ,MOP-00000102,ST0001313                                         ,CAMISETA MANGA CORTA ESTAMPADA,12-0704             ,MARFIL,T-L,614,2026-05-11,CORTE
JULIO,026 - 3JUL2                                   ,STOP,004 - ESENCIAL MODA                           ,001 - CAMISETA                                ,001 - TEJIDO PUNTO                            ,MOP-00000102,ST0001313                                         ,CAMISETA MANGA CORTA ESTAMPADA,12-0704             ,MARFIL,T-M,766,2026-05-11,CORTE
JULIO,026 - 3JUL2                                   ,STOP,004 - ESENCIAL MODA                           ,001 - CAMISETA                                ,001 - TEJIDO PUNTO                            ,MOP-00000102,ST0001313                                         ,CAMISETA MANGA CORTA ESTAMPADA,12-0704             ,MARFIL,T-S,632,2026-05-11,CORTE
JULIO,026 - 3JUL2                                   ,STOP,004 - ESENCIAL MODA                           ,001 - CAMISETA                                ,001 - TEJIDO PUNTO                            ,MOP-00000102,ST0001313                                         ,CAMISETA MANGA CORTA ESTAMPADA,12-0704             ,MARFIL,T-XL,453,2026-05-11,CORTE
JULIO,026 - 3JUL2                                   ,STOP,004 - ESENCIAL MODA                           ,001 - CAMISETA                                ,001 - TEJIDO PUNTO                            ,MOP-00000102,ST0001313                                         ,CAMISETA MANGA CORTA ESTAMPADA,12-0704             ,MARFIL,T-XS,146,2026-05-11,CORTE
MAYO,018 - 2MAY2                                   ,STOP,008 - MODA                                    ,008 - PANTALONES                              ,002 - TEJIDO PLANO                            ,MOP-00000103,ST0004573                                         ,PANTALON VAQUERO TIRO ALTO EN CORDUROY,17-1422             ,CAFE MEDIO,T-10,316,2026-04-30,CORTE
MAYO,018 - 2MAY2                                   ,STOP,008 - MODA                                    ,008 - PANTALONES                              ,002 - TEJIDO PLANO                            ,MOP-00000103,ST0004573                                         ,PANTALON VAQUERO TIRO ALTO EN CORDUROY,17-1422             ,CAFE MEDIO,T-12,243,2026-04-30,CORTE
MAYO,018 - 2MAY2                                   ,STOP,008 - MODA                                    ,008 - PANTALONES                              ,002 - TEJIDO PLANO                            ,MOP-00000103,ST0004573                                         ,PANTALON VAQUERO TIRO ALTO EN CORDUROY,17-1422             ,CAFE MEDIO,T-14,186,2026-04-30,CORTE
MAYO,018 - 2MAY2                                   ,STOP,008 - MODA                                    ,008 - PANTALONES                              ,002 - TEJIDO PLANO                            ,MOP-00000103,ST0004573                                         ,PANTALON VAQUERO TIRO ALTO EN CORDUROY,17-1422             ,CAFE MEDIO,T-16,130,2026-04-30,CORTE
MAYO,018 - 2MAY2                                   ,STOP,008 - MODA                                    ,008 - PANTALONES                              ,002 - TEJIDO PLANO                            ,MOP-00000103,ST0004573                                         ,PANTALON VAQUERO TIRO ALTO EN CORDUROY,17-1422             ,CAFE MEDIO,T-6,253,2026-04-30,CORTE
MAYO,018 - 2MAY2                                   ,STOP,008 - MODA                                    ,008 - PANTALONES                              ,002 - TEJIDO PLANO                            ,MOP-00000103,ST0004573                                         ,PANTALON VAQUERO TIRO ALTO EN CORDUROY,17-1422             ,CAFE MEDIO,T-8,316,2026-04-30,CORTE
JULIO,025 - 3JUL1                                   ,STOP,008 - MODA                                    ,002 - BLUSA-CAMISA                            ,002 - TEJIDO PLANO                            ,MOP-00000104,ST0000267                                         ,CAMISA MANGA LARGA CON CORTES EN FRENTE,14-0708             ,ARENA,T-L,635,2026-04-30,CORTE
JULIO,025 - 3JUL1                                   ,STOP,008 - MODA                                    ,002 - BLUSA-CAMISA                            ,002 - TEJIDO PLANO                            ,MOP-00000104,ST0000267                                         ,CAMISA MANGA LARGA CON CORTES EN FRENTE,14-0708             ,ARENA,T-M,846,2026-04-30,CORTE
JULIO,025 - 3JUL1                                   ,STOP,008 - MODA                                    ,002 - BLUSA-CAMISA                            ,002 - TEJIDO PLANO                            ,MOP-00000104,ST0000267                                         ,CAMISA MANGA LARGA CON CORTES EN FRENTE,14-0708             ,ARENA,T-S,530,2026-04-30,CORTE
JULIO,025 - 3JUL1                                   ,STOP,008 - MODA                                    ,002 - BLUSA-CAMISA                            ,002 - TEJIDO PLANO                            ,MOP-00000104,ST0000267                                         ,CAMISA MANGA LARGA CON CORTES EN FRENTE,14-0708             ,ARENA,T-XL,529,2026-04-30,CORTE
JULIO,026 - 3JUL2                                   ,STOP,008 - MODA                                    ,000 - JEANS                                   ,005 - DENIM                                   ,MOP-00000105,ST0000312                                         ,LEVANTACOLA TIRO ALTO LAVADO CLARO,IND02               ,MEDIO,T-10,701,2026-04-30,CORTE
JULIO,026 - 3JUL2                                   ,STOP,008 - MODA                                    ,000 - JEANS                                   ,005 - DENIM                                   ,MOP-00000105,ST0000312                                         ,LEVANTACOLA TIRO ALTO LAVADO CLARO,IND02               ,MEDIO,T-12,597,2026-04-30,CORTE
JULIO,026 - 3JUL2                                   ,STOP,008 - MODA                                    ,000 - JEANS                                   ,005 - DENIM                                   ,MOP-00000105,ST0000312                                         ,LEVANTACOLA TIRO ALTO LAVADO CLARO,IND02               ,MEDIO,T-14,502,2026-04-30,CORTE
JULIO,026 - 3JUL2                                   ,STOP,008 - MODA                                    ,000 - JEANS                                   ,005 - DENIM                                   ,MOP-00000105,ST0000312                                         ,LEVANTACOLA TIRO ALTO LAVADO CLARO,IND02               ,MEDIO,T-16,300,2026-04-30,CORTE
JULIO,026 - 3JUL2                                   ,STOP,008 - MODA                                    ,000 - JEANS                                   ,005 - DENIM                                   ,MOP-00000105,ST0000312                                         ,LEVANTACOLA TIRO ALTO LAVADO CLARO,IND02               ,MEDIO,T-6,615,2026-04-30,CORTE
JULIO,026 - 3JUL2                                   ,STOP,008 - MODA                                    ,000 - JEANS                                   ,005 - DENIM                                   ,MOP-00000105,ST0000312                                         ,LEVANTACOLA TIRO ALTO LAVADO CLARO,IND02               ,MEDIO,T-8,714,2026-04-30,CORTE
JULIO,026 - 3JUL2                                   ,STOP,003 - OPORTUNIDADES                           ,001 - CAMISETA                                ,001 - TEJIDO PUNTO                            ,MOP-00000106,ST0000294                                         ,CAMISETA MANGA CORTA ESTAMPADO EN FRENTE,18-1232             ,CAFE OSCURO,T-L,670,2026-05-05,CORTE
JULIO,026 - 3JUL2                                   ,STOP,003 - OPORTUNIDADES                           ,001 - CAMISETA                                ,001 - TEJIDO PUNTO                            ,MOP-00000106,ST0000294                                         ,CAMISETA MANGA CORTA ESTAMPADO EN FRENTE,18-1232             ,CAFE OSCURO,T-M,875,2026-05-05,CORTE
JULIO,026 - 3JUL2                                   ,STOP,003 - OPORTUNIDADES                           ,001 - CAMISETA                                ,001 - TEJIDO PUNTO                            ,MOP-00000106,ST0000294                                         ,CAMISETA MANGA CORTA ESTAMPADO EN FRENTE,18-1232             ,CAFE OSCURO,T-S,689,2026-05-05,CORTE
JULIO,026 - 3JUL2                                   ,STOP,003 - OPORTUNIDADES                           ,001 - CAMISETA                                ,001 - TEJIDO PUNTO                            ,MOP-00000106,ST0000294                                         ,CAMISETA MANGA CORTA ESTAMPADO EN FRENTE,18-1232             ,CAFE OSCURO,T-XL,510,2026-05-05,CORTE
JULIO,026 - 3JUL2                                   ,STOP,003 - OPORTUNIDADES                           ,001 - CAMISETA                                ,001 - TEJIDO PUNTO                            ,MOP-00000106,ST0000294                                         ,CAMISETA MANGA CORTA ESTAMPADO EN FRENTE,18-1232             ,CAFE OSCURO,T-XS,170,2026-05-05,CORTE
JULIO,027 - 3JUL3                                   ,STOP,003 - OPORTUNIDADES                           ,000 - JEANS                                   ,005 - DENIM                                   ,MOP-00000107,ST0000314                                         ,VAQUERO TIRO ALTO LAV MEDIO OSCURO,IND03               ,MEDIO OSCURO,T-10,713,2026-05-01,CORTE
JULIO,027 - 3JUL3                                   ,STOP,003 - OPORTUNIDADES                           ,000 - JEANS                                   ,005 - DENIM                                   ,MOP-00000107,ST0000314                                         ,VAQUERO TIRO ALTO LAV MEDIO OSCURO,IND03               ,MEDIO OSCURO,T-12,524,2026-05-01,CORTE
JULIO,027 - 3JUL3                                   ,STOP,003 - OPORTUNIDADES                           ,000 - JEANS                                   ,005 - DENIM                                   ,MOP-00000107,ST0000314                                         ,VAQUERO TIRO ALTO LAV MEDIO OSCURO,IND03               ,MEDIO OSCURO,T-14,304,2026-05-01,CORTE
JULIO,027 - 3JUL3                                   ,STOP,003 - OPORTUNIDADES                           ,000 - JEANS                                   ,005 - DENIM                                   ,MOP-00000107,ST0000314                                         ,VAQUERO TIRO ALTO LAV MEDIO OSCURO,IND03               ,MEDIO OSCURO,T-16,304,2026-05-01,CORTE
JULIO,027 - 3JUL3                                   ,STOP,003 - OPORTUNIDADES                           ,000 - JEANS                                   ,005 - DENIM                                   ,MOP-00000107,ST0000314                                         ,VAQUERO TIRO ALTO LAV MEDIO OSCURO,IND03               ,MEDIO OSCURO,T-6,508,2026-05-01,CORTE
JULIO,027 - 3JUL3                                   ,STOP,003 - OPORTUNIDADES                           ,000 - JEANS                                   ,005 - DENIM                                   ,MOP-00000107,ST0000314                                         ,VAQUERO TIRO ALTO LAV MEDIO OSCURO,IND03               ,MEDIO OSCURO,T-8,727,2026-05-01,CORTE
JULIO,026 - 3JUL2                                   ,STOP,008 - MODA                                    ,000 - JEANS                                   ,005 - DENIM                                   ,MOP-00000108,ST0000313                                         ,TEJANO TIRO ALTO LAVADO OSCURO,IND04               ,OSCURO,T-10,568,2026-05-04,CORTE
JULIO,026 - 3JUL2                                   ,STOP,008 - MODA                                    ,000 - JEANS                                   ,005 - DENIM                                   ,MOP-00000108,ST0000313                                         ,TEJANO TIRO ALTO LAVADO OSCURO,IND04               ,OSCURO,T-12,462,2026-05-04,CORTE
JULIO,026 - 3JUL2                                   ,STOP,008 - MODA                                    ,000 - JEANS                                   ,005 - DENIM                                   ,MOP-00000108,ST0000313                                         ,TEJANO TIRO ALTO LAVADO OSCURO,IND04               ,OSCURO,T-14,373,2026-05-04,CORTE
JULIO,026 - 3JUL2                                   ,STOP,008 - MODA                                    ,000 - JEANS                                   ,005 - DENIM                                   ,MOP-00000108,ST0000313                                         ,TEJANO TIRO ALTO LAVADO OSCURO,IND04               ,OSCURO,T-16,262,2026-05-04,CORTE
JULIO,026 - 3JUL2                                   ,STOP,008 - MODA                                    ,000 - JEANS                                   ,005 - DENIM                                   ,MOP-00000108,ST0000313                                         ,TEJANO TIRO ALTO LAVADO OSCURO,IND04               ,OSCURO,T-6,462,2026-05-04,CORTE
JULIO,026 - 3JUL2                                   ,STOP,008 - MODA                                    ,000 - JEANS                                   ,005 - DENIM                                   ,MOP-00000108,ST0000313                                         ,TEJANO TIRO ALTO LAVADO OSCURO,IND04               ,OSCURO,T-8,524,2026-05-04,CORTE
JULIO,027 - 3JUL3                                   ,STOP,003 - OPORTUNIDADES                           ,003 - CORTOS                                  ,005 - DENIM                                   ,MOP-00000109,ST0000319                                         ,SHORT TIRO ALTO LAV MEDIO OSCURO,IND03               ,MEDIO OSCURO,T-10,442,2026-05-20,CORTE
JULIO,027 - 3JUL3                                   ,STOP,003 - OPORTUNIDADES                           ,003 - CORTOS                                  ,005 - DENIM                                   ,MOP-00000109,ST0000319                                         ,SHORT TIRO ALTO LAV MEDIO OSCURO,IND03               ,MEDIO OSCURO,T-12,353,2026-05-20,CORTE
JULIO,027 - 3JUL3                                   ,STOP,003 - OPORTUNIDADES                           ,003 - CORTOS                                  ,005 - DENIM                                   ,MOP-00000109,ST0000319                                         ,SHORT TIRO ALTO LAV MEDIO OSCURO,IND03               ,MEDIO OSCURO,T-14,264,2026-05-20,CORTE
JULIO,027 - 3JUL3                                   ,STOP,003 - OPORTUNIDADES                           ,003 - CORTOS                                  ,005 - DENIM                                   ,MOP-00000109,ST0000319                                         ,SHORT TIRO ALTO LAV MEDIO OSCURO,IND03               ,MEDIO OSCURO,T-6,361,2026-05-20,CORTE
JULIO,027 - 3JUL3                                   ,STOP,003 - OPORTUNIDADES                           ,003 - CORTOS                                  ,005 - DENIM                                   ,MOP-00000109,ST0000319                                         ,SHORT TIRO ALTO LAV MEDIO OSCURO,IND03               ,MEDIO OSCURO,T-8,445,2026-05-20,CORTE
OCTUBRE,044 - 4NOV4                                   ,STOP,004 - ESENCIAL MODA                           ,000 - JEANS                                   ,005 - DENIM                                   ,MOP-00000110,15008888                                          ,RETROJEAN T/ALTO ESENCIAL,IND02               ,MEDIO,T-10,86,2026-05-05,CORTE                                   
OCTUBRE,044 - 4NOV4                                   ,STOP,004 - ESENCIAL MODA                           ,000 - JEANS                                   ,005 - DENIM                                   ,MOP-00000110,15008888                                          ,RETROJEAN T/ALTO ESENCIAL,IND02               ,MEDIO,T-12,57,2026-05-05,CORTE                                   
OCTUBRE,044 - 4NOV4                                   ,STOP,004 - ESENCIAL MODA                           ,000 - JEANS                                   ,005 - DENIM                                   ,MOP-00000110,15008888                                          ,RETROJEAN T/ALTO ESENCIAL,IND02               ,MEDIO,T-14,28,2026-05-05,CORTE                                   
OCTUBRE,044 - 4NOV4                                   ,STOP,004 - ESENCIAL MODA                           ,000 - JEANS                                   ,005 - DENIM                                   ,MOP-00000110,15008888                                          ,RETROJEAN T/ALTO ESENCIAL,IND02               ,MEDIO,T-6,57,2026-05-05,CORTE                                   
OCTUBRE,044 - 4NOV4                                   ,STOP,004 - ESENCIAL MODA                           ,000 - JEANS                                   ,005 - DENIM                                   ,MOP-00000110,15008888                                          ,RETROJEAN T/ALTO ESENCIAL,IND02               ,MEDIO,T-8,85,2026-05-05,CORTE                                   
OCTUBRE,044 - 4NOV4                                   ,STOP,004 - ESENCIAL MODA                           ,000 - JEANS                                   ,005 - DENIM                                   ,MOP-00000111,15008888                                          ,RETROJEAN T/ALTO ESENCIAL,IND04               ,OSCURO,T-10,76,2026-05-05,CORTE                                   
OCTUBRE,044 - 4NOV4                                   ,STOP,004 - ESENCIAL MODA                           ,000 - JEANS                                   ,005 - DENIM                                   ,MOP-00000111,15008888                                          ,RETROJEAN T/ALTO ESENCIAL,IND04               ,OSCURO,T-12,36,2026-05-05,CORTE                                   
OCTUBRE,044 - 4NOV4                                   ,STOP,004 - ESENCIAL MODA                           ,000 - JEANS                                   ,005 - DENIM                                   ,MOP-00000111,15008888                                          ,RETROJEAN T/ALTO ESENCIAL,IND04               ,OSCURO,T-14,32,2026-05-05,CORTE                                   
OCTUBRE,044 - 4NOV4                                   ,STOP,004 - ESENCIAL MODA                           ,000 - JEANS                                   ,005 - DENIM                                   ,MOP-00000111,15008888                                          ,RETROJEAN T/ALTO ESENCIAL,IND04               ,OSCURO,T-8,84,2026-05-05,CORTE                                   
JUNIO,021 - 2JUN1                                   ,STOP,008 - MODA                                    ,002 - BLUSA-CAMISA                            ,002 - TEJIDO PLANO                            ,MOP-00000112,ST0004576                                         ,BLUSA MC CON RECOGIDO EN CORTES,11-0601             ,BLANCO,T-L,210,2026-05-05,CORTE
JUNIO,021 - 2JUN1                                   ,STOP,008 - MODA                                    ,002 - BLUSA-CAMISA                            ,002 - TEJIDO PLANO                            ,MOP-00000112,ST0004576                                         ,BLUSA MC CON RECOGIDO EN CORTES,11-0601             ,BLANCO,T-M,280,2026-05-05,CORTE
JUNIO,021 - 2JUN1                                   ,STOP,008 - MODA                                    ,002 - BLUSA-CAMISA                            ,002 - TEJIDO PLANO                            ,MOP-00000112,ST0004576                                         ,BLUSA MC CON RECOGIDO EN CORTES,11-0601             ,BLANCO,T-S,218,2026-05-05,CORTE
JUNIO,021 - 2JUN1                                   ,STOP,008 - MODA                                    ,002 - BLUSA-CAMISA                            ,002 - TEJIDO PLANO                            ,MOP-00000112,ST0004576                                         ,BLUSA MC CON RECOGIDO EN CORTES,11-0601             ,BLANCO,T-XL,140,2026-05-05,CORTE
JUNIO,021 - 2JUN1                                   ,STOP,008 - MODA                                    ,002 - BLUSA-CAMISA                            ,002 - TEJIDO PLANO                            ,MOP-00000112,ST0004576                                         ,BLUSA MC CON RECOGIDO EN CORTES,11-0601             ,BLANCO,T-XS,78,2026-05-05,CORTE
JUNIO,021 - 2JUN1                                   ,STOP,008 - MODA                                    ,002 - BLUSA-CAMISA                            ,002 - TEJIDO PLANO                            ,MOP-00000113,ST0004582                                         ,BLUSA M3/4 CON ESCOTE EN V Y JARETA,11-0602             ,MARFIL,T-L,479,2026-05-05,CORTE
JUNIO,021 - 2JUN1                                   ,STOP,008 - MODA                                    ,002 - BLUSA-CAMISA                            ,002 - TEJIDO PLANO                            ,MOP-00000113,ST0004582                                         ,BLUSA M3/4 CON ESCOTE EN V Y JARETA,11-0602             ,MARFIL,T-M,647,2026-05-05,CORTE
JUNIO,021 - 2JUN1                                   ,STOP,008 - MODA                                    ,002 - BLUSA-CAMISA                            ,002 - TEJIDO PLANO                            ,MOP-00000113,ST0004582                                         ,BLUSA M3/4 CON ESCOTE EN V Y JARETA,11-0602             ,MARFIL,T-S,479,2026-05-05,CORTE
JUNIO,021 - 2JUN1                                   ,STOP,008 - MODA                                    ,002 - BLUSA-CAMISA                            ,002 - TEJIDO PLANO                            ,MOP-00000113,ST0004582                                         ,BLUSA M3/4 CON ESCOTE EN V Y JARETA,11-0602             ,MARFIL,T-XL,309,2026-05-05,CORTE
JUNIO,021 - 2JUN1                                   ,STOP,008 - MODA                                    ,002 - BLUSA-CAMISA                            ,002 - TEJIDO PLANO                            ,MOP-00000113,ST0004582                                         ,BLUSA M3/4 CON ESCOTE EN V Y JARETA,11-0602             ,MARFIL,T-XS,169,2026-05-05,CORTE
JUNIO,021 - 2JUN1                                   ,STOP,008 - MODA                                    ,016 - TOP -BODY                               ,001 - TEJIDO PUNTO                            ,MOP-00000115,ST0004578                                         ,BODY ML DRAPEADO FRENTE,11-0601             ,BLANCO,T-L,253,2026-05-19,CORTE
JUNIO,021 - 2JUN1                                   ,STOP,008 - MODA                                    ,016 - TOP -BODY                               ,001 - TEJIDO PUNTO                            ,MOP-00000115,ST0004578                                         ,BODY ML DRAPEADO FRENTE,11-0601             ,BLANCO,T-M,362,2026-05-19,CORTE
JUNIO,021 - 2JUN1                                   ,STOP,008 - MODA                                    ,016 - TOP -BODY                               ,001 - TEJIDO PUNTO                            ,MOP-00000115,ST0004578                                         ,BODY ML DRAPEADO FRENTE,11-0601             ,BLANCO,T-S,272,2026-05-19,CORTE
JUNIO,021 - 2JUN1                                   ,STOP,008 - MODA                                    ,016 - TOP -BODY                               ,001 - TEJIDO PUNTO                            ,MOP-00000115,ST0004578                                         ,BODY ML DRAPEADO FRENTE,11-0601             ,BLANCO,T-XL,175,2026-05-19,CORTE
JUNIO,021 - 2JUN1                                   ,STOP,008 - MODA                                    ,016 - TOP -BODY                               ,001 - TEJIDO PUNTO                            ,MOP-00000115,ST0004578                                         ,BODY ML DRAPEADO FRENTE,11-0601             ,BLANCO,T-XS,97,2026-05-19,CORTE
JUNIO,021 - 2JUN1                                   ,STOP,008 - MODA                                    ,016 - TOP -BODY                               ,001 - TEJIDO PUNTO                            ,MOP-00000116,ST0004578                                         ,BODY ML DRAPEADO FRENTE,19-4004             ,NEGRO,T-L,241,2026-05-28,CORTE
JUNIO,021 - 2JUN1                                   ,STOP,008 - MODA                                    ,016 - TOP -BODY                               ,001 - TEJIDO PUNTO                            ,MOP-00000116,ST0004578                                         ,BODY ML DRAPEADO FRENTE,19-4004             ,NEGRO,T-M,314,2026-05-28,CORTE
JUNIO,021 - 2JUN1                                   ,STOP,008 - MODA                                    ,016 - TOP -BODY                               ,001 - TEJIDO PUNTO                            ,MOP-00000116,ST0004578                                         ,BODY ML DRAPEADO FRENTE,19-4004             ,NEGRO,T-S,241,2026-05-28,CORTE
JUNIO,021 - 2JUN1                                   ,STOP,008 - MODA                                    ,016 - TOP -BODY                               ,001 - TEJIDO PUNTO                            ,MOP-00000116,ST0004578                                         ,BODY ML DRAPEADO FRENTE,19-4004             ,NEGRO,T-XL,158,2026-05-28,CORTE
JUNIO,021 - 2JUN1                                   ,STOP,008 - MODA                                    ,016 - TOP -BODY                               ,001 - TEJIDO PUNTO                            ,MOP-00000116,ST0004578                                         ,BODY ML DRAPEADO FRENTE,19-4004             ,NEGRO,T-XS,94,2026-05-28,CORTE
JULIO,026 - 3JUL2                                   ,STOP,004 - ESENCIAL MODA                           ,016 - TOP -BODY                               ,001 - TEJIDO PUNTO                            ,MOP-00000118,ST0000307                                         ,BODY PREMIUM MANGA SISA DOBLE FAZ,17-1520             ,ROSA RUBOR,T-L,388,2026-05-08,CORTE                                   
JULIO,026 - 3JUL2                                   ,STOP,004 - ESENCIAL MODA                           ,016 - TOP -BODY                               ,001 - TEJIDO PUNTO                            ,MOP-00000118,ST0000307                                         ,BODY PREMIUM MANGA SISA DOBLE FAZ,17-1520             ,ROSA RUBOR,T-M,490,2026-05-08,CORTE                                   
JULIO,026 - 3JUL2                                   ,STOP,004 - ESENCIAL MODA                           ,016 - TOP -BODY                               ,001 - TEJIDO PUNTO                            ,MOP-00000118,ST0000307                                         ,BODY PREMIUM MANGA SISA DOBLE FAZ,17-1520             ,ROSA RUBOR,T-S,393,2026-05-08,CORTE                                   
JULIO,026 - 3JUL2                                   ,STOP,004 - ESENCIAL MODA                           ,016 - TOP -BODY                               ,001 - TEJIDO PUNTO                            ,MOP-00000118,ST0000307                                         ,BODY PREMIUM MANGA SISA DOBLE FAZ,17-1520             ,ROSA RUBOR,T-XL,291,2026-05-08,CORTE                                   
JULIO,026 - 3JUL2                                   ,STOP,004 - ESENCIAL MODA                           ,016 - TOP -BODY                               ,001 - TEJIDO PUNTO                            ,MOP-00000118,ST0000307                                         ,BODY PREMIUM MANGA SISA DOBLE FAZ,17-1520             ,ROSA RUBOR,T-XS,97,2026-05-08,CORTE                                   
JULIO,026 - 3JUL2                                   ,STOP,008 - MODA                                    ,002 - BLUSA-CAMISA                            ,001 - TEJIDO PUNTO                            ,MOP-00000119,ST0000809                                         ,BLUSA MANGA SISA ABERTURA COSTADOS,15-1225             ,DURAZNO,T-L,288,2026-06-04,CORTE
JULIO,026 - 3JUL2                                   ,STOP,008 - MODA                                    ,002 - BLUSA-CAMISA                            ,001 - TEJIDO PUNTO                            ,MOP-00000119,ST0000809                                         ,BLUSA MANGA SISA ABERTURA COSTADOS,15-1225             ,DURAZNO,T-M,388,2026-06-04,CORTE
JULIO,026 - 3JUL2                                   ,STOP,008 - MODA                                    ,002 - BLUSA-CAMISA                            ,001 - TEJIDO PUNTO                            ,MOP-00000119,ST0000809                                         ,BLUSA MANGA SISA ABERTURA COSTADOS,15-1225             ,DURAZNO,T-S,317,2026-06-04,CORTE
JULIO,026 - 3JUL2                                   ,STOP,008 - MODA                                    ,002 - BLUSA-CAMISA                            ,001 - TEJIDO PUNTO                            ,MOP-00000119,ST0000809                                         ,BLUSA MANGA SISA ABERTURA COSTADOS,15-1225             ,DURAZNO,T-XL,192,2026-06-04,CORTE
JULIO,026 - 3JUL2                                   ,STOP,008 - MODA                                    ,002 - BLUSA-CAMISA                            ,001 - TEJIDO PUNTO                            ,MOP-00000119,ST0000809                                         ,BLUSA MANGA SISA ABERTURA COSTADOS,15-1225             ,DURAZNO,T-XS,98,2026-06-04,CORTE
JULIO,027 - 3JUL3                                   ,STOP,008 - MODA                                    ,000 - JEANS                                   ,005 - DENIM                                   ,MOP-00000120,ST0000255                                         ,VAQUERO TIRO ALTO LAVADO OSCURO,IND04               ,OSCURO,T-10,697,2026-05-08,CORTE
JULIO,027 - 3JUL3                                   ,STOP,008 - MODA                                    ,000 - JEANS                                   ,005 - DENIM                                   ,MOP-00000120,ST0000255                                         ,VAQUERO TIRO ALTO LAVADO OSCURO,IND04               ,OSCURO,T-12,549,2026-05-08,CORTE
JULIO,027 - 3JUL3                                   ,STOP,008 - MODA                                    ,000 - JEANS                                   ,005 - DENIM                                   ,MOP-00000120,ST0000255                                         ,VAQUERO TIRO ALTO LAVADO OSCURO,IND04               ,OSCURO,T-14,416,2026-05-08,CORTE
JULIO,027 - 3JUL3                                   ,STOP,008 - MODA                                    ,000 - JEANS                                   ,005 - DENIM                                   ,MOP-00000120,ST0000255                                         ,VAQUERO TIRO ALTO LAVADO OSCURO,IND04               ,OSCURO,T-16,283,2026-05-08,CORTE
JULIO,027 - 3JUL3                                   ,STOP,008 - MODA                                    ,000 - JEANS                                   ,005 - DENIM                                   ,MOP-00000120,ST0000255                                         ,VAQUERO TIRO ALTO LAVADO OSCURO,IND04               ,OSCURO,T-6,547,2026-05-08,CORTE
JULIO,027 - 3JUL3                                   ,STOP,008 - MODA                                    ,000 - JEANS                                   ,005 - DENIM                                   ,MOP-00000120,ST0000255                                         ,VAQUERO TIRO ALTO LAVADO OSCURO,IND04               ,OSCURO,T-8,692,2026-05-08,CORTE
JULIO,027 - 3JUL3                                   ,STOP,008 - MODA                                    ,003 - CORTOS                                  ,002 - TEJIDO PLANO                            ,MOP-00000121,ST0000262                                         ,BERMUDA TIRO ALTO MARFIL,11-0602             ,MARFIL,T-10,343,2026-05-07,CORTE
JULIO,027 - 3JUL3                                   ,STOP,008 - MODA                                    ,003 - CORTOS                                  ,002 - TEJIDO PLANO                            ,MOP-00000121,ST0000262                                         ,BERMUDA TIRO ALTO MARFIL,11-0602             ,MARFIL,T-12,276,2026-05-07,CORTE
JULIO,027 - 3JUL3                                   ,STOP,008 - MODA                                    ,003 - CORTOS                                  ,002 - TEJIDO PLANO                            ,MOP-00000121,ST0000262                                         ,BERMUDA TIRO ALTO MARFIL,11-0602             ,MARFIL,T-14,209,2026-05-07,CORTE
JULIO,027 - 3JUL3                                   ,STOP,008 - MODA                                    ,003 - CORTOS                                  ,002 - TEJIDO PLANO                            ,MOP-00000121,ST0000262                                         ,BERMUDA TIRO ALTO MARFIL,11-0602             ,MARFIL,T-6,278,2026-05-07,CORTE
JULIO,027 - 3JUL3                                   ,STOP,008 - MODA                                    ,003 - CORTOS                                  ,002 - TEJIDO PLANO                            ,MOP-00000121,ST0000262                                         ,BERMUDA TIRO ALTO MARFIL,11-0602             ,MARFIL,T-8,349,2026-05-07,CORTE
JULIO,027 - 3JUL3                                   ,STOP,008 - MODA                                    ,002 - BLUSA-CAMISA                            ,003 - TEJIDO MIXTO                            ,MOP-00000122,ST0000297                                         ,CAMISA MANGA LARGA CON BOLERO EN PUÑO,11-4202             ,MARFIL,T-L,232,2026-05-12,CORTE
JULIO,027 - 3JUL3                                   ,STOP,008 - MODA                                    ,002 - BLUSA-CAMISA                            ,003 - TEJIDO MIXTO                            ,MOP-00000122,ST0000297                                         ,CAMISA MANGA LARGA CON BOLERO EN PUÑO,11-4202             ,MARFIL,T-M,424,2026-05-12,CORTE
JULIO,027 - 3JUL3                                   ,STOP,008 - MODA                                    ,002 - BLUSA-CAMISA                            ,003 - TEJIDO MIXTO                            ,MOP-00000122,ST0000297                                         ,CAMISA MANGA LARGA CON BOLERO EN PUÑO,11-4202             ,MARFIL,T-S,346,2026-05-12,CORTE
JULIO,027 - 3JUL3                                   ,STOP,008 - MODA                                    ,002 - BLUSA-CAMISA                            ,003 - TEJIDO MIXTO                            ,MOP-00000122,ST0000297                                         ,CAMISA MANGA LARGA CON BOLERO EN PUÑO,11-4202             ,MARFIL,T-XL,212,2026-05-12,CORTE
JULIO,025 - 3JUL1                                   ,STOP,008 - MODA                                    ,000 - JEANS                                   ,005 - DENIM                                   ,MOP-00000123,ST0000254                                         ,TEJANO TIRO ALTO LAVADO MEDIO,IND02               ,MEDIO,T-10,568,2026-05-12,02-CORTE
JULIO,025 - 3JUL1                                   ,STOP,008 - MODA                                    ,000 - JEANS                                   ,005 - DENIM                                   ,MOP-00000123,ST0000254                                         ,TEJANO TIRO ALTO LAVADO MEDIO,IND02               ,MEDIO,T-12,492,2026-05-12,02-CORTE
JULIO,025 - 3JUL1                                   ,STOP,008 - MODA                                    ,000 - JEANS                                   ,005 - DENIM                                   ,MOP-00000123,ST0000254                                         ,TEJANO TIRO ALTO LAVADO MEDIO,IND02               ,MEDIO,T-14,388,2026-05-12,02-CORTE
JULIO,025 - 3JUL1                                   ,STOP,008 - MODA                                    ,000 - JEANS                                   ,005 - DENIM                                   ,MOP-00000123,ST0000254                                         ,TEJANO TIRO ALTO LAVADO MEDIO,IND02               ,MEDIO,T-16,283,2026-05-12,02-CORTE
JULIO,025 - 3JUL1                                   ,STOP,008 - MODA                                    ,000 - JEANS                                   ,005 - DENIM                                   ,MOP-00000123,ST0000254                                         ,TEJANO TIRO ALTO LAVADO MEDIO,IND02               ,MEDIO,T-6,492,2026-05-12,02-CORTE
JULIO,025 - 3JUL1                                   ,STOP,008 - MODA                                    ,000 - JEANS                                   ,005 - DENIM                                   ,MOP-00000123,ST0000254                                         ,TEJANO TIRO ALTO LAVADO MEDIO,IND02               ,MEDIO,T-8,610,2026-05-12,02-CORTE
AGOSTO,029 - 3AGO1                                   ,STOP,008 - MODA                                    ,000 - JEANS                                   ,005 - DENIM                                   ,MOP-00000125,ST0000328                                         ,CULOTTE TIRO ALTO LAV MEDIO OSCURO,IND03               ,MEDIO OSCURO,T-10,559,2026-05-09,CORTE
AGOSTO,029 - 3AGO1                                   ,STOP,008 - MODA                                    ,000 - JEANS                                   ,005 - DENIM                                   ,MOP-00000125,ST0000328                                         ,CULOTTE TIRO ALTO LAV MEDIO OSCURO,IND03               ,MEDIO OSCURO,T-12,443,2026-05-09,CORTE
AGOSTO,029 - 3AGO1                                   ,STOP,008 - MODA                                    ,000 - JEANS                                   ,005 - DENIM                                   ,MOP-00000125,ST0000328                                         ,CULOTTE TIRO ALTO LAV MEDIO OSCURO,IND03               ,MEDIO OSCURO,T-14,363,2026-05-09,CORTE
AGOSTO,029 - 3AGO1                                   ,STOP,008 - MODA                                    ,000 - JEANS                                   ,005 - DENIM                                   ,MOP-00000125,ST0000328                                         ,CULOTTE TIRO ALTO LAV MEDIO OSCURO,IND03               ,MEDIO OSCURO,T-16,283,2026-05-09,CORTE
AGOSTO,029 - 3AGO1                                   ,STOP,008 - MODA                                    ,000 - JEANS                                   ,005 - DENIM                                   ,MOP-00000125,ST0000328                                         ,CULOTTE TIRO ALTO LAV MEDIO OSCURO,IND03               ,MEDIO OSCURO,T-6,446,2026-05-09,CORTE
AGOSTO,029 - 3AGO1                                   ,STOP,008 - MODA                                    ,000 - JEANS                                   ,005 - DENIM                                   ,MOP-00000125,ST0000328                                         ,CULOTTE TIRO ALTO LAV MEDIO OSCURO,IND03               ,MEDIO OSCURO,T-8,538,2026-05-09,CORTE
AGOSTO,029 - 3AGO1                                   ,STOP,008 - MODA                                    ,000 - JEANS                                   ,005 - DENIM                                   ,MOP-00000126,ST0000331                                         ,BAGGY TIRO ALTO LAV CLARO,IND01               ,CLARO,T-10,723,2026-05-11,CORTE
AGOSTO,029 - 3AGO1                                   ,STOP,008 - MODA                                    ,000 - JEANS                                   ,005 - DENIM                                   ,MOP-00000126,ST0000331                                         ,BAGGY TIRO ALTO LAV CLARO,IND01               ,CLARO,T-12,428,2026-05-11,CORTE
AGOSTO,029 - 3AGO1                                   ,STOP,008 - MODA                                    ,000 - JEANS                                   ,005 - DENIM                                   ,MOP-00000126,ST0000331                                         ,BAGGY TIRO ALTO LAV CLARO,IND01               ,CLARO,T-14,282,2026-05-11,CORTE
AGOSTO,029 - 3AGO1                                   ,STOP,008 - MODA                                    ,000 - JEANS                                   ,005 - DENIM                                   ,MOP-00000126,ST0000331                                         ,BAGGY TIRO ALTO LAV CLARO,IND01               ,CLARO,T-5,282,2026-05-11,CORTE
AGOSTO,029 - 3AGO1                                   ,STOP,008 - MODA                                    ,000 - JEANS                                   ,005 - DENIM                                   ,MOP-00000126,ST0000331                                         ,BAGGY TIRO ALTO LAV CLARO,IND01               ,CLARO,T-6,433,2026-05-11,CORTE
AGOSTO,029 - 3AGO1                                   ,STOP,008 - MODA                                    ,000 - JEANS                                   ,005 - DENIM                                   ,MOP-00000126,ST0000331                                         ,BAGGY TIRO ALTO LAV CLARO,IND01               ,CLARO,T-8,713,2026-05-11,CORTE
AGOSTO,029 - 3AGO1                                   ,STOP,008 - MODA                                    ,002 - BLUSA-CAMISA                            ,002 - TEJIDO PLANO                            ,MOP-00000127,ST0000359                                         ,BLUSA MANGA LARGA CON AMARRE EN FRENTE,11-0601             ,BLANCO,T-L,296,2026-05-12,CORTE
AGOSTO,029 - 3AGO1                                   ,STOP,008 - MODA                                    ,002 - BLUSA-CAMISA                            ,002 - TEJIDO PLANO                            ,MOP-00000127,ST0000359                                         ,BLUSA MANGA LARGA CON AMARRE EN FRENTE,11-0601             ,BLANCO,T-M,442,2026-05-12,CORTE
AGOSTO,029 - 3AGO1                                   ,STOP,008 - MODA                                    ,002 - BLUSA-CAMISA                            ,002 - TEJIDO PLANO                            ,MOP-00000127,ST0000359                                         ,BLUSA MANGA LARGA CON AMARRE EN FRENTE,11-0601             ,BLANCO,T-S,295,2026-05-12,CORTE
AGOSTO,029 - 3AGO1                                   ,STOP,008 - MODA                                    ,002 - BLUSA-CAMISA                            ,002 - TEJIDO PLANO                            ,MOP-00000127,ST0000359                                         ,BLUSA MANGA LARGA CON AMARRE EN FRENTE,11-0601             ,BLANCO,T-XL,296,2026-05-12,CORTE
AGOSTO,029 - 3AGO1                                   ,STOP,008 - MODA                                    ,002 - BLUSA-CAMISA                            ,002 - TEJIDO PLANO                            ,MOP-00000127,ST0000359                                         ,BLUSA MANGA LARGA CON AMARRE EN FRENTE,11-0601             ,BLANCO,T-XS,165,2026-05-12,CORTE
JUNIO,021 - 2JUN1                                   ,STOP,008 - MODA                                    ,016 - TOP -BODY                               ,001 - TEJIDO PUNTO                            ,MOP-00000128,11018825                                          ,BODY TIRAS EN MALLA CON DRAPEADO,19-1102             ,NEGRO,T-L,365,2026-05-30,CORTE
JUNIO,021 - 2JUN1                                   ,STOP,008 - MODA                                    ,016 - TOP -BODY                               ,001 - TEJIDO PUNTO                            ,MOP-00000128,11018825                                          ,BODY TIRAS EN MALLA CON DRAPEADO,19-1102             ,NEGRO,T-M,488,2026-05-30,CORTE
JUNIO,021 - 2JUN1                                   ,STOP,008 - MODA                                    ,016 - TOP -BODY                               ,001 - TEJIDO PUNTO                            ,MOP-00000128,11018825                                          ,BODY TIRAS EN MALLA CON DRAPEADO,19-1102             ,NEGRO,T-S,366,2026-05-30,CORTE
JUNIO,021 - 2JUN1                                   ,STOP,008 - MODA                                    ,016 - TOP -BODY                               ,001 - TEJIDO PUNTO                            ,MOP-00000128,11018825                                          ,BODY TIRAS EN MALLA CON DRAPEADO,19-1102             ,NEGRO,T-XL,242,2026-05-30,CORTE
JUNIO,021 - 2JUN1                                   ,STOP,008 - MODA                                    ,016 - TOP -BODY                               ,001 - TEJIDO PUNTO                            ,MOP-00000128,11018825                                          ,BODY TIRAS EN MALLA CON DRAPEADO,19-1102             ,NEGRO,T-XS,122,2026-05-30,CORTE
AGOSTO,029 - 3AGO1                                   ,STOP,008 - MODA                                    ,003 - CORTOS                                  ,005 - DENIM                                   ,MOP-00000129,ST0000388                                         ,BERMUDA TIPO JORT TIRO MEDIO LAV OSCURO,IND04               ,OSCURO,T-10,439,2026-05-11,CORTE
AGOSTO,029 - 3AGO1                                   ,STOP,008 - MODA                                    ,003 - CORTOS                                  ,005 - DENIM                                   ,MOP-00000129,ST0000388                                         ,BERMUDA TIPO JORT TIRO MEDIO LAV OSCURO,IND04               ,OSCURO,T-12,354,2026-05-11,CORTE
AGOSTO,029 - 3AGO1                                   ,STOP,008 - MODA                                    ,003 - CORTOS                                  ,005 - DENIM                                   ,MOP-00000129,ST0000388                                         ,BERMUDA TIPO JORT TIRO MEDIO LAV OSCURO,IND04               ,OSCURO,T-14,269,2026-05-11,CORTE
AGOSTO,029 - 3AGO1                                   ,STOP,008 - MODA                                    ,003 - CORTOS                                  ,005 - DENIM                                   ,MOP-00000129,ST0000388                                         ,BERMUDA TIPO JORT TIRO MEDIO LAV OSCURO,IND04               ,OSCURO,T-6,355,2026-05-11,CORTE
AGOSTO,029 - 3AGO1                                   ,STOP,008 - MODA                                    ,003 - CORTOS                                  ,005 - DENIM                                   ,MOP-00000129,ST0000388                                         ,BERMUDA TIPO JORT TIRO MEDIO LAV OSCURO,IND04               ,OSCURO,T-8,446,2026-05-11,CORTE
JULIO,027 - 3JUL3                                   ,STOP,008 - MODA                                    ,002 - BLUSA-CAMISA                            ,002 - TEJIDO PLANO                            ,MOP-00000130,ST0000298                                         ,BLUSA MANGA LARGA CON VOLUMEN,12-0704             ,MARFIL,T-L,383,2026-05-19,CORTE
JULIO,027 - 3JUL3                                   ,STOP,008 - MODA                                    ,002 - BLUSA-CAMISA                            ,002 - TEJIDO PLANO                            ,MOP-00000130,ST0000298                                         ,BLUSA MANGA LARGA CON VOLUMEN,12-0704             ,MARFIL,T-M,508,2026-05-19,CORTE
JULIO,027 - 3JUL3                                   ,STOP,008 - MODA                                    ,002 - BLUSA-CAMISA                            ,002 - TEJIDO PLANO                            ,MOP-00000130,ST0000298                                         ,BLUSA MANGA LARGA CON VOLUMEN,12-0704             ,MARFIL,T-S,375,2026-05-19,CORTE
JULIO,027 - 3JUL3                                   ,STOP,008 - MODA                                    ,002 - BLUSA-CAMISA                            ,002 - TEJIDO PLANO                            ,MOP-00000130,ST0000298                                         ,BLUSA MANGA LARGA CON VOLUMEN,12-0704             ,MARFIL,T-XL,252,2026-05-19,CORTE
JULIO,027 - 3JUL3                                   ,STOP,008 - MODA                                    ,002 - BLUSA-CAMISA                            ,002 - TEJIDO PLANO                            ,MOP-00000130,ST0000298                                         ,BLUSA MANGA LARGA CON VOLUMEN,12-0704             ,MARFIL,T-XS,121,2026-05-19,CORTE
JULIO,027 - 3JUL3                                   ,STOP,008 - MODA                                    ,016 - TOP -BODY                               ,001 - TEJIDO PUNTO                            ,MOP-00000131,ST0000299                                         ,TOP MANGA LARGA CON FILETE EXPUESTO,11-4202             ,MARFIL,T-L,331,2026-05-11,CORTE
JULIO,027 - 3JUL3                                   ,STOP,008 - MODA                                    ,016 - TOP -BODY                               ,001 - TEJIDO PUNTO                            ,MOP-00000131,ST0000299                                         ,TOP MANGA LARGA CON FILETE EXPUESTO,11-4202             ,MARFIL,T-M,489,2026-05-11,CORTE
JULIO,027 - 3JUL3                                   ,STOP,008 - MODA                                    ,016 - TOP -BODY                               ,001 - TEJIDO PUNTO                            ,MOP-00000131,ST0000299                                         ,TOP MANGA LARGA CON FILETE EXPUESTO,11-4202             ,MARFIL,T-S,314,2026-05-11,CORTE
JULIO,027 - 3JUL3                                   ,STOP,008 - MODA                                    ,016 - TOP -BODY                               ,001 - TEJIDO PUNTO                            ,MOP-00000131,ST0000299                                         ,TOP MANGA LARGA CON FILETE EXPUESTO,11-4202             ,MARFIL,T-XL,215,2026-05-11,CORTE
JULIO,027 - 3JUL3                                   ,STOP,008 - MODA                                    ,016 - TOP -BODY                               ,001 - TEJIDO PUNTO                            ,MOP-00000131,ST0000299                                         ,TOP MANGA LARGA CON FILETE EXPUESTO,11-4202             ,MARFIL,T-XS,115,2026-05-11,CORTE
JULIO,027 - 3JUL3                                   ,STOP,008 - MODA                                    ,001 - CAMISETA                                ,001 - TEJIDO PUNTO                            ,MOP-00000132,ST0000300                                         ,CAMISETA MANGA CORTA CUELLO EN V,12-0704             ,MARFIL,T-L,366,2026-06-05,CORTE
JULIO,027 - 3JUL3                                   ,STOP,008 - MODA                                    ,001 - CAMISETA                                ,001 - TEJIDO PUNTO                            ,MOP-00000132,ST0000300                                         ,CAMISETA MANGA CORTA CUELLO EN V,12-0704             ,MARFIL,T-M,496,2026-06-05,CORTE
JULIO,027 - 3JUL3                                   ,STOP,008 - MODA                                    ,001 - CAMISETA                                ,001 - TEJIDO PUNTO                            ,MOP-00000132,ST0000300                                         ,CAMISETA MANGA CORTA CUELLO EN V,12-0704             ,MARFIL,T-S,416,2026-06-05,CORTE
JULIO,027 - 3JUL3                                   ,STOP,008 - MODA                                    ,001 - CAMISETA                                ,001 - TEJIDO PUNTO                            ,MOP-00000132,ST0000300                                         ,CAMISETA MANGA CORTA CUELLO EN V,12-0704             ,MARFIL,T-XL,244,2026-06-05,CORTE
JULIO,027 - 3JUL3                                   ,STOP,008 - MODA                                    ,001 - CAMISETA                                ,001 - TEJIDO PUNTO                            ,MOP-00000132,ST0000300                                         ,CAMISETA MANGA CORTA CUELLO EN V,12-0704             ,MARFIL,T-XS,122,2026-06-05,CORTE
JULIO,027 - 3JUL3                                   ,STOP,008 - MODA                                    ,001 - CAMISETA                                ,001 - TEJIDO PUNTO                            ,MOP-00000132,ST0000300                                         ,CAMISETA MANGA CORTA CUELLO EN V,17-1327             ,CAMEL,T-L,358,2026-06-05,CORTE
JULIO,027 - 3JUL3                                   ,STOP,008 - MODA                                    ,001 - CAMISETA                                ,001 - TEJIDO PUNTO                            ,MOP-00000132,ST0000300                                         ,CAMISETA MANGA CORTA CUELLO EN V,17-1327             ,CAMEL,T-M,484,2026-06-05,CORTE
JULIO,027 - 3JUL3                                   ,STOP,008 - MODA                                    ,001 - CAMISETA                                ,001 - TEJIDO PUNTO                            ,MOP-00000132,ST0000300                                         ,CAMISETA MANGA CORTA CUELLO EN V,17-1327             ,CAMEL,T-S,374,2026-06-05,CORTE
JULIO,027 - 3JUL3                                   ,STOP,008 - MODA                                    ,001 - CAMISETA                                ,001 - TEJIDO PUNTO                            ,MOP-00000132,ST0000300                                         ,CAMISETA MANGA CORTA CUELLO EN V,17-1327             ,CAMEL,T-XL,252,2026-06-05,CORTE
JULIO,027 - 3JUL3                                   ,STOP,008 - MODA                                    ,001 - CAMISETA                                ,001 - TEJIDO PUNTO                            ,MOP-00000132,ST0000300                                         ,CAMISETA MANGA CORTA CUELLO EN V,17-1327             ,CAMEL,T-XS,126,2026-06-05,CORTE
JULIO,027 - 3JUL3                                   ,STOP,008 - MODA                                    ,016 - TOP -BODY                               ,001 - TEJIDO PUNTO                            ,MOP-00000133,ST0000302                                         ,TOP MANGA SISA CUELLO DRAPEADO,17-1520             ,ROSA RUBOR,T-L,136,2026-05-13,CORTE
JULIO,027 - 3JUL3                                   ,STOP,008 - MODA                                    ,016 - TOP -BODY                               ,001 - TEJIDO PUNTO                            ,MOP-00000133,ST0000302                                         ,TOP MANGA SISA CUELLO DRAPEADO,17-1520             ,ROSA RUBOR,T-M,180,2026-05-13,CORTE
JULIO,027 - 3JUL3                                   ,STOP,008 - MODA                                    ,016 - TOP -BODY                               ,001 - TEJIDO PUNTO                            ,MOP-00000133,ST0000302                                         ,TOP MANGA SISA CUELLO DRAPEADO,17-1520             ,ROSA RUBOR,T-S,128,2026-05-13,CORTE
JULIO,027 - 3JUL3                                   ,STOP,008 - MODA                                    ,016 - TOP -BODY                               ,001 - TEJIDO PUNTO                            ,MOP-00000133,ST0000302                                         ,TOP MANGA SISA CUELLO DRAPEADO,17-1520             ,ROSA RUBOR,T-XL,88,2026-05-13,CORTE
JULIO,027 - 3JUL3                                   ,STOP,008 - MODA                                    ,016 - TOP -BODY                               ,001 - TEJIDO PUNTO                            ,MOP-00000133,ST0000302                                         ,TOP MANGA SISA CUELLO DRAPEADO,17-1520             ,ROSA RUBOR,T-XS,48,2026-05-13,CORTE
JULIO,027 - 3JUL3                                   ,STOP,008 - MODA                                    ,001 - CAMISETA                                ,001 - TEJIDO PUNTO                            ,MOP-00000135,ST0000304                                         ,CAMISETA MANGA CORTA ESTAMPADO FRENTE,17-1327             ,CAMEL,T-L,510,2026-05-14,CORTE
JULIO,027 - 3JUL3                                   ,STOP,008 - MODA                                    ,001 - CAMISETA                                ,001 - TEJIDO PUNTO                            ,MOP-00000135,ST0000304                                         ,CAMISETA MANGA CORTA ESTAMPADO FRENTE,17-1327             ,CAMEL,T-M,871,2026-05-14,CORTE
JULIO,027 - 3JUL3                                   ,STOP,008 - MODA                                    ,001 - CAMISETA                                ,001 - TEJIDO PUNTO                            ,MOP-00000135,ST0000304                                         ,CAMISETA MANGA CORTA ESTAMPADO FRENTE,17-1327             ,CAMEL,T-S,680,2026-05-14,CORTE
JULIO,027 - 3JUL3                                   ,STOP,008 - MODA                                    ,001 - CAMISETA                                ,001 - TEJIDO PUNTO                            ,MOP-00000135,ST0000304                                         ,CAMISETA MANGA CORTA ESTAMPADO FRENTE,17-1327             ,CAMEL,T-XL,340,2026-05-14,CORTE
JULIO,027 - 3JUL3                                   ,STOP,008 - MODA                                    ,001 - CAMISETA                                ,001 - TEJIDO PUNTO                            ,MOP-00000135,ST0000304                                         ,CAMISETA MANGA CORTA ESTAMPADO FRENTE,17-1327             ,CAMEL,T-XS,170,2026-05-14,CORTE
JULIO,027 - 3JUL3                                   ,STOP,008 - MODA                                    ,001 - CAMISETA                                ,001 - TEJIDO PUNTO                            ,MOP-00000135,ST0000304                                         ,CAMISETA MANGA CORTA ESTAMPADO FRENTE,17-1520             ,ROSA RUBOR,T-L,99,2026-05-14,CORTE
JULIO,027 - 3JUL3                                   ,STOP,008 - MODA                                    ,001 - CAMISETA                                ,001 - TEJIDO PUNTO                            ,MOP-00000135,ST0000304                                         ,CAMISETA MANGA CORTA ESTAMPADO FRENTE,17-1520             ,ROSA RUBOR,T-M,168,2026-05-14,CORTE
JULIO,027 - 3JUL3                                   ,STOP,008 - MODA                                    ,001 - CAMISETA                                ,001 - TEJIDO PUNTO                            ,MOP-00000135,ST0000304                                         ,CAMISETA MANGA CORTA ESTAMPADO FRENTE,17-1520             ,ROSA RUBOR,T-S,132,2026-05-14,CORTE
JULIO,027 - 3JUL3                                   ,STOP,008 - MODA                                    ,001 - CAMISETA                                ,001 - TEJIDO PUNTO                            ,MOP-00000135,ST0000304                                         ,CAMISETA MANGA CORTA ESTAMPADO FRENTE,17-1520             ,ROSA RUBOR,T-XL,66,2026-05-14,CORTE
JULIO,027 - 3JUL3                                   ,STOP,008 - MODA                                    ,001 - CAMISETA                                ,001 - TEJIDO PUNTO                            ,MOP-00000135,ST0000304                                         ,CAMISETA MANGA CORTA ESTAMPADO FRENTE,17-1520             ,ROSA RUBOR,T-XS,33,2026-05-14,CORTE
JULIO,027 - 3JUL3                                   ,STOP,008 - MODA                                    ,000 - JEANS                                   ,002 - TEJIDO PLANO                            ,MOP-00000136,ST0000316                                         ,RETROJEAN TIRO ALTO MARFIL,11-0602             ,MARFIL,T-10,616,2026-05-20,02-CORTE
JULIO,027 - 3JUL3                                   ,STOP,008 - MODA                                    ,000 - JEANS                                   ,002 - TEJIDO PLANO                            ,MOP-00000136,ST0000316                                         ,RETROJEAN TIRO ALTO MARFIL,11-0602             ,MARFIL,T-12,373,2026-05-20,02-CORTE
JULIO,027 - 3JUL3                                   ,STOP,008 - MODA                                    ,000 - JEANS                                   ,002 - TEJIDO PLANO                            ,MOP-00000136,ST0000316                                         ,RETROJEAN TIRO ALTO MARFIL,11-0602             ,MARFIL,T-14,247,2026-05-20,02-CORTE
JULIO,027 - 3JUL3                                   ,STOP,008 - MODA                                    ,000 - JEANS                                   ,002 - TEJIDO PLANO                            ,MOP-00000136,ST0000316                                         ,RETROJEAN TIRO ALTO MARFIL,11-0602             ,MARFIL,T-5,247,2026-05-20,02-CORTE
JULIO,027 - 3JUL3                                   ,STOP,008 - MODA                                    ,000 - JEANS                                   ,002 - TEJIDO PLANO                            ,MOP-00000136,ST0000316                                         ,RETROJEAN TIRO ALTO MARFIL,11-0602             ,MARFIL,T-6,365,2026-05-20,02-CORTE
JULIO,027 - 3JUL3                                   ,STOP,008 - MODA                                    ,000 - JEANS                                   ,002 - TEJIDO PLANO                            ,MOP-00000136,ST0000316                                         ,RETROJEAN TIRO ALTO MARFIL,11-0602             ,MARFIL,T-8,616,2026-05-20,02-CORTE
JULIO,027 - 3JUL3                                   ,STOP,008 - MODA                                    ,004 - SOBRETODOS                              ,002 - TEJIDO PLANO                            ,MOP-00000137,ST0000355                                         ,CHALECO MANGA SISA MARFIL,11-0602             ,MARFIL,T-L,530,2026-05-13,CORTE
JULIO,027 - 3JUL3                                   ,STOP,008 - MODA                                    ,004 - SOBRETODOS                              ,002 - TEJIDO PLANO                            ,MOP-00000137,ST0000355                                         ,CHALECO MANGA SISA MARFIL,11-0602             ,MARFIL,T-M,689,2026-05-13,CORTE
JULIO,027 - 3JUL3                                   ,STOP,008 - MODA                                    ,004 - SOBRETODOS                              ,002 - TEJIDO PLANO                            ,MOP-00000137,ST0000355                                         ,CHALECO MANGA SISA MARFIL,11-0602             ,MARFIL,T-S,650,2026-05-13,CORTE
JULIO,027 - 3JUL3                                   ,STOP,008 - MODA                                    ,004 - SOBRETODOS                              ,002 - TEJIDO PLANO                            ,MOP-00000137,ST0000355                                         ,CHALECO MANGA SISA MARFIL,11-0602             ,MARFIL,T-XL,325,2026-05-13,CORTE
JULIO,027 - 3JUL3                                   ,STOP,008 - MODA                                    ,010 - PRENDAS DE MODA                         ,002 - TEJIDO PLANO                            ,MOP-00000138,ST0000305                                         ,VESTIDO MANGA SISA CORTO  ESTAMPADO,12-0704             ,MARFIL,T-L,191,2026-05-19,CORTE
JULIO,027 - 3JUL3                                   ,STOP,008 - MODA                                    ,010 - PRENDAS DE MODA                         ,002 - TEJIDO PLANO                            ,MOP-00000138,ST0000305                                         ,VESTIDO MANGA SISA CORTO  ESTAMPADO,12-0704             ,MARFIL,T-M,389,2026-05-19,CORTE
JULIO,027 - 3JUL3                                   ,STOP,008 - MODA                                    ,010 - PRENDAS DE MODA                         ,002 - TEJIDO PLANO                            ,MOP-00000138,ST0000305                                         ,VESTIDO MANGA SISA CORTO  ESTAMPADO,12-0704             ,MARFIL,T-S,212,2026-05-19,CORTE
JULIO,027 - 3JUL3                                   ,STOP,008 - MODA                                    ,010 - PRENDAS DE MODA                         ,002 - TEJIDO PLANO                            ,MOP-00000138,ST0000305                                         ,VESTIDO MANGA SISA CORTO  ESTAMPADO,12-0704             ,MARFIL,T-XL,108,2026-05-19,CORTE
JULIO,027 - 3JUL3                                   ,STOP,004 - ESENCIAL MODA                           ,002 - BLUSA-CAMISA                            ,002 - TEJIDO PLANO                            ,MOP-00000140,ST0000306                                         ,CAMISA MANGA 3/4,12-1305             ,ROSA CLARO,T-L,318,2026-05-14,CORTE
JULIO,027 - 3JUL3                                   ,STOP,004 - ESENCIAL MODA                           ,002 - BLUSA-CAMISA                            ,002 - TEJIDO PLANO                            ,MOP-00000140,ST0000306                                         ,CAMISA MANGA 3/4,12-1305             ,ROSA CLARO,T-M,484,2026-05-14,CORTE
JULIO,027 - 3JUL3                                   ,STOP,004 - ESENCIAL MODA                           ,002 - BLUSA-CAMISA                            ,002 - TEJIDO PLANO                            ,MOP-00000140,ST0000306                                         ,CAMISA MANGA 3/4,12-1305             ,ROSA CLARO,T-S,482,2026-05-14,CORTE
JULIO,027 - 3JUL3                                   ,STOP,004 - ESENCIAL MODA                           ,002 - BLUSA-CAMISA                            ,002 - TEJIDO PLANO                            ,MOP-00000140,ST0000306                                         ,CAMISA MANGA 3/4,12-1305             ,ROSA CLARO,T-XL,237,2026-05-14,CORTE
JULIO,027 - 3JUL3                                   ,STOP,008 - MODA                                    ,000 - JEANS                                   ,005 - DENIM                                   ,MOP-00000141,ST0000315                                         ,RETROJEAN TIRO ALTO LAVADO CLARO,IND01               ,CLARO,T-10,698,2026-05-22,CORTE
JULIO,027 - 3JUL3                                   ,STOP,008 - MODA                                    ,000 - JEANS                                   ,005 - DENIM                                   ,MOP-00000141,ST0000315                                         ,RETROJEAN TIRO ALTO LAVADO CLARO,IND01               ,CLARO,T-12,429,2026-05-22,CORTE
JULIO,027 - 3JUL3                                   ,STOP,008 - MODA                                    ,000 - JEANS                                   ,005 - DENIM                                   ,MOP-00000141,ST0000315                                         ,RETROJEAN TIRO ALTO LAVADO CLARO,IND01               ,CLARO,T-14,295,2026-05-22,CORTE
JULIO,027 - 3JUL3                                   ,STOP,008 - MODA                                    ,000 - JEANS                                   ,005 - DENIM                                   ,MOP-00000141,ST0000315                                         ,RETROJEAN TIRO ALTO LAVADO CLARO,IND01               ,CLARO,T-5,320,2026-05-22,CORTE
JULIO,027 - 3JUL3                                   ,STOP,008 - MODA                                    ,000 - JEANS                                   ,005 - DENIM                                   ,MOP-00000141,ST0000315                                         ,RETROJEAN TIRO ALTO LAVADO CLARO,IND01               ,CLARO,T-6,405,2026-05-22,CORTE
JULIO,027 - 3JUL3                                   ,STOP,008 - MODA                                    ,000 - JEANS                                   ,005 - DENIM                                   ,MOP-00000141,ST0000315                                         ,RETROJEAN TIRO ALTO LAVADO CLARO,IND01               ,CLARO,T-8,698,2026-05-22,CORTE
JULIO,027 - 3JUL3                                   ,STOP,008 - MODA                                    ,000 - JEANS                                   ,005 - DENIM                                   ,MOP-00000142,ST0000317                                         ,RETROJEAN TIRO ALTO LAVADO CLARO,IND01               ,CLARO,T-10,301,2026-05-23,CORTE
JULIO,027 - 3JUL3                                   ,STOP,008 - MODA                                    ,000 - JEANS                                   ,005 - DENIM                                   ,MOP-00000142,ST0000317                                         ,RETROJEAN TIRO ALTO LAVADO CLARO,IND01               ,CLARO,T-12,182,2026-05-23,CORTE
JULIO,027 - 3JUL3                                   ,STOP,008 - MODA                                    ,000 - JEANS                                   ,005 - DENIM                                   ,MOP-00000142,ST0000317                                         ,RETROJEAN TIRO ALTO LAVADO CLARO,IND01               ,CLARO,T-14,122,2026-05-23,CORTE
JULIO,027 - 3JUL3                                   ,STOP,008 - MODA                                    ,000 - JEANS                                   ,005 - DENIM                                   ,MOP-00000142,ST0000317                                         ,RETROJEAN TIRO ALTO LAVADO CLARO,IND01               ,CLARO,T-5,122,2026-05-23,CORTE
JULIO,027 - 3JUL3                                   ,STOP,008 - MODA                                    ,000 - JEANS                                   ,005 - DENIM                                   ,MOP-00000142,ST0000317                                         ,RETROJEAN TIRO ALTO LAVADO CLARO,IND01               ,CLARO,T-6,176,2026-05-23,CORTE
JULIO,027 - 3JUL3                                   ,STOP,008 - MODA                                    ,000 - JEANS                                   ,005 - DENIM                                   ,MOP-00000142,ST0000317                                         ,RETROJEAN TIRO ALTO LAVADO CLARO,IND01               ,CLARO,T-8,301,2026-05-23,CORTE
DICIEMBRE,045 - 4DIC1                                   ,STOP,005 - ESENCIAL                                ,000 - JEANS                                   ,005 - DENIM                                   ,MOP-00000143,15001921                                          ,TEJANO T/ALTO ESENCIAL,IND01               ,CLARO,T-10,320,2026-05-13,CORTE                                   
DICIEMBRE,045 - 4DIC1                                   ,STOP,005 - ESENCIAL                                ,000 - JEANS                                   ,005 - DENIM                                   ,MOP-00000143,15001921                                          ,TEJANO T/ALTO ESENCIAL,IND01               ,CLARO,T-6,237,2026-05-13,CORTE                                   
DICIEMBRE,045 - 4DIC1                                   ,STOP,005 - ESENCIAL                                ,000 - JEANS                                   ,005 - DENIM                                   ,MOP-00000143,15001921                                          ,TEJANO T/ALTO ESENCIAL,IND01               ,CLARO,T-8,414,2026-05-13,CORTE                                   
DICIEMBRE,045 - 4DIC1                                   ,STOP,005 - ESENCIAL                                ,000 - JEANS                                   ,005 - DENIM                                   ,MOP-00000144,15001921                                          ,TEJANO T/ALTO ESENCIAL,IND04               ,OSCURO,T-10,264,2026-05-14,CORTE                                   
DICIEMBRE,045 - 4DIC1                                   ,STOP,005 - ESENCIAL                                ,000 - JEANS                                   ,005 - DENIM                                   ,MOP-00000144,15001921                                          ,TEJANO T/ALTO ESENCIAL,IND04               ,OSCURO,T-12,264,2026-05-14,CORTE                                   
DICIEMBRE,045 - 4DIC1                                   ,STOP,005 - ESENCIAL                                ,000 - JEANS                                   ,005 - DENIM                                   ,MOP-00000144,15001921                                          ,TEJANO T/ALTO ESENCIAL,IND04               ,OSCURO,T-6,217,2026-05-14,CORTE                                   
DICIEMBRE,045 - 4DIC1                                   ,STOP,005 - ESENCIAL                                ,000 - JEANS                                   ,005 - DENIM                                   ,MOP-00000144,15001921                                          ,TEJANO T/ALTO ESENCIAL,IND04               ,OSCURO,T-8,264,2026-05-14,CORTE                                   
AGOSTO,030 - 3AGO2                                   ,STOP,008 - MODA                                    ,000 - JEANS                                   ,005 - DENIM                                   ,MOP-00000145,ST0000327                                         ,MOM JEAN TIRO ALTO LAV CLARO,IND01               ,CLARO,T-10,519,2026-05-15,CORTE
AGOSTO,030 - 3AGO2                                   ,STOP,008 - MODA                                    ,000 - JEANS                                   ,005 - DENIM                                   ,MOP-00000145,ST0000327                                         ,MOM JEAN TIRO ALTO LAV CLARO,IND01               ,CLARO,T-12,507,2026-05-15,CORTE
AGOSTO,030 - 3AGO2                                   ,STOP,008 - MODA                                    ,000 - JEANS                                   ,005 - DENIM                                   ,MOP-00000145,ST0000327                                         ,MOM JEAN TIRO ALTO LAV CLARO,IND01               ,CLARO,T-14,384,2026-05-15,CORTE
AGOSTO,030 - 3AGO2                                   ,STOP,008 - MODA                                    ,000 - JEANS                                   ,005 - DENIM                                   ,MOP-00000145,ST0000327                                         ,MOM JEAN TIRO ALTO LAV CLARO,IND01               ,CLARO,T-5,264,2026-05-15,CORTE
AGOSTO,030 - 3AGO2                                   ,STOP,008 - MODA                                    ,000 - JEANS                                   ,005 - DENIM                                   ,MOP-00000145,ST0000327                                         ,MOM JEAN TIRO ALTO LAV CLARO,IND01               ,CLARO,T-6,504,2026-05-15,CORTE
AGOSTO,030 - 3AGO2                                   ,STOP,008 - MODA                                    ,000 - JEANS                                   ,005 - DENIM                                   ,MOP-00000145,ST0000327                                         ,MOM JEAN TIRO ALTO LAV CLARO,IND01               ,CLARO,T-8,581,2026-05-15,CORTE
SEPTIEMBRE,034 - 3SEP2                                   ,STOP,008 - MODA                                    ,010 - PRENDAS DE MODA                         ,005 - DENIM                                   ,MOP-00000146,ST0000334                                         ,OVERALL LARGO LAV OSCURO,IND04               ,OSCURO,T-10,476,2026-05-28,CORTE
SEPTIEMBRE,034 - 3SEP2                                   ,STOP,008 - MODA                                    ,010 - PRENDAS DE MODA                         ,005 - DENIM                                   ,MOP-00000146,ST0000334                                         ,OVERALL LARGO LAV OSCURO,IND04               ,OSCURO,T-12,314,2026-05-28,CORTE
SEPTIEMBRE,034 - 3SEP2                                   ,STOP,008 - MODA                                    ,010 - PRENDAS DE MODA                         ,005 - DENIM                                   ,MOP-00000146,ST0000334                                         ,OVERALL LARGO LAV OSCURO,IND04               ,OSCURO,T-14,289,2026-05-28,CORTE
SEPTIEMBRE,034 - 3SEP2                                   ,STOP,008 - MODA                                    ,010 - PRENDAS DE MODA                         ,005 - DENIM                                   ,MOP-00000146,ST0000334                                         ,OVERALL LARGO LAV OSCURO,IND04               ,OSCURO,T-6,301,2026-05-28,CORTE
SEPTIEMBRE,034 - 3SEP2                                   ,STOP,008 - MODA                                    ,010 - PRENDAS DE MODA                         ,005 - DENIM                                   ,MOP-00000146,ST0000334                                         ,OVERALL LARGO LAV OSCURO,IND04               ,OSCURO,T-8,476,2026-05-28,CORTE
MAYO,003 - 1ENE3                                   ,STOP,005 - ESENCIAL                                ,016 - TOP -BODY                               ,001 - TEJIDO PUNTO                            ,MOP-00000149,15004852                                          ,TOP MANGA SISA EN RIB ESENCIAL,11-0602             ,MARFIL,T-S,189,2026-05-19,CORTE                                   
MAYO,003 - 1ENE3                                   ,STOP,005 - ESENCIAL                                ,016 - TOP -BODY                               ,001 - TEJIDO PUNTO                            ,MOP-00000149,15004852                                          ,TOP MANGA SISA EN RIB ESENCIAL,11-0602             ,MARFIL,T-XS,186,2026-05-19,CORTE                                   
SEPTIEMBRE,035 - 3SEP3                                   ,STOP,008 - MODA                                    ,000 - JEANS                                   ,005 - DENIM                                   ,MOP-00000150,ST0000330                                         ,RETROJEAN TIRO ALTO LAV CLARO,IND01               ,CLARO,T-10,578,2026-05-20,CORTE
SEPTIEMBRE,035 - 3SEP3                                   ,STOP,008 - MODA                                    ,000 - JEANS                                   ,005 - DENIM                                   ,MOP-00000150,ST0000330                                         ,RETROJEAN TIRO ALTO LAV CLARO,IND01               ,CLARO,T-12,377,2026-05-20,CORTE
SEPTIEMBRE,035 - 3SEP3                                   ,STOP,008 - MODA                                    ,000 - JEANS                                   ,005 - DENIM                                   ,MOP-00000150,ST0000330                                         ,RETROJEAN TIRO ALTO LAV CLARO,IND01               ,CLARO,T-14,201,2026-05-20,CORTE
SEPTIEMBRE,035 - 3SEP3                                   ,STOP,008 - MODA                                    ,000 - JEANS                                   ,005 - DENIM                                   ,MOP-00000150,ST0000330                                         ,RETROJEAN TIRO ALTO LAV CLARO,IND01               ,CLARO,T-5,199,2026-05-20,CORTE
SEPTIEMBRE,035 - 3SEP3                                   ,STOP,008 - MODA                                    ,000 - JEANS                                   ,005 - DENIM                                   ,MOP-00000150,ST0000330                                         ,RETROJEAN TIRO ALTO LAV CLARO,IND01               ,CLARO,T-6,362,2026-05-20,CORTE
SEPTIEMBRE,035 - 3SEP3                                   ,STOP,008 - MODA                                    ,000 - JEANS                                   ,005 - DENIM                                   ,MOP-00000150,ST0000330                                         ,RETROJEAN TIRO ALTO LAV CLARO,IND01               ,CLARO,T-8,552,2026-05-20,CORTE
AGOSTO,030 - 3AGO2                                   ,STOP,003 - OPORTUNIDADES                           ,001 - CAMISETA                                ,001 - TEJIDO PUNTO                            ,MOP-00000152,ST0000366                                         ,T-SHIRT MANGA CORTA ESTAMPADA OPOR,14-0708             ,ARENA,T-L,378,2026-06-04,CORTE
AGOSTO,030 - 3AGO2                                   ,STOP,003 - OPORTUNIDADES                           ,001 - CAMISETA                                ,001 - TEJIDO PUNTO                            ,MOP-00000152,ST0000366                                         ,T-SHIRT MANGA CORTA ESTAMPADA OPOR,14-0708             ,ARENA,T-M,638,2026-06-04,CORTE
AGOSTO,030 - 3AGO2                                   ,STOP,003 - OPORTUNIDADES                           ,001 - CAMISETA                                ,001 - TEJIDO PUNTO                            ,MOP-00000152,ST0000366                                         ,T-SHIRT MANGA CORTA ESTAMPADA OPOR,14-0708             ,ARENA,T-S,508,2026-06-04,CORTE
AGOSTO,030 - 3AGO2                                   ,STOP,003 - OPORTUNIDADES                           ,001 - CAMISETA                                ,001 - TEJIDO PUNTO                            ,MOP-00000152,ST0000366                                         ,T-SHIRT MANGA CORTA ESTAMPADA OPOR,14-0708             ,ARENA,T-XL,504,2026-06-04,CORTE
AGOSTO,030 - 3AGO2                                   ,STOP,003 - OPORTUNIDADES                           ,001 - CAMISETA                                ,001 - TEJIDO PUNTO                            ,MOP-00000152,ST0000366                                         ,T-SHIRT MANGA CORTA ESTAMPADA OPOR,14-0708             ,ARENA,T-XS,126,2026-06-04,CORTE
AGOSTO,030 - 3AGO2                                   ,STOP,003 - OPORTUNIDADES                           ,001 - CAMISETA                                ,001 - TEJIDO PUNTO                            ,MOP-00000152,ST0000366                                         ,T-SHIRT MANGA CORTA ESTAMPADA OPOR,19-1761             ,ROJO,T-L,207,2026-06-04,CORTE
AGOSTO,030 - 3AGO2                                   ,STOP,003 - OPORTUNIDADES                           ,001 - CAMISETA                                ,001 - TEJIDO PUNTO                            ,MOP-00000152,ST0000366                                         ,T-SHIRT MANGA CORTA ESTAMPADA OPOR,19-1761             ,ROJO,T-M,360,2026-06-04,CORTE
AGOSTO,030 - 3AGO2                                   ,STOP,003 - OPORTUNIDADES                           ,001 - CAMISETA                                ,001 - TEJIDO PUNTO                            ,MOP-00000152,ST0000366                                         ,T-SHIRT MANGA CORTA ESTAMPADA OPOR,19-1761             ,ROJO,T-S,288,2026-06-04,CORTE
AGOSTO,030 - 3AGO2                                   ,STOP,003 - OPORTUNIDADES                           ,001 - CAMISETA                                ,001 - TEJIDO PUNTO                            ,MOP-00000152,ST0000366                                         ,T-SHIRT MANGA CORTA ESTAMPADA OPOR,19-1761             ,ROJO,T-XL,276,2026-06-04,CORTE
AGOSTO,030 - 3AGO2                                   ,STOP,003 - OPORTUNIDADES                           ,001 - CAMISETA                                ,001 - TEJIDO PUNTO                            ,MOP-00000152,ST0000366                                         ,T-SHIRT MANGA CORTA ESTAMPADA OPOR,19-1761             ,ROJO,T-XS,69,2026-06-04,CORTE
AGOSTO,030 - 3AGO2                                   ,STOP,008 - MODA                                    ,016 - TOP -BODY                               ,001 - TEJIDO PUNTO                            ,MOP-00000153,ST0000375                                         ,TOP MANGA LARGA CON TACHES ESCOTE,18-1232             ,CAFE OSCURO,T-L,326,2026-05-21,CORTE
AGOSTO,030 - 3AGO2                                   ,STOP,008 - MODA                                    ,016 - TOP -BODY                               ,001 - TEJIDO PUNTO                            ,MOP-00000153,ST0000375                                         ,TOP MANGA LARGA CON TACHES ESCOTE,18-1232             ,CAFE OSCURO,T-M,434,2026-05-21,CORTE
AGOSTO,030 - 3AGO2                                   ,STOP,008 - MODA                                    ,016 - TOP -BODY                               ,001 - TEJIDO PUNTO                            ,MOP-00000153,ST0000375                                         ,TOP MANGA LARGA CON TACHES ESCOTE,18-1232             ,CAFE OSCURO,T-S,351,2026-05-21,CORTE
AGOSTO,030 - 3AGO2                                   ,STOP,008 - MODA                                    ,016 - TOP -BODY                               ,001 - TEJIDO PUNTO                            ,MOP-00000153,ST0000375                                         ,TOP MANGA LARGA CON TACHES ESCOTE,18-1232             ,CAFE OSCURO,T-XL,213,2026-05-21,CORTE
AGOSTO,030 - 3AGO2                                   ,STOP,008 - MODA                                    ,016 - TOP -BODY                               ,001 - TEJIDO PUNTO                            ,MOP-00000153,ST0000375                                         ,TOP MANGA LARGA CON TACHES ESCOTE,18-1232             ,CAFE OSCURO,T-XS,100,2026-05-21,CORTE
AGOSTO,030 - 3AGO2                                   ,STOP,008 - MODA                                    ,002 - BLUSA-CAMISA                            ,005 - DENIM                                   ,MOP-00000154,ST0000384                                         ,CAMISA MANGA LARGA DENIM,IND02               ,MEDIO,T-L,480,2026-05-29,CORTE
AGOSTO,030 - 3AGO2                                   ,STOP,008 - MODA                                    ,002 - BLUSA-CAMISA                            ,005 - DENIM                                   ,MOP-00000154,ST0000384                                         ,CAMISA MANGA LARGA DENIM,IND02               ,MEDIO,T-M,668,2026-05-29,CORTE
AGOSTO,030 - 3AGO2                                   ,STOP,008 - MODA                                    ,002 - BLUSA-CAMISA                            ,005 - DENIM                                   ,MOP-00000154,ST0000384                                         ,CAMISA MANGA LARGA DENIM,IND02               ,MEDIO,T-S,508,2026-05-29,CORTE
AGOSTO,030 - 3AGO2                                   ,STOP,008 - MODA                                    ,002 - BLUSA-CAMISA                            ,005 - DENIM                                   ,MOP-00000154,ST0000384                                         ,CAMISA MANGA LARGA DENIM,IND02               ,MEDIO,T-XL,333,2026-05-29,CORTE
AGOSTO,030 - 3AGO2                                   ,STOP,008 - MODA                                    ,002 - BLUSA-CAMISA                            ,005 - DENIM                                   ,MOP-00000154,ST0000384                                         ,CAMISA MANGA LARGA DENIM,IND02               ,MEDIO,T-XS,168,2026-05-29,CORTE
DICIEMBRE,003 - 1ENE3                                   ,STOP,004 - ESENCIAL MODA                           ,001 - CAMISETA                                ,001 - TEJIDO PUNTO                            ,MOP-00000155,15009949                                          ,CAMISETA MANGA CORTA CON RUCHE ESENCIAL,11-0602             ,MARFIL,T-L,46,2026-06-04,2-CORTE
DICIEMBRE,003 - 1ENE3                                   ,STOP,004 - ESENCIAL MODA                           ,001 - CAMISETA                                ,001 - TEJIDO PUNTO                            ,MOP-00000155,15009949                                          ,CAMISETA MANGA CORTA CON RUCHE ESENCIAL,11-0602             ,MARFIL,T-XL,179,2026-06-04,2-CORTE
DICIEMBRE,003 - 1ENE3                                   ,STOP,004 - ESENCIAL MODA                           ,001 - CAMISETA                                ,001 - TEJIDO PUNTO                            ,MOP-00000155,15009949                                          ,CAMISETA MANGA CORTA CON RUCHE ESENCIAL,19-4004             ,NEGRO,T-L,108,2026-06-04,2-CORTE
DICIEMBRE,003 - 1ENE3                                   ,STOP,004 - ESENCIAL MODA                           ,001 - CAMISETA                                ,001 - TEJIDO PUNTO                            ,MOP-00000155,15009949                                          ,CAMISETA MANGA CORTA CON RUCHE ESENCIAL,19-4004             ,NEGRO,T-M,104,2026-06-04,2-CORTE
DICIEMBRE,003 - 1ENE3                                   ,STOP,004 - ESENCIAL MODA                           ,001 - CAMISETA                                ,001 - TEJIDO PUNTO                            ,MOP-00000155,15009949                                          ,CAMISETA MANGA CORTA CON RUCHE ESENCIAL,19-4004             ,NEGRO,T-S,52,2026-06-04,2-CORTE
SEPTIEMBRE,003 - 1ENE3                                   ,STOP,004 - ESENCIAL MODA                           ,016 - TOP -BODY                               ,001 - TEJIDO PUNTO                            ,MOP-00000158,15008849                                          ,TOP MANGA CORTA  DOBLE FAZ ESENCIAL,11-0602             ,MARFIL,T-L,102,2026-05-22,CORTE                                   
SEPTIEMBRE,003 - 1ENE3                                   ,STOP,004 - ESENCIAL MODA                           ,016 - TOP -BODY                               ,001 - TEJIDO PUNTO                            ,MOP-00000158,15008849                                          ,TOP MANGA CORTA  DOBLE FAZ ESENCIAL,11-0602             ,MARFIL,T-S,38,2026-05-22,CORTE                                   
AGOSTO,031 - 3AGO3                                   ,STOP,008 - MODA                                    ,003 - CORTOS                                  ,005 - DENIM                                   ,MOP-00000159,ST0000332                                         ,BERMUDA TIRO MEDIO LAV CLARO,IND01               ,CLARO,T-10,511,2026-05-22,CORTE
AGOSTO,031 - 3AGO3                                   ,STOP,008 - MODA                                    ,003 - CORTOS                                  ,005 - DENIM                                   ,MOP-00000159,ST0000332                                         ,BERMUDA TIRO MEDIO LAV CLARO,IND01               ,CLARO,T-12,393,2026-05-22,CORTE
AGOSTO,031 - 3AGO3                                   ,STOP,008 - MODA                                    ,003 - CORTOS                                  ,005 - DENIM                                   ,MOP-00000159,ST0000332                                         ,BERMUDA TIRO MEDIO LAV CLARO,IND01               ,CLARO,T-14,292,2026-05-22,CORTE
AGOSTO,031 - 3AGO3                                   ,STOP,008 - MODA                                    ,003 - CORTOS                                  ,005 - DENIM                                   ,MOP-00000159,ST0000332                                         ,BERMUDA TIRO MEDIO LAV CLARO,IND01               ,CLARO,T-16,90,2026-05-22,CORTE
AGOSTO,031 - 3AGO3                                   ,STOP,008 - MODA                                    ,003 - CORTOS                                  ,005 - DENIM                                   ,MOP-00000159,ST0000332                                         ,BERMUDA TIRO MEDIO LAV CLARO,IND01               ,CLARO,T-6,395,2026-05-22,CORTE
AGOSTO,031 - 3AGO3                                   ,STOP,008 - MODA                                    ,003 - CORTOS                                  ,005 - DENIM                                   ,MOP-00000159,ST0000332                                         ,BERMUDA TIRO MEDIO LAV CLARO,IND01               ,CLARO,T-8,513,2026-05-22,CORTE
AGOSTO,045 - 4DIC1                                   ,STOP,005 - ESENCIAL                                ,000 - JEANS                                   ,005 - DENIM                                   ,MOP-00000161,15015944                                          ,VAQUERO T/ALTO  BOTA RECTA ESENCIAL,IND01               ,CLARO,T-10,117,2026-05-22,CORTE                                   
AGOSTO,045 - 4DIC1                                   ,STOP,005 - ESENCIAL                                ,000 - JEANS                                   ,005 - DENIM                                   ,MOP-00000161,15015944                                          ,VAQUERO T/ALTO  BOTA RECTA ESENCIAL,IND01               ,CLARO,T-6,81,2026-05-22,CORTE                                   
AGOSTO,045 - 4DIC1                                   ,STOP,005 - ESENCIAL                                ,000 - JEANS                                   ,005 - DENIM                                   ,MOP-00000161,15015944                                          ,VAQUERO T/ALTO  BOTA RECTA ESENCIAL,IND01               ,CLARO,T-8,77,2026-05-22,CORTE                                   
AGOSTO,045 - 4DIC1                                   ,STOP,005 - ESENCIAL                                ,000 - JEANS                                   ,005 - DENIM                                   ,MOP-00000162,15015944                                          ,VAQUERO T/ALTO  BOTA RECTA ESENCIAL,IND02               ,MEDIO,T-10,188,2026-05-22,CORTE                                   
AGOSTO,045 - 4DIC1                                   ,STOP,005 - ESENCIAL                                ,000 - JEANS                                   ,005 - DENIM                                   ,MOP-00000162,15015944                                          ,VAQUERO T/ALTO  BOTA RECTA ESENCIAL,IND02               ,MEDIO,T-12,156,2026-05-22,CORTE                                   
AGOSTO,045 - 4DIC1                                   ,STOP,005 - ESENCIAL                                ,000 - JEANS                                   ,005 - DENIM                                   ,MOP-00000162,15015944                                          ,VAQUERO T/ALTO  BOTA RECTA ESENCIAL,IND02               ,MEDIO,T-14,47,2026-05-22,CORTE                                   
AGOSTO,045 - 4DIC1                                   ,STOP,005 - ESENCIAL                                ,000 - JEANS                                   ,005 - DENIM                                   ,MOP-00000162,15015944                                          ,VAQUERO T/ALTO  BOTA RECTA ESENCIAL,IND02               ,MEDIO,T-6,101,2026-05-22,CORTE                                   
AGOSTO,045 - 4DIC1                                   ,STOP,005 - ESENCIAL                                ,000 - JEANS                                   ,005 - DENIM                                   ,MOP-00000163,15015944                                          ,VAQUERO T/ALTO  BOTA RECTA ESENCIAL,IND04               ,OSCURO,T-10,86,2026-05-22,CORTE                                   
AGOSTO,045 - 4DIC1                                   ,STOP,005 - ESENCIAL                                ,000 - JEANS                                   ,005 - DENIM                                   ,MOP-00000163,15015944                                          ,VAQUERO T/ALTO  BOTA RECTA ESENCIAL,IND04               ,OSCURO,T-12,66,2026-05-22,CORTE                                   
AGOSTO,045 - 4DIC1                                   ,STOP,005 - ESENCIAL                                ,000 - JEANS                                   ,005 - DENIM                                   ,MOP-00000163,15015944                                          ,VAQUERO T/ALTO  BOTA RECTA ESENCIAL,IND04               ,OSCURO,T-14,43,2026-05-22,CORTE                                   
AGOSTO,045 - 4DIC1                                   ,STOP,005 - ESENCIAL                                ,000 - JEANS                                   ,005 - DENIM                                   ,MOP-00000163,15015944                                          ,VAQUERO T/ALTO  BOTA RECTA ESENCIAL,IND04               ,OSCURO,T-8,66,2026-05-22,CORTE                                   
AGOSTO,031 - 3AGO3                                   ,STOP,008 - MODA                                    ,001 - CAMISETA                                ,001 - TEJIDO PUNTO                            ,MOP-00000164,ST0000369                                         ,T-SHIRT  MANGA CORTA ESTAMPADA,19-4004             ,NEGRO,T-L,585,2026-05-21,CORTE
AGOSTO,031 - 3AGO3                                   ,STOP,008 - MODA                                    ,001 - CAMISETA                                ,001 - TEJIDO PUNTO                            ,MOP-00000164,ST0000369                                         ,T-SHIRT  MANGA CORTA ESTAMPADA,19-4004             ,NEGRO,T-M,783,2026-05-21,CORTE
AGOSTO,031 - 3AGO3                                   ,STOP,008 - MODA                                    ,001 - CAMISETA                                ,001 - TEJIDO PUNTO                            ,MOP-00000164,ST0000369                                         ,T-SHIRT  MANGA CORTA ESTAMPADA,19-4004             ,NEGRO,T-S,599,2026-05-21,CORTE
AGOSTO,031 - 3AGO3                                   ,STOP,008 - MODA                                    ,001 - CAMISETA                                ,001 - TEJIDO PUNTO                            ,MOP-00000164,ST0000369                                         ,T-SHIRT  MANGA CORTA ESTAMPADA,19-4004             ,NEGRO,T-XL,390,2026-05-21,CORTE
AGOSTO,031 - 3AGO3                                   ,STOP,008 - MODA                                    ,001 - CAMISETA                                ,001 - TEJIDO PUNTO                            ,MOP-00000164,ST0000369                                         ,T-SHIRT  MANGA CORTA ESTAMPADA,19-4004             ,NEGRO,T-XS,207,2026-05-21,CORTE
AGOSTO,031 - 3AGO3                                   ,STOP,008 - MODA                                    ,001 - CAMISETA                                ,001 - TEJIDO PUNTO                            ,MOP-00000165,ST0000371                                         ,CAMISETA MANGA CORTA TACHES EN FRENTE ,11-0602             ,MARFIL,T-L,586,2026-05-21,CORTE
AGOSTO,031 - 3AGO3                                   ,STOP,008 - MODA                                    ,001 - CAMISETA                                ,001 - TEJIDO PUNTO                            ,MOP-00000165,ST0000371                                         ,CAMISETA MANGA CORTA TACHES EN FRENTE ,11-0602             ,MARFIL,T-M,741,2026-05-21,CORTE
AGOSTO,031 - 3AGO3                                   ,STOP,008 - MODA                                    ,001 - CAMISETA                                ,001 - TEJIDO PUNTO                            ,MOP-00000165,ST0000371                                         ,CAMISETA MANGA CORTA TACHES EN FRENTE ,11-0602             ,MARFIL,T-S,596,2026-05-21,CORTE
AGOSTO,031 - 3AGO3                                   ,STOP,008 - MODA                                    ,001 - CAMISETA                                ,001 - TEJIDO PUNTO                            ,MOP-00000165,ST0000371                                         ,CAMISETA MANGA CORTA TACHES EN FRENTE ,11-0602             ,MARFIL,T-XL,435,2026-05-21,CORTE
AGOSTO,031 - 3AGO3                                   ,STOP,008 - MODA                                    ,001 - CAMISETA                                ,001 - TEJIDO PUNTO                            ,MOP-00000165,ST0000371                                         ,CAMISETA MANGA CORTA TACHES EN FRENTE ,11-0602             ,MARFIL,T-XS,155,2026-05-21,CORTE
AGOSTO,029 - 3AGO1                                   ,STOP,008 - MODA                                    ,002 - BLUSA-CAMISA                            ,999 - NO APLICA                               ,MOP-00000166,ST0000356                                         ,CAMISA MANGA 3/4 CON TACHES EN CORTE FRE,13-4302             ,AZUL CLARO,T-L,536,2026-05-21,CORTE
AGOSTO,029 - 3AGO1                                   ,STOP,008 - MODA                                    ,002 - BLUSA-CAMISA                            ,999 - NO APLICA                               ,MOP-00000166,ST0000356                                         ,CAMISA MANGA 3/4 CON TACHES EN CORTE FRE,13-4302             ,AZUL CLARO,T-M,686,2026-05-21,CORTE
AGOSTO,029 - 3AGO1                                   ,STOP,008 - MODA                                    ,002 - BLUSA-CAMISA                            ,999 - NO APLICA                               ,MOP-00000166,ST0000356                                         ,CAMISA MANGA 3/4 CON TACHES EN CORTE FRE,13-4302             ,AZUL CLARO,T-S,411,2026-05-21,CORTE
AGOSTO,029 - 3AGO1                                   ,STOP,008 - MODA                                    ,002 - BLUSA-CAMISA                            ,999 - NO APLICA                               ,MOP-00000166,ST0000356                                         ,CAMISA MANGA 3/4 CON TACHES EN CORTE FRE,13-4302             ,AZUL CLARO,T-XL,268,2026-05-21,CORTE
AGOSTO,029 - 3AGO1                                   ,STOP,008 - MODA                                    ,002 - BLUSA-CAMISA                            ,999 - NO APLICA                               ,MOP-00000166,ST0000356                                         ,CAMISA MANGA 3/4 CON TACHES EN CORTE FRE,13-4302             ,AZUL CLARO,T-XS,126,2026-05-21,CORTE
AGOSTO,031 - 3AGO3                                   ,STOP,008 - MODA                                    ,008 - PANTALONES                              ,002 - TEJIDO PLANO                            ,MOP-00000167,ST0000380                                         ,RETROJEAN TIRO ALTO ANIMAL PRINT,19-1419             ,CAFE OSCURO,T-10,636,2026-06-02,CORTE
AGOSTO,031 - 3AGO3                                   ,STOP,008 - MODA                                    ,008 - PANTALONES                              ,002 - TEJIDO PLANO                            ,MOP-00000167,ST0000380                                         ,RETROJEAN TIRO ALTO ANIMAL PRINT,19-1419             ,CAFE OSCURO,T-12,425,2026-06-02,CORTE
AGOSTO,031 - 3AGO3                                   ,STOP,008 - MODA                                    ,008 - PANTALONES                              ,002 - TEJIDO PLANO                            ,MOP-00000167,ST0000380                                         ,RETROJEAN TIRO ALTO ANIMAL PRINT,19-1419             ,CAFE OSCURO,T-14,321,2026-06-02,CORTE
AGOSTO,031 - 3AGO3                                   ,STOP,008 - MODA                                    ,008 - PANTALONES                              ,002 - TEJIDO PLANO                            ,MOP-00000167,ST0000380                                         ,RETROJEAN TIRO ALTO ANIMAL PRINT,19-1419             ,CAFE OSCURO,T-5,321,2026-06-02,CORTE
AGOSTO,031 - 3AGO3                                   ,STOP,008 - MODA                                    ,008 - PANTALONES                              ,002 - TEJIDO PLANO                            ,MOP-00000167,ST0000380                                         ,RETROJEAN TIRO ALTO ANIMAL PRINT,19-1419             ,CAFE OSCURO,T-6,426,2026-06-02,CORTE
AGOSTO,031 - 3AGO3                                   ,STOP,008 - MODA                                    ,008 - PANTALONES                              ,002 - TEJIDO PLANO                            ,MOP-00000167,ST0000380                                         ,RETROJEAN TIRO ALTO ANIMAL PRINT,19-1419             ,CAFE OSCURO,T-8,636,2026-06-02,CORTE
AGOSTO,029 - 3AGO1                                   ,STOP,008 - MODA                                    ,002 - BLUSA-CAMISA                            ,002 - TEJIDO PLANO                            ,MOP-00000168,ST0000357                                         ,CAMISA MANGA CORTA CORTE EN FRENTE,17-1142             ,LADRILLO,T-L,178,2026-05-25,CORTE
AGOSTO,029 - 3AGO1                                   ,STOP,008 - MODA                                    ,002 - BLUSA-CAMISA                            ,002 - TEJIDO PLANO                            ,MOP-00000168,ST0000357                                         ,CAMISA MANGA CORTA CORTE EN FRENTE,17-1142             ,LADRILLO,T-M,234,2026-05-25,CORTE
AGOSTO,029 - 3AGO1                                   ,STOP,008 - MODA                                    ,002 - BLUSA-CAMISA                            ,002 - TEJIDO PLANO                            ,MOP-00000168,ST0000357                                         ,CAMISA MANGA CORTA CORTE EN FRENTE,17-1142             ,LADRILLO,T-S,169,2026-05-25,CORTE
AGOSTO,029 - 3AGO1                                   ,STOP,008 - MODA                                    ,002 - BLUSA-CAMISA                            ,002 - TEJIDO PLANO                            ,MOP-00000168,ST0000357                                         ,CAMISA MANGA CORTA CORTE EN FRENTE,17-1142             ,LADRILLO,T-XL,117,2026-05-25,CORTE
AGOSTO,029 - 3AGO1                                   ,STOP,008 - MODA                                    ,002 - BLUSA-CAMISA                            ,002 - TEJIDO PLANO                            ,MOP-00000168,ST0000357                                         ,CAMISA MANGA CORTA CORTE EN FRENTE,17-1142             ,LADRILLO,T-XS,56,2026-05-25,CORTE
AGOSTO,029 - 3AGO1                                   ,STOP,008 - MODA                                    ,004 - SOBRETODOS                              ,005 - DENIM                                   ,MOP-00000171,ST0000382                                         ,CHALECO MANGA SISA  DENIM,IND02               ,MEDIO,T-L,396,2026-05-23,CORTE
AGOSTO,029 - 3AGO1                                   ,STOP,008 - MODA                                    ,004 - SOBRETODOS                              ,005 - DENIM                                   ,MOP-00000171,ST0000382                                         ,CHALECO MANGA SISA  DENIM,IND02               ,MEDIO,T-M,542,2026-05-23,CORTE
AGOSTO,029 - 3AGO1                                   ,STOP,008 - MODA                                    ,004 - SOBRETODOS                              ,005 - DENIM                                   ,MOP-00000171,ST0000382                                         ,CHALECO MANGA SISA  DENIM,IND02               ,MEDIO,T-S,530,2026-05-23,CORTE
AGOSTO,029 - 3AGO1                                   ,STOP,008 - MODA                                    ,004 - SOBRETODOS                              ,005 - DENIM                                   ,MOP-00000171,ST0000382                                         ,CHALECO MANGA SISA  DENIM,IND02               ,MEDIO,T-XL,296,2026-05-23,CORTE
AGOSTO,029 - 3AGO1                                   ,STOP,008 - MODA                                    ,001 - CAMISETA                                ,001 - TEJIDO PUNTO                            ,MOP-00000172,ST0000365                                         ,T-SHIRT MANGA CORTA  CON FOIL,15-1225             ,DURAZNO,T-L,580,2026-05-27,CORTE
AGOSTO,029 - 3AGO1                                   ,STOP,008 - MODA                                    ,001 - CAMISETA                                ,001 - TEJIDO PUNTO                            ,MOP-00000172,ST0000365                                         ,T-SHIRT MANGA CORTA  CON FOIL,15-1225             ,DURAZNO,T-M,738,2026-05-27,CORTE
AGOSTO,029 - 3AGO1                                   ,STOP,008 - MODA                                    ,001 - CAMISETA                                ,001 - TEJIDO PUNTO                            ,MOP-00000172,ST0000365                                         ,T-SHIRT MANGA CORTA  CON FOIL,15-1225             ,DURAZNO,T-S,595,2026-05-27,CORTE
AGOSTO,029 - 3AGO1                                   ,STOP,008 - MODA                                    ,001 - CAMISETA                                ,001 - TEJIDO PUNTO                            ,MOP-00000172,ST0000365                                         ,T-SHIRT MANGA CORTA  CON FOIL,15-1225             ,DURAZNO,T-XL,435,2026-05-27,CORTE
AGOSTO,029 - 3AGO1                                   ,STOP,008 - MODA                                    ,001 - CAMISETA                                ,001 - TEJIDO PUNTO                            ,MOP-00000172,ST0000365                                         ,T-SHIRT MANGA CORTA  CON FOIL,15-1225             ,DURAZNO,T-XS,156,2026-05-27,CORTE
AGOSTO,029 - 3AGO1                                   ,STOP,008 - MODA                                    ,001 - CAMISETA                                ,001 - TEJIDO PUNTO                            ,MOP-00000172,ST0000365                                         ,T-SHIRT MANGA CORTA  CON FOIL,18-1232             ,CAFE OSCURO,T-L,600,2026-05-27,CORTE
AGOSTO,029 - 3AGO1                                   ,STOP,008 - MODA                                    ,001 - CAMISETA                                ,001 - TEJIDO PUNTO                            ,MOP-00000172,ST0000365                                         ,T-SHIRT MANGA CORTA  CON FOIL,18-1232             ,CAFE OSCURO,T-M,766,2026-05-27,CORTE
AGOSTO,029 - 3AGO1                                   ,STOP,008 - MODA                                    ,001 - CAMISETA                                ,001 - TEJIDO PUNTO                            ,MOP-00000172,ST0000365                                         ,T-SHIRT MANGA CORTA  CON FOIL,18-1232             ,CAFE OSCURO,T-S,614,2026-05-27,CORTE
AGOSTO,029 - 3AGO1                                   ,STOP,008 - MODA                                    ,001 - CAMISETA                                ,001 - TEJIDO PUNTO                            ,MOP-00000172,ST0000365                                         ,T-SHIRT MANGA CORTA  CON FOIL,18-1232             ,CAFE OSCURO,T-XL,447,2026-05-27,CORTE
AGOSTO,029 - 3AGO1                                   ,STOP,008 - MODA                                    ,001 - CAMISETA                                ,001 - TEJIDO PUNTO                            ,MOP-00000172,ST0000365                                         ,T-SHIRT MANGA CORTA  CON FOIL,18-1232             ,CAFE OSCURO,T-XS,160,2026-05-27,CORTE
AGOSTO,029 - 3AGO1                                   ,STOP,008 - MODA                                    ,002 - BLUSA-CAMISA                            ,002 - TEJIDO PLANO                            ,MOP-00000175,ST0000831                                         ,BLUSA MANGA LARGA CON AMARRE EN FRENTE,19-1230             ,CAFE MEDIO,T-L,373,2026-06-02,CORTE
AGOSTO,029 - 3AGO1                                   ,STOP,008 - MODA                                    ,002 - BLUSA-CAMISA                            ,002 - TEJIDO PLANO                            ,MOP-00000175,ST0000831                                         ,BLUSA MANGA LARGA CON AMARRE EN FRENTE,19-1230             ,CAFE MEDIO,T-M,564,2026-06-02,CORTE
AGOSTO,029 - 3AGO1                                   ,STOP,008 - MODA                                    ,002 - BLUSA-CAMISA                            ,002 - TEJIDO PLANO                            ,MOP-00000175,ST0000831                                         ,BLUSA MANGA LARGA CON AMARRE EN FRENTE,19-1230             ,CAFE MEDIO,T-S,374,2026-06-02,CORTE
AGOSTO,029 - 3AGO1                                   ,STOP,008 - MODA                                    ,002 - BLUSA-CAMISA                            ,002 - TEJIDO PLANO                            ,MOP-00000175,ST0000831                                         ,BLUSA MANGA LARGA CON AMARRE EN FRENTE,19-1230             ,CAFE MEDIO,T-XL,372,2026-06-02,CORTE
AGOSTO,029 - 3AGO1                                   ,STOP,008 - MODA                                    ,002 - BLUSA-CAMISA                            ,002 - TEJIDO PLANO                            ,MOP-00000175,ST0000831                                         ,BLUSA MANGA LARGA CON AMARRE EN FRENTE,19-1230             ,CAFE MEDIO,T-XS,190,2026-06-02,CORTE
SEPTIEMBRE,003 - 1ENE3                                   ,STOP,004 - ESENCIAL MODA                           ,004 - SOBRETODOS                              ,005 - DENIM                                   ,MOP-00000178,15014824                                          ,CHAQUETA DENIM ESENCIAL,IND02               ,MEDIO,T-L,278,2026-05-25,CORTE                                   
SEPTIEMBRE,003 - 1ENE3                                   ,STOP,004 - ESENCIAL MODA                           ,004 - SOBRETODOS                              ,005 - DENIM                                   ,MOP-00000178,15014824                                          ,CHAQUETA DENIM ESENCIAL,IND02               ,MEDIO,T-M,34,2026-05-25,CORTE                                   
SEPTIEMBRE,003 - 1ENE3                                   ,STOP,004 - ESENCIAL MODA                           ,004 - SOBRETODOS                              ,005 - DENIM                                   ,MOP-00000178,15014824                                          ,CHAQUETA DENIM ESENCIAL,IND02               ,MEDIO,T-S,192,2026-05-25,CORTE                                   
SEPTIEMBRE,003 - 1ENE3                                   ,STOP,004 - ESENCIAL MODA                           ,004 - SOBRETODOS                              ,005 - DENIM                                   ,MOP-00000178,15014824                                          ,CHAQUETA DENIM ESENCIAL,IND02               ,MEDIO,T-XL,286,2026-05-25,CORTE                                   
AGOSTO,030 - 3AGO2                                   ,STOP,008 - MODA                                    ,003 - CORTOS                                  ,005 - DENIM                                   ,MOP-00000180,ST0000389                                         ,FALDA SHORT TIRO ALTO LAV MEDIO,IND02               ,MEDIO,T-10,420,2026-05-25,CORTE
AGOSTO,030 - 3AGO2                                   ,STOP,008 - MODA                                    ,003 - CORTOS                                  ,005 - DENIM                                   ,MOP-00000180,ST0000389                                         ,FALDA SHORT TIRO ALTO LAV MEDIO,IND02               ,MEDIO,T-12,325,2026-05-25,CORTE
AGOSTO,030 - 3AGO2                                   ,STOP,008 - MODA                                    ,003 - CORTOS                                  ,005 - DENIM                                   ,MOP-00000180,ST0000389                                         ,FALDA SHORT TIRO ALTO LAV MEDIO,IND02               ,MEDIO,T-14,235,2026-05-25,CORTE
AGOSTO,030 - 3AGO2                                   ,STOP,008 - MODA                                    ,003 - CORTOS                                  ,005 - DENIM                                   ,MOP-00000180,ST0000389                                         ,FALDA SHORT TIRO ALTO LAV MEDIO,IND02               ,MEDIO,T-6,325,2026-05-25,CORTE
AGOSTO,030 - 3AGO2                                   ,STOP,008 - MODA                                    ,003 - CORTOS                                  ,005 - DENIM                                   ,MOP-00000180,ST0000389                                         ,FALDA SHORT TIRO ALTO LAV MEDIO,IND02               ,MEDIO,T-8,423,2026-05-25,CORTE
AGOSTO,030 - 3AGO2                                   ,STOP,008 - MODA                                    ,001 - CAMISETA                                ,001 - TEJIDO PUNTO                            ,MOP-00000181,ST0000367                                         ,T-SHIRT MANGA CORTA ESTAMPADA FREN Y ESP,11-0602             ,MARFIL,T-L,354,2026-06-04,CORTE
AGOSTO,030 - 3AGO2                                   ,STOP,008 - MODA                                    ,001 - CAMISETA                                ,001 - TEJIDO PUNTO                            ,MOP-00000181,ST0000367                                         ,T-SHIRT MANGA CORTA ESTAMPADA FREN Y ESP,11-0602             ,MARFIL,T-M,590,2026-06-04,CORTE
AGOSTO,030 - 3AGO2                                   ,STOP,008 - MODA                                    ,001 - CAMISETA                                ,001 - TEJIDO PUNTO                            ,MOP-00000181,ST0000367                                         ,T-SHIRT MANGA CORTA ESTAMPADA FREN Y ESP,11-0602             ,MARFIL,T-S,472,2026-06-04,CORTE
AGOSTO,030 - 3AGO2                                   ,STOP,008 - MODA                                    ,001 - CAMISETA                                ,001 - TEJIDO PUNTO                            ,MOP-00000181,ST0000367                                         ,T-SHIRT MANGA CORTA ESTAMPADA FREN Y ESP,11-0602             ,MARFIL,T-XL,472,2026-06-04,CORTE
AGOSTO,030 - 3AGO2                                   ,STOP,008 - MODA                                    ,001 - CAMISETA                                ,001 - TEJIDO PUNTO                            ,MOP-00000181,ST0000367                                         ,T-SHIRT MANGA CORTA ESTAMPADA FREN Y ESP,11-0602             ,MARFIL,T-XS,118,2026-06-04,CORTE
AGOSTO,031 - 3AGO3                                   ,STOP,008 - MODA                                    ,002 - BLUSA-CAMISA                            ,002 - TEJIDO PLANO                            ,MOP-00000184,ST0000376                                         ,BLUSA  MANGA CORTA ESCOTE ESPALDA,11-0602             ,MARFIL,T-L,572,2026-05-25,CORTE
AGOSTO,031 - 3AGO3                                   ,STOP,008 - MODA                                    ,002 - BLUSA-CAMISA                            ,002 - TEJIDO PLANO                            ,MOP-00000184,ST0000376                                         ,BLUSA  MANGA CORTA ESCOTE ESPALDA,11-0602             ,MARFIL,T-M,740,2026-05-25,CORTE
AGOSTO,031 - 3AGO3                                   ,STOP,008 - MODA                                    ,002 - BLUSA-CAMISA                            ,002 - TEJIDO PLANO                            ,MOP-00000184,ST0000376                                         ,BLUSA  MANGA CORTA ESCOTE ESPALDA,11-0602             ,MARFIL,T-S,597,2026-05-25,CORTE
AGOSTO,031 - 3AGO3                                   ,STOP,008 - MODA                                    ,002 - BLUSA-CAMISA                            ,002 - TEJIDO PLANO                            ,MOP-00000184,ST0000376                                         ,BLUSA  MANGA CORTA ESCOTE ESPALDA,11-0602             ,MARFIL,T-XL,400,2026-05-25,CORTE
AGOSTO,031 - 3AGO3                                   ,STOP,008 - MODA                                    ,002 - BLUSA-CAMISA                            ,002 - TEJIDO PLANO                            ,MOP-00000184,ST0000376                                         ,BLUSA  MANGA CORTA ESCOTE ESPALDA,11-0602             ,MARFIL,T-XS,172,2026-05-25,CORTE
SEPTIEMBRE,003 - 1ENE3                                   ,STOP,004 - ESENCIAL MODA                           ,004 - SOBRETODOS                              ,005 - DENIM                                   ,MOP-00000186,15014824                                          ,CHAQUETA DENIM ESENCIAL,IND03               ,MEDIO OSCURO,T-XL,86,2026-05-27,CORTE                                   
AGOSTO,029 - 3AGO1                                   ,STOP,008 - MODA                                    ,008 - PANTALONES                              ,002 - TEJIDO PLANO                            ,MOP-00000187,ST0000390                                         ,PANTALON TIRO ALTO CAFE,18-1232             ,CAFE OSCURO,T-10,798,2026-05-27,CORTE
AGOSTO,029 - 3AGO1                                   ,STOP,008 - MODA                                    ,008 - PANTALONES                              ,002 - TEJIDO PLANO                            ,MOP-00000187,ST0000390                                         ,PANTALON TIRO ALTO CAFE,18-1232             ,CAFE OSCURO,T-12,468,2026-05-27,CORTE
AGOSTO,029 - 3AGO1                                   ,STOP,008 - MODA                                    ,008 - PANTALONES                              ,002 - TEJIDO PLANO                            ,MOP-00000187,ST0000390                                         ,PANTALON TIRO ALTO CAFE,18-1232             ,CAFE OSCURO,T-14,303,2026-05-27,CORTE
AGOSTO,029 - 3AGO1                                   ,STOP,008 - MODA                                    ,008 - PANTALONES                              ,002 - TEJIDO PLANO                            ,MOP-00000187,ST0000390                                         ,PANTALON TIRO ALTO CAFE,18-1232             ,CAFE OSCURO,T-5,325,2026-05-27,CORTE
AGOSTO,029 - 3AGO1                                   ,STOP,008 - MODA                                    ,008 - PANTALONES                              ,002 - TEJIDO PLANO                            ,MOP-00000187,ST0000390                                         ,PANTALON TIRO ALTO CAFE,18-1232             ,CAFE OSCURO,T-6,468,2026-05-27,CORTE
AGOSTO,029 - 3AGO1                                   ,STOP,008 - MODA                                    ,008 - PANTALONES                              ,002 - TEJIDO PLANO                            ,MOP-00000187,ST0000390                                         ,PANTALON TIRO ALTO CAFE,18-1232             ,CAFE OSCURO,T-8,771,2026-05-27,CORTE
SEPTIEMBRE,035 - 3SEP3                                   ,STOP,008 - MODA                                    ,003 - CORTOS                                  ,005 - DENIM                                   ,MOP-00000188,ST0000352                                         ,BERMUDA TIRO ALTO LAV MEDIO,IND02               ,MEDIO,T-10,401,2026-05-27,CORTE
SEPTIEMBRE,035 - 3SEP3                                   ,STOP,008 - MODA                                    ,003 - CORTOS                                  ,005 - DENIM                                   ,MOP-00000188,ST0000352                                         ,BERMUDA TIRO ALTO LAV MEDIO,IND02               ,MEDIO,T-12,318,2026-05-27,CORTE
SEPTIEMBRE,035 - 3SEP3                                   ,STOP,008 - MODA                                    ,003 - CORTOS                                  ,005 - DENIM                                   ,MOP-00000188,ST0000352                                         ,BERMUDA TIRO ALTO LAV MEDIO,IND02               ,MEDIO,T-14,240,2026-05-27,CORTE
SEPTIEMBRE,035 - 3SEP3                                   ,STOP,008 - MODA                                    ,003 - CORTOS                                  ,005 - DENIM                                   ,MOP-00000188,ST0000352                                         ,BERMUDA TIRO ALTO LAV MEDIO,IND02               ,MEDIO,T-16,162,2026-05-27,CORTE
SEPTIEMBRE,035 - 3SEP3                                   ,STOP,008 - MODA                                    ,003 - CORTOS                                  ,005 - DENIM                                   ,MOP-00000188,ST0000352                                         ,BERMUDA TIRO ALTO LAV MEDIO,IND02               ,MEDIO,T-6,320,2026-05-27,CORTE
SEPTIEMBRE,035 - 3SEP3                                   ,STOP,008 - MODA                                    ,003 - CORTOS                                  ,005 - DENIM                                   ,MOP-00000188,ST0000352                                         ,BERMUDA TIRO ALTO LAV MEDIO,IND02               ,MEDIO,T-8,401,2026-05-27,CORTE
AGOSTO,031 - 3AGO3                                   ,STOP,008 - MODA                                    ,016 - TOP -BODY                               ,001 - TEJIDO PUNTO                            ,MOP-00000189,ST0000372                                         ,TOP MANGA SISA CON BROCHES  EN FRENTE,19-4004             ,NEGRO,T-L,498,2026-05-26,CORTE
AGOSTO,031 - 3AGO3                                   ,STOP,008 - MODA                                    ,016 - TOP -BODY                               ,001 - TEJIDO PUNTO                            ,MOP-00000189,ST0000372                                         ,TOP MANGA SISA CON BROCHES  EN FRENTE,19-4004             ,NEGRO,T-M,681,2026-05-26,CORTE
AGOSTO,031 - 3AGO3                                   ,STOP,008 - MODA                                    ,016 - TOP -BODY                               ,001 - TEJIDO PUNTO                            ,MOP-00000189,ST0000372                                         ,TOP MANGA SISA CON BROCHES  EN FRENTE,19-4004             ,NEGRO,T-S,519,2026-05-26,CORTE
AGOSTO,031 - 3AGO3                                   ,STOP,008 - MODA                                    ,016 - TOP -BODY                               ,001 - TEJIDO PUNTO                            ,MOP-00000189,ST0000372                                         ,TOP MANGA SISA CON BROCHES  EN FRENTE,19-4004             ,NEGRO,T-XL,324,2026-05-26,CORTE
AGOSTO,031 - 3AGO3                                   ,STOP,008 - MODA                                    ,016 - TOP -BODY                               ,001 - TEJIDO PUNTO                            ,MOP-00000189,ST0000372                                         ,TOP MANGA SISA CON BROCHES  EN FRENTE,19-4004             ,NEGRO,T-XS,174,2026-05-26,CORTE
AGOSTO,031 - 3AGO3                                   ,STOP,008 - MODA                                    ,008 - PANTALONES                              ,002 - TEJIDO PLANO                            ,MOP-00000190,ST0000621                                         ,JOGGER TIRO ALTO COLOR CAFE OSCURO,19-1419             ,CAFE OSCURO,T-10,561,2026-05-27,CORTE
AGOSTO,031 - 3AGO3                                   ,STOP,008 - MODA                                    ,008 - PANTALONES                              ,002 - TEJIDO PLANO                            ,MOP-00000190,ST0000621                                         ,JOGGER TIRO ALTO COLOR CAFE OSCURO,19-1419             ,CAFE OSCURO,T-12,348,2026-05-27,CORTE
AGOSTO,031 - 3AGO3                                   ,STOP,008 - MODA                                    ,008 - PANTALONES                              ,002 - TEJIDO PLANO                            ,MOP-00000190,ST0000621                                         ,JOGGER TIRO ALTO COLOR CAFE OSCURO,19-1419             ,CAFE OSCURO,T-14,213,2026-05-27,CORTE
AGOSTO,031 - 3AGO3                                   ,STOP,008 - MODA                                    ,008 - PANTALONES                              ,002 - TEJIDO PLANO                            ,MOP-00000190,ST0000621                                         ,JOGGER TIRO ALTO COLOR CAFE OSCURO,19-1419             ,CAFE OSCURO,T-5,213,2026-05-27,CORTE
AGOSTO,031 - 3AGO3                                   ,STOP,008 - MODA                                    ,008 - PANTALONES                              ,002 - TEJIDO PLANO                            ,MOP-00000190,ST0000621                                         ,JOGGER TIRO ALTO COLOR CAFE OSCURO,19-1419             ,CAFE OSCURO,T-6,348,2026-05-27,CORTE
AGOSTO,031 - 3AGO3                                   ,STOP,008 - MODA                                    ,008 - PANTALONES                              ,002 - TEJIDO PLANO                            ,MOP-00000190,ST0000621                                         ,JOGGER TIRO ALTO COLOR CAFE OSCURO,19-1419             ,CAFE OSCURO,T-8,561,2026-05-27,CORTE
AGOSTO,031 - 3AGO3                                   ,STOP,008 - MODA                                    ,016 - TOP -BODY                               ,001 - TEJIDO PUNTO                            ,MOP-00000192,ST0000813                                         ,BODY MANGA SISA ESTAMPADO,19-1419             ,CAFE OSCURO,T-L,489,2026-05-27,CORTE
AGOSTO,031 - 3AGO3                                   ,STOP,008 - MODA                                    ,016 - TOP -BODY                               ,001 - TEJIDO PUNTO                            ,MOP-00000192,ST0000813                                         ,BODY MANGA SISA ESTAMPADO,19-1419             ,CAFE OSCURO,T-M,652,2026-05-27,CORTE
AGOSTO,031 - 3AGO3                                   ,STOP,008 - MODA                                    ,016 - TOP -BODY                               ,001 - TEJIDO PUNTO                            ,MOP-00000192,ST0000813                                         ,BODY MANGA SISA ESTAMPADO,19-1419             ,CAFE OSCURO,T-S,492,2026-05-27,CORTE
AGOSTO,031 - 3AGO3                                   ,STOP,008 - MODA                                    ,016 - TOP -BODY                               ,001 - TEJIDO PUNTO                            ,MOP-00000192,ST0000813                                         ,BODY MANGA SISA ESTAMPADO,19-1419             ,CAFE OSCURO,T-XL,326,2026-05-27,CORTE
AGOSTO,031 - 3AGO3                                   ,STOP,008 - MODA                                    ,016 - TOP -BODY                               ,001 - TEJIDO PUNTO                            ,MOP-00000192,ST0000813                                         ,BODY MANGA SISA ESTAMPADO,19-1419             ,CAFE OSCURO,T-XS,166,2026-05-27,CORTE
AGOSTO,029 - 3AGO1                                   ,STOP,005 - ESENCIAL                                ,000 - JEANS                                   ,005 - DENIM                                   ,MOP-00000193,ST0004987                                         ,RETRO ULTRA IDEOLOGIA CENTRAL,IND01               ,CLARO,T-10,802,2026-06-03,CORTE
AGOSTO,029 - 3AGO1                                   ,STOP,005 - ESENCIAL                                ,000 - JEANS                                   ,005 - DENIM                                   ,MOP-00000193,ST0004987                                         ,RETRO ULTRA IDEOLOGIA CENTRAL,IND01               ,CLARO,T-12,594,2026-06-03,CORTE
AGOSTO,029 - 3AGO1                                   ,STOP,005 - ESENCIAL                                ,000 - JEANS                                   ,005 - DENIM                                   ,MOP-00000193,ST0004987                                         ,RETRO ULTRA IDEOLOGIA CENTRAL,IND01               ,CLARO,T-5,152,2026-06-03,CORTE
JUNIO,021 - 2JUN1                                   ,STOP,008 - MODA                                    ,008 - PANTALONES                              ,002 - TEJIDO PLANO                            ,MOP-00000200,ST0004579                                         ,PANTALÓN T/ALTO CON AMARRE EN FRENTE,11-0602             ,MARFIL,T-10,652,2026-06-03,CORTE
JUNIO,021 - 2JUN1                                   ,STOP,008 - MODA                                    ,008 - PANTALONES                              ,002 - TEJIDO PLANO                            ,MOP-00000200,ST0004579                                         ,PANTALÓN T/ALTO CON AMARRE EN FRENTE,11-0602             ,MARFIL,T-12,482,2026-06-03,CORTE
JUNIO,021 - 2JUN1                                   ,STOP,008 - MODA                                    ,008 - PANTALONES                              ,002 - TEJIDO PLANO                            ,MOP-00000200,ST0004579                                         ,PANTALÓN T/ALTO CON AMARRE EN FRENTE,11-0602             ,MARFIL,T-14,313,2026-06-03,CORTE
JUNIO,021 - 2JUN1                                   ,STOP,008 - MODA                                    ,008 - PANTALONES                              ,002 - TEJIDO PLANO                            ,MOP-00000200,ST0004579                                         ,PANTALÓN T/ALTO CON AMARRE EN FRENTE,11-0602             ,MARFIL,T-6,483,2026-06-03,CORTE
JUNIO,021 - 2JUN1                                   ,STOP,008 - MODA                                    ,008 - PANTALONES                              ,002 - TEJIDO PLANO                            ,MOP-00000200,ST0004579                                         ,PANTALÓN T/ALTO CON AMARRE EN FRENTE,11-0602             ,MARFIL,T-8,685,2026-06-03,CORTE
AGOSTO,030 - 3AGO2                                   ,STOP,008 - MODA                                    ,001 - CAMISETA                                ,001 - TEJIDO PUNTO                            ,MOP-00000204,ST0000374                                         ,CAMISETA MANGA CORTA CON FLECOS,11-0602             ,MARFIL,T-L,318,2026-05-29,CORTE
AGOSTO,030 - 3AGO2                                   ,STOP,008 - MODA                                    ,001 - CAMISETA                                ,001 - TEJIDO PUNTO                            ,MOP-00000204,ST0000374                                         ,CAMISETA MANGA CORTA CON FLECOS,11-0602             ,MARFIL,T-M,577,2026-05-29,CORTE
AGOSTO,030 - 3AGO2                                   ,STOP,008 - MODA                                    ,001 - CAMISETA                                ,001 - TEJIDO PUNTO                            ,MOP-00000204,ST0000374                                         ,CAMISETA MANGA CORTA CON FLECOS,11-0602             ,MARFIL,T-S,435,2026-05-29,CORTE
AGOSTO,030 - 3AGO2                                   ,STOP,008 - MODA                                    ,001 - CAMISETA                                ,001 - TEJIDO PUNTO                            ,MOP-00000204,ST0000374                                         ,CAMISETA MANGA CORTA CON FLECOS,11-0602             ,MARFIL,T-XL,424,2026-05-29,CORTE
AGOSTO,030 - 3AGO2                                   ,STOP,008 - MODA                                    ,001 - CAMISETA                                ,001 - TEJIDO PUNTO                            ,MOP-00000204,ST0000374                                         ,CAMISETA MANGA CORTA CON FLECOS,11-0602             ,MARFIL,T-XS,106,2026-05-29,CORTE
AGOSTO,030 - 3AGO2                                   ,STOP,008 - MODA                                    ,001 - CAMISETA                                ,001 - TEJIDO PUNTO                            ,MOP-00000204,ST0000374                                         ,CAMISETA MANGA CORTA CON FLECOS,17-1142             ,LADRILLO,T-L,348,2026-05-29,CORTE
AGOSTO,030 - 3AGO2                                   ,STOP,008 - MODA                                    ,001 - CAMISETA                                ,001 - TEJIDO PUNTO                            ,MOP-00000204,ST0000374                                         ,CAMISETA MANGA CORTA CON FLECOS,17-1142             ,LADRILLO,T-M,591,2026-05-29,CORTE
AGOSTO,030 - 3AGO2                                   ,STOP,008 - MODA                                    ,001 - CAMISETA                                ,001 - TEJIDO PUNTO                            ,MOP-00000204,ST0000374                                         ,CAMISETA MANGA CORTA CON FLECOS,17-1142             ,LADRILLO,T-S,470,2026-05-29,CORTE
AGOSTO,030 - 3AGO2                                   ,STOP,008 - MODA                                    ,001 - CAMISETA                                ,001 - TEJIDO PUNTO                            ,MOP-00000204,ST0000374                                         ,CAMISETA MANGA CORTA CON FLECOS,17-1142             ,LADRILLO,T-XL,464,2026-05-29,CORTE
AGOSTO,030 - 3AGO2                                   ,STOP,008 - MODA                                    ,001 - CAMISETA                                ,001 - TEJIDO PUNTO                            ,MOP-00000204,ST0000374                                         ,CAMISETA MANGA CORTA CON FLECOS,17-1142             ,LADRILLO,T-XS,116,2026-05-29,CORTE
SEPTIEMBRE,035 - 3SEP3                                   ,STOP,008 - MODA                                    ,008 - PANTALONES                              ,002 - TEJIDO PLANO                            ,MOP-00000206,ST0000329                                         ,RETROJEAN TIRO ALTO BLANCO,11-0601             ,BLANCO,T-10,706,2026-06-01,CORTE
SEPTIEMBRE,035 - 3SEP3                                   ,STOP,008 - MODA                                    ,008 - PANTALONES                              ,002 - TEJIDO PLANO                            ,MOP-00000206,ST0000329                                         ,RETROJEAN TIRO ALTO BLANCO,11-0601             ,BLANCO,T-12,401,2026-06-01,CORTE
SEPTIEMBRE,035 - 3SEP3                                   ,STOP,008 - MODA                                    ,008 - PANTALONES                              ,002 - TEJIDO PLANO                            ,MOP-00000206,ST0000329                                         ,RETROJEAN TIRO ALTO BLANCO,11-0601             ,BLANCO,T-14,307,2026-06-01,CORTE
SEPTIEMBRE,035 - 3SEP3                                   ,STOP,008 - MODA                                    ,008 - PANTALONES                              ,002 - TEJIDO PLANO                            ,MOP-00000206,ST0000329                                         ,RETROJEAN TIRO ALTO BLANCO,11-0601             ,BLANCO,T-5,307,2026-06-01,CORTE
SEPTIEMBRE,035 - 3SEP3                                   ,STOP,008 - MODA                                    ,008 - PANTALONES                              ,002 - TEJIDO PLANO                            ,MOP-00000206,ST0000329                                         ,RETROJEAN TIRO ALTO BLANCO,11-0601             ,BLANCO,T-6,395,2026-06-01,CORTE
SEPTIEMBRE,035 - 3SEP3                                   ,STOP,008 - MODA                                    ,008 - PANTALONES                              ,002 - TEJIDO PLANO                            ,MOP-00000206,ST0000329                                         ,RETROJEAN TIRO ALTO BLANCO,11-0601             ,BLANCO,T-8,681,2026-06-01,CORTE
AGOSTO,031 - 3AGO3                                   ,STOP,008 - MODA                                    ,002 - BLUSA-CAMISA                            ,005 - DENIM                                   ,MOP-00000208,ST0000640                                         ,CAMISA MANGA LARGA LAV OSCURO,IND07               ,NEGRO OSCURO,T-L,462,2026-06-01,CORTE
AGOSTO,031 - 3AGO3                                   ,STOP,008 - MODA                                    ,002 - BLUSA-CAMISA                            ,005 - DENIM                                   ,MOP-00000208,ST0000640                                         ,CAMISA MANGA LARGA LAV OSCURO,IND07               ,NEGRO OSCURO,T-M,620,2026-06-01,CORTE
AGOSTO,031 - 3AGO3                                   ,STOP,008 - MODA                                    ,002 - BLUSA-CAMISA                            ,005 - DENIM                                   ,MOP-00000208,ST0000640                                         ,CAMISA MANGA LARGA LAV OSCURO,IND07               ,NEGRO OSCURO,T-S,464,2026-06-01,CORTE
AGOSTO,031 - 3AGO3                                   ,STOP,008 - MODA                                    ,002 - BLUSA-CAMISA                            ,005 - DENIM                                   ,MOP-00000208,ST0000640                                         ,CAMISA MANGA LARGA LAV OSCURO,IND07               ,NEGRO OSCURO,T-XL,308,2026-06-01,CORTE
AGOSTO,031 - 3AGO3                                   ,STOP,008 - MODA                                    ,002 - BLUSA-CAMISA                            ,005 - DENIM                                   ,MOP-00000208,ST0000640                                         ,CAMISA MANGA LARGA LAV OSCURO,IND07               ,NEGRO OSCURO,T-XS,154,2026-06-01,CORTE
AGOSTO,031 - 3AGO3                                   ,STOP,008 - MODA                                    ,001 - CAMISETA                                ,001 - TEJIDO PUNTO                            ,MOP-00000209,ST0000845                                         ,T-SHIRT  MANGA CORTA ESTAMPADA,18-3919             ,AZUL MEDIO,T-L,575,2026-06-04,CORTE
AGOSTO,031 - 3AGO3                                   ,STOP,008 - MODA                                    ,001 - CAMISETA                                ,001 - TEJIDO PUNTO                            ,MOP-00000209,ST0000845                                         ,T-SHIRT  MANGA CORTA ESTAMPADA,18-3919             ,AZUL MEDIO,T-M,774,2026-06-04,CORTE
AGOSTO,031 - 3AGO3                                   ,STOP,008 - MODA                                    ,001 - CAMISETA                                ,001 - TEJIDO PUNTO                            ,MOP-00000209,ST0000845                                         ,T-SHIRT  MANGA CORTA ESTAMPADA,18-3919             ,AZUL MEDIO,T-S,580,2026-06-04,CORTE
AGOSTO,031 - 3AGO3                                   ,STOP,008 - MODA                                    ,001 - CAMISETA                                ,001 - TEJIDO PUNTO                            ,MOP-00000209,ST0000845                                         ,T-SHIRT  MANGA CORTA ESTAMPADA,18-3919             ,AZUL MEDIO,T-XL,382,2026-06-04,CORTE
AGOSTO,031 - 3AGO3                                   ,STOP,008 - MODA                                    ,001 - CAMISETA                                ,001 - TEJIDO PUNTO                            ,MOP-00000209,ST0000845                                         ,T-SHIRT  MANGA CORTA ESTAMPADA,18-3919             ,AZUL MEDIO,T-XS,209,2026-06-04,CORTE
MARZO,010 - 1MAR2                                   ,STOP,005 - ESENCIAL                                ,002 - BLUSA-CAMISA                            ,002 - TEJIDO PLANO                            ,MOP-00000214,15004956                                          ,CAMISA MANGA 3/4 ESENCIAL,11-0601             ,BLANCO,T-L,384,2026-06-01,CORTE                                   
MARZO,010 - 1MAR2                                   ,STOP,005 - ESENCIAL                                ,002 - BLUSA-CAMISA                            ,002 - TEJIDO PLANO                            ,MOP-00000214,15004956                                          ,CAMISA MANGA 3/4 ESENCIAL,11-0601             ,BLANCO,T-M,280,2026-06-01,CORTE                                   
MARZO,010 - 1MAR2                                   ,STOP,005 - ESENCIAL                                ,002 - BLUSA-CAMISA                            ,002 - TEJIDO PLANO                            ,MOP-00000214,15004956                                          ,CAMISA MANGA 3/4 ESENCIAL,11-0601             ,BLANCO,T-S,291,2026-06-01,CORTE                                   
MARZO,010 - 1MAR2                                   ,STOP,005 - ESENCIAL                                ,002 - BLUSA-CAMISA                            ,002 - TEJIDO PLANO                            ,MOP-00000214,15004956                                          ,CAMISA MANGA 3/4 ESENCIAL,11-0601             ,BLANCO,T-XL,90,2026-06-01,CORTE                                   
MARZO,010 - 1MAR2                                   ,STOP,005 - ESENCIAL                                ,002 - BLUSA-CAMISA                            ,002 - TEJIDO PLANO                            ,MOP-00000215,15004956                                          ,CAMISA MANGA 3/4 ESENCIAL,14-4005             ,AZUL MEDIO,T-L,375,2026-05-29,CORTE                                   
MARZO,010 - 1MAR2                                   ,STOP,005 - ESENCIAL                                ,002 - BLUSA-CAMISA                            ,002 - TEJIDO PLANO                            ,MOP-00000215,15004956                                          ,CAMISA MANGA 3/4 ESENCIAL,14-4005             ,AZUL MEDIO,T-M,383,2026-05-29,CORTE                                   
MARZO,010 - 1MAR2                                   ,STOP,005 - ESENCIAL                                ,002 - BLUSA-CAMISA                            ,002 - TEJIDO PLANO                            ,MOP-00000215,15004956                                          ,CAMISA MANGA 3/4 ESENCIAL,14-4005             ,AZUL MEDIO,T-S,288,2026-05-29,CORTE                                   
MARZO,010 - 1MAR2                                   ,STOP,005 - ESENCIAL                                ,002 - BLUSA-CAMISA                            ,002 - TEJIDO PLANO                            ,MOP-00000215,15004956                                          ,CAMISA MANGA 3/4 ESENCIAL,14-4005             ,AZUL MEDIO,T-XL,93,2026-05-29,CORTE                                   
MARZO,041 - 4NOV1                                   ,STOP,004 - ESENCIAL MODA                           ,002 - BLUSA-CAMISA                            ,002 - TEJIDO PLANO                            ,MOP-00000216,15005955                                          ,CAMISA MANGA LARGA FONDO ENTERO ESENCIAL,11-0601             ,BLANCO,T-L,91,2026-05-30,CORTE                                   
MARZO,041 - 4NOV1                                   ,STOP,004 - ESENCIAL MODA                           ,002 - BLUSA-CAMISA                            ,002 - TEJIDO PLANO                            ,MOP-00000216,15005955                                          ,CAMISA MANGA LARGA FONDO ENTERO ESENCIAL,11-0601             ,BLANCO,T-M,275,2026-05-30,CORTE                                   
MARZO,041 - 4NOV1                                   ,STOP,004 - ESENCIAL MODA                           ,002 - BLUSA-CAMISA                            ,002 - TEJIDO PLANO                            ,MOP-00000216,15005955                                          ,CAMISA MANGA LARGA FONDO ENTERO ESENCIAL,11-0601             ,BLANCO,T-S,277,2026-05-30,CORTE                                   
MARZO,041 - 4NOV1                                   ,STOP,004 - ESENCIAL MODA                           ,002 - BLUSA-CAMISA                            ,002 - TEJIDO PLANO                            ,MOP-00000216,15005955                                          ,CAMISA MANGA LARGA FONDO ENTERO ESENCIAL,11-0601             ,BLANCO,T-XL,92,2026-05-30,CORTE                                   
OCTUBRE,038 - 4OCT2                                   ,STOP,005 - ESENCIAL                                ,001 - CAMISETA                                ,001 - TEJIDO PUNTO                            ,MOP-00000217,15006949                                          ,CAMISETA MANGA CORTA FONDO ENTERO,11-0602             ,MARFIL,T-L,279,2026-06-01,CORTE                                   
OCTUBRE,038 - 4OCT2                                   ,STOP,005 - ESENCIAL                                ,001 - CAMISETA                                ,001 - TEJIDO PUNTO                            ,MOP-00000217,15006949                                          ,CAMISETA MANGA CORTA FONDO ENTERO,11-0602             ,MARFIL,T-M,91,2026-06-01,CORTE                                   
OCTUBRE,038 - 4OCT2                                   ,STOP,005 - ESENCIAL                                ,001 - CAMISETA                                ,001 - TEJIDO PUNTO                            ,MOP-00000217,15006949                                          ,CAMISETA MANGA CORTA FONDO ENTERO,11-0602             ,MARFIL,T-S,91,2026-06-01,CORTE                                   
OCTUBRE,038 - 4OCT2                                   ,STOP,005 - ESENCIAL                                ,001 - CAMISETA                                ,001 - TEJIDO PUNTO                            ,MOP-00000217,15006949                                          ,CAMISETA MANGA CORTA FONDO ENTERO,11-0602             ,MARFIL,T-XL,362,2026-06-01,CORTE                                   
OCTUBRE,038 - 4OCT2                                   ,STOP,005 - ESENCIAL                                ,001 - CAMISETA                                ,001 - TEJIDO PUNTO                            ,MOP-00000217,15006949                                          ,CAMISETA MANGA CORTA FONDO ENTERO,19-4004             ,NEGRO,T-L,279,2026-06-01,CORTE                                   
OCTUBRE,038 - 4OCT2                                   ,STOP,005 - ESENCIAL                                ,001 - CAMISETA                                ,001 - TEJIDO PUNTO                            ,MOP-00000217,15006949                                          ,CAMISETA MANGA CORTA FONDO ENTERO,19-4004             ,NEGRO,T-M,356,2026-06-01,CORTE                                   
OCTUBRE,038 - 4OCT2                                   ,STOP,005 - ESENCIAL                                ,001 - CAMISETA                                ,001 - TEJIDO PUNTO                            ,MOP-00000217,15006949                                          ,CAMISETA MANGA CORTA FONDO ENTERO,19-4004             ,NEGRO,T-S,178,2026-06-01,CORTE                                   
OCTUBRE,038 - 4OCT2                                   ,STOP,005 - ESENCIAL                                ,001 - CAMISETA                                ,001 - TEJIDO PUNTO                            ,MOP-00000217,15006949                                          ,CAMISETA MANGA CORTA FONDO ENTERO,19-4004             ,NEGRO,T-XL,268,2026-06-01,CORTE                                   
ENERO,047 - 4DIC3                                   ,STOP,005 - ESENCIAL                                ,016 - TOP -BODY                               ,001 - TEJIDO PUNTO                            ,MOP-00000218,15006952                                          ,TOP PREMIUM MANGA SISA ESENCIAL,11-0601             ,BLANCO,T-L,291,2026-06-01,CORTE                                   
ENERO,047 - 4DIC3                                   ,STOP,005 - ESENCIAL                                ,016 - TOP -BODY                               ,001 - TEJIDO PUNTO                            ,MOP-00000218,15006952                                          ,TOP PREMIUM MANGA SISA ESENCIAL,11-0601             ,BLANCO,T-M,294,2026-06-01,CORTE                                   
ENERO,047 - 4DIC3                                   ,STOP,005 - ESENCIAL                                ,016 - TOP -BODY                               ,001 - TEJIDO PUNTO                            ,MOP-00000218,15006952                                          ,TOP PREMIUM MANGA SISA ESENCIAL,11-0601             ,BLANCO,T-S,97,2026-06-01,CORTE                                   
ENERO,047 - 4DIC3                                   ,STOP,005 - ESENCIAL                                ,016 - TOP -BODY                               ,001 - TEJIDO PUNTO                            ,MOP-00000218,15006952                                          ,TOP PREMIUM MANGA SISA ESENCIAL,11-0601             ,BLANCO,T-XL,194,2026-06-01,CORTE                                   
ENERO,047 - 4DIC3                                   ,STOP,005 - ESENCIAL                                ,016 - TOP -BODY                               ,001 - TEJIDO PUNTO                            ,MOP-00000218,15006952                                          ,TOP PREMIUM MANGA SISA ESENCIAL,11-0601             ,BLANCO,T-XS,97,2026-06-01,CORTE                                   
ENERO,047 - 4DIC3                                   ,STOP,005 - ESENCIAL                                ,016 - TOP -BODY                               ,001 - TEJIDO PUNTO                            ,MOP-00000218,15006952                                          ,TOP PREMIUM MANGA SISA ESENCIAL,19-4004             ,NEGRO,T-L,182,2026-06-01,CORTE                                   
ENERO,047 - 4DIC3                                   ,STOP,005 - ESENCIAL                                ,016 - TOP -BODY                               ,001 - TEJIDO PUNTO                            ,MOP-00000218,15006952                                          ,TOP PREMIUM MANGA SISA ESENCIAL,19-4004             ,NEGRO,T-M,183,2026-06-01,CORTE                                   
ENERO,047 - 4DIC3                                   ,STOP,005 - ESENCIAL                                ,016 - TOP -BODY                               ,001 - TEJIDO PUNTO                            ,MOP-00000218,15006952                                          ,TOP PREMIUM MANGA SISA ESENCIAL,19-4004             ,NEGRO,T-S,91,2026-06-01,CORTE                                   
ENERO,047 - 4DIC3                                   ,STOP,005 - ESENCIAL                                ,016 - TOP -BODY                               ,001 - TEJIDO PUNTO                            ,MOP-00000218,15006952                                          ,TOP PREMIUM MANGA SISA ESENCIAL,19-4004             ,NEGRO,T-XL,91,2026-06-01,CORTE                                   
NOVIEMBRE,042 - 4NOV2                                   ,STOP,005 - ESENCIAL                                ,001 - CAMISETA                                ,001 - TEJIDO PUNTO                            ,MOP-00000219,15007949                                          ,CAMISETA T-SHIRT MANGA CORTA  ESENCIAL,11-0602             ,MARFIL,T-L,200,2026-06-01,CORTE                                   
NOVIEMBRE,042 - 4NOV2                                   ,STOP,005 - ESENCIAL                                ,001 - CAMISETA                                ,001 - TEJIDO PUNTO                            ,MOP-00000219,15007949                                          ,CAMISETA T-SHIRT MANGA CORTA  ESENCIAL,11-0602             ,MARFIL,T-M,200,2026-06-01,CORTE                                   
NOVIEMBRE,042 - 4NOV2                                   ,STOP,005 - ESENCIAL                                ,001 - CAMISETA                                ,001 - TEJIDO PUNTO                            ,MOP-00000219,15007949                                          ,CAMISETA T-SHIRT MANGA CORTA  ESENCIAL,11-0602             ,MARFIL,T-XL,196,2026-06-01,CORTE                                   
MARZO,010 - 1MAR2                                   ,STOP,005 - ESENCIAL                                ,016 - TOP -BODY                               ,001 - TEJIDO PUNTO                            ,MOP-00000221,15008952                                          ,TOP PREMIUM SISA ESENCIAL,19-4004             ,NEGRO,T-M,288,2026-06-02,CORTE                                   
MARZO,010 - 1MAR2                                   ,STOP,005 - ESENCIAL                                ,016 - TOP -BODY                               ,001 - TEJIDO PUNTO                            ,MOP-00000221,15008952                                          ,TOP PREMIUM SISA ESENCIAL,19-4004             ,NEGRO,T-S,287,2026-06-02,CORTE                                   
MARZO,010 - 1MAR2                                   ,STOP,005 - ESENCIAL                                ,016 - TOP -BODY                               ,001 - TEJIDO PUNTO                            ,MOP-00000221,15008952                                          ,TOP PREMIUM SISA ESENCIAL,19-4004             ,NEGRO,T-XS,96,2026-06-02,CORTE                                   
DICIEMBRE,003 - 1ENE3                                   ,STOP,004 - ESENCIAL MODA                           ,001 - CAMISETA                                ,001 - TEJIDO PUNTO                            ,MOP-00000222,15009949                                          ,CAMISETA MANGA CORTA CON RUCHE ESENCIAL,11-0602             ,MARFIL,T-L,72,2026-06-06,2-CORTE
DICIEMBRE,003 - 1ENE3                                   ,STOP,004 - ESENCIAL MODA                           ,001 - CAMISETA                                ,001 - TEJIDO PUNTO                            ,MOP-00000222,15009949                                          ,CAMISETA MANGA CORTA CON RUCHE ESENCIAL,11-0602             ,MARFIL,T-M,72,2026-06-06,2-CORTE
DICIEMBRE,003 - 1ENE3                                   ,STOP,004 - ESENCIAL MODA                           ,001 - CAMISETA                                ,001 - TEJIDO PUNTO                            ,MOP-00000222,15009949                                          ,CAMISETA MANGA CORTA CON RUCHE ESENCIAL,11-0602             ,MARFIL,T-S,139,2026-06-06,2-CORTE
DICIEMBRE,003 - 1ENE3                                   ,STOP,004 - ESENCIAL MODA                           ,001 - CAMISETA                                ,001 - TEJIDO PUNTO                            ,MOP-00000222,15009949                                          ,CAMISETA MANGA CORTA CON RUCHE ESENCIAL,11-0602             ,MARFIL,T-XL,43,2026-06-06,2-CORTE
DICIEMBRE,003 - 1ENE3                                   ,STOP,004 - ESENCIAL MODA                           ,001 - CAMISETA                                ,001 - TEJIDO PUNTO                            ,MOP-00000222,15009949                                          ,CAMISETA MANGA CORTA CON RUCHE ESENCIAL,19-4004             ,NEGRO,T-L,80,2026-06-06,2-CORTE
DICIEMBRE,003 - 1ENE3                                   ,STOP,004 - ESENCIAL MODA                           ,001 - CAMISETA                                ,001 - TEJIDO PUNTO                            ,MOP-00000222,15009949                                          ,CAMISETA MANGA CORTA CON RUCHE ESENCIAL,19-4004             ,NEGRO,T-M,80,2026-06-06,2-CORTE
DICIEMBRE,003 - 1ENE3                                   ,STOP,004 - ESENCIAL MODA                           ,001 - CAMISETA                                ,001 - TEJIDO PUNTO                            ,MOP-00000222,15009949                                          ,CAMISETA MANGA CORTA CON RUCHE ESENCIAL,19-4004             ,NEGRO,T-S,79,2026-06-06,2-CORTE
DICIEMBRE,003 - 1ENE3                                   ,STOP,004 - ESENCIAL MODA                           ,001 - CAMISETA                                ,001 - TEJIDO PUNTO                            ,MOP-00000222,15009949                                          ,CAMISETA MANGA CORTA CON RUCHE ESENCIAL,19-4004             ,NEGRO,T-XL,75,2026-06-06,2-CORTE
SEPTIEMBRE,003 - 1ENE3                                   ,STOP,004 - ESENCIAL MODA                           ,004 - SOBRETODOS                              ,005 - DENIM                                   ,MOP-00000224,15014824                                          ,CHAQUETA DENIM ESENCIAL,IND02               ,MEDIO,T-L,101,2026-06-02,CORTE                                   
SEPTIEMBRE,003 - 1ENE3                                   ,STOP,004 - ESENCIAL MODA                           ,004 - SOBRETODOS                              ,005 - DENIM                                   ,MOP-00000224,15014824                                          ,CHAQUETA DENIM ESENCIAL,IND02               ,MEDIO,T-M,203,2026-06-02,CORTE                                   
SEPTIEMBRE,003 - 1ENE3                                   ,STOP,004 - ESENCIAL MODA                           ,004 - SOBRETODOS                              ,005 - DENIM                                   ,MOP-00000224,15014824                                          ,CHAQUETA DENIM ESENCIAL,IND02               ,MEDIO,T-S,203,2026-06-02,CORTE                                   
SEPTIEMBRE,003 - 1ENE3                                   ,STOP,004 - ESENCIAL MODA                           ,004 - SOBRETODOS                              ,005 - DENIM                                   ,MOP-00000225,15014824                                          ,CHAQUETA DENIM ESENCIAL,IND03               ,MEDIO OSCURO,T-L,100,2026-06-02,CORTE                                   
SEPTIEMBRE,003 - 1ENE3                                   ,STOP,004 - ESENCIAL MODA                           ,004 - SOBRETODOS                              ,005 - DENIM                                   ,MOP-00000225,15014824                                          ,CHAQUETA DENIM ESENCIAL,IND03               ,MEDIO OSCURO,T-M,100,2026-06-02,CORTE                                   
SEPTIEMBRE,003 - 1ENE3                                   ,STOP,004 - ESENCIAL MODA                           ,004 - SOBRETODOS                              ,005 - DENIM                                   ,MOP-00000225,15014824                                          ,CHAQUETA DENIM ESENCIAL,IND03               ,MEDIO OSCURO,T-S,128,2026-06-02,CORTE                                   
SEPTIEMBRE,003 - 1ENE3                                   ,STOP,004 - ESENCIAL MODA                           ,004 - SOBRETODOS                              ,005 - DENIM                                   ,MOP-00000225,15014824                                          ,CHAQUETA DENIM ESENCIAL,IND03               ,MEDIO OSCURO,T-XL,75,2026-06-02,CORTE                                   
ABRIL,047 - 4DIC3                                   ,STOP,005 - ESENCIAL                                ,004 - SOBRETODOS                              ,005 - DENIM                                   ,MOP-00000227,15015824                                          ,CHAQUETA DENIM NEGRA ESENCIAL,19-4004             ,NEGRO,T-L,90,2026-06-02,CORTE                                   
ABRIL,047 - 4DIC3                                   ,STOP,005 - ESENCIAL                                ,004 - SOBRETODOS                              ,005 - DENIM                                   ,MOP-00000227,15015824                                          ,CHAQUETA DENIM NEGRA ESENCIAL,19-4004             ,NEGRO,T-M,91,2026-06-02,CORTE                                   
ABRIL,047 - 4DIC3                                   ,STOP,005 - ESENCIAL                                ,004 - SOBRETODOS                              ,005 - DENIM                                   ,MOP-00000227,15015824                                          ,CHAQUETA DENIM NEGRA ESENCIAL,19-4004             ,NEGRO,T-XL,92,2026-06-02,CORTE                                   
AGOSTO,031 - 3AGO3                                   ,STOP,008 - MODA                                    ,016 - TOP -BODY                               ,001 - TEJIDO PUNTO                            ,MOP-00000230,ST0000768                                         ,TOP  MANGA LARGA CUELLO  BANDEJA ESTAM,19-1121             ,CAFE OSCURO,T-L,240,2026-06-01,CORTE
AGOSTO,031 - 3AGO3                                   ,STOP,008 - MODA                                    ,016 - TOP -BODY                               ,001 - TEJIDO PUNTO                            ,MOP-00000230,ST0000768                                         ,TOP  MANGA LARGA CUELLO  BANDEJA ESTAM,19-1121             ,CAFE OSCURO,T-M,306,2026-06-01,CORTE
AGOSTO,031 - 3AGO3                                   ,STOP,008 - MODA                                    ,016 - TOP -BODY                               ,001 - TEJIDO PUNTO                            ,MOP-00000230,ST0000768                                         ,TOP  MANGA LARGA CUELLO  BANDEJA ESTAM,19-1121             ,CAFE OSCURO,T-S,240,2026-06-01,CORTE
AGOSTO,031 - 3AGO3                                   ,STOP,008 - MODA                                    ,016 - TOP -BODY                               ,001 - TEJIDO PUNTO                            ,MOP-00000230,ST0000768                                         ,TOP  MANGA LARGA CUELLO  BANDEJA ESTAM,19-1121             ,CAFE OSCURO,T-XL,148,2026-06-01,CORTE
AGOSTO,031 - 3AGO3                                   ,STOP,008 - MODA                                    ,016 - TOP -BODY                               ,001 - TEJIDO PUNTO                            ,MOP-00000230,ST0000768                                         ,TOP  MANGA LARGA CUELLO  BANDEJA ESTAM,19-1121             ,CAFE OSCURO,T-XS,56,2026-06-01,CORTE
AGOSTO,029 - 3AGO1                                   ,STOP,005 - ESENCIAL                                ,000 - JEANS                                   ,005 - DENIM                                   ,MOP-00000231,ST0004987                                         ,RETRO ULTRA IDEOLOGIA CENTRAL,IND01               ,CLARO,T-14,327,2026-06-03,CORTE
AGOSTO,029 - 3AGO1                                   ,STOP,005 - ESENCIAL                                ,000 - JEANS                                   ,005 - DENIM                                   ,MOP-00000231,ST0004987                                         ,RETRO ULTRA IDEOLOGIA CENTRAL,IND01               ,CLARO,T-6,515,2026-06-03,CORTE
AGOSTO,029 - 3AGO1                                   ,STOP,005 - ESENCIAL                                ,000 - JEANS                                   ,005 - DENIM                                   ,MOP-00000231,ST0004987                                         ,RETRO ULTRA IDEOLOGIA CENTRAL,IND01               ,CLARO,T-8,897,2026-06-03,CORTE
