MES,GRUPO DE ENTREGA,MARCA,TIPO DE LINEA,LINEA,TIPO DE MATERIAL,O.P. NÚMERO,REFERENCIA,DESC. ITEM,DETALLE EXT. 1,DESC. NORMAL DETALLE EXT. 1,DESC. DETALLE EXT. 2,CANT. COMPLETA,FECHA CREACIÓN,DESC. OPERACION,DESC. C.TRABAJO
002 - FEBRERO                                 ,006 - 1FEB2                                   ,003 - YOYO                                    ,005 - ESENCIAL                                ,000 - JEANS                                   ,005 - DENIM                                   ,MOP-00000002,35010291                                          ,RETROMOM TIRO BAJO BOTA AMPLIA ESENCIAL,IND02               ,MEDIO,T-10     ,51,2026-04-28,CORTE,TRAZO Y CORTE
002 - FEBRERO                                 ,006 - 1FEB2                                   ,003 - YOYO                                    ,005 - ESENCIAL                                ,000 - JEANS                                   ,005 - DENIM                                   ,MOP-00000002,35010291                                          ,RETROMOM TIRO BAJO BOTA AMPLIA ESENCIAL,IND02               ,MEDIO,T-12     ,189,2026-04-28,CORTE,TRAZO Y CORTE
002 - FEBRERO                                 ,006 - 1FEB2                                   ,003 - YOYO                                    ,005 - ESENCIAL                                ,000 - JEANS                                   ,005 - DENIM                                   ,MOP-00000002,35010291                                          ,RETROMOM TIRO BAJO BOTA AMPLIA ESENCIAL,IND02               ,MEDIO,T-14     ,154,2026-04-28,CORTE,TRAZO Y CORTE
002 - FEBRERO                                 ,006 - 1FEB2                                   ,003 - YOYO                                    ,005 - ESENCIAL                                ,000 - JEANS                                   ,005 - DENIM                                   ,MOP-00000002,35010291                                          ,RETROMOM TIRO BAJO BOTA AMPLIA ESENCIAL,IND02               ,MEDIO,T-16     ,154,2026-04-28,CORTE,TRAZO Y CORTE
002 - FEBRERO                                 ,006 - 1FEB2                                   ,003 - YOYO                                    ,005 - ESENCIAL                                ,000 - JEANS                                   ,005 - DENIM                                   ,MOP-00000002,35010291                                          ,RETROMOM TIRO BAJO BOTA AMPLIA ESENCIAL,IND02               ,MEDIO,T-18     ,103,2026-04-28,CORTE,TRAZO Y CORTE
002 - FEBRERO                                 ,006 - 1FEB2                                   ,003 - YOYO                                    ,005 - ESENCIAL                                ,000 - JEANS                                   ,005 - DENIM                                   ,MOP-00000002,35010291                                          ,RETROMOM TIRO BAJO BOTA AMPLIA ESENCIAL,IND02               ,MEDIO,T-20     ,77,2026-04-28,CORTE,TRAZO Y CORTE
002 - FEBRERO                                 ,006 - 1FEB2                                   ,003 - YOYO                                    ,005 - ESENCIAL                                ,000 - JEANS                                   ,005 - DENIM                                   ,MOP-00000002,35010291                                          ,RETROMOM TIRO BAJO BOTA AMPLIA ESENCIAL,IND02               ,MEDIO,T-22     ,50,2026-04-28,CORTE,TRAZO Y CORTE
002 - FEBRERO                                 ,006 - 1FEB2                                   ,003 - YOYO                                    ,005 - ESENCIAL                                ,000 - JEANS                                   ,005 - DENIM                                   ,MOP-00000002,35010291                                          ,RETROMOM TIRO BAJO BOTA AMPLIA ESENCIAL,IND03               ,MEDIO OSCURO,T-10     ,51,2026-04-28,CORTE,TRAZO Y CORTE
002 - FEBRERO                                 ,006 - 1FEB2                                   ,003 - YOYO                                    ,005 - ESENCIAL                                ,000 - JEANS                                   ,005 - DENIM                                   ,MOP-00000002,35010291                                          ,RETROMOM TIRO BAJO BOTA AMPLIA ESENCIAL,IND03               ,MEDIO OSCURO,T-12     ,189,2026-04-28,CORTE,TRAZO Y CORTE
002 - FEBRERO                                 ,006 - 1FEB2                                   ,003 - YOYO                                    ,005 - ESENCIAL                                ,000 - JEANS                                   ,005 - DENIM                                   ,MOP-00000002,35010291                                          ,RETROMOM TIRO BAJO BOTA AMPLIA ESENCIAL,IND03               ,MEDIO OSCURO,T-14     ,154,2026-04-28,CORTE,TRAZO Y CORTE
002 - FEBRERO                                 ,006 - 1FEB2                                   ,003 - YOYO                                    ,005 - ESENCIAL                                ,000 - JEANS                                   ,005 - DENIM                                   ,MOP-00000002,35010291                                          ,RETROMOM TIRO BAJO BOTA AMPLIA ESENCIAL,IND03               ,MEDIO OSCURO,T-18     ,103,2026-04-28,CORTE,TRAZO Y CORTE
002 - FEBRERO                                 ,006 - 1FEB2                                   ,003 - YOYO                                    ,005 - ESENCIAL                                ,000 - JEANS                                   ,005 - DENIM                                   ,MOP-00000002,35010291                                          ,RETROMOM TIRO BAJO BOTA AMPLIA ESENCIAL,IND03               ,MEDIO OSCURO,T-20     ,77,2026-04-28,CORTE,TRAZO Y CORTE
002 - FEBRERO                                 ,006 - 1FEB2                                   ,003 - YOYO                                    ,005 - ESENCIAL                                ,000 - JEANS                                   ,005 - DENIM                                   ,MOP-00000002,35010291                                          ,RETROMOM TIRO BAJO BOTA AMPLIA ESENCIAL,IND03               ,MEDIO OSCURO,T-22     ,156,2026-04-28,CORTE,TRAZO Y CORTE
011 - NOVIEMBRE                               ,042 - 4NOV2                                   ,003 - YOYO                                    ,005 - ESENCIAL                                ,000 - JEANS                                   ,005 - DENIM                                   ,MOP-00000003,35054202                                          ,COOL DESCADERADO ESENCIAL,IND01               ,CLARO,T-14     ,96,2026-04-16,CORTE,TRAZO Y CORTE
011 - NOVIEMBRE                               ,042 - 4NOV2                                   ,003 - YOYO                                    ,005 - ESENCIAL                                ,000 - JEANS                                   ,005 - DENIM                                   ,MOP-00000003,35054202                                          ,COOL DESCADERADO ESENCIAL,IND01               ,CLARO,T-16     ,98,2026-04-16,CORTE,TRAZO Y CORTE
011 - NOVIEMBRE                               ,042 - 4NOV2                                   ,003 - YOYO                                    ,005 - ESENCIAL                                ,000 - JEANS                                   ,005 - DENIM                                   ,MOP-00000003,35054202                                          ,COOL DESCADERADO ESENCIAL,IND01               ,CLARO,T-18     ,94,2026-04-16,CORTE,TRAZO Y CORTE
011 - NOVIEMBRE                               ,042 - 4NOV2                                   ,003 - YOYO                                    ,005 - ESENCIAL                                ,000 - JEANS                                   ,005 - DENIM                                   ,MOP-00000003,35054202                                          ,COOL DESCADERADO ESENCIAL,IND01               ,CLARO,T-20     ,93,2026-04-16,CORTE,TRAZO Y CORTE
011 - NOVIEMBRE                               ,042 - 4NOV2                                   ,003 - YOYO                                    ,005 - ESENCIAL                                ,000 - JEANS                                   ,005 - DENIM                                   ,MOP-00000003,35054202                                          ,COOL DESCADERADO ESENCIAL,IND01               ,CLARO,T-22     ,93,2026-04-16,CORTE,TRAZO Y CORTE
011 - NOVIEMBRE                               ,042 - 4NOV2                                   ,003 - YOYO                                    ,005 - ESENCIAL                                ,000 - JEANS                                   ,005 - DENIM                                   ,MOP-00000003,35054202                                          ,COOL DESCADERADO ESENCIAL,IND02               ,MEDIO,T-12     ,98,2026-04-16,CORTE,TRAZO Y CORTE
011 - NOVIEMBRE                               ,042 - 4NOV2                                   ,003 - YOYO                                    ,005 - ESENCIAL                                ,000 - JEANS                                   ,005 - DENIM                                   ,MOP-00000003,35054202                                          ,COOL DESCADERADO ESENCIAL,IND02               ,MEDIO,T-14     ,97,2026-04-16,CORTE,TRAZO Y CORTE
011 - NOVIEMBRE                               ,042 - 4NOV2                                   ,003 - YOYO                                    ,005 - ESENCIAL                                ,000 - JEANS                                   ,005 - DENIM                                   ,MOP-00000003,35054202                                          ,COOL DESCADERADO ESENCIAL,IND02               ,MEDIO,T-16     ,98,2026-04-16,CORTE,TRAZO Y CORTE
011 - NOVIEMBRE                               ,042 - 4NOV2                                   ,003 - YOYO                                    ,005 - ESENCIAL                                ,000 - JEANS                                   ,005 - DENIM                                   ,MOP-00000003,35054202                                          ,COOL DESCADERADO ESENCIAL,IND02               ,MEDIO,T-18     ,94,2026-04-16,CORTE,TRAZO Y CORTE
011 - NOVIEMBRE                               ,042 - 4NOV2                                   ,003 - YOYO                                    ,005 - ESENCIAL                                ,000 - JEANS                                   ,005 - DENIM                                   ,MOP-00000003,35054202                                          ,COOL DESCADERADO ESENCIAL,IND02               ,MEDIO,T-20     ,93,2026-04-16,CORTE,TRAZO Y CORTE
011 - NOVIEMBRE                               ,042 - 4NOV2                                   ,003 - YOYO                                    ,005 - ESENCIAL                                ,000 - JEANS                                   ,005 - DENIM                                   ,MOP-00000003,35054202                                          ,COOL DESCADERADO ESENCIAL,IND02               ,MEDIO,T-22     ,93,2026-04-16,CORTE,TRAZO Y CORTE
006 - JUNIO                                   ,023 - 2JUN3                                   ,003 - YOYO                                    ,008 - MODA                                    ,003 - CORTOS                                  ,005 - DENIM                                   ,MOP-00000005,YY0001042                                         ,SHORT TIRO ALTO TP LAV MEDIO,IND02               ,MEDIO,T-12     ,445,2026-04-27,CORTE,TRAZO Y CORTE
006 - JUNIO                                   ,023 - 2JUN3                                   ,003 - YOYO                                    ,008 - MODA                                    ,003 - CORTOS                                  ,005 - DENIM                                   ,MOP-00000005,YY0001042                                         ,SHORT TIRO ALTO TP LAV MEDIO,IND02               ,MEDIO,T-14     ,445,2026-04-27,CORTE,TRAZO Y CORTE
006 - JUNIO                                   ,023 - 2JUN3                                   ,003 - YOYO                                    ,008 - MODA                                    ,003 - CORTOS                                  ,005 - DENIM                                   ,MOP-00000005,YY0001042                                         ,SHORT TIRO ALTO TP LAV MEDIO,IND02               ,MEDIO,T-16     ,445,2026-04-27,CORTE,TRAZO Y CORTE
006 - JUNIO                                   ,023 - 2JUN3                                   ,003 - YOYO                                    ,008 - MODA                                    ,003 - CORTOS                                  ,005 - DENIM                                   ,MOP-00000005,YY0001042                                         ,SHORT TIRO ALTO TP LAV MEDIO,IND02               ,MEDIO,T-18     ,356,2026-04-27,CORTE,TRAZO Y CORTE
006 - JUNIO                                   ,023 - 2JUN3                                   ,003 - YOYO                                    ,008 - MODA                                    ,003 - CORTOS                                  ,005 - DENIM                                   ,MOP-00000005,YY0001042                                         ,SHORT TIRO ALTO TP LAV MEDIO,IND02               ,MEDIO,T-20     ,267,2026-04-27,CORTE,TRAZO Y CORTE
006 - JUNIO                                   ,023 - 2JUN3                                   ,003 - YOYO                                    ,008 - MODA                                    ,003 - CORTOS                                  ,005 - DENIM                                   ,MOP-00000005,YY0001042                                         ,SHORT TIRO ALTO TP LAV MEDIO,IND02               ,MEDIO,T-22     ,178,2026-04-27,CORTE,TRAZO Y CORTE
006 - JUNIO                                   ,021 - 2JUN1                                   ,003 - YOYO                                    ,008 - MODA                                    ,000 - JEANS                                   ,005 - DENIM                                   ,MOP-00000008,YY0001079                                         ,CARGO TIRO MEDIO TP  LAV MEDIO  ,IND02               ,MEDIO,T-12     ,109,2026-04-11,CORTE,TRAZO Y CORTE
006 - JUNIO                                   ,021 - 2JUN1                                   ,003 - YOYO                                    ,008 - MODA                                    ,000 - JEANS                                   ,005 - DENIM                                   ,MOP-00000008,YY0001079                                         ,CARGO TIRO MEDIO TP  LAV MEDIO  ,IND02               ,MEDIO,T-14     ,135,2026-04-11,CORTE,TRAZO Y CORTE
006 - JUNIO                                   ,021 - 2JUN1                                   ,003 - YOYO                                    ,008 - MODA                                    ,000 - JEANS                                   ,005 - DENIM                                   ,MOP-00000008,YY0001079                                         ,CARGO TIRO MEDIO TP  LAV MEDIO  ,IND02               ,MEDIO,T-16     ,135,2026-04-11,CORTE,TRAZO Y CORTE
006 - JUNIO                                   ,021 - 2JUN1                                   ,003 - YOYO                                    ,008 - MODA                                    ,000 - JEANS                                   ,005 - DENIM                                   ,MOP-00000008,YY0001079                                         ,CARGO TIRO MEDIO TP  LAV MEDIO  ,IND02               ,MEDIO,T-18     ,91,2026-04-11,CORTE,TRAZO Y CORTE
006 - JUNIO                                   ,021 - 2JUN1                                   ,003 - YOYO                                    ,008 - MODA                                    ,000 - JEANS                                   ,005 - DENIM                                   ,MOP-00000008,YY0001079                                         ,CARGO TIRO MEDIO TP  LAV MEDIO  ,IND02               ,MEDIO,T-20     ,67,2026-04-11,CORTE,TRAZO Y CORTE
006 - JUNIO                                   ,021 - 2JUN1                                   ,003 - YOYO                                    ,008 - MODA                                    ,000 - JEANS                                   ,005 - DENIM                                   ,MOP-00000008,YY0001079                                         ,CARGO TIRO MEDIO TP  LAV MEDIO  ,IND02               ,MEDIO,T-22     ,43,2026-04-11,CORTE,TRAZO Y CORTE
006 - JUNIO                                   ,021 - 2JUN1                                   ,003 - YOYO                                    ,008 - MODA                                    ,000 - JEANS                                   ,005 - DENIM                                   ,MOP-00000009,YY0001085                                         ,CARGO TIRO MEDIO TP  LAV MEDIO   ,IND02               ,MEDIO,T-12     ,374,2026-04-10,CORTE,TRAZO Y CORTE
006 - JUNIO                                   ,021 - 2JUN1                                   ,003 - YOYO                                    ,008 - MODA                                    ,000 - JEANS                                   ,005 - DENIM                                   ,MOP-00000009,YY0001085                                         ,CARGO TIRO MEDIO TP  LAV MEDIO   ,IND02               ,MEDIO,T-14     ,421,2026-04-10,CORTE,TRAZO Y CORTE
006 - JUNIO                                   ,021 - 2JUN1                                   ,003 - YOYO                                    ,008 - MODA                                    ,000 - JEANS                                   ,005 - DENIM                                   ,MOP-00000009,YY0001085                                         ,CARGO TIRO MEDIO TP  LAV MEDIO   ,IND02               ,MEDIO,T-16     ,421,2026-04-10,CORTE,TRAZO Y CORTE
006 - JUNIO                                   ,021 - 2JUN1                                   ,003 - YOYO                                    ,008 - MODA                                    ,000 - JEANS                                   ,005 - DENIM                                   ,MOP-00000009,YY0001085                                         ,CARGO TIRO MEDIO TP  LAV MEDIO   ,IND02               ,MEDIO,T-18     ,288,2026-04-10,CORTE,TRAZO Y CORTE
006 - JUNIO                                   ,021 - 2JUN1                                   ,003 - YOYO                                    ,008 - MODA                                    ,000 - JEANS                                   ,005 - DENIM                                   ,MOP-00000009,YY0001085                                         ,CARGO TIRO MEDIO TP  LAV MEDIO   ,IND02               ,MEDIO,T-20     ,192,2026-04-10,CORTE,TRAZO Y CORTE
006 - JUNIO                                   ,021 - 2JUN1                                   ,003 - YOYO                                    ,008 - MODA                                    ,000 - JEANS                                   ,005 - DENIM                                   ,MOP-00000009,YY0001085                                         ,CARGO TIRO MEDIO TP  LAV MEDIO   ,IND02               ,MEDIO,T-22     ,144,2026-04-10,CORTE,TRAZO Y CORTE
006 - JUNIO                                   ,021 - 2JUN1                                   ,003 - YOYO                                    ,008 - MODA                                    ,010 - PRENDAS DE MODA                         ,001 - TEJIDO PUNTO                            ,MOP-00000010,YY0001078                                         ,VESTIDO MC TP AJUSTADO ESTAMPADO,18-0322             ,VERDE MILITAR,T-14     ,393,2026-04-14,CORTE,TRAZO Y CORTE
006 - JUNIO                                   ,021 - 2JUN1                                   ,003 - YOYO                                    ,008 - MODA                                    ,010 - PRENDAS DE MODA                         ,001 - TEJIDO PUNTO                            ,MOP-00000010,YY0001078                                         ,VESTIDO MC TP AJUSTADO ESTAMPADO,18-0322             ,VERDE MILITAR,T-16     ,296,2026-04-14,CORTE,TRAZO Y CORTE
006 - JUNIO                                   ,021 - 2JUN1                                   ,003 - YOYO                                    ,008 - MODA                                    ,010 - PRENDAS DE MODA                         ,001 - TEJIDO PUNTO                            ,MOP-00000010,YY0001078                                         ,VESTIDO MC TP AJUSTADO ESTAMPADO,18-0322             ,VERDE MILITAR,T-18     ,222,2026-04-14,CORTE,TRAZO Y CORTE
006 - JUNIO                                   ,021 - 2JUN1                                   ,003 - YOYO                                    ,008 - MODA                                    ,010 - PRENDAS DE MODA                         ,001 - TEJIDO PUNTO                            ,MOP-00000010,YY0001078                                         ,VESTIDO MC TP AJUSTADO ESTAMPADO,18-0322             ,VERDE MILITAR,T-20     ,222,2026-04-14,CORTE,TRAZO Y CORTE
006 - JUNIO                                   ,021 - 2JUN1                                   ,003 - YOYO                                    ,008 - MODA                                    ,010 - PRENDAS DE MODA                         ,001 - TEJIDO PUNTO                            ,MOP-00000010,YY0001078                                         ,VESTIDO MC TP AJUSTADO ESTAMPADO,18-0322             ,VERDE MILITAR,T-22     ,148,2026-04-14,CORTE,TRAZO Y CORTE
006 - JUNIO                                   ,021 - 2JUN1                                   ,003 - YOYO                                    ,008 - MODA                                    ,003 - CORTOS                                  ,005 - DENIM                                   ,MOP-00000011,YY0001084                                         ,SHORT TIRO ALTO TP LAV CLARO  ,IND01               ,CLARO,T-10     ,185,2026-04-14,CORTE,TRAZO Y CORTE
006 - JUNIO                                   ,021 - 2JUN1                                   ,003 - YOYO                                    ,008 - MODA                                    ,003 - CORTOS                                  ,005 - DENIM                                   ,MOP-00000011,YY0001084                                         ,SHORT TIRO ALTO TP LAV CLARO  ,IND01               ,CLARO,T-12     ,462,2026-04-14,CORTE,TRAZO Y CORTE
006 - JUNIO                                   ,021 - 2JUN1                                   ,003 - YOYO                                    ,008 - MODA                                    ,003 - CORTOS                                  ,005 - DENIM                                   ,MOP-00000011,YY0001084                                         ,SHORT TIRO ALTO TP LAV CLARO  ,IND01               ,CLARO,T-14     ,469,2026-04-14,CORTE,TRAZO Y CORTE
006 - JUNIO                                   ,021 - 2JUN1                                   ,003 - YOYO                                    ,008 - MODA                                    ,003 - CORTOS                                  ,005 - DENIM                                   ,MOP-00000011,YY0001084                                         ,SHORT TIRO ALTO TP LAV CLARO  ,IND01               ,CLARO,T-16     ,468,2026-04-14,CORTE,TRAZO Y CORTE
006 - JUNIO                                   ,021 - 2JUN1                                   ,003 - YOYO                                    ,008 - MODA                                    ,003 - CORTOS                                  ,005 - DENIM                                   ,MOP-00000011,YY0001084                                         ,SHORT TIRO ALTO TP LAV CLARO  ,IND01               ,CLARO,T-18     ,370,2026-04-14,CORTE,TRAZO Y CORTE
006 - JUNIO                                   ,021 - 2JUN1                                   ,003 - YOYO                                    ,008 - MODA                                    ,003 - CORTOS                                  ,005 - DENIM                                   ,MOP-00000011,YY0001084                                         ,SHORT TIRO ALTO TP LAV CLARO  ,IND01               ,CLARO,T-20     ,185,2026-04-14,CORTE,TRAZO Y CORTE
006 - JUNIO                                   ,021 - 2JUN1                                   ,003 - YOYO                                    ,008 - MODA                                    ,003 - CORTOS                                  ,005 - DENIM                                   ,MOP-00000011,YY0001084                                         ,SHORT TIRO ALTO TP LAV CLARO  ,IND01               ,CLARO,T-22     ,185,2026-04-14,CORTE,TRAZO Y CORTE
002 - FEBRERO                                 ,042 - 4NOV2                                   ,003 - YOYO                                    ,005 - ESENCIAL                                ,001 - CAMISETA                                ,001 - TEJIDO PUNTO                            ,MOP-00000012,35054249                                          ,CAMISETA  POLO MANGA CORTA ESENCIAL,11-0602             ,MARFIL,T-14     ,260,2026-04-15,CORTE,TRAZO Y CORTE
002 - FEBRERO                                 ,042 - 4NOV2                                   ,003 - YOYO                                    ,005 - ESENCIAL                                ,001 - CAMISETA                                ,001 - TEJIDO PUNTO                            ,MOP-00000012,35054249                                          ,CAMISETA  POLO MANGA CORTA ESENCIAL,11-0602             ,MARFIL,T-16     ,260,2026-04-15,CORTE,TRAZO Y CORTE
002 - FEBRERO                                 ,042 - 4NOV2                                   ,003 - YOYO                                    ,005 - ESENCIAL                                ,001 - CAMISETA                                ,001 - TEJIDO PUNTO                            ,MOP-00000012,35054249                                          ,CAMISETA  POLO MANGA CORTA ESENCIAL,11-0602             ,MARFIL,T-18     ,238,2026-04-15,CORTE,TRAZO Y CORTE
002 - FEBRERO                                 ,042 - 4NOV2                                   ,003 - YOYO                                    ,005 - ESENCIAL                                ,001 - CAMISETA                                ,001 - TEJIDO PUNTO                            ,MOP-00000012,35054249                                          ,CAMISETA  POLO MANGA CORTA ESENCIAL,11-0602             ,MARFIL,T-20     ,238,2026-04-15,CORTE,TRAZO Y CORTE
002 - FEBRERO                                 ,042 - 4NOV2                                   ,003 - YOYO                                    ,005 - ESENCIAL                                ,001 - CAMISETA                                ,001 - TEJIDO PUNTO                            ,MOP-00000012,35054249                                          ,CAMISETA  POLO MANGA CORTA ESENCIAL,11-0602             ,MARFIL,T-22     ,116,2026-04-15,CORTE,TRAZO Y CORTE
002 - FEBRERO                                 ,042 - 4NOV2                                   ,003 - YOYO                                    ,005 - ESENCIAL                                ,001 - CAMISETA                                ,001 - TEJIDO PUNTO                            ,MOP-00000012,35054249                                          ,CAMISETA  POLO MANGA CORTA ESENCIAL,19-4004             ,NEGRO,T-14     ,141,2026-04-15,CORTE,TRAZO Y CORTE
002 - FEBRERO                                 ,042 - 4NOV2                                   ,003 - YOYO                                    ,005 - ESENCIAL                                ,001 - CAMISETA                                ,001 - TEJIDO PUNTO                            ,MOP-00000012,35054249                                          ,CAMISETA  POLO MANGA CORTA ESENCIAL,19-4004             ,NEGRO,T-16     ,141,2026-04-15,CORTE,TRAZO Y CORTE
002 - FEBRERO                                 ,042 - 4NOV2                                   ,003 - YOYO                                    ,005 - ESENCIAL                                ,001 - CAMISETA                                ,001 - TEJIDO PUNTO                            ,MOP-00000012,35054249                                          ,CAMISETA  POLO MANGA CORTA ESENCIAL,19-4004             ,NEGRO,T-18     ,141,2026-04-15,CORTE,TRAZO Y CORTE
002 - FEBRERO                                 ,042 - 4NOV2                                   ,003 - YOYO                                    ,005 - ESENCIAL                                ,001 - CAMISETA                                ,001 - TEJIDO PUNTO                            ,MOP-00000012,35054249                                          ,CAMISETA  POLO MANGA CORTA ESENCIAL,19-4004             ,NEGRO,T-20     ,141,2026-04-15,CORTE,TRAZO Y CORTE
002 - FEBRERO                                 ,042 - 4NOV2                                   ,003 - YOYO                                    ,005 - ESENCIAL                                ,001 - CAMISETA                                ,001 - TEJIDO PUNTO                            ,MOP-00000012,35054249                                          ,CAMISETA  POLO MANGA CORTA ESENCIAL,19-4004             ,NEGRO,T-22     ,47,2026-04-15,CORTE,TRAZO Y CORTE
006 - JUNIO                                   ,023 - 2JUN3                                   ,003 - YOYO                                    ,008 - MODA                                    ,003 - CORTOS                                  ,005 - DENIM                                   ,MOP-00000013,YY0001083                                         ,FALDA TIRO ALTO TP LAV CLARO  ,IND01               ,CLARO,T-14     ,445,2026-04-15,CORTE,TRAZO Y CORTE
006 - JUNIO                                   ,023 - 2JUN3                                   ,003 - YOYO                                    ,008 - MODA                                    ,003 - CORTOS                                  ,005 - DENIM                                   ,MOP-00000013,YY0001083                                         ,FALDA TIRO ALTO TP LAV CLARO  ,IND01               ,CLARO,T-16     ,445,2026-04-15,CORTE,TRAZO Y CORTE
006 - JUNIO                                   ,023 - 2JUN3                                   ,003 - YOYO                                    ,008 - MODA                                    ,003 - CORTOS                                  ,005 - DENIM                                   ,MOP-00000013,YY0001083                                         ,FALDA TIRO ALTO TP LAV CLARO  ,IND01               ,CLARO,T-18     ,356,2026-04-15,CORTE,TRAZO Y CORTE
006 - JUNIO                                   ,023 - 2JUN3                                   ,003 - YOYO                                    ,008 - MODA                                    ,003 - CORTOS                                  ,005 - DENIM                                   ,MOP-00000013,YY0001083                                         ,FALDA TIRO ALTO TP LAV CLARO  ,IND01               ,CLARO,T-20     ,267,2026-04-15,CORTE,TRAZO Y CORTE
006 - JUNIO                                   ,023 - 2JUN3                                   ,003 - YOYO                                    ,008 - MODA                                    ,003 - CORTOS                                  ,005 - DENIM                                   ,MOP-00000013,YY0001083                                         ,FALDA TIRO ALTO TP LAV CLARO  ,IND01               ,CLARO,T-22     ,179,2026-04-15,CORTE,TRAZO Y CORTE
003 - MARZO                                   ,009 - 1MAR1                                   ,003 - YOYO                                    ,005 - ESENCIAL                                ,000 - JEANS                                   ,005 - DENIM                                   ,MOP-00000014,35011291                                          ,RETROMOM TIRO ALTO ESENCIAL,IND02               ,MEDIO,T-10     ,151,2026-04-16,CORTE,TRAZO Y CORTE
003 - MARZO                                   ,009 - 1MAR1                                   ,003 - YOYO                                    ,005 - ESENCIAL                                ,000 - JEANS                                   ,005 - DENIM                                   ,MOP-00000014,35011291                                          ,RETROMOM TIRO ALTO ESENCIAL,IND02               ,MEDIO,T-12     ,150,2026-04-16,CORTE,TRAZO Y CORTE
003 - MARZO                                   ,009 - 1MAR1                                   ,003 - YOYO                                    ,005 - ESENCIAL                                ,000 - JEANS                                   ,005 - DENIM                                   ,MOP-00000014,35011291                                          ,RETROMOM TIRO ALTO ESENCIAL,IND02               ,MEDIO,T-14     ,304,2026-04-16,CORTE,TRAZO Y CORTE
003 - MARZO                                   ,009 - 1MAR1                                   ,003 - YOYO                                    ,005 - ESENCIAL                                ,000 - JEANS                                   ,005 - DENIM                                   ,MOP-00000014,35011291                                          ,RETROMOM TIRO ALTO ESENCIAL,IND02               ,MEDIO,T-16     ,300,2026-04-16,CORTE,TRAZO Y CORTE
003 - MARZO                                   ,009 - 1MAR1                                   ,003 - YOYO                                    ,005 - ESENCIAL                                ,000 - JEANS                                   ,005 - DENIM                                   ,MOP-00000014,35011291                                          ,RETROMOM TIRO ALTO ESENCIAL,IND02               ,MEDIO,T-18     ,150,2026-04-16,CORTE,TRAZO Y CORTE
003 - MARZO                                   ,009 - 1MAR1                                   ,003 - YOYO                                    ,005 - ESENCIAL                                ,000 - JEANS                                   ,005 - DENIM                                   ,MOP-00000014,35011291                                          ,RETROMOM TIRO ALTO ESENCIAL,IND02               ,MEDIO,T-20     ,150,2026-04-16,CORTE,TRAZO Y CORTE
003 - MARZO                                   ,009 - 1MAR1                                   ,003 - YOYO                                    ,005 - ESENCIAL                                ,000 - JEANS                                   ,005 - DENIM                                   ,MOP-00000014,35011291                                          ,RETROMOM TIRO ALTO ESENCIAL,IND02               ,MEDIO,T-22     ,150,2026-04-16,CORTE,TRAZO Y CORTE
003 - MARZO                                   ,009 - 1MAR1                                   ,003 - YOYO                                    ,005 - ESENCIAL                                ,000 - JEANS                                   ,005 - DENIM                                   ,MOP-00000015,35011291                                          ,RETROMOM TIRO ALTO ESENCIAL,IND03               ,MEDIO OSCURO,T-10     ,131,2026-04-16,CORTE,TRAZO Y CORTE
003 - MARZO                                   ,009 - 1MAR1                                   ,003 - YOYO                                    ,005 - ESENCIAL                                ,000 - JEANS                                   ,005 - DENIM                                   ,MOP-00000015,35011291                                          ,RETROMOM TIRO ALTO ESENCIAL,IND03               ,MEDIO OSCURO,T-12     ,317,2026-04-16,CORTE,TRAZO Y CORTE
003 - MARZO                                   ,009 - 1MAR1                                   ,003 - YOYO                                    ,005 - ESENCIAL                                ,000 - JEANS                                   ,005 - DENIM                                   ,MOP-00000015,35011291                                          ,RETROMOM TIRO ALTO ESENCIAL,IND03               ,MEDIO OSCURO,T-14     ,319,2026-04-16,CORTE,TRAZO Y CORTE
003 - MARZO                                   ,009 - 1MAR1                                   ,003 - YOYO                                    ,005 - ESENCIAL                                ,000 - JEANS                                   ,005 - DENIM                                   ,MOP-00000015,35011291                                          ,RETROMOM TIRO ALTO ESENCIAL,IND03               ,MEDIO OSCURO,T-16     ,319,2026-04-16,CORTE,TRAZO Y CORTE
003 - MARZO                                   ,009 - 1MAR1                                   ,003 - YOYO                                    ,005 - ESENCIAL                                ,000 - JEANS                                   ,005 - DENIM                                   ,MOP-00000015,35011291                                          ,RETROMOM TIRO ALTO ESENCIAL,IND03               ,MEDIO OSCURO,T-18     ,131,2026-04-16,CORTE,TRAZO Y CORTE
003 - MARZO                                   ,009 - 1MAR1                                   ,003 - YOYO                                    ,005 - ESENCIAL                                ,000 - JEANS                                   ,005 - DENIM                                   ,MOP-00000015,35011291                                          ,RETROMOM TIRO ALTO ESENCIAL,IND03               ,MEDIO OSCURO,T-20     ,131,2026-04-16,CORTE,TRAZO Y CORTE
003 - MARZO                                   ,009 - 1MAR1                                   ,003 - YOYO                                    ,005 - ESENCIAL                                ,000 - JEANS                                   ,005 - DENIM                                   ,MOP-00000015,35011291                                          ,RETROMOM TIRO ALTO ESENCIAL,IND03               ,MEDIO OSCURO,T-22     ,131,2026-04-16,CORTE,TRAZO Y CORTE
011 - NOVIEMBRE                               ,042 - 4NOV2                                   ,003 - YOYO                                    ,005 - ESENCIAL                                ,004 - SOBRETODOS                              ,005 - DENIM                                   ,MOP-00000016,35014724                                          ,CHAQUETA DENIM ESENCIAL,IND02               ,MEDIO,T-10     ,102,2026-04-15,CORTE,TRAZO Y CORTE
011 - NOVIEMBRE                               ,042 - 4NOV2                                   ,003 - YOYO                                    ,005 - ESENCIAL                                ,004 - SOBRETODOS                              ,005 - DENIM                                   ,MOP-00000016,35014724                                          ,CHAQUETA DENIM ESENCIAL,IND02               ,MEDIO,T-12     ,102,2026-04-15,CORTE,TRAZO Y CORTE
011 - NOVIEMBRE                               ,042 - 4NOV2                                   ,003 - YOYO                                    ,005 - ESENCIAL                                ,004 - SOBRETODOS                              ,005 - DENIM                                   ,MOP-00000016,35014724                                          ,CHAQUETA DENIM ESENCIAL,IND02               ,MEDIO,T-14     ,201,2026-04-15,CORTE,TRAZO Y CORTE
011 - NOVIEMBRE                               ,042 - 4NOV2                                   ,003 - YOYO                                    ,005 - ESENCIAL                                ,004 - SOBRETODOS                              ,005 - DENIM                                   ,MOP-00000016,35014724                                          ,CHAQUETA DENIM ESENCIAL,IND02               ,MEDIO,T-16     ,302,2026-04-15,CORTE,TRAZO Y CORTE
011 - NOVIEMBRE                               ,042 - 4NOV2                                   ,003 - YOYO                                    ,005 - ESENCIAL                                ,004 - SOBRETODOS                              ,005 - DENIM                                   ,MOP-00000016,35014724                                          ,CHAQUETA DENIM ESENCIAL,IND02               ,MEDIO,T-18     ,200,2026-04-15,CORTE,TRAZO Y CORTE
011 - NOVIEMBRE                               ,042 - 4NOV2                                   ,003 - YOYO                                    ,005 - ESENCIAL                                ,004 - SOBRETODOS                              ,005 - DENIM                                   ,MOP-00000016,35014724                                          ,CHAQUETA DENIM ESENCIAL,IND02               ,MEDIO,T-20     ,302,2026-04-15,CORTE,TRAZO Y CORTE
011 - NOVIEMBRE                               ,042 - 4NOV2                                   ,003 - YOYO                                    ,005 - ESENCIAL                                ,004 - SOBRETODOS                              ,005 - DENIM                                   ,MOP-00000016,35014724                                          ,CHAQUETA DENIM ESENCIAL,IND02               ,MEDIO,T-22     ,102,2026-04-15,CORTE,TRAZO Y CORTE
006 - JUNIO                                   ,023 - 2JUN3                                   ,003 - YOYO                                    ,008 - MODA                                    ,001 - CAMISETA                                ,001 - TEJIDO PUNTO                            ,MOP-00000017,YY0001075                                         ,CAMISETA PREMIUM  MC  CON  SESGOS CONTRA,11-0602             ,MARFIL,T-14     ,442,2026-04-16,CORTE,TRAZO Y CORTE
006 - JUNIO                                   ,023 - 2JUN3                                   ,003 - YOYO                                    ,008 - MODA                                    ,001 - CAMISETA                                ,001 - TEJIDO PUNTO                            ,MOP-00000017,YY0001075                                         ,CAMISETA PREMIUM  MC  CON  SESGOS CONTRA,11-0602             ,MARFIL,T-16     ,432,2026-04-16,CORTE,TRAZO Y CORTE
006 - JUNIO                                   ,023 - 2JUN3                                   ,003 - YOYO                                    ,008 - MODA                                    ,001 - CAMISETA                                ,001 - TEJIDO PUNTO                            ,MOP-00000017,YY0001075                                         ,CAMISETA PREMIUM  MC  CON  SESGOS CONTRA,11-0602             ,MARFIL,T-18     ,432,2026-04-16,CORTE,TRAZO Y CORTE
006 - JUNIO                                   ,023 - 2JUN3                                   ,003 - YOYO                                    ,008 - MODA                                    ,001 - CAMISETA                                ,001 - TEJIDO PUNTO                            ,MOP-00000017,YY0001075                                         ,CAMISETA PREMIUM  MC  CON  SESGOS CONTRA,11-0602             ,MARFIL,T-20     ,432,2026-04-16,CORTE,TRAZO Y CORTE
006 - JUNIO                                   ,023 - 2JUN3                                   ,003 - YOYO                                    ,008 - MODA                                    ,001 - CAMISETA                                ,001 - TEJIDO PUNTO                            ,MOP-00000017,YY0001075                                         ,CAMISETA PREMIUM  MC  CON  SESGOS CONTRA,11-0602             ,MARFIL,T-22     ,144,2026-04-16,CORTE,TRAZO Y CORTE
006 - JUNIO                                   ,023 - 2JUN3                                   ,003 - YOYO                                    ,008 - MODA                                    ,001 - CAMISETA                                ,001 - TEJIDO PUNTO                            ,MOP-00000017,YY0001075                                         ,CAMISETA PREMIUM  MC  CON  SESGOS CONTRA,17-1422             ,CAFE MEDIO,T-14     ,500,2026-04-16,CORTE,TRAZO Y CORTE
006 - JUNIO                                   ,023 - 2JUN3                                   ,003 - YOYO                                    ,008 - MODA                                    ,001 - CAMISETA                                ,001 - TEJIDO PUNTO                            ,MOP-00000017,YY0001075                                         ,CAMISETA PREMIUM  MC  CON  SESGOS CONTRA,17-1422             ,CAFE MEDIO,T-16     ,498,2026-04-16,CORTE,TRAZO Y CORTE
006 - JUNIO                                   ,023 - 2JUN3                                   ,003 - YOYO                                    ,008 - MODA                                    ,001 - CAMISETA                                ,001 - TEJIDO PUNTO                            ,MOP-00000017,YY0001075                                         ,CAMISETA PREMIUM  MC  CON  SESGOS CONTRA,17-1422             ,CAFE MEDIO,T-18     ,498,2026-04-16,CORTE,TRAZO Y CORTE
006 - JUNIO                                   ,023 - 2JUN3                                   ,003 - YOYO                                    ,008 - MODA                                    ,001 - CAMISETA                                ,001 - TEJIDO PUNTO                            ,MOP-00000017,YY0001075                                         ,CAMISETA PREMIUM  MC  CON  SESGOS CONTRA,17-1422             ,CAFE MEDIO,T-20     ,498,2026-04-16,CORTE,TRAZO Y CORTE
006 - JUNIO                                   ,023 - 2JUN3                                   ,003 - YOYO                                    ,008 - MODA                                    ,001 - CAMISETA                                ,001 - TEJIDO PUNTO                            ,MOP-00000017,YY0001075                                         ,CAMISETA PREMIUM  MC  CON  SESGOS CONTRA,17-1422             ,CAFE MEDIO,T-22     ,166,2026-04-16,CORTE,TRAZO Y CORTE
005 - MAYO                                    ,017 - 2MAY1                                   ,003 - YOYO                                    ,008 - MODA                                    ,003 - CORTOS                                  ,005 - DENIM                                   ,MOP-00000018,YY0004398                                         ,FALDA TIRO MEDIO TP LAV MEDIO OSCURO,IND03               ,MEDIO OSCURO,T-12     ,540,2026-04-16,CORTE,TRAZO Y CORTE
005 - MAYO                                    ,017 - 2MAY1                                   ,003 - YOYO                                    ,008 - MODA                                    ,003 - CORTOS                                  ,005 - DENIM                                   ,MOP-00000018,YY0004398                                         ,FALDA TIRO MEDIO TP LAV MEDIO OSCURO,IND03               ,MEDIO OSCURO,T-14     ,429,2026-04-16,CORTE,TRAZO Y CORTE
005 - MAYO                                    ,017 - 2MAY1                                   ,003 - YOYO                                    ,008 - MODA                                    ,003 - CORTOS                                  ,005 - DENIM                                   ,MOP-00000018,YY0004398                                         ,FALDA TIRO MEDIO TP LAV MEDIO OSCURO,IND03               ,MEDIO OSCURO,T-16     ,429,2026-04-16,CORTE,TRAZO Y CORTE
005 - MAYO                                    ,017 - 2MAY1                                   ,003 - YOYO                                    ,008 - MODA                                    ,003 - CORTOS                                  ,005 - DENIM                                   ,MOP-00000018,YY0004398                                         ,FALDA TIRO MEDIO TP LAV MEDIO OSCURO,IND03               ,MEDIO OSCURO,T-18     ,328,2026-04-16,CORTE,TRAZO Y CORTE
005 - MAYO                                    ,017 - 2MAY1                                   ,003 - YOYO                                    ,008 - MODA                                    ,003 - CORTOS                                  ,005 - DENIM                                   ,MOP-00000018,YY0004398                                         ,FALDA TIRO MEDIO TP LAV MEDIO OSCURO,IND03               ,MEDIO OSCURO,T-20     ,227,2026-04-16,CORTE,TRAZO Y CORTE
007 - JULIO                                   ,025 - 3JUL1                                   ,003 - YOYO                                    ,008 - MODA                                    ,001 - CAMISETA                                ,001 - TEJIDO PUNTO                            ,MOP-00000019,YY0000239                                         ,CAMISETA MANGA CORTA CON RECOGIDO COST,11-0602             ,MARFIL,T-12     ,342,2026-04-16,CORTE,TRAZO Y CORTE
007 - JULIO                                   ,025 - 3JUL1                                   ,003 - YOYO                                    ,008 - MODA                                    ,001 - CAMISETA                                ,001 - TEJIDO PUNTO                            ,MOP-00000019,YY0000239                                         ,CAMISETA MANGA CORTA CON RECOGIDO COST,11-0602             ,MARFIL,T-14     ,584,2026-04-16,CORTE,TRAZO Y CORTE
007 - JULIO                                   ,025 - 3JUL1                                   ,003 - YOYO                                    ,008 - MODA                                    ,001 - CAMISETA                                ,001 - TEJIDO PUNTO                            ,MOP-00000019,YY0000239                                         ,CAMISETA MANGA CORTA CON RECOGIDO COST,11-0602             ,MARFIL,T-16     ,592,2026-04-16,CORTE,TRAZO Y CORTE
007 - JULIO                                   ,025 - 3JUL1                                   ,003 - YOYO                                    ,008 - MODA                                    ,001 - CAMISETA                                ,001 - TEJIDO PUNTO                            ,MOP-00000019,YY0000239                                         ,CAMISETA MANGA CORTA CON RECOGIDO COST,11-0602             ,MARFIL,T-18     ,346,2026-04-16,CORTE,TRAZO Y CORTE
007 - JULIO                                   ,025 - 3JUL1                                   ,003 - YOYO                                    ,008 - MODA                                    ,001 - CAMISETA                                ,001 - TEJIDO PUNTO                            ,MOP-00000019,YY0000239                                         ,CAMISETA MANGA CORTA CON RECOGIDO COST,11-0602             ,MARFIL,T-20     ,346,2026-04-16,CORTE,TRAZO Y CORTE
007 - JULIO                                   ,025 - 3JUL1                                   ,003 - YOYO                                    ,008 - MODA                                    ,001 - CAMISETA                                ,001 - TEJIDO PUNTO                            ,MOP-00000019,YY0000239                                         ,CAMISETA MANGA CORTA CON RECOGIDO COST,11-0602             ,MARFIL,T-22     ,228,2026-04-16,CORTE,TRAZO Y CORTE
007 - JULIO                                   ,025 - 3JUL1                                   ,003 - YOYO                                    ,008 - MODA                                    ,000 - JEANS                                   ,005 - DENIM                                   ,MOP-00000020,YY0000222                                         ,MOMJEAN TIRO ALTO LAV CLARO,IND01               ,CLARO,T-12     ,435,2026-04-17,CORTE,TRAZO Y CORTE
007 - JULIO                                   ,025 - 3JUL1                                   ,003 - YOYO                                    ,008 - MODA                                    ,000 - JEANS                                   ,005 - DENIM                                   ,MOP-00000020,YY0000222                                         ,MOMJEAN TIRO ALTO LAV CLARO,IND01               ,CLARO,T-14     ,557,2026-04-17,CORTE,TRAZO Y CORTE
007 - JULIO                                   ,025 - 3JUL1                                   ,003 - YOYO                                    ,008 - MODA                                    ,000 - JEANS                                   ,005 - DENIM                                   ,MOP-00000020,YY0000222                                         ,MOMJEAN TIRO ALTO LAV CLARO,IND01               ,CLARO,T-16     ,560,2026-04-17,CORTE,TRAZO Y CORTE
007 - JULIO                                   ,025 - 3JUL1                                   ,003 - YOYO                                    ,008 - MODA                                    ,000 - JEANS                                   ,005 - DENIM                                   ,MOP-00000020,YY0000222                                         ,MOMJEAN TIRO ALTO LAV CLARO,IND01               ,CLARO,T-18     ,350,2026-04-17,CORTE,TRAZO Y CORTE
007 - JULIO                                   ,025 - 3JUL1                                   ,003 - YOYO                                    ,008 - MODA                                    ,000 - JEANS                                   ,005 - DENIM                                   ,MOP-00000020,YY0000222                                         ,MOMJEAN TIRO ALTO LAV CLARO,IND01               ,CLARO,T-20     ,265,2026-04-17,CORTE,TRAZO Y CORTE
007 - JULIO                                   ,025 - 3JUL1                                   ,003 - YOYO                                    ,008 - MODA                                    ,000 - JEANS                                   ,005 - DENIM                                   ,MOP-00000020,YY0000222                                         ,MOMJEAN TIRO ALTO LAV CLARO,IND01               ,CLARO,T-22     ,175,2026-04-17,CORTE,TRAZO Y CORTE
005 - MAYO                                    ,018 - 2MAY2                                   ,003 - YOYO                                    ,008 - MODA                                    ,016 - TOP -BODY                               ,001 - TEJIDO PUNTO                            ,MOP-00000021,YY0001074                                         ,BODY PREMIUM MC TP CON SESGOS EN CONTRAS,11-0602             ,MARFIL,T-14     ,616,2026-04-21,CORTE,TRAZO Y CORTE
005 - MAYO                                    ,018 - 2MAY2                                   ,003 - YOYO                                    ,008 - MODA                                    ,016 - TOP -BODY                               ,001 - TEJIDO PUNTO                            ,MOP-00000021,YY0001074                                         ,BODY PREMIUM MC TP CON SESGOS EN CONTRAS,11-0602             ,MARFIL,T-16     ,634,2026-04-21,CORTE,TRAZO Y CORTE
005 - MAYO                                    ,018 - 2MAY2                                   ,003 - YOYO                                    ,008 - MODA                                    ,016 - TOP -BODY                               ,001 - TEJIDO PUNTO                            ,MOP-00000021,YY0001074                                         ,BODY PREMIUM MC TP CON SESGOS EN CONTRAS,11-0602             ,MARFIL,T-18     ,462,2026-04-21,CORTE,TRAZO Y CORTE
005 - MAYO                                    ,018 - 2MAY2                                   ,003 - YOYO                                    ,008 - MODA                                    ,016 - TOP -BODY                               ,001 - TEJIDO PUNTO                            ,MOP-00000021,YY0001074                                         ,BODY PREMIUM MC TP CON SESGOS EN CONTRAS,11-0602             ,MARFIL,T-20     ,462,2026-04-21,CORTE,TRAZO Y CORTE
005 - MAYO                                    ,018 - 2MAY2                                   ,003 - YOYO                                    ,008 - MODA                                    ,016 - TOP -BODY                               ,001 - TEJIDO PUNTO                            ,MOP-00000021,YY0001074                                         ,BODY PREMIUM MC TP CON SESGOS EN CONTRAS,11-0602             ,MARFIL,T-22     ,308,2026-04-21,CORTE,TRAZO Y CORTE
006 - JUNIO                                   ,023 - 2JUN3                                   ,003 - YOYO                                    ,008 - MODA                                    ,002 - BLUSA-CAMISA,002 - TEJIDO PLANO                            ,MOP-00000022,YY0001087                                         ,BLUSA TIRAS TP CON CORTES EN FRENTE    ,18-1763             ,ROJO,T-14     ,550,2026-04-21,CORTE,TRAZO Y CORTE
006 - JUNIO                                   ,023 - 2JUN3                                   ,003 - YOYO                                    ,008 - MODA                                    ,002 - BLUSA-CAMISA,002 - TEJIDO PLANO                            ,MOP-00000022,YY0001087                                         ,BLUSA TIRAS TP CON CORTES EN FRENTE    ,18-1763             ,ROJO,T-16     ,540,2026-04-21,CORTE,TRAZO Y CORTE
006 - JUNIO                                   ,023 - 2JUN3                                   ,003 - YOYO                                    ,008 - MODA                                    ,002 - BLUSA-CAMISA,002 - TEJIDO PLANO                            ,MOP-00000022,YY0001087                                         ,BLUSA TIRAS TP CON CORTES EN FRENTE    ,18-1763             ,ROJO,T-18     ,324,2026-04-21,CORTE,TRAZO Y CORTE
006 - JUNIO                                   ,023 - 2JUN3                                   ,003 - YOYO                                    ,008 - MODA                                    ,002 - BLUSA-CAMISA,002 - TEJIDO PLANO                            ,MOP-00000022,YY0001087                                         ,BLUSA TIRAS TP CON CORTES EN FRENTE    ,18-1763             ,ROJO,T-20     ,324,2026-04-21,CORTE,TRAZO Y CORTE
006 - JUNIO                                   ,023 - 2JUN3                                   ,003 - YOYO                                    ,008 - MODA                                    ,002 - BLUSA-CAMISA,002 - TEJIDO PLANO                            ,MOP-00000022,YY0001087                                         ,BLUSA TIRAS TP CON CORTES EN FRENTE    ,18-1763             ,ROJO,T-22     ,216,2026-04-21,CORTE,TRAZO Y CORTE
006 - JUNIO                                   ,023 - 2JUN3                                   ,003 - YOYO                                    ,003 - OPORTUNIDADES                           ,016 - TOP -BODY                               ,001 - TEJIDO PUNTO                            ,MOP-00000023,YY0001082                                         ,TOP MC TP ESCOTE SEMI CUADRADO PUNT,18-1655             ,ROJO,T-14     ,587,2026-04-21,CORTE,TRAZO Y CORTE
006 - JUNIO                                   ,023 - 2JUN3                                   ,003 - YOYO                                    ,003 - OPORTUNIDADES                           ,016 - TOP -BODY                               ,001 - TEJIDO PUNTO                            ,MOP-00000023,YY0001082                                         ,TOP MC TP ESCOTE SEMI CUADRADO PUNT,18-1655             ,ROJO,T-16     ,582,2026-04-21,CORTE,TRAZO Y CORTE
006 - JUNIO                                   ,023 - 2JUN3                                   ,003 - YOYO                                    ,003 - OPORTUNIDADES                           ,016 - TOP -BODY                               ,001 - TEJIDO PUNTO                            ,MOP-00000023,YY0001082                                         ,TOP MC TP ESCOTE SEMI CUADRADO PUNT,18-1655             ,ROJO,T-18     ,342,2026-04-21,CORTE,TRAZO Y CORTE
006 - JUNIO                                   ,023 - 2JUN3                                   ,003 - YOYO                                    ,003 - OPORTUNIDADES                           ,016 - TOP -BODY                               ,001 - TEJIDO PUNTO                            ,MOP-00000023,YY0001082                                         ,TOP MC TP ESCOTE SEMI CUADRADO PUNT,18-1655             ,ROJO,T-20     ,342,2026-04-21,CORTE,TRAZO Y CORTE
006 - JUNIO                                   ,023 - 2JUN3                                   ,003 - YOYO                                    ,003 - OPORTUNIDADES                           ,016 - TOP -BODY                               ,001 - TEJIDO PUNTO                            ,MOP-00000023,YY0001082                                         ,TOP MC TP ESCOTE SEMI CUADRADO PUNT,18-1655             ,ROJO,T-22     ,228,2026-04-21,CORTE,TRAZO Y CORTE
007 - JULIO                                   ,025 - 3JUL1                                   ,003 - YOYO                                    ,008 - MODA                                    ,003 - CORTOS                                  ,005 - DENIM                                   ,MOP-00000024,YY0000228                                         ,FALDA SHORT TIRO MEDIO LAV MEDIO OSCURO,IND03               ,MEDIO OSCURO,T-12     ,385,2026-04-21,CORTE                                   ,TRAZO Y CORTE
007 - JULIO                                   ,025 - 3JUL1                                   ,003 - YOYO                                    ,008 - MODA                                    ,003 - CORTOS                                  ,005 - DENIM                                   ,MOP-00000024,YY0000228                                         ,FALDA SHORT TIRO MEDIO LAV MEDIO OSCURO,IND03               ,MEDIO OSCURO,T-14     ,378,2026-04-21,CORTE                                   ,TRAZO Y CORTE
007 - JULIO                                   ,025 - 3JUL1                                   ,003 - YOYO                                    ,008 - MODA                                    ,003 - CORTOS                                  ,005 - DENIM                                   ,MOP-00000024,YY0000228                                         ,FALDA SHORT TIRO MEDIO LAV MEDIO OSCURO,IND03               ,MEDIO OSCURO,T-16     ,380,2026-04-21,CORTE                                   ,TRAZO Y CORTE
007 - JULIO                                   ,025 - 3JUL1                                   ,003 - YOYO                                    ,008 - MODA                                    ,003 - CORTOS                                  ,005 - DENIM                                   ,MOP-00000024,YY0000228                                         ,FALDA SHORT TIRO MEDIO LAV MEDIO OSCURO,IND03               ,MEDIO OSCURO,T-18     ,302,2026-04-21,CORTE                                   ,TRAZO Y CORTE
007 - JULIO                                   ,025 - 3JUL1                                   ,003 - YOYO                                    ,008 - MODA                                    ,003 - CORTOS                                  ,005 - DENIM                                   ,MOP-00000024,YY0000228                                         ,FALDA SHORT TIRO MEDIO LAV MEDIO OSCURO,IND03               ,MEDIO OSCURO,T-20     ,224,2026-04-21,CORTE                                   ,TRAZO Y CORTE
007 - JULIO                                   ,025 - 3JUL1                                   ,003 - YOYO                                    ,008 - MODA                                    ,003 - CORTOS                                  ,005 - DENIM                                   ,MOP-00000024,YY0000228                                         ,FALDA SHORT TIRO MEDIO LAV MEDIO OSCURO,IND03               ,MEDIO OSCURO,T-22     ,151,2026-04-21,CORTE                                   ,TRAZO Y CORTE
007 - JULIO                                   ,025 - 3JUL1                                   ,003 - YOYO                                    ,008 - MODA                                    ,004 - SOBRETODOS                              ,002 - TEJIDO PLANO                            ,MOP-00000025,YY0000231                                         ,CHAQUETA CUELLO SPORT  LAV MARFIL,11-0602             ,MARFIL,T-12     ,236,2026-04-21,CORTE,TRAZO Y CORTE
007 - JULIO                                   ,025 - 3JUL1                                   ,003 - YOYO                                    ,008 - MODA                                    ,004 - SOBRETODOS                              ,002 - TEJIDO PLANO                            ,MOP-00000025,YY0000231                                         ,CHAQUETA CUELLO SPORT  LAV MARFIL,11-0602             ,MARFIL,T-14     ,287,2026-04-21,CORTE,TRAZO Y CORTE
007 - JULIO                                   ,025 - 3JUL1                                   ,003 - YOYO                                    ,008 - MODA                                    ,004 - SOBRETODOS                              ,002 - TEJIDO PLANO                            ,MOP-00000025,YY0000231                                         ,CHAQUETA CUELLO SPORT  LAV MARFIL,11-0602             ,MARFIL,T-16     ,288,2026-04-21,CORTE,TRAZO Y CORTE
007 - JULIO                                   ,025 - 3JUL1                                   ,003 - YOYO                                    ,008 - MODA                                    ,004 - SOBRETODOS                              ,002 - TEJIDO PLANO                            ,MOP-00000025,YY0000231                                         ,CHAQUETA CUELLO SPORT  LAV MARFIL,11-0602             ,MARFIL,T-18     ,243,2026-04-21,CORTE,TRAZO Y CORTE
007 - JULIO                                   ,025 - 3JUL1                                   ,003 - YOYO                                    ,008 - MODA                                    ,004 - SOBRETODOS                              ,002 - TEJIDO PLANO                            ,MOP-00000025,YY0000231                                         ,CHAQUETA CUELLO SPORT  LAV MARFIL,11-0602             ,MARFIL,T-20     ,236,2026-04-21,CORTE,TRAZO Y CORTE
007 - JULIO                                   ,025 - 3JUL1                                   ,003 - YOYO                                    ,008 - MODA                                    ,004 - SOBRETODOS                              ,002 - TEJIDO PLANO                            ,MOP-00000025,YY0000231                                         ,CHAQUETA CUELLO SPORT  LAV MARFIL,11-0602             ,MARFIL,T-22     ,143,2026-04-21,CORTE,TRAZO Y CORTE
007 - JULIO                                   ,025 - 3JUL1                                   ,003 - YOYO                                    ,008 - MODA                                    ,016 - TOP -BODY                               ,001 - TEJIDO PUNTO                            ,MOP-00000026,YY0000233                                         ,TOP MANGA LARGA CON ABERTURA EN CENTRO,19-4004             ,NEGRO,T-14     ,459,2026-04-21,CORTE,TRAZO Y CORTE
007 - JULIO                                   ,025 - 3JUL1                                   ,003 - YOYO                                    ,008 - MODA                                    ,016 - TOP -BODY                               ,001 - TEJIDO PUNTO                            ,MOP-00000026,YY0000233                                         ,TOP MANGA LARGA CON ABERTURA EN CENTRO,19-4004             ,NEGRO,T-16     ,472,2026-04-21,CORTE,TRAZO Y CORTE
007 - JULIO                                   ,025 - 3JUL1                                   ,003 - YOYO                                    ,008 - MODA                                    ,016 - TOP -BODY                               ,001 - TEJIDO PUNTO                            ,MOP-00000026,YY0000233                                         ,TOP MANGA LARGA CON ABERTURA EN CENTRO,19-4004             ,NEGRO,T-18     ,281,2026-04-21,CORTE,TRAZO Y CORTE
007 - JULIO                                   ,025 - 3JUL1                                   ,003 - YOYO                                    ,008 - MODA                                    ,016 - TOP -BODY                               ,001 - TEJIDO PUNTO                            ,MOP-00000026,YY0000233                                         ,TOP MANGA LARGA CON ABERTURA EN CENTRO,19-4004             ,NEGRO,T-20     ,274,2026-04-21,CORTE,TRAZO Y CORTE
007 - JULIO                                   ,025 - 3JUL1                                   ,003 - YOYO                                    ,008 - MODA                                    ,016 - TOP -BODY                               ,001 - TEJIDO PUNTO                            ,MOP-00000026,YY0000233                                         ,TOP MANGA LARGA CON ABERTURA EN CENTRO,19-4004             ,NEGRO,T-22     ,185,2026-04-21,CORTE,TRAZO Y CORTE
007 - JULIO                                   ,025 - 3JUL1                                   ,003 - YOYO                                    ,008 - MODA                                    ,016 - TOP -BODY                               ,001 - TEJIDO PUNTO                            ,MOP-00000027,YY0000240                                         ,TOP MANGA SISA CUELLO EN V,19-4004             ,NEGRO,T-14     ,619,2026-04-21,CORTE,TRAZO Y CORTE
007 - JULIO                                   ,025 - 3JUL1                                   ,003 - YOYO                                    ,008 - MODA                                    ,016 - TOP -BODY                               ,001 - TEJIDO PUNTO                            ,MOP-00000027,YY0000240                                         ,TOP MANGA SISA CUELLO EN V,19-4004             ,NEGRO,T-16     ,585,2026-04-21,CORTE,TRAZO Y CORTE
007 - JULIO                                   ,025 - 3JUL1                                   ,003 - YOYO                                    ,008 - MODA                                    ,016 - TOP -BODY                               ,001 - TEJIDO PUNTO                            ,MOP-00000027,YY0000240                                         ,TOP MANGA SISA CUELLO EN V,19-4004             ,NEGRO,T-18     ,360,2026-04-21,CORTE,TRAZO Y CORTE
007 - JULIO                                   ,025 - 3JUL1                                   ,003 - YOYO                                    ,008 - MODA                                    ,016 - TOP -BODY                               ,001 - TEJIDO PUNTO                            ,MOP-00000027,YY0000240                                         ,TOP MANGA SISA CUELLO EN V,19-4004             ,NEGRO,T-20     ,337,2026-04-21,CORTE,TRAZO Y CORTE
007 - JULIO                                   ,025 - 3JUL1                                   ,003 - YOYO                                    ,008 - MODA                                    ,016 - TOP -BODY                               ,001 - TEJIDO PUNTO                            ,MOP-00000027,YY0000240                                         ,TOP MANGA SISA CUELLO EN V,19-4004             ,NEGRO,T-22     ,226,2026-04-21,CORTE,TRAZO Y CORTE
007 - JULIO                                   ,025 - 3JUL1                                   ,003 - YOYO                                    ,008 - MODA                                    ,016 - TOP -BODY                               ,001 - TEJIDO PUNTO                            ,MOP-00000028,YY0000242                                         ,BODY MANGA LARGA ESTAMPADO EN FRENTE,19-4004             ,NEGRO,T-14     ,469,2026-04-22,CORTE,TRAZO Y CORTE
007 - JULIO                                   ,025 - 3JUL1                                   ,003 - YOYO                                    ,008 - MODA                                    ,016 - TOP -BODY                               ,001 - TEJIDO PUNTO                            ,MOP-00000028,YY0000242                                         ,BODY MANGA LARGA ESTAMPADO EN FRENTE,19-4004             ,NEGRO,T-16     ,445,2026-04-22,CORTE,TRAZO Y CORTE
007 - JULIO                                   ,025 - 3JUL1                                   ,003 - YOYO                                    ,008 - MODA                                    ,016 - TOP -BODY                               ,001 - TEJIDO PUNTO                            ,MOP-00000028,YY0000242                                         ,BODY MANGA LARGA ESTAMPADO EN FRENTE,19-4004             ,NEGRO,T-18     ,267,2026-04-22,CORTE,TRAZO Y CORTE
007 - JULIO                                   ,025 - 3JUL1                                   ,003 - YOYO                                    ,008 - MODA                                    ,016 - TOP -BODY                               ,001 - TEJIDO PUNTO                            ,MOP-00000028,YY0000242                                         ,BODY MANGA LARGA ESTAMPADO EN FRENTE,19-4004             ,NEGRO,T-20     ,267,2026-04-22,CORTE,TRAZO Y CORTE
007 - JULIO                                   ,025 - 3JUL1                                   ,003 - YOYO                                    ,008 - MODA                                    ,016 - TOP -BODY                               ,001 - TEJIDO PUNTO                            ,MOP-00000028,YY0000242                                         ,BODY MANGA LARGA ESTAMPADO EN FRENTE,19-4004             ,NEGRO,T-22     ,178,2026-04-22,CORTE,TRAZO Y CORTE
007 - JULIO                                   ,025 - 3JUL1                                   ,003 - YOYO                                    ,008 - MODA                                    ,001 - CAMISETA                                ,001 - TEJIDO PUNTO                            ,MOP-00000029,YY0000733                                         ,T-SHIRT  MANGA CORTA OVERSIZED EST,11-0602             ,MARFIL,T-10     ,268,2026-04-21,CORTE,TRAZO Y CORTE
007 - JULIO                                   ,025 - 3JUL1                                   ,003 - YOYO                                    ,008 - MODA                                    ,001 - CAMISETA                                ,001 - TEJIDO PUNTO                            ,MOP-00000029,YY0000733                                         ,T-SHIRT  MANGA CORTA OVERSIZED EST,11-0602             ,MARFIL,T-12     ,407,2026-04-21,CORTE,TRAZO Y CORTE
007 - JULIO                                   ,025 - 3JUL1                                   ,003 - YOYO                                    ,008 - MODA                                    ,001 - CAMISETA                                ,001 - TEJIDO PUNTO                            ,MOP-00000029,YY0000733                                         ,T-SHIRT  MANGA CORTA OVERSIZED EST,11-0602             ,MARFIL,T-14     ,669,2026-04-21,CORTE,TRAZO Y CORTE
007 - JULIO                                   ,025 - 3JUL1                                   ,003 - YOYO                                    ,008 - MODA                                    ,001 - CAMISETA                                ,001 - TEJIDO PUNTO                            ,MOP-00000029,YY0000733                                         ,T-SHIRT  MANGA CORTA OVERSIZED EST,11-0602             ,MARFIL,T-16     ,652,2026-04-21,CORTE,TRAZO Y CORTE
007 - JULIO                                   ,025 - 3JUL1                                   ,003 - YOYO                                    ,008 - MODA                                    ,001 - CAMISETA                                ,001 - TEJIDO PUNTO                            ,MOP-00000029,YY0000733                                         ,T-SHIRT  MANGA CORTA OVERSIZED EST,11-0602             ,MARFIL,T-18     ,392,2026-04-21,CORTE,TRAZO Y CORTE
007 - JULIO                                   ,025 - 3JUL1                                   ,003 - YOYO                                    ,008 - MODA                                    ,001 - CAMISETA                                ,001 - TEJIDO PUNTO                            ,MOP-00000029,YY0000733                                         ,T-SHIRT  MANGA CORTA OVERSIZED EST,11-0602             ,MARFIL,T-20     ,394,2026-04-21,CORTE,TRAZO Y CORTE
007 - JULIO                                   ,025 - 3JUL1                                   ,003 - YOYO                                    ,008 - MODA                                    ,000 - JEANS                                   ,005 - DENIM                                   ,MOP-00000030,YY0000223                                         ,RETROMOM TIRO ALTO  LAV MEDIO OSCURO,IND03               ,MEDIO OSCURO,T-12     ,477,2026-04-24,CORTE,TRAZO Y CORTE
007 - JULIO                                   ,025 - 3JUL1                                   ,003 - YOYO                                    ,008 - MODA                                    ,000 - JEANS                                   ,005 - DENIM                                   ,MOP-00000030,YY0000223                                         ,RETROMOM TIRO ALTO  LAV MEDIO OSCURO,IND03               ,MEDIO OSCURO,T-14     ,580,2026-04-24,CORTE,TRAZO Y CORTE
007 - JULIO                                   ,025 - 3JUL1                                   ,003 - YOYO                                    ,008 - MODA                                    ,000 - JEANS                                   ,005 - DENIM                                   ,MOP-00000030,YY0000223                                         ,RETROMOM TIRO ALTO  LAV MEDIO OSCURO,IND03               ,MEDIO OSCURO,T-16     ,574,2026-04-24,CORTE,TRAZO Y CORTE
007 - JULIO                                   ,025 - 3JUL1                                   ,003 - YOYO                                    ,008 - MODA                                    ,000 - JEANS                                   ,005 - DENIM                                   ,MOP-00000030,YY0000223                                         ,RETROMOM TIRO ALTO  LAV MEDIO OSCURO,IND03               ,MEDIO OSCURO,T-18     ,384,2026-04-24,CORTE,TRAZO Y CORTE
007 - JULIO                                   ,025 - 3JUL1                                   ,003 - YOYO                                    ,008 - MODA                                    ,000 - JEANS                                   ,005 - DENIM                                   ,MOP-00000030,YY0000223                                         ,RETROMOM TIRO ALTO  LAV MEDIO OSCURO,IND03               ,MEDIO OSCURO,T-20     ,287,2026-04-24,CORTE,TRAZO Y CORTE
007 - JULIO                                   ,025 - 3JUL1                                   ,003 - YOYO                                    ,008 - MODA                                    ,000 - JEANS                                   ,005 - DENIM                                   ,MOP-00000030,YY0000223                                         ,RETROMOM TIRO ALTO  LAV MEDIO OSCURO,IND03               ,MEDIO OSCURO,T-22     ,287,2026-04-24,CORTE,TRAZO Y CORTE
006 - JUNIO                                   ,021 - 2JUN1                                   ,003 - YOYO                                    ,008 - MODA                                    ,008 - PANTALONES                              ,001 - TEJIDO PUNTO                            ,MOP-00000031,YY0001081                                         ,PANTALON TIRO ALTO TP SESGOS A LOS LADOS,14-4104             ,GRIS CLARO,T-14     ,518,2026-05-06,CORTE,TRAZO Y CORTE
006 - JUNIO                                   ,021 - 2JUN1                                   ,003 - YOYO                                    ,008 - MODA                                    ,008 - PANTALONES                              ,001 - TEJIDO PUNTO                            ,MOP-00000031,YY0001081                                         ,PANTALON TIRO ALTO TP SESGOS A LOS LADOS,14-4104             ,GRIS CLARO,T-16     ,522,2026-05-06,CORTE,TRAZO Y CORTE
006 - JUNIO                                   ,021 - 2JUN1                                   ,003 - YOYO                                    ,008 - MODA                                    ,008 - PANTALONES                              ,001 - TEJIDO PUNTO                            ,MOP-00000031,YY0001081                                         ,PANTALON TIRO ALTO TP SESGOS A LOS LADOS,14-4104             ,GRIS CLARO,T-18     ,363,2026-05-06,CORTE,TRAZO Y CORTE
006 - JUNIO                                   ,021 - 2JUN1                                   ,003 - YOYO                                    ,008 - MODA                                    ,008 - PANTALONES                              ,001 - TEJIDO PUNTO                            ,MOP-00000031,YY0001081                                         ,PANTALON TIRO ALTO TP SESGOS A LOS LADOS,14-4104             ,GRIS CLARO,T-20     ,263,2026-05-06,CORTE,TRAZO Y CORTE
006 - JUNIO                                   ,021 - 2JUN1                                   ,003 - YOYO                                    ,008 - MODA                                    ,008 - PANTALONES                              ,001 - TEJIDO PUNTO                            ,MOP-00000031,YY0001081                                         ,PANTALON TIRO ALTO TP SESGOS A LOS LADOS,14-4104             ,GRIS CLARO,T-22     ,182,2026-05-06,CORTE,TRAZO Y CORTE
005 - MAYO                                    ,019 - 2MAY3                                   ,003 - YOYO                                    ,008 - MODA                                    ,010 - PRENDAS DE MODA                         ,001 - TEJIDO PUNTO                            ,MOP-00000032,YY0001073                                         ,VESTIDO MC TEEN PLUS DOBLE PRENDA CORTO,19-0510             ,VERDE MILITAR,T-14     ,385,2026-04-24,CORTE,TRAZO Y CORTE
005 - MAYO                                    ,019 - 2MAY3                                   ,003 - YOYO                                    ,008 - MODA                                    ,010 - PRENDAS DE MODA                         ,001 - TEJIDO PUNTO                            ,MOP-00000032,YY0001073                                         ,VESTIDO MC TEEN PLUS DOBLE PRENDA CORTO,19-0510             ,VERDE MILITAR,T-16     ,268,2026-04-24,CORTE,TRAZO Y CORTE
005 - MAYO                                    ,019 - 2MAY3                                   ,003 - YOYO                                    ,008 - MODA                                    ,010 - PRENDAS DE MODA                         ,001 - TEJIDO PUNTO                            ,MOP-00000032,YY0001073                                         ,VESTIDO MC TEEN PLUS DOBLE PRENDA CORTO,19-0510             ,VERDE MILITAR,T-18     ,269,2026-04-24,CORTE,TRAZO Y CORTE
005 - MAYO                                    ,019 - 2MAY3                                   ,003 - YOYO                                    ,008 - MODA                                    ,010 - PRENDAS DE MODA                         ,001 - TEJIDO PUNTO                            ,MOP-00000032,YY0001073                                         ,VESTIDO MC TEEN PLUS DOBLE PRENDA CORTO,19-0510             ,VERDE MILITAR,T-20     ,179,2026-04-24,CORTE,TRAZO Y CORTE
005 - MAYO                                    ,019 - 2MAY3                                   ,003 - YOYO                                    ,008 - MODA                                    ,010 - PRENDAS DE MODA                         ,001 - TEJIDO PUNTO                            ,MOP-00000032,YY0001073                                         ,VESTIDO MC TEEN PLUS DOBLE PRENDA CORTO,19-0510             ,VERDE MILITAR,T-22     ,179,2026-04-24,CORTE,TRAZO Y CORTE
005 - MAYO                                    ,018 - 2MAY2                                   ,003 - YOYO                                    ,008 - MODA                                    ,001 - CAMISETA                                ,001 - TEJIDO PUNTO                            ,MOP-00000033,YY0001077                                         ,CAMISETA MC TP TIPO POLO EN CONTRASTE   ,11-0601             ,BLANCO,T-12     ,352,2026-05-14,CORTE,TRAZO Y CORTE
005 - MAYO                                    ,018 - 2MAY2                                   ,003 - YOYO                                    ,008 - MODA                                    ,001 - CAMISETA                                ,001 - TEJIDO PUNTO                            ,MOP-00000033,YY0001077                                         ,CAMISETA MC TP TIPO POLO EN CONTRASTE   ,11-0601             ,BLANCO,T-14     ,727,2026-05-14,CORTE,TRAZO Y CORTE
005 - MAYO                                    ,018 - 2MAY2                                   ,003 - YOYO                                    ,008 - MODA                                    ,001 - CAMISETA                                ,001 - TEJIDO PUNTO                            ,MOP-00000033,YY0001077                                         ,CAMISETA MC TP TIPO POLO EN CONTRASTE   ,11-0601             ,BLANCO,T-16     ,727,2026-05-14,CORTE,TRAZO Y CORTE
005 - MAYO                                    ,018 - 2MAY2                                   ,003 - YOYO                                    ,008 - MODA                                    ,001 - CAMISETA                                ,001 - TEJIDO PUNTO                            ,MOP-00000033,YY0001077                                         ,CAMISETA MC TP TIPO POLO EN CONTRASTE   ,11-0601             ,BLANCO,T-18     ,326,2026-05-14,CORTE,TRAZO Y CORTE
005 - MAYO                                    ,018 - 2MAY2                                   ,003 - YOYO                                    ,008 - MODA                                    ,001 - CAMISETA                                ,001 - TEJIDO PUNTO                            ,MOP-00000033,YY0001077                                         ,CAMISETA MC TP TIPO POLO EN CONTRASTE   ,11-0601             ,BLANCO,T-20     ,385,2026-05-14,CORTE,TRAZO Y CORTE
005 - MAYO                                    ,018 - 2MAY2                                   ,003 - YOYO                                    ,008 - MODA                                    ,001 - CAMISETA                                ,001 - TEJIDO PUNTO                            ,MOP-00000033,YY0001077                                         ,CAMISETA MC TP TIPO POLO EN CONTRASTE   ,11-0601             ,BLANCO,T-22     ,237,2026-05-14,CORTE,TRAZO Y CORTE
005 - MAYO                                    ,018 - 2MAY2                                   ,003 - YOYO                                    ,008 - MODA                                    ,001 - CAMISETA                                ,001 - TEJIDO PUNTO                            ,MOP-00000033,YY0001077                                         ,CAMISETA MC TP TIPO POLO EN CONTRASTE   ,18-4027             ,AZUL MEDIO,T-12     ,266,2026-05-14,CORTE,TRAZO Y CORTE
005 - MAYO                                    ,018 - 2MAY2                                   ,003 - YOYO                                    ,008 - MODA                                    ,001 - CAMISETA                                ,001 - TEJIDO PUNTO                            ,MOP-00000033,YY0001077                                         ,CAMISETA MC TP TIPO POLO EN CONTRASTE   ,18-4027             ,AZUL MEDIO,T-14     ,507,2026-05-14,CORTE,TRAZO Y CORTE
005 - MAYO                                    ,018 - 2MAY2                                   ,003 - YOYO                                    ,008 - MODA                                    ,001 - CAMISETA                                ,001 - TEJIDO PUNTO                            ,MOP-00000033,YY0001077                                         ,CAMISETA MC TP TIPO POLO EN CONTRASTE   ,18-4027             ,AZUL MEDIO,T-16     ,509,2026-05-14,CORTE,TRAZO Y CORTE
005 - MAYO                                    ,018 - 2MAY2                                   ,003 - YOYO                                    ,008 - MODA                                    ,001 - CAMISETA                                ,001 - TEJIDO PUNTO                            ,MOP-00000033,YY0001077                                         ,CAMISETA MC TP TIPO POLO EN CONTRASTE   ,18-4027             ,AZUL MEDIO,T-18     ,253,2026-05-14,CORTE,TRAZO Y CORTE
005 - MAYO                                    ,018 - 2MAY2                                   ,003 - YOYO                                    ,008 - MODA                                    ,001 - CAMISETA                                ,001 - TEJIDO PUNTO                            ,MOP-00000033,YY0001077                                         ,CAMISETA MC TP TIPO POLO EN CONTRASTE   ,18-4027             ,AZUL MEDIO,T-20     ,254,2026-05-14,CORTE,TRAZO Y CORTE
005 - MAYO                                    ,018 - 2MAY2                                   ,003 - YOYO                                    ,008 - MODA                                    ,001 - CAMISETA                                ,001 - TEJIDO PUNTO                            ,MOP-00000033,YY0001077                                         ,CAMISETA MC TP TIPO POLO EN CONTRASTE   ,18-4027             ,AZUL MEDIO,T-22     ,169,2026-05-14,CORTE,TRAZO Y CORTE
006 - JUNIO                                   ,021 - 2JUN1                                   ,003 - YOYO                                    ,008 - MODA                                    ,016 - TOP -BODY                               ,001 - TEJIDO PUNTO                            ,MOP-00000034,YY0001086                                         ,TOP ML TP ESCOTE SEMICUADRADO   ,19-4004             ,NEGRO,T-14     ,425,2026-05-08,CORTE,TRAZO Y CORTE
006 - JUNIO                                   ,021 - 2JUN1                                   ,003 - YOYO                                    ,008 - MODA                                    ,016 - TOP -BODY                               ,001 - TEJIDO PUNTO                            ,MOP-00000034,YY0001086                                         ,TOP ML TP ESCOTE SEMICUADRADO   ,19-4004             ,NEGRO,T-16     ,439,2026-05-08,CORTE,TRAZO Y CORTE
006 - JUNIO                                   ,021 - 2JUN1                                   ,003 - YOYO                                    ,008 - MODA                                    ,016 - TOP -BODY                               ,001 - TEJIDO PUNTO                            ,MOP-00000034,YY0001086                                         ,TOP ML TP ESCOTE SEMICUADRADO   ,19-4004             ,NEGRO,T-18     ,268,2026-05-08,CORTE,TRAZO Y CORTE
006 - JUNIO                                   ,021 - 2JUN1                                   ,003 - YOYO                                    ,008 - MODA                                    ,016 - TOP -BODY                               ,001 - TEJIDO PUNTO                            ,MOP-00000034,YY0001086                                         ,TOP ML TP ESCOTE SEMICUADRADO   ,19-4004             ,NEGRO,T-20     ,245,2026-05-08,CORTE,TRAZO Y CORTE
006 - JUNIO                                   ,021 - 2JUN1                                   ,003 - YOYO                                    ,008 - MODA                                    ,016 - TOP -BODY                               ,001 - TEJIDO PUNTO                            ,MOP-00000034,YY0001086                                         ,TOP ML TP ESCOTE SEMICUADRADO   ,19-4004             ,NEGRO,T-22     ,171,2026-05-08,CORTE,TRAZO Y CORTE
007 - JULIO                                   ,026 - 3JUL2                                   ,003 - YOYO                                    ,008 - MODA                                    ,003 - CORTOS                                  ,005 - DENIM                                   ,MOP-00000035,YY0000261                                         ,FALDA TIRO MEDIO CON SHORT INT LAV NEGRO,IND07               ,NEGRO OSCURO,T-12     ,406,2026-04-27,CORTE,TRAZO Y CORTE
007 - JULIO                                   ,026 - 3JUL2                                   ,003 - YOYO                                    ,008 - MODA                                    ,003 - CORTOS                                  ,005 - DENIM                                   ,MOP-00000035,YY0000261                                         ,FALDA TIRO MEDIO CON SHORT INT LAV NEGRO,IND07               ,NEGRO OSCURO,T-14     ,406,2026-04-27,CORTE,TRAZO Y CORTE
007 - JULIO                                   ,026 - 3JUL2                                   ,003 - YOYO                                    ,008 - MODA                                    ,003 - CORTOS                                  ,005 - DENIM                                   ,MOP-00000035,YY0000261                                         ,FALDA TIRO MEDIO CON SHORT INT LAV NEGRO,IND07               ,NEGRO OSCURO,T-16     ,408,2026-04-27,CORTE,TRAZO Y CORTE
007 - JULIO                                   ,026 - 3JUL2                                   ,003 - YOYO                                    ,008 - MODA                                    ,003 - CORTOS                                  ,005 - DENIM                                   ,MOP-00000035,YY0000261                                         ,FALDA TIRO MEDIO CON SHORT INT LAV NEGRO,IND07               ,NEGRO OSCURO,T-18     ,326,2026-04-27,CORTE,TRAZO Y CORTE
007 - JULIO                                   ,026 - 3JUL2                                   ,003 - YOYO                                    ,008 - MODA                                    ,003 - CORTOS                                  ,005 - DENIM                                   ,MOP-00000035,YY0000261                                         ,FALDA TIRO MEDIO CON SHORT INT LAV NEGRO,IND07               ,NEGRO OSCURO,T-20     ,244,2026-04-27,CORTE,TRAZO Y CORTE
007 - JULIO                                   ,026 - 3JUL2                                   ,003 - YOYO                                    ,008 - MODA                                    ,003 - CORTOS                                  ,005 - DENIM                                   ,MOP-00000035,YY0000261                                         ,FALDA TIRO MEDIO CON SHORT INT LAV NEGRO,IND07               ,NEGRO OSCURO,T-22     ,163,2026-04-27,CORTE,TRAZO Y CORTE
006 - JUNIO                                   ,023 - 2JUN3                                   ,003 - YOYO                                    ,004 - ESENCIAL MODA                           ,016 - TOP -BODY                               ,001 - TEJIDO PUNTO                            ,MOP-00000037,YY0004399                                         ,BODY MS TP FONDO ENTERO ESENCIALES,11-0615             ,AMARILLO CLARO,T-14     ,570,2026-05-05,CORTE,TRAZO Y CORTE
006 - JUNIO                                   ,023 - 2JUN3                                   ,003 - YOYO                                    ,004 - ESENCIAL MODA                           ,016 - TOP -BODY                               ,001 - TEJIDO PUNTO                            ,MOP-00000037,YY0004399                                         ,BODY MS TP FONDO ENTERO ESENCIALES,11-0615             ,AMARILLO CLARO,T-16     ,586,2026-05-05,CORTE,TRAZO Y CORTE
006 - JUNIO                                   ,023 - 2JUN3                                   ,003 - YOYO                                    ,004 - ESENCIAL MODA                           ,016 - TOP -BODY                               ,001 - TEJIDO PUNTO                            ,MOP-00000037,YY0004399                                         ,BODY MS TP FONDO ENTERO ESENCIALES,11-0615             ,AMARILLO CLARO,T-18     ,346,2026-05-05,CORTE,TRAZO Y CORTE
006 - JUNIO                                   ,023 - 2JUN3                                   ,003 - YOYO                                    ,004 - ESENCIAL MODA                           ,016 - TOP -BODY                               ,001 - TEJIDO PUNTO                            ,MOP-00000037,YY0004399                                         ,BODY MS TP FONDO ENTERO ESENCIALES,11-0615             ,AMARILLO CLARO,T-20     ,342,2026-05-05,CORTE,TRAZO Y CORTE
006 - JUNIO                                   ,023 - 2JUN3                                   ,003 - YOYO                                    ,004 - ESENCIAL MODA                           ,016 - TOP -BODY                               ,001 - TEJIDO PUNTO                            ,MOP-00000037,YY0004399                                         ,BODY MS TP FONDO ENTERO ESENCIALES,11-0615             ,AMARILLO CLARO,T-22     ,228,2026-05-05,CORTE,TRAZO Y CORTE
007 - JULIO                                   ,025 - 3JUL1                                   ,003 - YOYO                                    ,008 - MODA                                    ,004 - SOBRETODOS                              ,002 - TEJIDO PLANO                            ,MOP-00000038,YY0000232                                         ,SOBRECAMISA  MANGA CORTA  CROP LAV ARENA,12-0704             ,MARFIL,T-14     ,538,2026-04-27,CORTE,TRAZO Y CORTE
007 - JULIO                                   ,025 - 3JUL1                                   ,003 - YOYO                                    ,008 - MODA                                    ,004 - SOBRETODOS                              ,002 - TEJIDO PLANO                            ,MOP-00000038,YY0000232                                         ,SOBRECAMISA  MANGA CORTA  CROP LAV ARENA,12-0704             ,MARFIL,T-16     ,534,2026-04-27,CORTE,TRAZO Y CORTE
007 - JULIO                                   ,025 - 3JUL1                                   ,003 - YOYO                                    ,008 - MODA                                    ,004 - SOBRETODOS                              ,002 - TEJIDO PLANO                            ,MOP-00000038,YY0000232                                         ,SOBRECAMISA  MANGA CORTA  CROP LAV ARENA,12-0704             ,MARFIL,T-18     ,322,2026-04-27,CORTE,TRAZO Y CORTE
007 - JULIO                                   ,025 - 3JUL1                                   ,003 - YOYO                                    ,008 - MODA                                    ,004 - SOBRETODOS                              ,002 - TEJIDO PLANO                            ,MOP-00000038,YY0000232                                         ,SOBRECAMISA  MANGA CORTA  CROP LAV ARENA,12-0704             ,MARFIL,T-20     ,322,2026-04-27,CORTE,TRAZO Y CORTE
007 - JULIO                                   ,025 - 3JUL1                                   ,003 - YOYO                                    ,003 - OPORTUNIDADES                           ,001 - CAMISETA                                ,001 - TEJIDO PUNTO                            ,MOP-00000039,YY0000235                                         ,TSHIRT MANGA CORTA CON ESTAMPADO EN FRE,11-0602             ,MARFIL,T-10     ,148,2026-05-26,CORTE,TRAZO Y CORTE
007 - JULIO                                   ,025 - 3JUL1                                   ,003 - YOYO                                    ,003 - OPORTUNIDADES                           ,001 - CAMISETA                                ,001 - TEJIDO PUNTO                            ,MOP-00000039,YY0000235                                         ,TSHIRT MANGA CORTA CON ESTAMPADO EN FRE,11-0602             ,MARFIL,T-12     ,222,2026-05-26,CORTE,TRAZO Y CORTE
007 - JULIO                                   ,025 - 3JUL1                                   ,003 - YOYO                                    ,003 - OPORTUNIDADES                           ,001 - CAMISETA                                ,001 - TEJIDO PUNTO                            ,MOP-00000039,YY0000235                                         ,TSHIRT MANGA CORTA CON ESTAMPADO EN FRE,11-0602             ,MARFIL,T-14     ,369,2026-05-26,CORTE,TRAZO Y CORTE
007 - JULIO                                   ,025 - 3JUL1                                   ,003 - YOYO                                    ,003 - OPORTUNIDADES                           ,001 - CAMISETA                                ,001 - TEJIDO PUNTO                            ,MOP-00000039,YY0000235                                         ,TSHIRT MANGA CORTA CON ESTAMPADO EN FRE,11-0602             ,MARFIL,T-16     ,375,2026-05-26,CORTE,TRAZO Y CORTE
007 - JULIO                                   ,025 - 3JUL1                                   ,003 - YOYO                                    ,003 - OPORTUNIDADES                           ,001 - CAMISETA                                ,001 - TEJIDO PUNTO                            ,MOP-00000039,YY0000235                                         ,TSHIRT MANGA CORTA CON ESTAMPADO EN FRE,11-0602             ,MARFIL,T-18     ,222,2026-05-26,CORTE,TRAZO Y CORTE
007 - JULIO                                   ,025 - 3JUL1                                   ,003 - YOYO                                    ,003 - OPORTUNIDADES                           ,001 - CAMISETA                                ,001 - TEJIDO PUNTO                            ,MOP-00000039,YY0000235                                         ,TSHIRT MANGA CORTA CON ESTAMPADO EN FRE,11-0602             ,MARFIL,T-20     ,222,2026-05-26,CORTE,TRAZO Y CORTE
007 - JULIO                                   ,025 - 3JUL1                                   ,003 - YOYO                                    ,003 - OPORTUNIDADES                           ,001 - CAMISETA                                ,001 - TEJIDO PUNTO                            ,MOP-00000039,YY0000235                                         ,TSHIRT MANGA CORTA CON ESTAMPADO EN FRE,11-0602             ,MARFIL,T-22     ,74,2026-05-26,CORTE,TRAZO Y CORTE
007 - JULIO                                   ,025 - 3JUL1                                   ,003 - YOYO                                    ,003 - OPORTUNIDADES                           ,001 - CAMISETA                                ,001 - TEJIDO PUNTO                            ,MOP-00000039,YY0000235                                         ,TSHIRT MANGA CORTA CON ESTAMPADO EN FRE,13-0107             ,VERDE CLARO,T-10     ,222,2026-05-26,CORTE,TRAZO Y CORTE
007 - JULIO                                   ,025 - 3JUL1                                   ,003 - YOYO                                    ,003 - OPORTUNIDADES                           ,001 - CAMISETA                                ,001 - TEJIDO PUNTO                            ,MOP-00000039,YY0000235                                         ,TSHIRT MANGA CORTA CON ESTAMPADO EN FRE,13-0107             ,VERDE CLARO,T-12     ,340,2026-05-26,CORTE,TRAZO Y CORTE
007 - JULIO                                   ,025 - 3JUL1                                   ,003 - YOYO                                    ,003 - OPORTUNIDADES                           ,001 - CAMISETA                                ,001 - TEJIDO PUNTO                            ,MOP-00000039,YY0000235                                         ,TSHIRT MANGA CORTA CON ESTAMPADO EN FRE,13-0107             ,VERDE CLARO,T-14     ,563,2026-05-26,CORTE,TRAZO Y CORTE
007 - JULIO                                   ,025 - 3JUL1                                   ,003 - YOYO                                    ,003 - OPORTUNIDADES                           ,001 - CAMISETA                                ,001 - TEJIDO PUNTO                            ,MOP-00000039,YY0000235                                         ,TSHIRT MANGA CORTA CON ESTAMPADO EN FRE,13-0107             ,VERDE CLARO,T-16     ,570,2026-05-26,CORTE,TRAZO Y CORTE
007 - JULIO                                   ,025 - 3JUL1                                   ,003 - YOYO                                    ,003 - OPORTUNIDADES                           ,001 - CAMISETA                                ,001 - TEJIDO PUNTO                            ,MOP-00000039,YY0000235                                         ,TSHIRT MANGA CORTA CON ESTAMPADO EN FRE,13-0107             ,VERDE CLARO,T-18     ,333,2026-05-26,CORTE,TRAZO Y CORTE
007 - JULIO                                   ,025 - 3JUL1                                   ,003 - YOYO                                    ,003 - OPORTUNIDADES                           ,001 - CAMISETA                                ,001 - TEJIDO PUNTO                            ,MOP-00000039,YY0000235                                         ,TSHIRT MANGA CORTA CON ESTAMPADO EN FRE,13-0107             ,VERDE CLARO,T-20     ,333,2026-05-26,CORTE,TRAZO Y CORTE
007 - JULIO                                   ,025 - 3JUL1                                   ,003 - YOYO                                    ,003 - OPORTUNIDADES                           ,001 - CAMISETA                                ,001 - TEJIDO PUNTO                            ,MOP-00000039,YY0000235                                         ,TSHIRT MANGA CORTA CON ESTAMPADO EN FRE,13-0107             ,VERDE CLARO,T-22     ,111,2026-05-26,CORTE,TRAZO Y CORTE
007 - JULIO                                   ,025 - 3JUL1                                   ,003 - YOYO                                    ,008 - MODA                                    ,001 - CAMISETA                                ,001 - TEJIDO PUNTO                            ,MOP-00000040,YY0000236                                         ,POLO MANGA CORTA CON ESTAMPADO,19-4031             ,AZUL OSCURO,T-12     ,411,2026-06-05,CORTE,TRAZO Y CORTE
007 - JULIO                                   ,025 - 3JUL1                                   ,003 - YOYO                                    ,008 - MODA                                    ,001 - CAMISETA                                ,001 - TEJIDO PUNTO                            ,MOP-00000040,YY0000236                                         ,POLO MANGA CORTA CON ESTAMPADO,19-4031             ,AZUL OSCURO,T-14     ,690,2026-06-05,CORTE,TRAZO Y CORTE
007 - JULIO                                   ,025 - 3JUL1                                   ,003 - YOYO                                    ,008 - MODA                                    ,001 - CAMISETA                                ,001 - TEJIDO PUNTO                            ,MOP-00000040,YY0000236                                         ,POLO MANGA CORTA CON ESTAMPADO,19-4031             ,AZUL OSCURO,T-16     ,684,2026-06-05,CORTE,TRAZO Y CORTE
007 - JULIO                                   ,025 - 3JUL1                                   ,003 - YOYO                                    ,008 - MODA                                    ,001 - CAMISETA                                ,001 - TEJIDO PUNTO                            ,MOP-00000040,YY0000236                                         ,POLO MANGA CORTA CON ESTAMPADO,19-4031             ,AZUL OSCURO,T-18     ,444,2026-06-05,CORTE,TRAZO Y CORTE
007 - JULIO                                   ,025 - 3JUL1                                   ,003 - YOYO                                    ,008 - MODA                                    ,001 - CAMISETA                                ,001 - TEJIDO PUNTO                            ,MOP-00000040,YY0000236                                         ,POLO MANGA CORTA CON ESTAMPADO,19-4031             ,AZUL OSCURO,T-20     ,378,2026-06-05,CORTE,TRAZO Y CORTE
007 - JULIO                                   ,025 - 3JUL1                                   ,003 - YOYO                                    ,008 - MODA                                    ,001 - CAMISETA                                ,001 - TEJIDO PUNTO                            ,MOP-00000040,YY0000236                                         ,POLO MANGA CORTA CON ESTAMPADO,19-4031             ,AZUL OSCURO,T-22     ,238,2026-06-05,CORTE,TRAZO Y CORTE
007 - JULIO                                   ,025 - 3JUL1                                   ,003 - YOYO                                    ,008 - MODA                                    ,001 - CAMISETA                                ,001 - TEJIDO PUNTO                            ,MOP-00000041,YY0000238                                         ,CAMISETA MANGA CORTA CON RECOGIDO COST,13-0107             ,VERDE CLARO,T-12     ,249,2026-04-25,CORTE,TRAZO Y CORTE
007 - JULIO                                   ,025 - 3JUL1                                   ,003 - YOYO                                    ,008 - MODA                                    ,001 - CAMISETA                                ,001 - TEJIDO PUNTO                            ,MOP-00000041,YY0000238                                         ,CAMISETA MANGA CORTA CON RECOGIDO COST,13-0107             ,VERDE CLARO,T-14     ,424,2026-04-25,CORTE,TRAZO Y CORTE
007 - JULIO                                   ,025 - 3JUL1                                   ,003 - YOYO                                    ,008 - MODA                                    ,001 - CAMISETA                                ,001 - TEJIDO PUNTO                            ,MOP-00000041,YY0000238                                         ,CAMISETA MANGA CORTA CON RECOGIDO COST,13-0107             ,VERDE CLARO,T-16     ,422,2026-04-25,CORTE,TRAZO Y CORTE
007 - JULIO                                   ,025 - 3JUL1                                   ,003 - YOYO                                    ,008 - MODA                                    ,001 - CAMISETA                                ,001 - TEJIDO PUNTO                            ,MOP-00000041,YY0000238                                         ,CAMISETA MANGA CORTA CON RECOGIDO COST,13-0107             ,VERDE CLARO,T-18     ,243,2026-04-25,CORTE,TRAZO Y CORTE
007 - JULIO                                   ,025 - 3JUL1                                   ,003 - YOYO                                    ,008 - MODA                                    ,001 - CAMISETA                                ,001 - TEJIDO PUNTO                            ,MOP-00000041,YY0000238                                         ,CAMISETA MANGA CORTA CON RECOGIDO COST,13-0107             ,VERDE CLARO,T-20     ,243,2026-04-25,CORTE,TRAZO Y CORTE
007 - JULIO                                   ,025 - 3JUL1                                   ,003 - YOYO                                    ,008 - MODA                                    ,001 - CAMISETA                                ,001 - TEJIDO PUNTO                            ,MOP-00000041,YY0000238                                         ,CAMISETA MANGA CORTA CON RECOGIDO COST,13-0107             ,VERDE CLARO,T-22     ,164,2026-04-25,CORTE,TRAZO Y CORTE
007 - JULIO                                   ,025 - 3JUL1                                   ,003 - YOYO                                    ,008 - MODA                                    ,016 - TOP -BODY                               ,001 - TEJIDO PUNTO                            ,MOP-00000042,YY0000241                                         ,TOP MANGA SISA CUELLO TORTUGA,19-3925             ,AZUL OSCURO,T-14     ,450,2026-04-27,CORTE,TRAZO Y CORTE
007 - JULIO                                   ,025 - 3JUL1                                   ,003 - YOYO                                    ,008 - MODA                                    ,016 - TOP -BODY                               ,001 - TEJIDO PUNTO                            ,MOP-00000042,YY0000241                                         ,TOP MANGA SISA CUELLO TORTUGA,19-3925             ,AZUL OSCURO,T-16     ,450,2026-04-27,CORTE,TRAZO Y CORTE
007 - JULIO                                   ,025 - 3JUL1                                   ,003 - YOYO                                    ,008 - MODA                                    ,016 - TOP -BODY                               ,001 - TEJIDO PUNTO                            ,MOP-00000042,YY0000241                                         ,TOP MANGA SISA CUELLO TORTUGA,19-3925             ,AZUL OSCURO,T-18     ,264,2026-04-27,CORTE,TRAZO Y CORTE
007 - JULIO                                   ,025 - 3JUL1                                   ,003 - YOYO                                    ,008 - MODA                                    ,016 - TOP -BODY                               ,001 - TEJIDO PUNTO                            ,MOP-00000042,YY0000241                                         ,TOP MANGA SISA CUELLO TORTUGA,19-3925             ,AZUL OSCURO,T-20     ,264,2026-04-27,CORTE,TRAZO Y CORTE
007 - JULIO                                   ,025 - 3JUL1                                   ,003 - YOYO                                    ,008 - MODA                                    ,016 - TOP -BODY                               ,001 - TEJIDO PUNTO                            ,MOP-00000042,YY0000241                                         ,TOP MANGA SISA CUELLO TORTUGA,19-3925             ,AZUL OSCURO,T-22     ,176,2026-04-27,CORTE,TRAZO Y CORTE
007 - JULIO                                   ,025 - 3JUL1                                   ,003 - YOYO                                    ,008 - MODA                                    ,016 - TOP -BODY                               ,001 - TEJIDO PUNTO                            ,MOP-00000043,YY0000243                                         ,BODY MANGA LARGA ESTAMPADO EN FRENTE,11-0602             ,MARFIL,T-14     ,532,2026-04-23,CORTE,TRAZO Y CORTE
007 - JULIO                                   ,025 - 3JUL1                                   ,003 - YOYO                                    ,008 - MODA                                    ,016 - TOP -BODY                               ,001 - TEJIDO PUNTO                            ,MOP-00000043,YY0000243                                         ,BODY MANGA LARGA ESTAMPADO EN FRENTE,11-0602             ,MARFIL,T-16     ,519,2026-04-23,CORTE,TRAZO Y CORTE
007 - JULIO                                   ,025 - 3JUL1                                   ,003 - YOYO                                    ,008 - MODA                                    ,016 - TOP -BODY                               ,001 - TEJIDO PUNTO                            ,MOP-00000043,YY0000243                                         ,BODY MANGA LARGA ESTAMPADO EN FRENTE,11-0602             ,MARFIL,T-18     ,303,2026-04-23,CORTE,TRAZO Y CORTE
007 - JULIO                                   ,025 - 3JUL1                                   ,003 - YOYO                                    ,008 - MODA                                    ,016 - TOP -BODY                               ,001 - TEJIDO PUNTO                            ,MOP-00000043,YY0000243                                         ,BODY MANGA LARGA ESTAMPADO EN FRENTE,11-0602             ,MARFIL,T-20     ,303,2026-04-23,CORTE,TRAZO Y CORTE
007 - JULIO                                   ,025 - 3JUL1                                   ,003 - YOYO                                    ,008 - MODA                                    ,016 - TOP -BODY                               ,001 - TEJIDO PUNTO                            ,MOP-00000043,YY0000243                                         ,BODY MANGA LARGA ESTAMPADO EN FRENTE,11-0602             ,MARFIL,T-22     ,202,2026-04-23,CORTE,TRAZO Y CORTE
007 - JULIO                                   ,025 - 3JUL1                                   ,003 - YOYO                                    ,008 - MODA                                    ,003 - CORTOS                                  ,005 - DENIM                                   ,MOP-00000045,YY0000245                                         ,BERMUDA TIRO MEDIO  LAV MEDIO,IND02               ,MEDIO,T-12     ,518,2026-05-06,CORTE,TRAZO Y CORTE
007 - JULIO                                   ,025 - 3JUL1                                   ,003 - YOYO                                    ,008 - MODA                                    ,003 - CORTOS                                  ,005 - DENIM                                   ,MOP-00000045,YY0000245                                         ,BERMUDA TIRO MEDIO  LAV MEDIO,IND02               ,MEDIO,T-14     ,519,2026-05-06,CORTE,TRAZO Y CORTE
007 - JULIO                                   ,025 - 3JUL1                                   ,003 - YOYO                                    ,008 - MODA                                    ,003 - CORTOS                                  ,005 - DENIM                                   ,MOP-00000045,YY0000245                                         ,BERMUDA TIRO MEDIO  LAV MEDIO,IND02               ,MEDIO,T-16     ,519,2026-05-06,CORTE,TRAZO Y CORTE
007 - JULIO                                   ,025 - 3JUL1                                   ,003 - YOYO                                    ,008 - MODA                                    ,003 - CORTOS                                  ,005 - DENIM                                   ,MOP-00000045,YY0000245                                         ,BERMUDA TIRO MEDIO  LAV MEDIO,IND02               ,MEDIO,T-18     ,414,2026-05-06,CORTE,TRAZO Y CORTE
007 - JULIO                                   ,025 - 3JUL1                                   ,003 - YOYO                                    ,008 - MODA                                    ,003 - CORTOS                                  ,005 - DENIM                                   ,MOP-00000045,YY0000245                                         ,BERMUDA TIRO MEDIO  LAV MEDIO,IND02               ,MEDIO,T-20     ,311,2026-05-06,CORTE,TRAZO Y CORTE
007 - JULIO                                   ,025 - 3JUL1                                   ,003 - YOYO                                    ,008 - MODA                                    ,003 - CORTOS                                  ,005 - DENIM                                   ,MOP-00000045,YY0000245                                         ,BERMUDA TIRO MEDIO  LAV MEDIO,IND02               ,MEDIO,T-22     ,207,2026-05-06,CORTE,TRAZO Y CORTE
007 - JULIO                                   ,025 - 3JUL1                                   ,003 - YOYO                                    ,008 - MODA                                    ,003 - CORTOS                                  ,005 - DENIM                                   ,MOP-00000046,YY0000227                                         ,SHORT TIRO ALTO LAV MEDIO,IND02               ,MEDIO,T-12     ,490,2026-05-01,CORTE                                   ,TRAZO Y CORTE
007 - JULIO                                   ,025 - 3JUL1                                   ,003 - YOYO                                    ,008 - MODA                                    ,003 - CORTOS                                  ,005 - DENIM                                   ,MOP-00000046,YY0000227                                         ,SHORT TIRO ALTO LAV MEDIO,IND02               ,MEDIO,T-14     ,436,2026-05-01,CORTE                                   ,TRAZO Y CORTE
007 - JULIO                                   ,025 - 3JUL1                                   ,003 - YOYO                                    ,008 - MODA                                    ,003 - CORTOS                                  ,005 - DENIM                                   ,MOP-00000046,YY0000227                                         ,SHORT TIRO ALTO LAV MEDIO,IND02               ,MEDIO,T-16     ,435,2026-05-01,CORTE                                   ,TRAZO Y CORTE
007 - JULIO                                   ,025 - 3JUL1                                   ,003 - YOYO                                    ,008 - MODA                                    ,003 - CORTOS                                  ,005 - DENIM                                   ,MOP-00000046,YY0000227                                         ,SHORT TIRO ALTO LAV MEDIO,IND02               ,MEDIO,T-18     ,380,2026-05-01,CORTE                                   ,TRAZO Y CORTE
007 - JULIO                                   ,025 - 3JUL1                                   ,003 - YOYO                                    ,008 - MODA                                    ,003 - CORTOS                                  ,005 - DENIM                                   ,MOP-00000046,YY0000227                                         ,SHORT TIRO ALTO LAV MEDIO,IND02               ,MEDIO,T-20     ,268,2026-05-01,CORTE                                   ,TRAZO Y CORTE
007 - JULIO                                   ,025 - 3JUL1                                   ,003 - YOYO                                    ,008 - MODA                                    ,003 - CORTOS                                  ,005 - DENIM                                   ,MOP-00000046,YY0000227                                         ,SHORT TIRO ALTO LAV MEDIO,IND02               ,MEDIO,T-22     ,160,2026-05-01,CORTE                                   ,TRAZO Y CORTE
007 - JULIO                                   ,025 - 3JUL1                                   ,003 - YOYO                                    ,008 - MODA                                    ,003 - CORTOS                                  ,005 - DENIM                                   ,MOP-00000047,YY0000229                                         ,FALDA CON SHORT INT TIRO ALTO LAV MEDIO,IND02               ,MEDIO,T-12     ,430,2026-05-06,CORTE,TRAZO Y CORTE
007 - JULIO                                   ,025 - 3JUL1                                   ,003 - YOYO                                    ,008 - MODA                                    ,003 - CORTOS                                  ,005 - DENIM                                   ,MOP-00000047,YY0000229                                         ,FALDA CON SHORT INT TIRO ALTO LAV MEDIO,IND02               ,MEDIO,T-14     ,432,2026-05-06,CORTE,TRAZO Y CORTE
007 - JULIO                                   ,025 - 3JUL1                                   ,003 - YOYO                                    ,008 - MODA                                    ,003 - CORTOS                                  ,005 - DENIM                                   ,MOP-00000047,YY0000229                                         ,FALDA CON SHORT INT TIRO ALTO LAV MEDIO,IND02               ,MEDIO,T-16     ,432,2026-05-06,CORTE,TRAZO Y CORTE
007 - JULIO                                   ,025 - 3JUL1                                   ,003 - YOYO                                    ,008 - MODA                                    ,003 - CORTOS                                  ,005 - DENIM                                   ,MOP-00000047,YY0000229                                         ,FALDA CON SHORT INT TIRO ALTO LAV MEDIO,IND02               ,MEDIO,T-18     ,324,2026-05-06,CORTE,TRAZO Y CORTE
007 - JULIO                                   ,025 - 3JUL1                                   ,003 - YOYO                                    ,008 - MODA                                    ,003 - CORTOS                                  ,005 - DENIM                                   ,MOP-00000047,YY0000229                                         ,FALDA CON SHORT INT TIRO ALTO LAV MEDIO,IND02               ,MEDIO,T-20     ,216,2026-05-06,CORTE,TRAZO Y CORTE
007 - JULIO                                   ,025 - 3JUL1                                   ,003 - YOYO                                    ,008 - MODA                                    ,003 - CORTOS                                  ,005 - DENIM                                   ,MOP-00000047,YY0000229                                         ,FALDA CON SHORT INT TIRO ALTO LAV MEDIO,IND02               ,MEDIO,T-22     ,152,2026-05-06,CORTE,TRAZO Y CORTE
007 - JULIO                                   ,026 - 3JUL2                                   ,003 - YOYO                                    ,008 - MODA                                    ,003 - CORTOS                                  ,005 - DENIM                                   ,MOP-00000048,YY0000230                                         ,FALDA CON SHORT INT TIRO ALTO MEDIO OSC,IND03               ,MEDIO OSCURO,T-12     ,392,2026-05-06,CORTE,TRAZO Y CORTE
007 - JULIO                                   ,026 - 3JUL2                                   ,003 - YOYO                                    ,008 - MODA                                    ,003 - CORTOS                                  ,005 - DENIM                                   ,MOP-00000048,YY0000230                                         ,FALDA CON SHORT INT TIRO ALTO MEDIO OSC,IND03               ,MEDIO OSCURO,T-14     ,392,2026-05-06,CORTE,TRAZO Y CORTE
007 - JULIO                                   ,026 - 3JUL2                                   ,003 - YOYO                                    ,008 - MODA                                    ,003 - CORTOS                                  ,005 - DENIM                                   ,MOP-00000048,YY0000230                                         ,FALDA CON SHORT INT TIRO ALTO MEDIO OSC,IND03               ,MEDIO OSCURO,T-16     ,386,2026-05-06,CORTE,TRAZO Y CORTE
007 - JULIO                                   ,026 - 3JUL2                                   ,003 - YOYO                                    ,008 - MODA                                    ,003 - CORTOS                                  ,005 - DENIM                                   ,MOP-00000048,YY0000230                                         ,FALDA CON SHORT INT TIRO ALTO MEDIO OSC,IND03               ,MEDIO OSCURO,T-18     ,294,2026-05-06,CORTE,TRAZO Y CORTE
007 - JULIO                                   ,026 - 3JUL2                                   ,003 - YOYO                                    ,008 - MODA                                    ,003 - CORTOS                                  ,005 - DENIM                                   ,MOP-00000048,YY0000230                                         ,FALDA CON SHORT INT TIRO ALTO MEDIO OSC,IND03               ,MEDIO OSCURO,T-20     ,245,2026-05-06,CORTE,TRAZO Y CORTE
007 - JULIO                                   ,026 - 3JUL2                                   ,003 - YOYO                                    ,008 - MODA                                    ,003 - CORTOS                                  ,005 - DENIM                                   ,MOP-00000048,YY0000230                                         ,FALDA CON SHORT INT TIRO ALTO MEDIO OSC,IND03               ,MEDIO OSCURO,T-22     ,147,2026-05-06,CORTE,TRAZO Y CORTE
005 - MAYO                                    ,017 - 2MAY1                                   ,003 - YOYO                                    ,008 - MODA                                    ,010 - PRENDAS DE MODA                         ,999 - NO APLICA                               ,MOP-00000049,YY0001076                                         ,VESTIDO MC TP TIPO POLO CORTO         ,18-1222             ,CAFE MEDIO,T-14     ,338,2026-05-01,CORTE,TRAZO Y CORTE
005 - MAYO                                    ,017 - 2MAY1                                   ,003 - YOYO                                    ,008 - MODA                                    ,010 - PRENDAS DE MODA                         ,999 - NO APLICA                               ,MOP-00000049,YY0001076                                         ,VESTIDO MC TP TIPO POLO CORTO         ,18-1222             ,CAFE MEDIO,T-16     ,305,2026-05-01,CORTE,TRAZO Y CORTE
005 - MAYO                                    ,017 - 2MAY1                                   ,003 - YOYO                                    ,008 - MODA                                    ,010 - PRENDAS DE MODA                         ,999 - NO APLICA                               ,MOP-00000049,YY0001076                                         ,VESTIDO MC TP TIPO POLO CORTO         ,18-1222             ,CAFE MEDIO,T-18     ,239,2026-05-01,CORTE,TRAZO Y CORTE
005 - MAYO                                    ,017 - 2MAY1                                   ,003 - YOYO                                    ,008 - MODA                                    ,010 - PRENDAS DE MODA                         ,999 - NO APLICA                               ,MOP-00000049,YY0001076                                         ,VESTIDO MC TP TIPO POLO CORTO         ,18-1222             ,CAFE MEDIO,T-20     ,180,2026-05-01,CORTE,TRAZO Y CORTE
005 - MAYO                                    ,017 - 2MAY1                                   ,003 - YOYO                                    ,008 - MODA                                    ,010 - PRENDAS DE MODA                         ,999 - NO APLICA                               ,MOP-00000049,YY0001076                                         ,VESTIDO MC TP TIPO POLO CORTO         ,18-1222             ,CAFE MEDIO,T-22     ,159,2026-05-01,CORTE,TRAZO Y CORTE
007 - JULIO                                   ,026 - 3JUL2                                   ,003 - YOYO                                    ,008 - MODA                                    ,001 - CAMISETA                                ,001 - TEJIDO PUNTO                            ,MOP-00000050,YY0000254                                         ,TOP MANGA CORTA  CON BLONDA Y ESTAMPADO,11-0602             ,MARFIL,T-14     ,463,2026-06-03,CORTE,TRAZO Y CORTE
007 - JULIO                                   ,026 - 3JUL2                                   ,003 - YOYO                                    ,008 - MODA                                    ,001 - CAMISETA                                ,001 - TEJIDO PUNTO                            ,MOP-00000050,YY0000254                                         ,TOP MANGA CORTA  CON BLONDA Y ESTAMPADO,11-0602             ,MARFIL,T-16     ,463,2026-06-03,CORTE,TRAZO Y CORTE
007 - JULIO                                   ,026 - 3JUL2                                   ,003 - YOYO                                    ,008 - MODA                                    ,001 - CAMISETA                                ,001 - TEJIDO PUNTO                            ,MOP-00000050,YY0000254                                         ,TOP MANGA CORTA  CON BLONDA Y ESTAMPADO,11-0602             ,MARFIL,T-18     ,252,2026-06-03,CORTE,TRAZO Y CORTE
007 - JULIO                                   ,026 - 3JUL2                                   ,003 - YOYO                                    ,008 - MODA                                    ,001 - CAMISETA                                ,001 - TEJIDO PUNTO                            ,MOP-00000050,YY0000254                                         ,TOP MANGA CORTA  CON BLONDA Y ESTAMPADO,11-0602             ,MARFIL,T-20     ,252,2026-06-03,CORTE,TRAZO Y CORTE
007 - JULIO                                   ,026 - 3JUL2                                   ,003 - YOYO                                    ,008 - MODA                                    ,001 - CAMISETA                                ,001 - TEJIDO PUNTO                            ,MOP-00000050,YY0000254                                         ,TOP MANGA CORTA  CON BLONDA Y ESTAMPADO,11-0602             ,MARFIL,T-22     ,168,2026-06-03,CORTE,TRAZO Y CORTE
007 - JULIO                                   ,026 - 3JUL2                                   ,003 - YOYO                                    ,003 - OPORTUNIDADES                           ,000 - JEANS                                   ,005 - DENIM                                   ,MOP-00000051,YY0000494                                         ,RETROMOM TIRO ALTO LAV MEDIO,IND02               ,MEDIO,T-10     ,203,2026-05-13,CORTE,TRAZO Y CORTE
007 - JULIO                                   ,026 - 3JUL2                                   ,003 - YOYO                                    ,003 - OPORTUNIDADES                           ,000 - JEANS                                   ,005 - DENIM                                   ,MOP-00000051,YY0000494                                         ,RETROMOM TIRO ALTO LAV MEDIO,IND02               ,MEDIO,T-12     ,559,2026-05-13,CORTE,TRAZO Y CORTE
007 - JULIO                                   ,026 - 3JUL2                                   ,003 - YOYO                                    ,003 - OPORTUNIDADES                           ,000 - JEANS                                   ,005 - DENIM                                   ,MOP-00000051,YY0000494                                         ,RETROMOM TIRO ALTO LAV MEDIO,IND02               ,MEDIO,T-14     ,671,2026-05-13,CORTE,TRAZO Y CORTE
007 - JULIO                                   ,026 - 3JUL2                                   ,003 - YOYO                                    ,003 - OPORTUNIDADES                           ,000 - JEANS                                   ,005 - DENIM                                   ,MOP-00000051,YY0000494                                         ,RETROMOM TIRO ALTO LAV MEDIO,IND02               ,MEDIO,T-16     ,626,2026-05-13,CORTE,TRAZO Y CORTE
007 - JULIO                                   ,026 - 3JUL2                                   ,003 - YOYO                                    ,003 - OPORTUNIDADES                           ,000 - JEANS                                   ,005 - DENIM                                   ,MOP-00000051,YY0000494                                         ,RETROMOM TIRO ALTO LAV MEDIO,IND02               ,MEDIO,T-18     ,423,2026-05-13,CORTE,TRAZO Y CORTE
007 - JULIO                                   ,026 - 3JUL2                                   ,003 - YOYO                                    ,003 - OPORTUNIDADES                           ,000 - JEANS                                   ,005 - DENIM                                   ,MOP-00000051,YY0000494                                         ,RETROMOM TIRO ALTO LAV MEDIO,IND02               ,MEDIO,T-20     ,313,2026-05-13,CORTE,TRAZO Y CORTE
007 - JULIO                                   ,026 - 3JUL2                                   ,003 - YOYO                                    ,003 - OPORTUNIDADES                           ,000 - JEANS                                   ,005 - DENIM                                   ,MOP-00000051,YY0000494                                         ,RETROMOM TIRO ALTO LAV MEDIO,IND02               ,MEDIO,T-22     ,203,2026-05-13,CORTE,TRAZO Y CORTE
007 - JULIO                                   ,025 - 3JUL1                                   ,003 - YOYO                                    ,008 - MODA                                    ,001 - CAMISETA                                ,001 - TEJIDO PUNTO                            ,MOP-00000052,YY0000237                                         ,CAMISETA MANGA CORTA EN CONTRASTE EST,11-0602             ,MARFIL,T-10     ,292,2026-05-09,CORTE,TRAZO Y CORTE
007 - JULIO                                   ,025 - 3JUL1                                   ,003 - YOYO                                    ,008 - MODA                                    ,001 - CAMISETA                                ,001 - TEJIDO PUNTO                            ,MOP-00000052,YY0000237                                         ,CAMISETA MANGA CORTA EN CONTRASTE EST,11-0602             ,MARFIL,T-12     ,448,2026-05-09,CORTE,TRAZO Y CORTE
007 - JULIO                                   ,025 - 3JUL1                                   ,003 - YOYO                                    ,008 - MODA                                    ,001 - CAMISETA                                ,001 - TEJIDO PUNTO                            ,MOP-00000052,YY0000237                                         ,CAMISETA MANGA CORTA EN CONTRASTE EST,11-0602             ,MARFIL,T-14     ,738,2026-05-09,CORTE,TRAZO Y CORTE
007 - JULIO                                   ,025 - 3JUL1                                   ,003 - YOYO                                    ,008 - MODA                                    ,001 - CAMISETA                                ,001 - TEJIDO PUNTO                            ,MOP-00000052,YY0000237                                         ,CAMISETA MANGA CORTA EN CONTRASTE EST,11-0602             ,MARFIL,T-16     ,727,2026-05-09,CORTE,TRAZO Y CORTE
007 - JULIO                                   ,025 - 3JUL1                                   ,003 - YOYO                                    ,008 - MODA                                    ,001 - CAMISETA                                ,001 - TEJIDO PUNTO                            ,MOP-00000052,YY0000237                                         ,CAMISETA MANGA CORTA EN CONTRASTE EST,11-0602             ,MARFIL,T-18     ,437,2026-05-09,CORTE,TRAZO Y CORTE
007 - JULIO                                   ,025 - 3JUL1                                   ,003 - YOYO                                    ,008 - MODA                                    ,001 - CAMISETA                                ,001 - TEJIDO PUNTO                            ,MOP-00000052,YY0000237                                         ,CAMISETA MANGA CORTA EN CONTRASTE EST,11-0602             ,MARFIL,T-20     ,437,2026-05-09,CORTE,TRAZO Y CORTE
007 - JULIO                                   ,025 - 3JUL1                                   ,003 - YOYO                                    ,008 - MODA                                    ,001 - CAMISETA                                ,001 - TEJIDO PUNTO                            ,MOP-00000052,YY0000237                                         ,CAMISETA MANGA CORTA EN CONTRASTE EST,11-0602             ,MARFIL,T-22     ,291,2026-05-09,CORTE,TRAZO Y CORTE
002 - FEBRERO                                 ,006 - 1FEB2                                   ,003 - YOYO                                    ,005 - ESENCIAL                                ,016 - TOP -BODY                               ,001 - TEJIDO PUNTO                            ,MOP-00000053,35002295                                          ,BODY SISA ESTAMPADO EN FRENTE ESENCIAL,11-0602             ,MARFIL,T-14     ,495,2026-04-24,CORTE                                   ,TRAZO Y CORTE
002 - FEBRERO                                 ,006 - 1FEB2                                   ,003 - YOYO                                    ,005 - ESENCIAL                                ,016 - TOP -BODY                               ,001 - TEJIDO PUNTO                            ,MOP-00000053,35002295                                          ,BODY SISA ESTAMPADO EN FRENTE ESENCIAL,11-0602             ,MARFIL,T-16     ,416,2026-04-24,CORTE                                   ,TRAZO Y CORTE
002 - FEBRERO                                 ,006 - 1FEB2                                   ,003 - YOYO                                    ,005 - ESENCIAL                                ,016 - TOP -BODY                               ,001 - TEJIDO PUNTO                            ,MOP-00000053,35002295                                          ,BODY SISA ESTAMPADO EN FRENTE ESENCIAL,11-0602             ,MARFIL,T-18     ,310,2026-04-24,CORTE                                   ,TRAZO Y CORTE
002 - FEBRERO                                 ,006 - 1FEB2                                   ,003 - YOYO                                    ,005 - ESENCIAL                                ,016 - TOP -BODY                               ,001 - TEJIDO PUNTO                            ,MOP-00000053,35002295                                          ,BODY SISA ESTAMPADO EN FRENTE ESENCIAL,11-0602             ,MARFIL,T-20     ,310,2026-04-24,CORTE                                   ,TRAZO Y CORTE
002 - FEBRERO                                 ,006 - 1FEB2                                   ,003 - YOYO                                    ,005 - ESENCIAL                                ,016 - TOP -BODY                               ,001 - TEJIDO PUNTO                            ,MOP-00000053,35002295                                          ,BODY SISA ESTAMPADO EN FRENTE ESENCIAL,11-0602             ,MARFIL,T-22     ,121,2026-04-24,CORTE                                   ,TRAZO Y CORTE
002 - FEBRERO                                 ,006 - 1FEB2                                   ,003 - YOYO                                    ,005 - ESENCIAL                                ,000 - JEANS                                   ,005 - DENIM                                   ,MOP-00000054,35010291                                          ,RETROMOM TIRO BAJO BOTA AMPLIA ESENCIAL,19-4004             ,NEGRO,T-10     ,99,2026-04-27,CORTE,TRAZO Y CORTE
002 - FEBRERO                                 ,006 - 1FEB2                                   ,003 - YOYO                                    ,005 - ESENCIAL                                ,000 - JEANS                                   ,005 - DENIM                                   ,MOP-00000054,35010291                                          ,RETROMOM TIRO BAJO BOTA AMPLIA ESENCIAL,19-4004             ,NEGRO,T-12     ,305,2026-04-27,CORTE,TRAZO Y CORTE
002 - FEBRERO                                 ,006 - 1FEB2                                   ,003 - YOYO                                    ,005 - ESENCIAL                                ,000 - JEANS                                   ,005 - DENIM                                   ,MOP-00000054,35010291                                          ,RETROMOM TIRO BAJO BOTA AMPLIA ESENCIAL,19-4004             ,NEGRO,T-14     ,210,2026-04-27,CORTE,TRAZO Y CORTE
002 - FEBRERO                                 ,006 - 1FEB2                                   ,003 - YOYO                                    ,005 - ESENCIAL                                ,000 - JEANS                                   ,005 - DENIM                                   ,MOP-00000054,35010291                                          ,RETROMOM TIRO BAJO BOTA AMPLIA ESENCIAL,19-4004             ,NEGRO,T-16     ,198,2026-04-27,CORTE,TRAZO Y CORTE
002 - FEBRERO                                 ,006 - 1FEB2                                   ,003 - YOYO                                    ,005 - ESENCIAL                                ,000 - JEANS                                   ,005 - DENIM                                   ,MOP-00000054,35010291                                          ,RETROMOM TIRO BAJO BOTA AMPLIA ESENCIAL,19-4004             ,NEGRO,T-18     ,99,2026-04-27,CORTE,TRAZO Y CORTE
002 - FEBRERO                                 ,006 - 1FEB2                                   ,003 - YOYO                                    ,005 - ESENCIAL                                ,000 - JEANS                                   ,005 - DENIM                                   ,MOP-00000054,35010291                                          ,RETROMOM TIRO BAJO BOTA AMPLIA ESENCIAL,19-4004             ,NEGRO,T-20     ,99,2026-04-27,CORTE,TRAZO Y CORTE
002 - FEBRERO                                 ,006 - 1FEB2                                   ,003 - YOYO                                    ,005 - ESENCIAL                                ,000 - JEANS                                   ,005 - DENIM                                   ,MOP-00000054,35010291                                          ,RETROMOM TIRO BAJO BOTA AMPLIA ESENCIAL,19-4004             ,NEGRO,T-22     ,99,2026-04-27,CORTE,TRAZO Y CORTE
007 - JULIO                                   ,025 - 3JUL1                                   ,003 - YOYO                                    ,008 - MODA                                    ,010 - PRENDAS DE MODA                         ,001 - TEJIDO PUNTO                            ,MOP-00000055,YY0000246                                         ,VESTIDO MANGA SISA  CORTO ESCOTE EN V,19-4024             ,AZUL OSCURO,T-14     ,430,2026-04-25,CORTE,TRAZO Y CORTE
007 - JULIO                                   ,025 - 3JUL1                                   ,003 - YOYO                                    ,008 - MODA                                    ,010 - PRENDAS DE MODA                         ,001 - TEJIDO PUNTO                            ,MOP-00000055,YY0000246                                         ,VESTIDO MANGA SISA  CORTO ESCOTE EN V,19-4024             ,AZUL OSCURO,T-16     ,432,2026-04-25,CORTE,TRAZO Y CORTE
007 - JULIO                                   ,025 - 3JUL1                                   ,003 - YOYO                                    ,008 - MODA                                    ,010 - PRENDAS DE MODA                         ,001 - TEJIDO PUNTO                            ,MOP-00000055,YY0000246                                         ,VESTIDO MANGA SISA  CORTO ESCOTE EN V,19-4024             ,AZUL OSCURO,T-18     ,325,2026-04-25,CORTE,TRAZO Y CORTE
007 - JULIO                                   ,025 - 3JUL1                                   ,003 - YOYO                                    ,008 - MODA                                    ,010 - PRENDAS DE MODA                         ,001 - TEJIDO PUNTO                            ,MOP-00000055,YY0000246                                         ,VESTIDO MANGA SISA  CORTO ESCOTE EN V,19-4024             ,AZUL OSCURO,T-20     ,214,2026-04-25,CORTE,TRAZO Y CORTE
007 - JULIO                                   ,025 - 3JUL1                                   ,003 - YOYO                                    ,008 - MODA                                    ,010 - PRENDAS DE MODA                         ,001 - TEJIDO PUNTO                            ,MOP-00000055,YY0000246                                         ,VESTIDO MANGA SISA  CORTO ESCOTE EN V,19-4024             ,AZUL OSCURO,T-22     ,107,2026-04-25,CORTE,TRAZO Y CORTE
007 - JULIO                                   ,026 - 3JUL2                                   ,003 - YOYO                                    ,008 - MODA                                    ,000 - JEANS                                   ,005 - DENIM                                   ,MOP-00000056,YY0000258                                         ,RETROMOM TIRO ALTO  LAV NEGRO,IND07               ,NEGRO OSCURO,T-12     ,190,2026-04-29,CORTE,TRAZO Y CORTE
007 - JULIO                                   ,026 - 3JUL2                                   ,003 - YOYO                                    ,008 - MODA                                    ,000 - JEANS                                   ,005 - DENIM                                   ,MOP-00000056,YY0000258                                         ,RETROMOM TIRO ALTO  LAV NEGRO,IND07               ,NEGRO OSCURO,T-14     ,261,2026-04-29,CORTE,TRAZO Y CORTE
007 - JULIO                                   ,026 - 3JUL2                                   ,003 - YOYO                                    ,008 - MODA                                    ,000 - JEANS                                   ,005 - DENIM                                   ,MOP-00000056,YY0000258                                         ,RETROMOM TIRO ALTO  LAV NEGRO,IND07               ,NEGRO OSCURO,T-16     ,240,2026-04-29,CORTE,TRAZO Y CORTE
007 - JULIO                                   ,026 - 3JUL2                                   ,003 - YOYO                                    ,008 - MODA                                    ,000 - JEANS                                   ,005 - DENIM                                   ,MOP-00000056,YY0000258                                         ,RETROMOM TIRO ALTO  LAV NEGRO,IND07               ,NEGRO OSCURO,T-18     ,144,2026-04-29,CORTE,TRAZO Y CORTE
007 - JULIO                                   ,026 - 3JUL2                                   ,003 - YOYO                                    ,008 - MODA                                    ,000 - JEANS                                   ,005 - DENIM                                   ,MOP-00000056,YY0000258                                         ,RETROMOM TIRO ALTO  LAV NEGRO,IND07               ,NEGRO OSCURO,T-20     ,111,2026-04-29,CORTE,TRAZO Y CORTE
007 - JULIO                                   ,026 - 3JUL2                                   ,003 - YOYO                                    ,008 - MODA                                    ,000 - JEANS                                   ,005 - DENIM                                   ,MOP-00000056,YY0000258                                         ,RETROMOM TIRO ALTO  LAV NEGRO,IND07               ,NEGRO OSCURO,T-22     ,74,2026-04-29,CORTE,TRAZO Y CORTE
007 - JULIO                                   ,026 - 3JUL2                                   ,003 - YOYO                                    ,008 - MODA                                    ,002 - BLUSA-CAMISA,002 - TEJIDO PLANO                            ,MOP-00000058,YY0000250                                         ,BLUSA MANGA SISAS CON CIERRE EN COSTADO,14-4110             ,AZUL CLARO,T-14     ,550,2026-04-27,CORTE,TRAZO Y CORTE
007 - JULIO                                   ,026 - 3JUL2                                   ,003 - YOYO                                    ,008 - MODA                                    ,002 - BLUSA-CAMISA,002 - TEJIDO PLANO                            ,MOP-00000058,YY0000250                                         ,BLUSA MANGA SISAS CON CIERRE EN COSTADO,14-4110             ,AZUL CLARO,T-16     ,553,2026-04-27,CORTE,TRAZO Y CORTE
007 - JULIO                                   ,026 - 3JUL2                                   ,003 - YOYO                                    ,008 - MODA                                    ,002 - BLUSA-CAMISA,002 - TEJIDO PLANO                            ,MOP-00000058,YY0000250                                         ,BLUSA MANGA SISAS CON CIERRE EN COSTADO,14-4110             ,AZUL CLARO,T-18     ,332,2026-04-27,CORTE,TRAZO Y CORTE
007 - JULIO                                   ,026 - 3JUL2                                   ,003 - YOYO                                    ,008 - MODA                                    ,002 - BLUSA-CAMISA,002 - TEJIDO PLANO                            ,MOP-00000058,YY0000250                                         ,BLUSA MANGA SISAS CON CIERRE EN COSTADO,14-4110             ,AZUL CLARO,T-20     ,330,2026-04-27,CORTE,TRAZO Y CORTE
007 - JULIO                                   ,026 - 3JUL2                                   ,003 - YOYO                                    ,008 - MODA                                    ,002 - BLUSA-CAMISA,002 - TEJIDO PLANO                            ,MOP-00000058,YY0000250                                         ,BLUSA MANGA SISAS CON CIERRE EN COSTADO,14-4110             ,AZUL CLARO,T-22     ,220,2026-04-27,CORTE,TRAZO Y CORTE
007 - JULIO                                   ,025 - 3JUL1                                   ,003 - YOYO                                    ,008 - MODA                                    ,001 - CAMISETA                                ,001 - TEJIDO PUNTO                            ,MOP-00000059,YY0000251                                         ,CAMISETA ML DOBLE PRENDA EN BLONDA,11-0602             ,MARFIL,T-12     ,142,2026-05-14,CORTE,TRAZO Y CORTE
007 - JULIO                                   ,025 - 3JUL1                                   ,003 - YOYO                                    ,008 - MODA                                    ,001 - CAMISETA                                ,001 - TEJIDO PUNTO                            ,MOP-00000059,YY0000251                                         ,CAMISETA ML DOBLE PRENDA EN BLONDA,11-0602             ,MARFIL,T-14     ,242,2026-05-14,CORTE,TRAZO Y CORTE
007 - JULIO                                   ,025 - 3JUL1                                   ,003 - YOYO                                    ,008 - MODA                                    ,001 - CAMISETA                                ,001 - TEJIDO PUNTO                            ,MOP-00000059,YY0000251                                         ,CAMISETA ML DOBLE PRENDA EN BLONDA,11-0602             ,MARFIL,T-16     ,242,2026-05-14,CORTE,TRAZO Y CORTE
007 - JULIO                                   ,025 - 3JUL1                                   ,003 - YOYO                                    ,008 - MODA                                    ,001 - CAMISETA                                ,001 - TEJIDO PUNTO                            ,MOP-00000059,YY0000251                                         ,CAMISETA ML DOBLE PRENDA EN BLONDA,11-0602             ,MARFIL,T-18     ,146,2026-05-14,CORTE,TRAZO Y CORTE
007 - JULIO                                   ,025 - 3JUL1                                   ,003 - YOYO                                    ,008 - MODA                                    ,001 - CAMISETA                                ,001 - TEJIDO PUNTO                            ,MOP-00000059,YY0000251                                         ,CAMISETA ML DOBLE PRENDA EN BLONDA,11-0602             ,MARFIL,T-20     ,142,2026-05-14,CORTE,TRAZO Y CORTE
007 - JULIO                                   ,025 - 3JUL1                                   ,003 - YOYO                                    ,008 - MODA                                    ,001 - CAMISETA                                ,001 - TEJIDO PUNTO                            ,MOP-00000059,YY0000251                                         ,CAMISETA ML DOBLE PRENDA EN BLONDA,11-0602             ,MARFIL,T-22     ,96,2026-05-14,CORTE,TRAZO Y CORTE
007 - JULIO                                   ,026 - 3JUL2                                   ,003 - YOYO                                    ,008 - MODA                                    ,001 - CAMISETA                                ,001 - TEJIDO PUNTO                            ,MOP-00000060,YY0000256                                         ,TOP MANGA SISA CUELLO HALTER,18-1020             ,CAFE MEDIO,T-14     ,577,2026-04-27,CORTE,TRAZO Y CORTE
007 - JULIO                                   ,026 - 3JUL2                                   ,003 - YOYO                                    ,008 - MODA                                    ,001 - CAMISETA                                ,001 - TEJIDO PUNTO                            ,MOP-00000060,YY0000256                                         ,TOP MANGA SISA CUELLO HALTER,18-1020             ,CAFE MEDIO,T-16     ,571,2026-04-27,CORTE,TRAZO Y CORTE
007 - JULIO                                   ,026 - 3JUL2                                   ,003 - YOYO                                    ,008 - MODA                                    ,001 - CAMISETA                                ,001 - TEJIDO PUNTO                            ,MOP-00000060,YY0000256                                         ,TOP MANGA SISA CUELLO HALTER,18-1020             ,CAFE MEDIO,T-18     ,339,2026-04-27,CORTE,TRAZO Y CORTE
007 - JULIO                                   ,026 - 3JUL2                                   ,003 - YOYO                                    ,008 - MODA                                    ,001 - CAMISETA                                ,001 - TEJIDO PUNTO                            ,MOP-00000060,YY0000256                                         ,TOP MANGA SISA CUELLO HALTER,18-1020             ,CAFE MEDIO,T-20     ,339,2026-04-27,CORTE,TRAZO Y CORTE
007 - JULIO                                   ,026 - 3JUL2                                   ,003 - YOYO                                    ,008 - MODA                                    ,001 - CAMISETA                                ,001 - TEJIDO PUNTO                            ,MOP-00000060,YY0000256                                         ,TOP MANGA SISA CUELLO HALTER,18-1020             ,CAFE MEDIO,T-22     ,230,2026-04-27,CORTE,TRAZO Y CORTE
002 - FEBRERO                                 ,006 - 1FEB2                                   ,003 - YOYO                                    ,005 - ESENCIAL                                ,016 - TOP -BODY                               ,001 - TEJIDO PUNTO                            ,MOP-00000061,35002295                                          ,BODY SISA ESTAMPADO EN FRENTE ESENCIAL,19-4004             ,NEGRO,T-14     ,367,2026-04-27,CORTE                                   ,TRAZO Y CORTE
002 - FEBRERO                                 ,006 - 1FEB2                                   ,003 - YOYO                                    ,005 - ESENCIAL                                ,016 - TOP -BODY                               ,001 - TEJIDO PUNTO                            ,MOP-00000061,35002295                                          ,BODY SISA ESTAMPADO EN FRENTE ESENCIAL,19-4004             ,NEGRO,T-16     ,405,2026-04-27,CORTE                                   ,TRAZO Y CORTE
002 - FEBRERO                                 ,006 - 1FEB2                                   ,003 - YOYO                                    ,005 - ESENCIAL                                ,016 - TOP -BODY                               ,001 - TEJIDO PUNTO                            ,MOP-00000061,35002295                                          ,BODY SISA ESTAMPADO EN FRENTE ESENCIAL,19-4004             ,NEGRO,T-18     ,242,2026-04-27,CORTE                                   ,TRAZO Y CORTE
002 - FEBRERO                                 ,006 - 1FEB2                                   ,003 - YOYO                                    ,005 - ESENCIAL                                ,016 - TOP -BODY                               ,001 - TEJIDO PUNTO                            ,MOP-00000061,35002295                                          ,BODY SISA ESTAMPADO EN FRENTE ESENCIAL,19-4004             ,NEGRO,T-20     ,242,2026-04-27,CORTE                                   ,TRAZO Y CORTE
002 - FEBRERO                                 ,006 - 1FEB2                                   ,003 - YOYO                                    ,005 - ESENCIAL                                ,016 - TOP -BODY                               ,001 - TEJIDO PUNTO                            ,MOP-00000061,35002295                                          ,BODY SISA ESTAMPADO EN FRENTE ESENCIAL,19-4004             ,NEGRO,T-22     ,121,2026-04-27,CORTE                                   ,TRAZO Y CORTE
007 - JULIO                                   ,026 - 3JUL2                                   ,003 - YOYO                                    ,008 - MODA                                    ,000 - JEANS                                   ,005 - DENIM                                   ,MOP-00000062,YY0000225                                         ,MAXI RETRO TIRO MEDIO LAV MEDIO OSCURO,IND03               ,MEDIO OSCURO,T-12     ,465,2026-05-06,CORTE,TRAZO Y CORTE
007 - JULIO                                   ,026 - 3JUL2                                   ,003 - YOYO                                    ,008 - MODA                                    ,000 - JEANS                                   ,005 - DENIM                                   ,MOP-00000062,YY0000225                                         ,MAXI RETRO TIRO MEDIO LAV MEDIO OSCURO,IND03               ,MEDIO OSCURO,T-14     ,566,2026-05-06,CORTE,TRAZO Y CORTE
007 - JULIO                                   ,026 - 3JUL2                                   ,003 - YOYO                                    ,008 - MODA                                    ,000 - JEANS                                   ,005 - DENIM                                   ,MOP-00000062,YY0000225                                         ,MAXI RETRO TIRO MEDIO LAV MEDIO OSCURO,IND03               ,MEDIO OSCURO,T-16     ,566,2026-05-06,CORTE,TRAZO Y CORTE
007 - JULIO                                   ,026 - 3JUL2                                   ,003 - YOYO                                    ,008 - MODA                                    ,000 - JEANS                                   ,005 - DENIM                                   ,MOP-00000062,YY0000225                                         ,MAXI RETRO TIRO MEDIO LAV MEDIO OSCURO,IND03               ,MEDIO OSCURO,T-18     ,386,2026-05-06,CORTE,TRAZO Y CORTE
007 - JULIO                                   ,026 - 3JUL2                                   ,003 - YOYO                                    ,008 - MODA                                    ,000 - JEANS                                   ,005 - DENIM                                   ,MOP-00000062,YY0000225                                         ,MAXI RETRO TIRO MEDIO LAV MEDIO OSCURO,IND03               ,MEDIO OSCURO,T-20     ,283,2026-05-06,CORTE,TRAZO Y CORTE
007 - JULIO                                   ,026 - 3JUL2                                   ,003 - YOYO                                    ,008 - MODA                                    ,000 - JEANS                                   ,005 - DENIM                                   ,MOP-00000062,YY0000225                                         ,MAXI RETRO TIRO MEDIO LAV MEDIO OSCURO,IND03               ,MEDIO OSCURO,T-22     ,283,2026-05-06,CORTE,TRAZO Y CORTE
007 - JULIO                                   ,026 - 3JUL2                                   ,003 - YOYO                                    ,008 - MODA                                    ,001 - CAMISETA                                ,001 - TEJIDO PUNTO                            ,MOP-00000064,YY0000257                                         ,TSHIRT  MANGA CORTA ESENCIAL  ESTAMPADA,17-6009             ,VERDE MEDIO,T-10     ,170,2026-04-29,CORTE,TRAZO Y CORTE
007 - JULIO                                   ,026 - 3JUL2                                   ,003 - YOYO                                    ,008 - MODA                                    ,001 - CAMISETA                                ,001 - TEJIDO PUNTO                            ,MOP-00000064,YY0000257                                         ,TSHIRT  MANGA CORTA ESENCIAL  ESTAMPADA,17-6009             ,VERDE MEDIO,T-12     ,269,2026-04-29,CORTE,TRAZO Y CORTE
007 - JULIO                                   ,026 - 3JUL2                                   ,003 - YOYO                                    ,008 - MODA                                    ,001 - CAMISETA                                ,001 - TEJIDO PUNTO                            ,MOP-00000064,YY0000257                                         ,TSHIRT  MANGA CORTA ESENCIAL  ESTAMPADA,17-6009             ,VERDE MEDIO,T-14     ,443,2026-04-29,CORTE,TRAZO Y CORTE
007 - JULIO                                   ,026 - 3JUL2                                   ,003 - YOYO                                    ,008 - MODA                                    ,001 - CAMISETA                                ,001 - TEJIDO PUNTO                            ,MOP-00000064,YY0000257                                         ,TSHIRT  MANGA CORTA ESENCIAL  ESTAMPADA,17-6009             ,VERDE MEDIO,T-16     ,439,2026-04-29,CORTE,TRAZO Y CORTE
007 - JULIO                                   ,026 - 3JUL2                                   ,003 - YOYO                                    ,008 - MODA                                    ,001 - CAMISETA                                ,001 - TEJIDO PUNTO                            ,MOP-00000064,YY0000257                                         ,TSHIRT  MANGA CORTA ESENCIAL  ESTAMPADA,17-6009             ,VERDE MEDIO,T-18     ,269,2026-04-29,CORTE,TRAZO Y CORTE
007 - JULIO                                   ,026 - 3JUL2                                   ,003 - YOYO                                    ,008 - MODA                                    ,001 - CAMISETA                                ,001 - TEJIDO PUNTO                            ,MOP-00000064,YY0000257                                         ,TSHIRT  MANGA CORTA ESENCIAL  ESTAMPADA,17-6009             ,VERDE MEDIO,T-20     ,269,2026-04-29,CORTE,TRAZO Y CORTE
007 - JULIO                                   ,026 - 3JUL2                                   ,003 - YOYO                                    ,008 - MODA                                    ,001 - CAMISETA                                ,001 - TEJIDO PUNTO                            ,MOP-00000064,YY0000257                                         ,TSHIRT  MANGA CORTA ESENCIAL  ESTAMPADA,19-4004             ,NEGRO,T-10     ,198,2026-04-29,CORTE,TRAZO Y CORTE
007 - JULIO                                   ,026 - 3JUL2                                   ,003 - YOYO                                    ,008 - MODA                                    ,001 - CAMISETA                                ,001 - TEJIDO PUNTO                            ,MOP-00000064,YY0000257                                         ,TSHIRT  MANGA CORTA ESENCIAL  ESTAMPADA,19-4004             ,NEGRO,T-12     ,314,2026-04-29,CORTE,TRAZO Y CORTE
007 - JULIO                                   ,026 - 3JUL2                                   ,003 - YOYO                                    ,008 - MODA                                    ,001 - CAMISETA                                ,001 - TEJIDO PUNTO                            ,MOP-00000064,YY0000257                                         ,TSHIRT  MANGA CORTA ESENCIAL  ESTAMPADA,19-4004             ,NEGRO,T-14     ,511,2026-04-29,CORTE,TRAZO Y CORTE
007 - JULIO                                   ,026 - 3JUL2                                   ,003 - YOYO                                    ,008 - MODA                                    ,001 - CAMISETA                                ,001 - TEJIDO PUNTO                            ,MOP-00000064,YY0000257                                         ,TSHIRT  MANGA CORTA ESENCIAL  ESTAMPADA,19-4004             ,NEGRO,T-16     ,521,2026-04-29,CORTE,TRAZO Y CORTE
007 - JULIO                                   ,026 - 3JUL2                                   ,003 - YOYO                                    ,008 - MODA                                    ,001 - CAMISETA                                ,001 - TEJIDO PUNTO                            ,MOP-00000064,YY0000257                                         ,TSHIRT  MANGA CORTA ESENCIAL  ESTAMPADA,19-4004             ,NEGRO,T-18     ,323,2026-04-29,CORTE,TRAZO Y CORTE
007 - JULIO                                   ,026 - 3JUL2                                   ,003 - YOYO                                    ,008 - MODA                                    ,001 - CAMISETA                                ,001 - TEJIDO PUNTO                            ,MOP-00000064,YY0000257                                         ,TSHIRT  MANGA CORTA ESENCIAL  ESTAMPADA,19-4004             ,NEGRO,T-20     ,323,2026-04-29,CORTE,TRAZO Y CORTE
007 - JULIO                                   ,026 - 3JUL2                                   ,003 - YOYO                                    ,008 - MODA                                    ,008 - PANTALONES                              ,002 - TEJIDO PLANO                            ,MOP-00000065,YY0000260                                         ,PANTALON BOTA AMPLIA CON CORTE EN CENTRO,19-4004             ,NEGRO,T-14     ,802,2026-04-30,CORTE,TRAZO Y CORTE
007 - JULIO                                   ,026 - 3JUL2                                   ,003 - YOYO                                    ,008 - MODA                                    ,008 - PANTALONES                              ,002 - TEJIDO PLANO                            ,MOP-00000065,YY0000260                                         ,PANTALON BOTA AMPLIA CON CORTE EN CENTRO,19-4004             ,NEGRO,T-16     ,554,2026-04-30,CORTE,TRAZO Y CORTE
007 - JULIO                                   ,026 - 3JUL2                                   ,003 - YOYO                                    ,008 - MODA                                    ,008 - PANTALONES                              ,002 - TEJIDO PLANO                            ,MOP-00000065,YY0000260                                         ,PANTALON BOTA AMPLIA CON CORTE EN CENTRO,19-4004             ,NEGRO,T-18     ,432,2026-04-30,CORTE,TRAZO Y CORTE
007 - JULIO                                   ,026 - 3JUL2                                   ,003 - YOYO                                    ,008 - MODA                                    ,008 - PANTALONES                              ,002 - TEJIDO PLANO                            ,MOP-00000065,YY0000260                                         ,PANTALON BOTA AMPLIA CON CORTE EN CENTRO,19-4004             ,NEGRO,T-20     ,385,2026-04-30,CORTE,TRAZO Y CORTE
007 - JULIO                                   ,026 - 3JUL2                                   ,003 - YOYO                                    ,008 - MODA                                    ,008 - PANTALONES                              ,002 - TEJIDO PLANO                            ,MOP-00000065,YY0000260                                         ,PANTALON BOTA AMPLIA CON CORTE EN CENTRO,19-4004             ,NEGRO,T-22     ,258,2026-04-30,CORTE,TRAZO Y CORTE
007 - JULIO                                   ,026 - 3JUL2                                   ,003 - YOYO                                    ,008 - MODA                                    ,010 - PRENDAS DE MODA                         ,001 - TEJIDO PUNTO                            ,MOP-00000066,YY0000262                                         ,VESTIDO MANGA CORTA ESTAMPADO CORTO,19-4004             ,NEGRO,T-14     ,372,2026-05-12,CORTE,TRAZO Y CORTE
007 - JULIO                                   ,026 - 3JUL2                                   ,003 - YOYO                                    ,008 - MODA                                    ,010 - PRENDAS DE MODA                         ,001 - TEJIDO PUNTO                            ,MOP-00000066,YY0000262                                         ,VESTIDO MANGA CORTA ESTAMPADO CORTO,19-4004             ,NEGRO,T-16     ,372,2026-05-12,CORTE,TRAZO Y CORTE
007 - JULIO                                   ,026 - 3JUL2                                   ,003 - YOYO                                    ,008 - MODA                                    ,010 - PRENDAS DE MODA                         ,001 - TEJIDO PUNTO                            ,MOP-00000066,YY0000262                                         ,VESTIDO MANGA CORTA ESTAMPADO CORTO,19-4004             ,NEGRO,T-18     ,267,2026-05-12,CORTE,TRAZO Y CORTE
007 - JULIO                                   ,026 - 3JUL2                                   ,003 - YOYO                                    ,008 - MODA                                    ,010 - PRENDAS DE MODA                         ,001 - TEJIDO PUNTO                            ,MOP-00000066,YY0000262                                         ,VESTIDO MANGA CORTA ESTAMPADO CORTO,19-4004             ,NEGRO,T-20     ,179,2026-05-12,CORTE,TRAZO Y CORTE
007 - JULIO                                   ,026 - 3JUL2                                   ,003 - YOYO                                    ,008 - MODA                                    ,010 - PRENDAS DE MODA                         ,001 - TEJIDO PUNTO                            ,MOP-00000066,YY0000262                                         ,VESTIDO MANGA CORTA ESTAMPADO CORTO,19-4004             ,NEGRO,T-22     ,91,2026-05-12,CORTE,TRAZO Y CORTE
007 - JULIO                                   ,026 - 3JUL2                                   ,003 - YOYO                                    ,008 - MODA                                    ,000 - JEANS                                   ,005 - DENIM                                   ,MOP-00000067,YY0000221                                         ,TEJANO TIRO ALTO  LAV CLARO,IND01               ,CLARO,T-12     ,451,2026-05-08,CORTE,TRAZO Y CORTE
007 - JULIO                                   ,026 - 3JUL2                                   ,003 - YOYO                                    ,008 - MODA                                    ,000 - JEANS                                   ,005 - DENIM                                   ,MOP-00000067,YY0000221                                         ,TEJANO TIRO ALTO  LAV CLARO,IND01               ,CLARO,T-14     ,539,2026-05-08,CORTE,TRAZO Y CORTE
007 - JULIO                                   ,026 - 3JUL2                                   ,003 - YOYO                                    ,008 - MODA                                    ,000 - JEANS                                   ,005 - DENIM                                   ,MOP-00000067,YY0000221                                         ,TEJANO TIRO ALTO  LAV CLARO,IND01               ,CLARO,T-16     ,512,2026-05-08,CORTE,TRAZO Y CORTE
007 - JULIO                                   ,026 - 3JUL2                                   ,003 - YOYO                                    ,008 - MODA                                    ,000 - JEANS                                   ,005 - DENIM                                   ,MOP-00000067,YY0000221                                         ,TEJANO TIRO ALTO  LAV CLARO,IND01               ,CLARO,T-18     ,344,2026-05-08,CORTE,TRAZO Y CORTE
007 - JULIO                                   ,026 - 3JUL2                                   ,003 - YOYO                                    ,008 - MODA                                    ,000 - JEANS                                   ,005 - DENIM                                   ,MOP-00000067,YY0000221                                         ,TEJANO TIRO ALTO  LAV CLARO,IND01               ,CLARO,T-20     ,256,2026-05-08,CORTE,TRAZO Y CORTE
007 - JULIO                                   ,026 - 3JUL2                                   ,003 - YOYO                                    ,008 - MODA                                    ,000 - JEANS                                   ,005 - DENIM                                   ,MOP-00000067,YY0000221                                         ,TEJANO TIRO ALTO  LAV CLARO,IND01               ,CLARO,T-22     ,256,2026-05-08,CORTE,TRAZO Y CORTE
007 - JULIO                                   ,026 - 3JUL2                                   ,003 - YOYO                                    ,008 - MODA                                    ,000 - JEANS                                   ,005 - DENIM                                   ,MOP-00000068,YY0000259                                         ,CARGO TIRO ALTO  LAV MEDIO,IND02               ,MEDIO,T-12     ,517,2026-05-05,CORTE,TRAZO Y CORTE
007 - JULIO                                   ,026 - 3JUL2                                   ,003 - YOYO                                    ,008 - MODA                                    ,000 - JEANS                                   ,005 - DENIM                                   ,MOP-00000068,YY0000259                                         ,CARGO TIRO ALTO  LAV MEDIO,IND02               ,MEDIO,T-14     ,584,2026-05-05,CORTE,TRAZO Y CORTE
007 - JULIO                                   ,026 - 3JUL2                                   ,003 - YOYO                                    ,008 - MODA                                    ,000 - JEANS                                   ,005 - DENIM                                   ,MOP-00000068,YY0000259                                         ,CARGO TIRO ALTO  LAV MEDIO,IND02               ,MEDIO,T-16     ,622,2026-05-05,CORTE,TRAZO Y CORTE
007 - JULIO                                   ,026 - 3JUL2                                   ,003 - YOYO                                    ,008 - MODA                                    ,000 - JEANS                                   ,005 - DENIM                                   ,MOP-00000068,YY0000259                                         ,CARGO TIRO ALTO  LAV MEDIO,IND02               ,MEDIO,T-18     ,394,2026-05-05,CORTE,TRAZO Y CORTE
007 - JULIO                                   ,026 - 3JUL2                                   ,003 - YOYO                                    ,008 - MODA                                    ,000 - JEANS                                   ,005 - DENIM                                   ,MOP-00000068,YY0000259                                         ,CARGO TIRO ALTO  LAV MEDIO,IND02               ,MEDIO,T-20     ,311,2026-05-05,CORTE,TRAZO Y CORTE
007 - JULIO                                   ,026 - 3JUL2                                   ,003 - YOYO                                    ,008 - MODA                                    ,000 - JEANS                                   ,005 - DENIM                                   ,MOP-00000068,YY0000259                                         ,CARGO TIRO ALTO  LAV MEDIO,IND02               ,MEDIO,T-22     ,197,2026-05-05,CORTE,TRAZO Y CORTE
002 - FEBRERO                                 ,006 - 1FEB2                                   ,003 - YOYO                                    ,005 - ESENCIAL                                ,001 - CAMISETA                                ,001 - TEJIDO PUNTO                            ,MOP-00000069,35052249                                          ,CAMISETA T-SHIRT OVERSIZED ESENCIAL,19-4004             ,NEGRO,T-12     ,172,2026-04-30,CORTE,TRAZO Y CORTE
002 - FEBRERO                                 ,006 - 1FEB2                                   ,003 - YOYO                                    ,005 - ESENCIAL                                ,001 - CAMISETA                                ,001 - TEJIDO PUNTO                            ,MOP-00000069,35052249                                          ,CAMISETA T-SHIRT OVERSIZED ESENCIAL,19-4004             ,NEGRO,T-14     ,165,2026-04-30,CORTE,TRAZO Y CORTE
002 - FEBRERO                                 ,006 - 1FEB2                                   ,003 - YOYO                                    ,005 - ESENCIAL                                ,001 - CAMISETA                                ,001 - TEJIDO PUNTO                            ,MOP-00000069,35052249                                          ,CAMISETA T-SHIRT OVERSIZED ESENCIAL,19-4004             ,NEGRO,T-16     ,108,2026-04-30,CORTE,TRAZO Y CORTE
002 - FEBRERO                                 ,006 - 1FEB2                                   ,003 - YOYO                                    ,005 - ESENCIAL                                ,001 - CAMISETA                                ,001 - TEJIDO PUNTO                            ,MOP-00000069,35052249                                          ,CAMISETA T-SHIRT OVERSIZED ESENCIAL,19-4004             ,NEGRO,T-18     ,108,2026-04-30,CORTE,TRAZO Y CORTE
002 - FEBRERO                                 ,006 - 1FEB2                                   ,003 - YOYO                                    ,005 - ESENCIAL                                ,001 - CAMISETA                                ,001 - TEJIDO PUNTO                            ,MOP-00000069,35052249                                          ,CAMISETA T-SHIRT OVERSIZED ESENCIAL,19-4004             ,NEGRO,T-20     ,54,2026-04-30,CORTE,TRAZO Y CORTE
007 - JULIO                                   ,026 - 3JUL2                                   ,003 - YOYO                                    ,008 - MODA                                    ,001 - CAMISETA                                ,001 - TEJIDO PUNTO                            ,MOP-00000077,YY0000252                                         ,TOP MANGA CORTA CON ESTAMPADO FRENTE,17-6009             ,VERDE MEDIO,T-12     ,321,2026-05-06,CORTE,TRAZO Y CORTE
007 - JULIO                                   ,026 - 3JUL2                                   ,003 - YOYO                                    ,008 - MODA                                    ,001 - CAMISETA                                ,001 - TEJIDO PUNTO                            ,MOP-00000077,YY0000252                                         ,TOP MANGA CORTA CON ESTAMPADO FRENTE,17-6009             ,VERDE MEDIO,T-14     ,610,2026-05-06,CORTE,TRAZO Y CORTE
007 - JULIO                                   ,026 - 3JUL2                                   ,003 - YOYO                                    ,008 - MODA                                    ,001 - CAMISETA                                ,001 - TEJIDO PUNTO                            ,MOP-00000077,YY0000252                                         ,TOP MANGA CORTA CON ESTAMPADO FRENTE,17-6009             ,VERDE MEDIO,T-16     ,550,2026-05-06,CORTE,TRAZO Y CORTE
007 - JULIO                                   ,026 - 3JUL2                                   ,003 - YOYO                                    ,008 - MODA                                    ,001 - CAMISETA                                ,001 - TEJIDO PUNTO                            ,MOP-00000077,YY0000252                                         ,TOP MANGA CORTA CON ESTAMPADO FRENTE,17-6009             ,VERDE MEDIO,T-18     ,321,2026-05-06,CORTE,TRAZO Y CORTE
007 - JULIO                                   ,026 - 3JUL2                                   ,003 - YOYO                                    ,008 - MODA                                    ,001 - CAMISETA                                ,001 - TEJIDO PUNTO                            ,MOP-00000077,YY0000252                                         ,TOP MANGA CORTA CON ESTAMPADO FRENTE,17-6009             ,VERDE MEDIO,T-20     ,321,2026-05-06,CORTE,TRAZO Y CORTE
007 - JULIO                                   ,026 - 3JUL2                                   ,003 - YOYO                                    ,008 - MODA                                    ,001 - CAMISETA                                ,001 - TEJIDO PUNTO                            ,MOP-00000077,YY0000252                                         ,TOP MANGA CORTA CON ESTAMPADO FRENTE,17-6009             ,VERDE MEDIO,T-22     ,214,2026-05-06,CORTE,TRAZO Y CORTE
007 - JULIO                                   ,026 - 3JUL2                                   ,003 - YOYO                                    ,008 - MODA                                    ,016 - TOP -BODY                               ,001 - TEJIDO PUNTO                            ,MOP-00000078,YY0000255                                         ,TOP MANGA SISA ESCOT DIAGONA CON APLIQUE,11-0602             ,MARFIL,T-14     ,318,2026-05-07,CORTE,TRAZO Y CORTE
007 - JULIO                                   ,026 - 3JUL2                                   ,003 - YOYO                                    ,008 - MODA                                    ,016 - TOP -BODY                               ,001 - TEJIDO PUNTO                            ,MOP-00000078,YY0000255                                         ,TOP MANGA SISA ESCOT DIAGONA CON APLIQUE,11-0602             ,MARFIL,T-16     ,349,2026-05-07,CORTE,TRAZO Y CORTE
007 - JULIO                                   ,026 - 3JUL2                                   ,003 - YOYO                                    ,008 - MODA                                    ,016 - TOP -BODY                               ,001 - TEJIDO PUNTO                            ,MOP-00000078,YY0000255                                         ,TOP MANGA SISA ESCOT DIAGONA CON APLIQUE,11-0602             ,MARFIL,T-18     ,190,2026-05-07,CORTE,TRAZO Y CORTE
007 - JULIO                                   ,026 - 3JUL2                                   ,003 - YOYO                                    ,008 - MODA                                    ,016 - TOP -BODY                               ,001 - TEJIDO PUNTO                            ,MOP-00000078,YY0000255                                         ,TOP MANGA SISA ESCOT DIAGONA CON APLIQUE,11-0602             ,MARFIL,T-20     ,190,2026-05-07,CORTE,TRAZO Y CORTE
007 - JULIO                                   ,026 - 3JUL2                                   ,003 - YOYO                                    ,008 - MODA                                    ,016 - TOP -BODY                               ,001 - TEJIDO PUNTO                            ,MOP-00000078,YY0000255                                         ,TOP MANGA SISA ESCOT DIAGONA CON APLIQUE,11-0602             ,MARFIL,T-22     ,190,2026-05-07,CORTE,TRAZO Y CORTE
007 - JULIO                                   ,026 - 3JUL2                                   ,003 - YOYO                                    ,008 - MODA                                    ,004 - SOBRETODOS                              ,001 - TEJIDO PUNTO                            ,MOP-00000080,YY0000247                                         ,BUZO  CUELLO TORTUGA CON CIERRE,14-4121             ,AZUL CLARO,T-14     ,292,2026-05-07,CORTE,TRAZO Y CORTE
007 - JULIO                                   ,026 - 3JUL2                                   ,003 - YOYO                                    ,008 - MODA                                    ,004 - SOBRETODOS                              ,001 - TEJIDO PUNTO                            ,MOP-00000080,YY0000247                                         ,BUZO  CUELLO TORTUGA CON CIERRE,14-4121             ,AZUL CLARO,T-16     ,288,2026-05-07,CORTE,TRAZO Y CORTE
007 - JULIO                                   ,026 - 3JUL2                                   ,003 - YOYO                                    ,008 - MODA                                    ,004 - SOBRETODOS                              ,001 - TEJIDO PUNTO                            ,MOP-00000080,YY0000247                                         ,BUZO  CUELLO TORTUGA CON CIERRE,14-4121             ,AZUL CLARO,T-18     ,210,2026-05-07,CORTE,TRAZO Y CORTE
007 - JULIO                                   ,026 - 3JUL2                                   ,003 - YOYO                                    ,008 - MODA                                    ,004 - SOBRETODOS                              ,001 - TEJIDO PUNTO                            ,MOP-00000080,YY0000247                                         ,BUZO  CUELLO TORTUGA CON CIERRE,14-4121             ,AZUL CLARO,T-20     ,210,2026-05-07,CORTE,TRAZO Y CORTE
007 - JULIO                                   ,026 - 3JUL2                                   ,003 - YOYO                                    ,008 - MODA                                    ,004 - SOBRETODOS                              ,001 - TEJIDO PUNTO                            ,MOP-00000080,YY0000247                                         ,BUZO  CUELLO TORTUGA CON CIERRE,14-4121             ,AZUL CLARO,T-22     ,140,2026-05-07,CORTE,TRAZO Y CORTE
008 - AGOSTO                                  ,029 - 3AGO1                                   ,003 - YOYO                                    ,008 - MODA                                    ,003 - CORTOS                                  ,005 - DENIM                                   ,MOP-00000081,YY0000269                                         ,SHORT TIRO ALTO LAVADO MEDIO OSCURO,IND03               ,MEDIO OSCURO,T-10     ,180,2026-05-08,CORTE                                   ,TRAZO Y CORTE
008 - AGOSTO                                  ,029 - 3AGO1                                   ,003 - YOYO                                    ,008 - MODA                                    ,003 - CORTOS                                  ,005 - DENIM                                   ,MOP-00000081,YY0000269                                         ,SHORT TIRO ALTO LAVADO MEDIO OSCURO,IND03               ,MEDIO OSCURO,T-12     ,460,2026-05-08,CORTE                                   ,TRAZO Y CORTE
008 - AGOSTO                                  ,029 - 3AGO1                                   ,003 - YOYO                                    ,008 - MODA                                    ,003 - CORTOS                                  ,005 - DENIM                                   ,MOP-00000081,YY0000269                                         ,SHORT TIRO ALTO LAVADO MEDIO OSCURO,IND03               ,MEDIO OSCURO,T-14     ,440,2026-05-08,CORTE                                   ,TRAZO Y CORTE
008 - AGOSTO                                  ,029 - 3AGO1                                   ,003 - YOYO                                    ,008 - MODA                                    ,003 - CORTOS                                  ,005 - DENIM                                   ,MOP-00000081,YY0000269                                         ,SHORT TIRO ALTO LAVADO MEDIO OSCURO,IND03               ,MEDIO OSCURO,T-16     ,440,2026-05-08,CORTE                                   ,TRAZO Y CORTE
008 - AGOSTO                                  ,029 - 3AGO1                                   ,003 - YOYO                                    ,008 - MODA                                    ,003 - CORTOS                                  ,005 - DENIM                                   ,MOP-00000081,YY0000269                                         ,SHORT TIRO ALTO LAVADO MEDIO OSCURO,IND03               ,MEDIO OSCURO,T-18     ,360,2026-05-08,CORTE                                   ,TRAZO Y CORTE
008 - AGOSTO                                  ,029 - 3AGO1                                   ,003 - YOYO                                    ,008 - MODA                                    ,003 - CORTOS                                  ,005 - DENIM                                   ,MOP-00000081,YY0000269                                         ,SHORT TIRO ALTO LAVADO MEDIO OSCURO,IND03               ,MEDIO OSCURO,T-20     ,280,2026-05-08,CORTE                                   ,TRAZO Y CORTE
008 - AGOSTO                                  ,029 - 3AGO1                                   ,003 - YOYO                                    ,008 - MODA                                    ,003 - CORTOS                                  ,005 - DENIM                                   ,MOP-00000081,YY0000269                                         ,SHORT TIRO ALTO LAVADO MEDIO OSCURO,IND03               ,MEDIO OSCURO,T-22     ,180,2026-05-08,CORTE                                   ,TRAZO Y CORTE
008 - AGOSTO                                  ,029 - 3AGO1                                   ,003 - YOYO                                    ,008 - MODA                                    ,000 - JEANS                                   ,005 - DENIM                                   ,MOP-00000082,YY0000265                                         ,RETROMOM TIRO BAJO LAV CLARO,IND01               ,CLARO,T-10     ,182,2026-05-26,CORTE,TRAZO Y CORTE
008 - AGOSTO                                  ,029 - 3AGO1                                   ,003 - YOYO                                    ,008 - MODA                                    ,000 - JEANS                                   ,005 - DENIM                                   ,MOP-00000082,YY0000265                                         ,RETROMOM TIRO BAJO LAV CLARO,IND01               ,CLARO,T-12     ,474,2026-05-26,CORTE,TRAZO Y CORTE
008 - AGOSTO                                  ,029 - 3AGO1                                   ,003 - YOYO                                    ,008 - MODA                                    ,000 - JEANS                                   ,005 - DENIM                                   ,MOP-00000082,YY0000265                                         ,RETROMOM TIRO BAJO LAV CLARO,IND01               ,CLARO,T-14     ,581,2026-05-26,CORTE,TRAZO Y CORTE
008 - AGOSTO                                  ,029 - 3AGO1                                   ,003 - YOYO                                    ,008 - MODA                                    ,000 - JEANS                                   ,005 - DENIM                                   ,MOP-00000082,YY0000265                                         ,RETROMOM TIRO BAJO LAV CLARO,IND01               ,CLARO,T-16     ,581,2026-05-26,CORTE,TRAZO Y CORTE
008 - AGOSTO                                  ,029 - 3AGO1                                   ,003 - YOYO                                    ,008 - MODA                                    ,000 - JEANS                                   ,005 - DENIM                                   ,MOP-00000082,YY0000265                                         ,RETROMOM TIRO BAJO LAV CLARO,IND01               ,CLARO,T-18     ,388,2026-05-26,CORTE,TRAZO Y CORTE
008 - AGOSTO                                  ,029 - 3AGO1                                   ,003 - YOYO                                    ,008 - MODA                                    ,000 - JEANS                                   ,005 - DENIM                                   ,MOP-00000082,YY0000265                                         ,RETROMOM TIRO BAJO LAV CLARO,IND01               ,CLARO,T-20     ,285,2026-05-26,CORTE,TRAZO Y CORTE
008 - AGOSTO                                  ,029 - 3AGO1                                   ,003 - YOYO                                    ,008 - MODA                                    ,000 - JEANS                                   ,005 - DENIM                                   ,MOP-00000082,YY0000265                                         ,RETROMOM TIRO BAJO LAV CLARO,IND01               ,CLARO,T-22     ,285,2026-05-26,CORTE,TRAZO Y CORTE
008 - AGOSTO                                  ,029 - 3AGO1                                   ,003 - YOYO                                    ,008 - MODA                                    ,003 - CORTOS                                  ,002 - TEJIDO PLANO                            ,MOP-00000083,YY0000270                                         ,FALDA SHORT TIRO MEDIO COLOR ARENA,14-0002             ,ARENA,T-12     ,403,2026-05-11,CORTE,TRAZO Y CORTE
008 - AGOSTO                                  ,029 - 3AGO1                                   ,003 - YOYO                                    ,008 - MODA                                    ,003 - CORTOS                                  ,002 - TEJIDO PLANO                            ,MOP-00000083,YY0000270                                         ,FALDA SHORT TIRO MEDIO COLOR ARENA,14-0002             ,ARENA,T-14     ,400,2026-05-11,CORTE,TRAZO Y CORTE
008 - AGOSTO                                  ,029 - 3AGO1                                   ,003 - YOYO                                    ,008 - MODA                                    ,003 - CORTOS                                  ,002 - TEJIDO PLANO                            ,MOP-00000083,YY0000270                                         ,FALDA SHORT TIRO MEDIO COLOR ARENA,14-0002             ,ARENA,T-16     ,398,2026-05-11,CORTE,TRAZO Y CORTE
008 - AGOSTO                                  ,029 - 3AGO1                                   ,003 - YOYO                                    ,008 - MODA                                    ,003 - CORTOS                                  ,002 - TEJIDO PLANO                            ,MOP-00000083,YY0000270                                         ,FALDA SHORT TIRO MEDIO COLOR ARENA,14-0002             ,ARENA,T-18     ,320,2026-05-11,CORTE,TRAZO Y CORTE
008 - AGOSTO                                  ,029 - 3AGO1                                   ,003 - YOYO                                    ,008 - MODA                                    ,003 - CORTOS                                  ,002 - TEJIDO PLANO                            ,MOP-00000083,YY0000270                                         ,FALDA SHORT TIRO MEDIO COLOR ARENA,14-0002             ,ARENA,T-20     ,242,2026-05-11,CORTE,TRAZO Y CORTE
008 - AGOSTO                                  ,029 - 3AGO1                                   ,003 - YOYO                                    ,008 - MODA                                    ,003 - CORTOS                                  ,002 - TEJIDO PLANO                            ,MOP-00000083,YY0000270                                         ,FALDA SHORT TIRO MEDIO COLOR ARENA,14-0002             ,ARENA,T-22     ,160,2026-05-11,CORTE,TRAZO Y CORTE
008 - AGOSTO                                  ,029 - 3AGO1                                   ,003 - YOYO                                    ,008 - MODA                                    ,001 - CAMISETA                                ,001 - TEJIDO PUNTO                            ,MOP-00000084,YY0000295                                         ,POLO MANGA CORTA CON MOÑOS EN FRENTE,12-1706             ,ROSA CLARO,T-12     ,246,2026-05-23,CORTE,TRAZO Y CORTE
008 - AGOSTO                                  ,029 - 3AGO1                                   ,003 - YOYO                                    ,008 - MODA                                    ,001 - CAMISETA                                ,001 - TEJIDO PUNTO                            ,MOP-00000084,YY0000295                                         ,POLO MANGA CORTA CON MOÑOS EN FRENTE,12-1706             ,ROSA CLARO,T-14     ,410,2026-05-23,CORTE,TRAZO Y CORTE
008 - AGOSTO                                  ,029 - 3AGO1                                   ,003 - YOYO                                    ,008 - MODA                                    ,001 - CAMISETA                                ,001 - TEJIDO PUNTO                            ,MOP-00000084,YY0000295                                         ,POLO MANGA CORTA CON MOÑOS EN FRENTE,12-1706             ,ROSA CLARO,T-16     ,410,2026-05-23,CORTE,TRAZO Y CORTE
008 - AGOSTO                                  ,029 - 3AGO1                                   ,003 - YOYO                                    ,008 - MODA                                    ,001 - CAMISETA                                ,001 - TEJIDO PUNTO                            ,MOP-00000084,YY0000295                                         ,POLO MANGA CORTA CON MOÑOS EN FRENTE,12-1706             ,ROSA CLARO,T-18     ,240,2026-05-23,CORTE,TRAZO Y CORTE
008 - AGOSTO                                  ,029 - 3AGO1                                   ,003 - YOYO                                    ,008 - MODA                                    ,001 - CAMISETA                                ,001 - TEJIDO PUNTO                            ,MOP-00000084,YY0000295                                         ,POLO MANGA CORTA CON MOÑOS EN FRENTE,12-1706             ,ROSA CLARO,T-20     ,240,2026-05-23,CORTE,TRAZO Y CORTE
008 - AGOSTO                                  ,031 - 3AGO3                                   ,003 - YOYO                                    ,008 - MODA                                    ,008 - PANTALONES                              ,002 - TEJIDO PLANO                            ,MOP-00000087,YY0000268                                         ,CARGO TIRO ALTO COLOR MARFIL,11-0602             ,MARFIL,T-12     ,490,2026-05-12,CORTE,TRAZO Y CORTE
008 - AGOSTO                                  ,031 - 3AGO3                                   ,003 - YOYO                                    ,008 - MODA                                    ,008 - PANTALONES                              ,002 - TEJIDO PLANO                            ,MOP-00000087,YY0000268                                         ,CARGO TIRO ALTO COLOR MARFIL,11-0602             ,MARFIL,T-14     ,583,2026-05-12,CORTE,TRAZO Y CORTE
008 - AGOSTO                                  ,031 - 3AGO3                                   ,003 - YOYO                                    ,008 - MODA                                    ,008 - PANTALONES                              ,002 - TEJIDO PLANO                            ,MOP-00000087,YY0000268                                         ,CARGO TIRO ALTO COLOR MARFIL,11-0602             ,MARFIL,T-16     ,615,2026-05-12,CORTE,TRAZO Y CORTE
008 - AGOSTO                                  ,031 - 3AGO3                                   ,003 - YOYO                                    ,008 - MODA                                    ,008 - PANTALONES                              ,002 - TEJIDO PLANO                            ,MOP-00000087,YY0000268                                         ,CARGO TIRO ALTO COLOR MARFIL,11-0602             ,MARFIL,T-18     ,398,2026-05-12,CORTE,TRAZO Y CORTE
008 - AGOSTO                                  ,031 - 3AGO3                                   ,003 - YOYO                                    ,008 - MODA                                    ,008 - PANTALONES                              ,002 - TEJIDO PLANO                            ,MOP-00000087,YY0000268                                         ,CARGO TIRO ALTO COLOR MARFIL,11-0602             ,MARFIL,T-20     ,310,2026-05-12,CORTE,TRAZO Y CORTE
008 - AGOSTO                                  ,031 - 3AGO3                                   ,003 - YOYO                                    ,008 - MODA                                    ,008 - PANTALONES                              ,002 - TEJIDO PLANO                            ,MOP-00000087,YY0000268                                         ,CARGO TIRO ALTO COLOR MARFIL,11-0602             ,MARFIL,T-22     ,310,2026-05-12,CORTE,TRAZO Y CORTE
008 - AGOSTO                                  ,029 - 3AGO1                                   ,003 - YOYO                                    ,008 - MODA                                    ,016 - TOP -BODY                               ,001 - TEJIDO PUNTO                            ,MOP-00000090,YY0000293                                         ,TOP MANGA CORTA CON ESCOTE ESPALDA,11-0602             ,MARFIL,T-14     ,560,2026-05-15,CORTE,TRAZO Y CORTE
008 - AGOSTO                                  ,029 - 3AGO1                                   ,003 - YOYO                                    ,008 - MODA                                    ,016 - TOP -BODY                               ,001 - TEJIDO PUNTO                            ,MOP-00000090,YY0000293                                         ,TOP MANGA CORTA CON ESCOTE ESPALDA,11-0602             ,MARFIL,T-16     ,552,2026-05-15,CORTE,TRAZO Y CORTE
008 - AGOSTO                                  ,029 - 3AGO1                                   ,003 - YOYO                                    ,008 - MODA                                    ,016 - TOP -BODY                               ,001 - TEJIDO PUNTO                            ,MOP-00000090,YY0000293                                         ,TOP MANGA CORTA CON ESCOTE ESPALDA,11-0602             ,MARFIL,T-18     ,311,2026-05-15,CORTE,TRAZO Y CORTE
008 - AGOSTO                                  ,029 - 3AGO1                                   ,003 - YOYO                                    ,008 - MODA                                    ,016 - TOP -BODY                               ,001 - TEJIDO PUNTO                            ,MOP-00000090,YY0000293                                         ,TOP MANGA CORTA CON ESCOTE ESPALDA,11-0602             ,MARFIL,T-20     ,309,2026-05-15,CORTE,TRAZO Y CORTE
008 - AGOSTO                                  ,029 - 3AGO1                                   ,003 - YOYO                                    ,008 - MODA                                    ,016 - TOP -BODY                               ,001 - TEJIDO PUNTO                            ,MOP-00000090,YY0000293                                         ,TOP MANGA CORTA CON ESCOTE ESPALDA,11-0602             ,MARFIL,T-22     ,206,2026-05-15,CORTE,TRAZO Y CORTE
008 - AGOSTO                                  ,029 - 3AGO1                                   ,003 - YOYO                                    ,008 - MODA                                    ,016 - TOP -BODY                               ,001 - TEJIDO PUNTO                            ,MOP-00000090,YY0000293                                         ,TOP MANGA CORTA CON ESCOTE ESPALDA,12-1706             ,ROSA CLARO,T-14     ,561,2026-05-15,CORTE,TRAZO Y CORTE
008 - AGOSTO                                  ,029 - 3AGO1                                   ,003 - YOYO                                    ,008 - MODA                                    ,016 - TOP -BODY                               ,001 - TEJIDO PUNTO                            ,MOP-00000090,YY0000293                                         ,TOP MANGA CORTA CON ESCOTE ESPALDA,12-1706             ,ROSA CLARO,T-16     ,566,2026-05-15,CORTE,TRAZO Y CORTE
008 - AGOSTO                                  ,029 - 3AGO1                                   ,003 - YOYO                                    ,008 - MODA                                    ,016 - TOP -BODY                               ,001 - TEJIDO PUNTO                            ,MOP-00000090,YY0000293                                         ,TOP MANGA CORTA CON ESCOTE ESPALDA,12-1706             ,ROSA CLARO,T-18     ,328,2026-05-15,CORTE,TRAZO Y CORTE
008 - AGOSTO                                  ,029 - 3AGO1                                   ,003 - YOYO                                    ,008 - MODA                                    ,016 - TOP -BODY                               ,001 - TEJIDO PUNTO                            ,MOP-00000090,YY0000293                                         ,TOP MANGA CORTA CON ESCOTE ESPALDA,12-1706             ,ROSA CLARO,T-20     ,330,2026-05-15,CORTE,TRAZO Y CORTE
008 - AGOSTO                                  ,029 - 3AGO1                                   ,003 - YOYO                                    ,008 - MODA                                    ,016 - TOP -BODY                               ,001 - TEJIDO PUNTO                            ,MOP-00000090,YY0000293                                         ,TOP MANGA CORTA CON ESCOTE ESPALDA,12-1706             ,ROSA CLARO,T-22     ,220,2026-05-15,CORTE,TRAZO Y CORTE
002 - FEBRERO                                 ,006 - 1FEB2                                   ,003 - YOYO                                    ,005 - ESENCIAL                                ,016 - TOP -BODY                               ,001 - TEJIDO PUNTO                            ,MOP-00000091,35001230                                          ,BODY PREMIUM MANGA CORTA ESENCIAL,11-0602             ,MARFIL,T-14     ,394,2026-05-14,CORTE                                   ,TRAZO Y CORTE
002 - FEBRERO                                 ,006 - 1FEB2                                   ,003 - YOYO                                    ,005 - ESENCIAL                                ,016 - TOP -BODY                               ,001 - TEJIDO PUNTO                            ,MOP-00000091,35001230                                          ,BODY PREMIUM MANGA CORTA ESENCIAL,11-0602             ,MARFIL,T-16     ,398,2026-05-14,CORTE                                   ,TRAZO Y CORTE
002 - FEBRERO                                 ,006 - 1FEB2                                   ,003 - YOYO                                    ,005 - ESENCIAL                                ,016 - TOP -BODY                               ,001 - TEJIDO PUNTO                            ,MOP-00000091,35001230                                          ,BODY PREMIUM MANGA CORTA ESENCIAL,11-0602             ,MARFIL,T-18     ,196,2026-05-14,CORTE                                   ,TRAZO Y CORTE
002 - FEBRERO                                 ,006 - 1FEB2                                   ,003 - YOYO                                    ,005 - ESENCIAL                                ,016 - TOP -BODY                               ,001 - TEJIDO PUNTO                            ,MOP-00000091,35001230                                          ,BODY PREMIUM MANGA CORTA ESENCIAL,11-0602             ,MARFIL,T-20     ,294,2026-05-14,CORTE                                   ,TRAZO Y CORTE
002 - FEBRERO                                 ,006 - 1FEB2                                   ,003 - YOYO                                    ,005 - ESENCIAL                                ,016 - TOP -BODY                               ,001 - TEJIDO PUNTO                            ,MOP-00000091,35001230                                          ,BODY PREMIUM MANGA CORTA ESENCIAL,11-0602             ,MARFIL,T-22     ,98,2026-05-14,CORTE                                   ,TRAZO Y CORTE
002 - FEBRERO                                 ,006 - 1FEB2                                   ,003 - YOYO                                    ,005 - ESENCIAL                                ,016 - TOP -BODY                               ,001 - TEJIDO PUNTO                            ,MOP-00000092,35001230                                          ,BODY PREMIUM MANGA CORTA ESENCIAL,19-4004             ,NEGRO,T-14     ,384,2026-05-29,CORTE                                   ,TRAZO Y CORTE
002 - FEBRERO                                 ,006 - 1FEB2                                   ,003 - YOYO                                    ,005 - ESENCIAL                                ,016 - TOP -BODY                               ,001 - TEJIDO PUNTO                            ,MOP-00000092,35001230                                          ,BODY PREMIUM MANGA CORTA ESENCIAL,19-4004             ,NEGRO,T-16     ,795,2026-05-29,CORTE                                   ,TRAZO Y CORTE
002 - FEBRERO                                 ,006 - 1FEB2                                   ,003 - YOYO                                    ,005 - ESENCIAL                                ,016 - TOP -BODY                               ,001 - TEJIDO PUNTO                            ,MOP-00000092,35001230                                          ,BODY PREMIUM MANGA CORTA ESENCIAL,19-4004             ,NEGRO,T-18     ,384,2026-05-29,CORTE                                   ,TRAZO Y CORTE
002 - FEBRERO                                 ,006 - 1FEB2                                   ,003 - YOYO                                    ,005 - ESENCIAL                                ,016 - TOP -BODY                               ,001 - TEJIDO PUNTO                            ,MOP-00000092,35001230                                          ,BODY PREMIUM MANGA CORTA ESENCIAL,19-4004             ,NEGRO,T-20     ,384,2026-05-29,CORTE                                   ,TRAZO Y CORTE
002 - FEBRERO                                 ,006 - 1FEB2                                   ,003 - YOYO                                    ,005 - ESENCIAL                                ,016 - TOP -BODY                               ,001 - TEJIDO PUNTO                            ,MOP-00000092,35001230                                          ,BODY PREMIUM MANGA CORTA ESENCIAL,19-4004             ,NEGRO,T-22     ,192,2026-05-29,CORTE                                   ,TRAZO Y CORTE
002 - FEBRERO                                 ,006 - 1FEB2                                   ,003 - YOYO                                    ,005 - ESENCIAL                                ,000 - JEANS                                   ,005 - DENIM                                   ,MOP-00000093,35010291                                          ,RETROMOM TIRO BAJO BOTA AMPLIA ESENCIAL,IND02               ,MEDIO,T-10     ,183,2026-05-15,CORTE,TRAZO Y CORTE
002 - FEBRERO                                 ,006 - 1FEB2                                   ,003 - YOYO                                    ,005 - ESENCIAL                                ,000 - JEANS                                   ,005 - DENIM                                   ,MOP-00000093,35010291                                          ,RETROMOM TIRO BAJO BOTA AMPLIA ESENCIAL,IND02               ,MEDIO,T-12     ,531,2026-05-15,CORTE,TRAZO Y CORTE
002 - FEBRERO                                 ,006 - 1FEB2                                   ,003 - YOYO                                    ,005 - ESENCIAL                                ,000 - JEANS                                   ,005 - DENIM                                   ,MOP-00000093,35010291                                          ,RETROMOM TIRO BAJO BOTA AMPLIA ESENCIAL,IND02               ,MEDIO,T-14     ,477,2026-05-15,CORTE,TRAZO Y CORTE
002 - FEBRERO                                 ,006 - 1FEB2                                   ,003 - YOYO                                    ,005 - ESENCIAL                                ,000 - JEANS                                   ,005 - DENIM                                   ,MOP-00000093,35010291                                          ,RETROMOM TIRO BAJO BOTA AMPLIA ESENCIAL,IND02               ,MEDIO,T-16     ,265,2026-05-15,CORTE,TRAZO Y CORTE
002 - FEBRERO                                 ,006 - 1FEB2                                   ,003 - YOYO                                    ,005 - ESENCIAL                                ,000 - JEANS                                   ,005 - DENIM                                   ,MOP-00000093,35010291                                          ,RETROMOM TIRO BAJO BOTA AMPLIA ESENCIAL,IND02               ,MEDIO,T-18     ,314,2026-05-15,CORTE,TRAZO Y CORTE
002 - FEBRERO                                 ,006 - 1FEB2                                   ,003 - YOYO                                    ,005 - ESENCIAL                                ,000 - JEANS                                   ,005 - DENIM                                   ,MOP-00000093,35010291                                          ,RETROMOM TIRO BAJO BOTA AMPLIA ESENCIAL,IND02               ,MEDIO,T-20     ,156,2026-05-15,CORTE,TRAZO Y CORTE
002 - FEBRERO                                 ,006 - 1FEB2                                   ,003 - YOYO                                    ,005 - ESENCIAL                                ,000 - JEANS                                   ,005 - DENIM                                   ,MOP-00000093,35010291                                          ,RETROMOM TIRO BAJO BOTA AMPLIA ESENCIAL,IND02               ,MEDIO,T-22     ,264,2026-05-15,CORTE,TRAZO Y CORTE
002 - FEBRERO                                 ,006 - 1FEB2                                   ,003 - YOYO                                    ,005 - ESENCIAL                                ,000 - JEANS                                   ,005 - DENIM                                   ,MOP-00000094,35010291                                          ,RETROMOM TIRO BAJO BOTA AMPLIA ESENCIAL,IND03               ,MEDIO OSCURO,T-10     ,152,2026-05-29,CORTE,TRAZO Y CORTE
002 - FEBRERO                                 ,006 - 1FEB2                                   ,003 - YOYO                                    ,005 - ESENCIAL                                ,000 - JEANS                                   ,005 - DENIM                                   ,MOP-00000094,35010291                                          ,RETROMOM TIRO BAJO BOTA AMPLIA ESENCIAL,IND03               ,MEDIO OSCURO,T-12     ,394,2026-05-29,CORTE,TRAZO Y CORTE
002 - FEBRERO                                 ,006 - 1FEB2                                   ,003 - YOYO                                    ,005 - ESENCIAL                                ,000 - JEANS                                   ,005 - DENIM                                   ,MOP-00000094,35010291                                          ,RETROMOM TIRO BAJO BOTA AMPLIA ESENCIAL,IND03               ,MEDIO OSCURO,T-14     ,393,2026-05-29,CORTE,TRAZO Y CORTE
002 - FEBRERO                                 ,006 - 1FEB2                                   ,003 - YOYO                                    ,005 - ESENCIAL                                ,000 - JEANS                                   ,005 - DENIM                                   ,MOP-00000094,35010291                                          ,RETROMOM TIRO BAJO BOTA AMPLIA ESENCIAL,IND03               ,MEDIO OSCURO,T-16     ,152,2026-05-29,CORTE,TRAZO Y CORTE
002 - FEBRERO                                 ,006 - 1FEB2                                   ,003 - YOYO                                    ,005 - ESENCIAL                                ,000 - JEANS                                   ,005 - DENIM                                   ,MOP-00000094,35010291                                          ,RETROMOM TIRO BAJO BOTA AMPLIA ESENCIAL,IND03               ,MEDIO OSCURO,T-18     ,202,2026-05-29,CORTE,TRAZO Y CORTE
002 - FEBRERO                                 ,006 - 1FEB2                                   ,003 - YOYO                                    ,005 - ESENCIAL                                ,000 - JEANS                                   ,005 - DENIM                                   ,MOP-00000094,35010291                                          ,RETROMOM TIRO BAJO BOTA AMPLIA ESENCIAL,IND03               ,MEDIO OSCURO,T-20     ,152,2026-05-29,CORTE,TRAZO Y CORTE
002 - FEBRERO                                 ,006 - 1FEB2                                   ,003 - YOYO                                    ,005 - ESENCIAL                                ,000 - JEANS                                   ,005 - DENIM                                   ,MOP-00000094,35010291                                          ,RETROMOM TIRO BAJO BOTA AMPLIA ESENCIAL,IND03               ,MEDIO OSCURO,T-22     ,252,2026-05-29,CORTE,TRAZO Y CORTE
001 - ENERO                                   ,002 - 1ENE2                                   ,003 - YOYO                                    ,005 - ESENCIAL                                ,016 - TOP -BODY                               ,001 - TEJIDO PUNTO                            ,MOP-00000095,35001295                                          ,BODY PREMIUM SISA ESENCIAL,11-0601             ,BLANCO,T-14     ,166,2026-05-15,CORTE                                   ,TRAZO Y CORTE
001 - ENERO                                   ,002 - 1ENE2                                   ,003 - YOYO                                    ,005 - ESENCIAL                                ,016 - TOP -BODY                               ,001 - TEJIDO PUNTO                            ,MOP-00000095,35001295                                          ,BODY PREMIUM SISA ESENCIAL,11-0601             ,BLANCO,T-16     ,329,2026-05-15,CORTE                                   ,TRAZO Y CORTE
001 - ENERO                                   ,002 - 1ENE2                                   ,003 - YOYO                                    ,005 - ESENCIAL                                ,016 - TOP -BODY                               ,001 - TEJIDO PUNTO                            ,MOP-00000095,35001295                                          ,BODY PREMIUM SISA ESENCIAL,11-0601             ,BLANCO,T-18     ,364,2026-05-15,CORTE                                   ,TRAZO Y CORTE
001 - ENERO                                   ,002 - 1ENE2                                   ,003 - YOYO                                    ,005 - ESENCIAL                                ,016 - TOP -BODY                               ,001 - TEJIDO PUNTO                            ,MOP-00000095,35001295                                          ,BODY PREMIUM SISA ESENCIAL,11-0601             ,BLANCO,T-20     ,204,2026-05-15,CORTE                                   ,TRAZO Y CORTE
001 - ENERO                                   ,002 - 1ENE2                                   ,003 - YOYO                                    ,005 - ESENCIAL                                ,016 - TOP -BODY                               ,001 - TEJIDO PUNTO                            ,MOP-00000095,35001295                                          ,BODY PREMIUM SISA ESENCIAL,11-0601             ,BLANCO,T-22     ,82,2026-05-15,CORTE                                   ,TRAZO Y CORTE
001 - ENERO                                   ,002 - 1ENE2                                   ,003 - YOYO                                    ,005 - ESENCIAL                                ,016 - TOP -BODY                               ,001 - TEJIDO PUNTO                            ,MOP-00000095,35001295                                          ,BODY PREMIUM SISA ESENCIAL,19-4004             ,NEGRO,T-14     ,222,2026-05-15,CORTE                                   ,TRAZO Y CORTE
001 - ENERO                                   ,002 - 1ENE2                                   ,003 - YOYO                                    ,005 - ESENCIAL                                ,016 - TOP -BODY                               ,001 - TEJIDO PUNTO                            ,MOP-00000095,35001295                                          ,BODY PREMIUM SISA ESENCIAL,19-4004             ,NEGRO,T-16     ,221,2026-05-15,CORTE                                   ,TRAZO Y CORTE
001 - ENERO                                   ,002 - 1ENE2                                   ,003 - YOYO                                    ,005 - ESENCIAL                                ,016 - TOP -BODY                               ,001 - TEJIDO PUNTO                            ,MOP-00000095,35001295                                          ,BODY PREMIUM SISA ESENCIAL,19-4004             ,NEGRO,T-18     ,222,2026-05-15,CORTE                                   ,TRAZO Y CORTE
001 - ENERO                                   ,002 - 1ENE2                                   ,003 - YOYO                                    ,005 - ESENCIAL                                ,016 - TOP -BODY                               ,001 - TEJIDO PUNTO                            ,MOP-00000095,35001295                                          ,BODY PREMIUM SISA ESENCIAL,19-4004             ,NEGRO,T-20     ,110,2026-05-15,CORTE                                   ,TRAZO Y CORTE
001 - ENERO                                   ,002 - 1ENE2                                   ,003 - YOYO                                    ,005 - ESENCIAL                                ,016 - TOP -BODY                               ,001 - TEJIDO PUNTO                            ,MOP-00000095,35001295                                          ,BODY PREMIUM SISA ESENCIAL,19-4004             ,NEGRO,T-22     ,55,2026-05-15,CORTE                                   ,TRAZO Y CORTE
003 - MARZO                                   ,009 - 1MAR1                                   ,003 - YOYO                                    ,005 - ESENCIAL                                ,000 - JEANS                                   ,005 - DENIM                                   ,MOP-00000096,35011291                                          ,RETROMOM TIRO ALTO ESENCIAL,IND02               ,MEDIO,T-10     ,49,2026-05-19,CORTE,TRAZO Y CORTE
003 - MARZO                                   ,009 - 1MAR1                                   ,003 - YOYO                                    ,005 - ESENCIAL                                ,000 - JEANS                                   ,005 - DENIM                                   ,MOP-00000096,35011291                                          ,RETROMOM TIRO ALTO ESENCIAL,IND02               ,MEDIO,T-12     ,299,2026-05-19,CORTE,TRAZO Y CORTE
003 - MARZO                                   ,009 - 1MAR1                                   ,003 - YOYO                                    ,005 - ESENCIAL                                ,000 - JEANS                                   ,005 - DENIM                                   ,MOP-00000096,35011291                                          ,RETROMOM TIRO ALTO ESENCIAL,IND02               ,MEDIO,T-14     ,300,2026-05-19,CORTE,TRAZO Y CORTE
003 - MARZO                                   ,009 - 1MAR1                                   ,003 - YOYO                                    ,005 - ESENCIAL                                ,000 - JEANS                                   ,005 - DENIM                                   ,MOP-00000096,35011291                                          ,RETROMOM TIRO ALTO ESENCIAL,IND02               ,MEDIO,T-16     ,302,2026-05-19,CORTE,TRAZO Y CORTE
003 - MARZO                                   ,009 - 1MAR1                                   ,003 - YOYO                                    ,005 - ESENCIAL                                ,000 - JEANS                                   ,005 - DENIM                                   ,MOP-00000096,35011291                                          ,RETROMOM TIRO ALTO ESENCIAL,IND02               ,MEDIO,T-18     ,200,2026-05-19,CORTE,TRAZO Y CORTE
003 - MARZO                                   ,009 - 1MAR1                                   ,003 - YOYO                                    ,005 - ESENCIAL                                ,000 - JEANS                                   ,005 - DENIM                                   ,MOP-00000096,35011291                                          ,RETROMOM TIRO ALTO ESENCIAL,IND02               ,MEDIO,T-20     ,151,2026-05-19,CORTE,TRAZO Y CORTE
003 - MARZO                                   ,009 - 1MAR1                                   ,003 - YOYO                                    ,005 - ESENCIAL                                ,000 - JEANS                                   ,005 - DENIM                                   ,MOP-00000096,35011291                                          ,RETROMOM TIRO ALTO ESENCIAL,IND02               ,MEDIO,T-22     ,49,2026-05-19,CORTE,TRAZO Y CORTE
003 - MARZO                                   ,009 - 1MAR1                                   ,003 - YOYO                                    ,005 - ESENCIAL                                ,000 - JEANS                                   ,005 - DENIM                                   ,MOP-00000097,35011291                                          ,RETROMOM TIRO ALTO ESENCIAL,IND03               ,MEDIO OSCURO,T-10     ,150,2026-05-21,CORTE,TRAZO Y CORTE
003 - MARZO                                   ,009 - 1MAR1                                   ,003 - YOYO                                    ,005 - ESENCIAL                                ,000 - JEANS                                   ,005 - DENIM                                   ,MOP-00000097,35011291                                          ,RETROMOM TIRO ALTO ESENCIAL,IND03               ,MEDIO OSCURO,T-12     ,398,2026-05-21,CORTE,TRAZO Y CORTE
003 - MARZO                                   ,009 - 1MAR1                                   ,003 - YOYO                                    ,005 - ESENCIAL                                ,000 - JEANS                                   ,005 - DENIM                                   ,MOP-00000097,35011291                                          ,RETROMOM TIRO ALTO ESENCIAL,IND03               ,MEDIO OSCURO,T-14     ,298,2026-05-21,CORTE,TRAZO Y CORTE
003 - MARZO                                   ,009 - 1MAR1                                   ,003 - YOYO                                    ,005 - ESENCIAL                                ,000 - JEANS                                   ,005 - DENIM                                   ,MOP-00000097,35011291                                          ,RETROMOM TIRO ALTO ESENCIAL,IND03               ,MEDIO OSCURO,T-16     ,301,2026-05-21,CORTE,TRAZO Y CORTE
003 - MARZO                                   ,009 - 1MAR1                                   ,003 - YOYO                                    ,005 - ESENCIAL                                ,000 - JEANS                                   ,005 - DENIM                                   ,MOP-00000097,35011291                                          ,RETROMOM TIRO ALTO ESENCIAL,IND03               ,MEDIO OSCURO,T-18     ,248,2026-05-21,CORTE,TRAZO Y CORTE
003 - MARZO                                   ,009 - 1MAR1                                   ,003 - YOYO                                    ,005 - ESENCIAL                                ,000 - JEANS                                   ,005 - DENIM                                   ,MOP-00000097,35011291                                          ,RETROMOM TIRO ALTO ESENCIAL,IND03               ,MEDIO OSCURO,T-20     ,197,2026-05-21,CORTE,TRAZO Y CORTE
003 - MARZO                                   ,009 - 1MAR1                                   ,003 - YOYO                                    ,005 - ESENCIAL                                ,000 - JEANS                                   ,005 - DENIM                                   ,MOP-00000097,35011291                                          ,RETROMOM TIRO ALTO ESENCIAL,IND03               ,MEDIO OSCURO,T-22     ,150,2026-05-21,CORTE,TRAZO Y CORTE
007 - JULIO                                   ,026 - 3JUL2                                   ,003 - YOYO                                    ,008 - MODA                                    ,000 - JEANS                                   ,005 - DENIM                                   ,MOP-00000098,YY0004394                                         ,RETROMOM TIRO ALTO LAV NEGRO OSCURO,IND07               ,NEGRO OSCURO,T-12     ,275,2026-05-19,CORTE,TRAZO Y CORTE
007 - JULIO                                   ,026 - 3JUL2                                   ,003 - YOYO                                    ,008 - MODA                                    ,000 - JEANS                                   ,005 - DENIM                                   ,MOP-00000098,YY0004394                                         ,RETROMOM TIRO ALTO LAV NEGRO OSCURO,IND07               ,NEGRO OSCURO,T-14     ,370,2026-05-19,CORTE,TRAZO Y CORTE
007 - JULIO                                   ,026 - 3JUL2                                   ,003 - YOYO                                    ,008 - MODA                                    ,000 - JEANS                                   ,005 - DENIM                                   ,MOP-00000098,YY0004394                                         ,RETROMOM TIRO ALTO LAV NEGRO OSCURO,IND07               ,NEGRO OSCURO,T-16     ,356,2026-05-19,CORTE,TRAZO Y CORTE
007 - JULIO                                   ,026 - 3JUL2                                   ,003 - YOYO                                    ,008 - MODA                                    ,000 - JEANS                                   ,005 - DENIM                                   ,MOP-00000098,YY0004394                                         ,RETROMOM TIRO ALTO LAV NEGRO OSCURO,IND07               ,NEGRO OSCURO,T-18     ,278,2026-05-19,CORTE,TRAZO Y CORTE
007 - JULIO                                   ,026 - 3JUL2                                   ,003 - YOYO                                    ,008 - MODA                                    ,000 - JEANS                                   ,005 - DENIM                                   ,MOP-00000098,YY0004394                                         ,RETROMOM TIRO ALTO LAV NEGRO OSCURO,IND07               ,NEGRO OSCURO,T-20     ,179,2026-05-19,CORTE,TRAZO Y CORTE
007 - JULIO                                   ,026 - 3JUL2                                   ,003 - YOYO                                    ,008 - MODA                                    ,000 - JEANS                                   ,005 - DENIM                                   ,MOP-00000098,YY0004394                                         ,RETROMOM TIRO ALTO LAV NEGRO OSCURO,IND07               ,NEGRO OSCURO,T-22     ,149,2026-05-19,CORTE,TRAZO Y CORTE
002 - FEBRERO                                 ,006 - 1FEB2                                   ,003 - YOYO                                    ,005 - ESENCIAL                                ,001 - CAMISETA                                ,001 - TEJIDO PUNTO                            ,MOP-00000099,35052249                                          ,CAMISETA T-SHIRT OVERSIZED ESENCIAL,11-0602             ,MARFIL,T-12     ,151,2026-05-20,CORTE,TRAZO Y CORTE
002 - FEBRERO                                 ,006 - 1FEB2                                   ,003 - YOYO                                    ,005 - ESENCIAL                                ,001 - CAMISETA                                ,001 - TEJIDO PUNTO                            ,MOP-00000099,35052249                                          ,CAMISETA T-SHIRT OVERSIZED ESENCIAL,11-0602             ,MARFIL,T-14     ,463,2026-05-20,CORTE,TRAZO Y CORTE
002 - FEBRERO                                 ,006 - 1FEB2                                   ,003 - YOYO                                    ,005 - ESENCIAL                                ,001 - CAMISETA                                ,001 - TEJIDO PUNTO                            ,MOP-00000099,35052249                                          ,CAMISETA T-SHIRT OVERSIZED ESENCIAL,11-0602             ,MARFIL,T-16     ,302,2026-05-20,CORTE,TRAZO Y CORTE
002 - FEBRERO                                 ,006 - 1FEB2                                   ,003 - YOYO                                    ,005 - ESENCIAL                                ,001 - CAMISETA                                ,001 - TEJIDO PUNTO                            ,MOP-00000099,35052249                                          ,CAMISETA T-SHIRT OVERSIZED ESENCIAL,11-0602             ,MARFIL,T-18     ,151,2026-05-20,CORTE,TRAZO Y CORTE
002 - FEBRERO                                 ,006 - 1FEB2                                   ,003 - YOYO                                    ,005 - ESENCIAL                                ,001 - CAMISETA                                ,001 - TEJIDO PUNTO                            ,MOP-00000099,35052249                                          ,CAMISETA T-SHIRT OVERSIZED ESENCIAL,11-0602             ,MARFIL,T-20     ,151,2026-05-20,CORTE,TRAZO Y CORTE
002 - FEBRERO                                 ,006 - 1FEB2                                   ,003 - YOYO                                    ,005 - ESENCIAL                                ,001 - CAMISETA                                ,001 - TEJIDO PUNTO                            ,MOP-00000099,35052249                                          ,CAMISETA T-SHIRT OVERSIZED ESENCIAL,19-4004             ,NEGRO,T-12     ,108,2026-05-20,CORTE,TRAZO Y CORTE
002 - FEBRERO                                 ,006 - 1FEB2                                   ,003 - YOYO                                    ,005 - ESENCIAL                                ,001 - CAMISETA                                ,001 - TEJIDO PUNTO                            ,MOP-00000099,35052249                                          ,CAMISETA T-SHIRT OVERSIZED ESENCIAL,19-4004             ,NEGRO,T-14     ,116,2026-05-20,CORTE,TRAZO Y CORTE
002 - FEBRERO                                 ,006 - 1FEB2                                   ,003 - YOYO                                    ,005 - ESENCIAL                                ,001 - CAMISETA                                ,001 - TEJIDO PUNTO                            ,MOP-00000099,35052249                                          ,CAMISETA T-SHIRT OVERSIZED ESENCIAL,19-4004             ,NEGRO,T-16     ,108,2026-05-20,CORTE,TRAZO Y CORTE
002 - FEBRERO                                 ,006 - 1FEB2                                   ,003 - YOYO                                    ,005 - ESENCIAL                                ,001 - CAMISETA                                ,001 - TEJIDO PUNTO                            ,MOP-00000099,35052249                                          ,CAMISETA T-SHIRT OVERSIZED ESENCIAL,19-4004             ,NEGRO,T-18     ,108,2026-05-20,CORTE,TRAZO Y CORTE
002 - FEBRERO                                 ,006 - 1FEB2                                   ,003 - YOYO                                    ,005 - ESENCIAL                                ,001 - CAMISETA                                ,001 - TEJIDO PUNTO                            ,MOP-00000099,35052249                                          ,CAMISETA T-SHIRT OVERSIZED ESENCIAL,19-4004             ,NEGRO,T-20     ,108,2026-05-20,CORTE,TRAZO Y CORTE
002 - FEBRERO                                 ,042 - 4NOV2                                   ,003 - YOYO                                    ,005 - ESENCIAL                                ,001 - CAMISETA                                ,001 - TEJIDO PUNTO                            ,MOP-00000100,35054249                                          ,CAMISETA  POLO MANGA CORTA ESENCIAL,11-0602             ,MARFIL,T-14     ,255,2026-05-15,CORTE,TRAZO Y CORTE
002 - FEBRERO                                 ,042 - 4NOV2                                   ,003 - YOYO                                    ,005 - ESENCIAL                                ,001 - CAMISETA                                ,001 - TEJIDO PUNTO                            ,MOP-00000100,35054249                                          ,CAMISETA  POLO MANGA CORTA ESENCIAL,11-0602             ,MARFIL,T-16     ,252,2026-05-15,CORTE,TRAZO Y CORTE
002 - FEBRERO                                 ,042 - 4NOV2                                   ,003 - YOYO                                    ,005 - ESENCIAL                                ,001 - CAMISETA                                ,001 - TEJIDO PUNTO                            ,MOP-00000100,35054249                                          ,CAMISETA  POLO MANGA CORTA ESENCIAL,11-0602             ,MARFIL,T-18     ,164,2026-05-15,CORTE,TRAZO Y CORTE
002 - FEBRERO                                 ,042 - 4NOV2                                   ,003 - YOYO                                    ,005 - ESENCIAL                                ,001 - CAMISETA                                ,001 - TEJIDO PUNTO                            ,MOP-00000100,35054249                                          ,CAMISETA  POLO MANGA CORTA ESENCIAL,11-0602             ,MARFIL,T-20     ,82,2026-05-15,CORTE,TRAZO Y CORTE
002 - FEBRERO                                 ,042 - 4NOV2                                   ,003 - YOYO                                    ,005 - ESENCIAL                                ,001 - CAMISETA                                ,001 - TEJIDO PUNTO                            ,MOP-00000100,35054249                                          ,CAMISETA  POLO MANGA CORTA ESENCIAL,11-0602             ,MARFIL,T-22     ,82,2026-05-15,CORTE,TRAZO Y CORTE
002 - FEBRERO                                 ,042 - 4NOV2                                   ,003 - YOYO                                    ,005 - ESENCIAL                                ,001 - CAMISETA                                ,001 - TEJIDO PUNTO                            ,MOP-00000100,35054249                                          ,CAMISETA  POLO MANGA CORTA ESENCIAL,19-4004             ,NEGRO,T-14     ,276,2026-05-15,CORTE,TRAZO Y CORTE
002 - FEBRERO                                 ,042 - 4NOV2                                   ,003 - YOYO                                    ,005 - ESENCIAL                                ,001 - CAMISETA                                ,001 - TEJIDO PUNTO                            ,MOP-00000100,35054249                                          ,CAMISETA  POLO MANGA CORTA ESENCIAL,19-4004             ,NEGRO,T-16     ,279,2026-05-15,CORTE,TRAZO Y CORTE
002 - FEBRERO                                 ,042 - 4NOV2                                   ,003 - YOYO                                    ,005 - ESENCIAL                                ,001 - CAMISETA                                ,001 - TEJIDO PUNTO                            ,MOP-00000100,35054249                                          ,CAMISETA  POLO MANGA CORTA ESENCIAL,19-4004             ,NEGRO,T-18     ,184,2026-05-15,CORTE,TRAZO Y CORTE
002 - FEBRERO                                 ,042 - 4NOV2                                   ,003 - YOYO                                    ,005 - ESENCIAL                                ,001 - CAMISETA                                ,001 - TEJIDO PUNTO                            ,MOP-00000100,35054249                                          ,CAMISETA  POLO MANGA CORTA ESENCIAL,19-4004             ,NEGRO,T-20     ,92,2026-05-15,CORTE,TRAZO Y CORTE
002 - FEBRERO                                 ,042 - 4NOV2                                   ,003 - YOYO                                    ,005 - ESENCIAL                                ,001 - CAMISETA                                ,001 - TEJIDO PUNTO                            ,MOP-00000100,35054249                                          ,CAMISETA  POLO MANGA CORTA ESENCIAL,19-4004             ,NEGRO,T-22     ,92,2026-05-15,CORTE,TRAZO Y CORTE
008 - AGOSTO                                  ,029 - 3AGO1                                   ,003 - YOYO                                    ,008 - MODA                                    ,001 - CAMISETA                                ,001 - TEJIDO PUNTO                            ,MOP-00000104,YY0000715                                         ,T-SHIRT MANGA CORTA ESTAMPADA OVERSIZED,18-1222             ,CAFE MEDIO,T-12     ,299,2026-05-26,CORTE,TRAZO Y CORTE
008 - AGOSTO                                  ,029 - 3AGO1                                   ,003 - YOYO                                    ,008 - MODA                                    ,001 - CAMISETA                                ,001 - TEJIDO PUNTO                            ,MOP-00000104,YY0000715                                         ,T-SHIRT MANGA CORTA ESTAMPADA OVERSIZED,18-1222             ,CAFE MEDIO,T-14     ,494,2026-05-26,CORTE,TRAZO Y CORTE
008 - AGOSTO                                  ,029 - 3AGO1                                   ,003 - YOYO                                    ,008 - MODA                                    ,001 - CAMISETA                                ,001 - TEJIDO PUNTO                            ,MOP-00000104,YY0000715                                         ,T-SHIRT MANGA CORTA ESTAMPADA OVERSIZED,18-1222             ,CAFE MEDIO,T-16     ,465,2026-05-26,CORTE,TRAZO Y CORTE
008 - AGOSTO                                  ,029 - 3AGO1                                   ,003 - YOYO                                    ,008 - MODA                                    ,001 - CAMISETA                                ,001 - TEJIDO PUNTO                            ,MOP-00000104,YY0000715                                         ,T-SHIRT MANGA CORTA ESTAMPADA OVERSIZED,18-1222             ,CAFE MEDIO,T-18     ,283,2026-05-26,CORTE,TRAZO Y CORTE
008 - AGOSTO                                  ,029 - 3AGO1                                   ,003 - YOYO                                    ,008 - MODA                                    ,001 - CAMISETA                                ,001 - TEJIDO PUNTO                            ,MOP-00000104,YY0000715                                         ,T-SHIRT MANGA CORTA ESTAMPADA OVERSIZED,18-1222             ,CAFE MEDIO,T-20     ,283,2026-05-26,CORTE,TRAZO Y CORTE
008 - AGOSTO                                  ,029 - 3AGO1                                   ,003 - YOYO                                    ,008 - MODA                                    ,010 - PRENDAS DE MODA                         ,002 - TEJIDO PLANO                            ,MOP-00000105,YY0000303                                         ,FALDA TIRO MEDIO EN TABLAS,14-0708             ,ARENA,T-14     ,447,2026-05-19,CORTE,TRAZO Y CORTE
008 - AGOSTO                                  ,029 - 3AGO1                                   ,003 - YOYO                                    ,008 - MODA                                    ,010 - PRENDAS DE MODA                         ,002 - TEJIDO PLANO                            ,MOP-00000105,YY0000303                                         ,FALDA TIRO MEDIO EN TABLAS,14-0708             ,ARENA,T-16     ,418,2026-05-19,CORTE,TRAZO Y CORTE
008 - AGOSTO                                  ,029 - 3AGO1                                   ,003 - YOYO                                    ,008 - MODA                                    ,010 - PRENDAS DE MODA                         ,002 - TEJIDO PLANO                            ,MOP-00000105,YY0000303                                         ,FALDA TIRO MEDIO EN TABLAS,14-0708             ,ARENA,T-18     ,318,2026-05-19,CORTE,TRAZO Y CORTE
008 - AGOSTO                                  ,029 - 3AGO1                                   ,003 - YOYO                                    ,008 - MODA                                    ,010 - PRENDAS DE MODA                         ,002 - TEJIDO PLANO                            ,MOP-00000105,YY0000303                                         ,FALDA TIRO MEDIO EN TABLAS,14-0708             ,ARENA,T-20     ,318,2026-05-19,CORTE,TRAZO Y CORTE
008 - AGOSTO                                  ,029 - 3AGO1                                   ,003 - YOYO                                    ,008 - MODA                                    ,010 - PRENDAS DE MODA                         ,002 - TEJIDO PLANO                            ,MOP-00000105,YY0000303                                         ,FALDA TIRO MEDIO EN TABLAS,14-0708             ,ARENA,T-22     ,209,2026-05-19,CORTE,TRAZO Y CORTE
008 - AGOSTO                                  ,029 - 3AGO1                                   ,003 - YOYO                                    ,008 - MODA                                    ,016 - TOP -BODY                               ,001 - TEJIDO PUNTO                            ,MOP-00000106,YY0000315                                         ,BODY MANGA CORTA CUELLO CAMISERO,11-0602             ,MARFIL,T-14     ,706,2026-05-20,CORTE,TRAZO Y CORTE
008 - AGOSTO                                  ,029 - 3AGO1                                   ,003 - YOYO                                    ,008 - MODA                                    ,016 - TOP -BODY                               ,001 - TEJIDO PUNTO                            ,MOP-00000106,YY0000315                                         ,BODY MANGA CORTA CUELLO CAMISERO,11-0602             ,MARFIL,T-16     ,707,2026-05-20,CORTE,TRAZO Y CORTE
008 - AGOSTO                                  ,029 - 3AGO1                                   ,003 - YOYO                                    ,008 - MODA                                    ,016 - TOP -BODY                               ,001 - TEJIDO PUNTO                            ,MOP-00000106,YY0000315                                         ,BODY MANGA CORTA CUELLO CAMISERO,11-0602             ,MARFIL,T-18     ,401,2026-05-20,CORTE,TRAZO Y CORTE
008 - AGOSTO                                  ,029 - 3AGO1                                   ,003 - YOYO                                    ,008 - MODA                                    ,016 - TOP -BODY                               ,001 - TEJIDO PUNTO                            ,MOP-00000106,YY0000315                                         ,BODY MANGA CORTA CUELLO CAMISERO,11-0602             ,MARFIL,T-20     ,401,2026-05-20,CORTE,TRAZO Y CORTE
008 - AGOSTO                                  ,029 - 3AGO1                                   ,003 - YOYO                                    ,008 - MODA                                    ,016 - TOP -BODY                               ,001 - TEJIDO PUNTO                            ,MOP-00000106,YY0000315                                         ,BODY MANGA CORTA CUELLO CAMISERO,11-0602             ,MARFIL,T-22     ,272,2026-05-20,CORTE,TRAZO Y CORTE
008 - AGOSTO                                  ,029 - 3AGO1                                   ,003 - YOYO                                    ,008 - MODA                                    ,016 - TOP -BODY                               ,001 - TEJIDO PUNTO                            ,MOP-00000106,YY0000315                                         ,BODY MANGA CORTA CUELLO CAMISERO,18-1222             ,CAFE MEDIO,T-14     ,615,2026-05-20,CORTE,TRAZO Y CORTE
008 - AGOSTO                                  ,029 - 3AGO1                                   ,003 - YOYO                                    ,008 - MODA                                    ,016 - TOP -BODY                               ,001 - TEJIDO PUNTO                            ,MOP-00000106,YY0000315                                         ,BODY MANGA CORTA CUELLO CAMISERO,18-1222             ,CAFE MEDIO,T-16     ,614,2026-05-20,CORTE,TRAZO Y CORTE
008 - AGOSTO                                  ,029 - 3AGO1                                   ,003 - YOYO                                    ,008 - MODA                                    ,016 - TOP -BODY                               ,001 - TEJIDO PUNTO                            ,MOP-00000106,YY0000315                                         ,BODY MANGA CORTA CUELLO CAMISERO,18-1222             ,CAFE MEDIO,T-18     ,362,2026-05-20,CORTE,TRAZO Y CORTE
008 - AGOSTO                                  ,029 - 3AGO1                                   ,003 - YOYO                                    ,008 - MODA                                    ,016 - TOP -BODY                               ,001 - TEJIDO PUNTO                            ,MOP-00000106,YY0000315                                         ,BODY MANGA CORTA CUELLO CAMISERO,18-1222             ,CAFE MEDIO,T-20     ,362,2026-05-20,CORTE,TRAZO Y CORTE
008 - AGOSTO                                  ,029 - 3AGO1                                   ,003 - YOYO                                    ,008 - MODA                                    ,016 - TOP -BODY                               ,001 - TEJIDO PUNTO                            ,MOP-00000106,YY0000315                                         ,BODY MANGA CORTA CUELLO CAMISERO,18-1222             ,CAFE MEDIO,T-22     ,242,2026-05-20,CORTE,TRAZO Y CORTE
008 - AGOSTO                                  ,031 - 3AGO3                                   ,003 - YOYO                                    ,008 - MODA                                    ,003 - CORTOS                                  ,005 - DENIM                                   ,MOP-00000107,YY0000271                                         ,FALDA TIRO ALTO LAV CLARO,IND01               ,CLARO,T-14     ,528,2026-05-21,CORTE,TRAZO Y CORTE
008 - AGOSTO                                  ,031 - 3AGO3                                   ,003 - YOYO                                    ,008 - MODA                                    ,003 - CORTOS                                  ,005 - DENIM                                   ,MOP-00000107,YY0000271                                         ,FALDA TIRO ALTO LAV CLARO,IND01               ,CLARO,T-16     ,516,2026-05-21,CORTE,TRAZO Y CORTE
008 - AGOSTO                                  ,031 - 3AGO3                                   ,003 - YOYO                                    ,008 - MODA                                    ,003 - CORTOS                                  ,005 - DENIM                                   ,MOP-00000107,YY0000271                                         ,FALDA TIRO ALTO LAV CLARO,IND01               ,CLARO,T-18     ,416,2026-05-21,CORTE,TRAZO Y CORTE
008 - AGOSTO                                  ,031 - 3AGO3                                   ,003 - YOYO                                    ,008 - MODA                                    ,003 - CORTOS                                  ,005 - DENIM                                   ,MOP-00000107,YY0000271                                         ,FALDA TIRO ALTO LAV CLARO,IND01               ,CLARO,T-20     ,312,2026-05-21,CORTE,TRAZO Y CORTE
008 - AGOSTO                                  ,031 - 3AGO3                                   ,003 - YOYO                                    ,008 - MODA                                    ,003 - CORTOS                                  ,005 - DENIM                                   ,MOP-00000107,YY0000271                                         ,FALDA TIRO ALTO LAV CLARO,IND01               ,CLARO,T-22     ,208,2026-05-21,CORTE,TRAZO Y CORTE
008 - AGOSTO                                  ,031 - 3AGO3                                   ,003 - YOYO                                    ,004 - ESENCIAL MODA                           ,016 - TOP -BODY                               ,001 - TEJIDO PUNTO                            ,MOP-00000109,YY0000312                                         ,BODY  MANGA SISA ESENCIAL MODA,19-4024             ,AZUL OSCURO,T-14     ,641,2026-05-22,CORTE,TRAZO Y CORTE
008 - AGOSTO                                  ,031 - 3AGO3                                   ,003 - YOYO                                    ,004 - ESENCIAL MODA                           ,016 - TOP -BODY                               ,001 - TEJIDO PUNTO                            ,MOP-00000109,YY0000312                                         ,BODY  MANGA SISA ESENCIAL MODA,19-4024             ,AZUL OSCURO,T-16     ,621,2026-05-22,CORTE,TRAZO Y CORTE
008 - AGOSTO                                  ,031 - 3AGO3                                   ,003 - YOYO                                    ,004 - ESENCIAL MODA                           ,016 - TOP -BODY                               ,001 - TEJIDO PUNTO                            ,MOP-00000109,YY0000312                                         ,BODY  MANGA SISA ESENCIAL MODA,19-4024             ,AZUL OSCURO,T-18     ,378,2026-05-22,CORTE,TRAZO Y CORTE
008 - AGOSTO                                  ,031 - 3AGO3                                   ,003 - YOYO                                    ,004 - ESENCIAL MODA                           ,016 - TOP -BODY                               ,001 - TEJIDO PUNTO                            ,MOP-00000109,YY0000312                                         ,BODY  MANGA SISA ESENCIAL MODA,19-4024             ,AZUL OSCURO,T-20     ,369,2026-05-22,CORTE,TRAZO Y CORTE
008 - AGOSTO                                  ,031 - 3AGO3                                   ,003 - YOYO                                    ,004 - ESENCIAL MODA                           ,016 - TOP -BODY                               ,001 - TEJIDO PUNTO                            ,MOP-00000109,YY0000312                                         ,BODY  MANGA SISA ESENCIAL MODA,19-4024             ,AZUL OSCURO,T-22     ,126,2026-05-22,CORTE,TRAZO Y CORTE
008 - AGOSTO                                  ,031 - 3AGO3                                   ,003 - YOYO                                    ,008 - MODA                                    ,016 - TOP -BODY                               ,001 - TEJIDO PUNTO                            ,MOP-00000111,YY0000490                                         ,BODY MANGA SISA COSTILLERO,11-0602             ,MARFIL,T-14     ,519,2026-05-21,CORTE                                   ,TRAZO Y CORTE
008 - AGOSTO                                  ,031 - 3AGO3                                   ,003 - YOYO                                    ,008 - MODA                                    ,016 - TOP -BODY                               ,001 - TEJIDO PUNTO                            ,MOP-00000111,YY0000490                                         ,BODY MANGA SISA COSTILLERO,11-0602             ,MARFIL,T-16     ,511,2026-05-21,CORTE                                   ,TRAZO Y CORTE
008 - AGOSTO                                  ,031 - 3AGO3                                   ,003 - YOYO                                    ,008 - MODA                                    ,016 - TOP -BODY                               ,001 - TEJIDO PUNTO                            ,MOP-00000111,YY0000490                                         ,BODY MANGA SISA COSTILLERO,11-0602             ,MARFIL,T-18     ,308,2026-05-21,CORTE                                   ,TRAZO Y CORTE
008 - AGOSTO                                  ,031 - 3AGO3                                   ,003 - YOYO                                    ,008 - MODA                                    ,016 - TOP -BODY                               ,001 - TEJIDO PUNTO                            ,MOP-00000111,YY0000490                                         ,BODY MANGA SISA COSTILLERO,11-0602             ,MARFIL,T-20     ,308,2026-05-21,CORTE                                   ,TRAZO Y CORTE
008 - AGOSTO                                  ,031 - 3AGO3                                   ,003 - YOYO                                    ,008 - MODA                                    ,016 - TOP -BODY                               ,001 - TEJIDO PUNTO                            ,MOP-00000111,YY0000490                                         ,BODY MANGA SISA COSTILLERO,11-0602             ,MARFIL,T-22     ,205,2026-05-21,CORTE                                   ,TRAZO Y CORTE
008 - AGOSTO                                  ,031 - 3AGO3                                   ,003 - YOYO                                    ,008 - MODA                                    ,016 - TOP -BODY                               ,001 - TEJIDO PUNTO                            ,MOP-00000112,YY0000654                                         ,BODY MANGA CORTA CON SESGOS EN CONTRASTE,19-4004             ,NEGRO,T-14     ,556,2026-05-25,CORTE,TRAZO Y CORTE
008 - AGOSTO                                  ,031 - 3AGO3                                   ,003 - YOYO                                    ,008 - MODA                                    ,016 - TOP -BODY                               ,001 - TEJIDO PUNTO                            ,MOP-00000112,YY0000654                                         ,BODY MANGA CORTA CON SESGOS EN CONTRASTE,19-4004             ,NEGRO,T-16     ,553,2026-05-25,CORTE,TRAZO Y CORTE
008 - AGOSTO                                  ,031 - 3AGO3                                   ,003 - YOYO                                    ,008 - MODA                                    ,016 - TOP -BODY                               ,001 - TEJIDO PUNTO                            ,MOP-00000112,YY0000654                                         ,BODY MANGA CORTA CON SESGOS EN CONTRASTE,19-4004             ,NEGRO,T-18     ,332,2026-05-25,CORTE,TRAZO Y CORTE
008 - AGOSTO                                  ,031 - 3AGO3                                   ,003 - YOYO                                    ,008 - MODA                                    ,016 - TOP -BODY                               ,001 - TEJIDO PUNTO                            ,MOP-00000112,YY0000654                                         ,BODY MANGA CORTA CON SESGOS EN CONTRASTE,19-4004             ,NEGRO,T-20     ,330,2026-05-25,CORTE,TRAZO Y CORTE
008 - AGOSTO                                  ,031 - 3AGO3                                   ,003 - YOYO                                    ,008 - MODA                                    ,016 - TOP -BODY                               ,001 - TEJIDO PUNTO                            ,MOP-00000112,YY0000654                                         ,BODY MANGA CORTA CON SESGOS EN CONTRASTE,19-4004             ,NEGRO,T-22     ,220,2026-05-25,CORTE,TRAZO Y CORTE
008 - AGOSTO                                  ,029 - 3AGO1                                   ,003 - YOYO                                    ,008 - MODA                                    ,004 - SOBRETODOS                              ,001 - TEJIDO PUNTO                            ,MOP-00000115,YY0000289                                         ,BUZO ABIERTO CON SESGOS Y MOÑOS EN MANGA,19-1940             ,VINOTINTO,T-10     ,110,2026-05-25,CORTE,TRAZO Y CORTE
008 - AGOSTO                                  ,029 - 3AGO1                                   ,003 - YOYO                                    ,008 - MODA                                    ,004 - SOBRETODOS                              ,001 - TEJIDO PUNTO                            ,MOP-00000115,YY0000289                                         ,BUZO ABIERTO CON SESGOS Y MOÑOS EN MANGA,19-1940             ,VINOTINTO,T-12     ,195,2026-05-25,CORTE,TRAZO Y CORTE
008 - AGOSTO                                  ,029 - 3AGO1                                   ,003 - YOYO                                    ,008 - MODA                                    ,004 - SOBRETODOS                              ,001 - TEJIDO PUNTO                            ,MOP-00000115,YY0000289                                         ,BUZO ABIERTO CON SESGOS Y MOÑOS EN MANGA,19-1940             ,VINOTINTO,T-14     ,220,2026-05-25,CORTE,TRAZO Y CORTE
008 - AGOSTO                                  ,029 - 3AGO1                                   ,003 - YOYO                                    ,008 - MODA                                    ,004 - SOBRETODOS                              ,001 - TEJIDO PUNTO                            ,MOP-00000115,YY0000289                                         ,BUZO ABIERTO CON SESGOS Y MOÑOS EN MANGA,19-1940             ,VINOTINTO,T-16     ,220,2026-05-25,CORTE,TRAZO Y CORTE
008 - AGOSTO                                  ,029 - 3AGO1                                   ,003 - YOYO                                    ,008 - MODA                                    ,004 - SOBRETODOS                              ,001 - TEJIDO PUNTO                            ,MOP-00000115,YY0000289                                         ,BUZO ABIERTO CON SESGOS Y MOÑOS EN MANGA,19-1940             ,VINOTINTO,T-18     ,165,2026-05-25,CORTE,TRAZO Y CORTE
008 - AGOSTO                                  ,029 - 3AGO1                                   ,003 - YOYO                                    ,008 - MODA                                    ,004 - SOBRETODOS                              ,001 - TEJIDO PUNTO                            ,MOP-00000115,YY0000289                                         ,BUZO ABIERTO CON SESGOS Y MOÑOS EN MANGA,19-1940             ,VINOTINTO,T-20     ,165,2026-05-25,CORTE,TRAZO Y CORTE
008 - AGOSTO                                  ,029 - 3AGO1                                   ,003 - YOYO                                    ,008 - MODA                                    ,002 - BLUSA-CAMISA,002 - TEJIDO PLANO                            ,MOP-00000118,YY0000290                                         ,BLUSA MANGA CORTA CUELLO SPORT CONTRASTE,13-1008             ,KAKI,T-14     ,340,2026-06-04,CORTE,TRAZO Y CORTE
008 - AGOSTO                                  ,029 - 3AGO1                                   ,003 - YOYO                                    ,008 - MODA                                    ,002 - BLUSA-CAMISA,002 - TEJIDO PLANO                            ,MOP-00000118,YY0000290                                         ,BLUSA MANGA CORTA CUELLO SPORT CONTRASTE,13-1008             ,KAKI,T-16     ,325,2026-06-04,CORTE,TRAZO Y CORTE
008 - AGOSTO                                  ,029 - 3AGO1                                   ,003 - YOYO                                    ,008 - MODA                                    ,002 - BLUSA-CAMISA,002 - TEJIDO PLANO                            ,MOP-00000118,YY0000290                                         ,BLUSA MANGA CORTA CUELLO SPORT CONTRASTE,13-1008             ,KAKI,T-18     ,195,2026-06-04,CORTE,TRAZO Y CORTE
008 - AGOSTO                                  ,029 - 3AGO1                                   ,003 - YOYO                                    ,008 - MODA                                    ,002 - BLUSA-CAMISA,002 - TEJIDO PLANO                            ,MOP-00000118,YY0000290                                         ,BLUSA MANGA CORTA CUELLO SPORT CONTRASTE,13-1008             ,KAKI,T-20     ,195,2026-06-04,CORTE,TRAZO Y CORTE
008 - AGOSTO                                  ,029 - 3AGO1                                   ,003 - YOYO                                    ,008 - MODA                                    ,002 - BLUSA-CAMISA,002 - TEJIDO PLANO                            ,MOP-00000118,YY0000290                                         ,BLUSA MANGA CORTA CUELLO SPORT CONTRASTE,13-1008             ,KAKI,T-22     ,127,2026-06-04,CORTE,TRAZO Y CORTE
008 - AGOSTO                                  ,029 - 3AGO1                                   ,003 - YOYO                                    ,008 - MODA                                    ,003 - CORTOS                                  ,005 - DENIM                                   ,MOP-00000120,YY0004404                                         ,BERMUDA TIRO BAJO LAVADO CLARO,IND01               ,CLARO,T-12     ,405,2026-05-25,CORTE,TRAZO Y CORTE
008 - AGOSTO                                  ,029 - 3AGO1                                   ,003 - YOYO                                    ,008 - MODA                                    ,003 - CORTOS                                  ,005 - DENIM                                   ,MOP-00000120,YY0004404                                         ,BERMUDA TIRO BAJO LAVADO CLARO,IND01               ,CLARO,T-14     ,405,2026-05-25,CORTE,TRAZO Y CORTE
008 - AGOSTO                                  ,029 - 3AGO1                                   ,003 - YOYO                                    ,008 - MODA                                    ,003 - CORTOS                                  ,005 - DENIM                                   ,MOP-00000120,YY0004404                                         ,BERMUDA TIRO BAJO LAVADO CLARO,IND01               ,CLARO,T-16     ,402,2026-05-25,CORTE,TRAZO Y CORTE
008 - AGOSTO                                  ,029 - 3AGO1                                   ,003 - YOYO                                    ,008 - MODA                                    ,003 - CORTOS                                  ,005 - DENIM                                   ,MOP-00000120,YY0004404                                         ,BERMUDA TIRO BAJO LAVADO CLARO,IND01               ,CLARO,T-18     ,302,2026-05-25,CORTE,TRAZO Y CORTE
008 - AGOSTO                                  ,029 - 3AGO1                                   ,003 - YOYO                                    ,008 - MODA                                    ,003 - CORTOS                                  ,005 - DENIM                                   ,MOP-00000120,YY0004404                                         ,BERMUDA TIRO BAJO LAVADO CLARO,IND01               ,CLARO,T-20     ,302,2026-05-25,CORTE,TRAZO Y CORTE
008 - AGOSTO                                  ,029 - 3AGO1                                   ,003 - YOYO                                    ,008 - MODA                                    ,003 - CORTOS                                  ,005 - DENIM                                   ,MOP-00000120,YY0004404                                         ,BERMUDA TIRO BAJO LAVADO CLARO,IND01               ,CLARO,T-22     ,200,2026-05-25,CORTE,TRAZO Y CORTE
008 - AGOSTO                                  ,029 - 3AGO1                                   ,003 - YOYO                                    ,008 - MODA                                    ,008 - PANTALONES                              ,001 - TEJIDO PUNTO                            ,MOP-00000123,YY0000302                                         ,PANTALON TIRO ALTO  CON HILADILLA EN COS,19-1940             ,VINOTINTO,T-10     ,178,2026-05-25,CORTE,TRAZO Y CORTE
008 - AGOSTO                                  ,029 - 3AGO1                                   ,003 - YOYO                                    ,008 - MODA                                    ,008 - PANTALONES                              ,001 - TEJIDO PUNTO                            ,MOP-00000123,YY0000302                                         ,PANTALON TIRO ALTO  CON HILADILLA EN COS,19-1940             ,VINOTINTO,T-12     ,496,2026-05-25,CORTE,TRAZO Y CORTE
008 - AGOSTO                                  ,029 - 3AGO1                                   ,003 - YOYO                                    ,008 - MODA                                    ,008 - PANTALONES                              ,001 - TEJIDO PUNTO                            ,MOP-00000123,YY0000302                                         ,PANTALON TIRO ALTO  CON HILADILLA EN COS,19-1940             ,VINOTINTO,T-14     ,574,2026-05-25,CORTE,TRAZO Y CORTE
008 - AGOSTO                                  ,029 - 3AGO1                                   ,003 - YOYO                                    ,008 - MODA                                    ,008 - PANTALONES                              ,001 - TEJIDO PUNTO                            ,MOP-00000123,YY0000302                                         ,PANTALON TIRO ALTO  CON HILADILLA EN COS,19-1940             ,VINOTINTO,T-16     ,574,2026-05-25,CORTE,TRAZO Y CORTE
008 - AGOSTO                                  ,029 - 3AGO1                                   ,003 - YOYO                                    ,008 - MODA                                    ,008 - PANTALONES                              ,001 - TEJIDO PUNTO                            ,MOP-00000123,YY0000302                                         ,PANTALON TIRO ALTO  CON HILADILLA EN COS,19-1940             ,VINOTINTO,T-18     ,350,2026-05-25,CORTE,TRAZO Y CORTE
008 - AGOSTO                                  ,029 - 3AGO1                                   ,003 - YOYO                                    ,008 - MODA                                    ,008 - PANTALONES                              ,001 - TEJIDO PUNTO                            ,MOP-00000123,YY0000302                                         ,PANTALON TIRO ALTO  CON HILADILLA EN COS,19-1940             ,VINOTINTO,T-20     ,264,2026-05-25,CORTE,TRAZO Y CORTE
008 - AGOSTO                                  ,029 - 3AGO1                                   ,003 - YOYO                                    ,008 - MODA                                    ,010 - PRENDAS DE MODA                         ,001 - TEJIDO PUNTO                            ,MOP-00000124,YY0000305                                         ,VESTIDO MANGA CORTA CUELLO EN RECTILINEO,18-1222             ,CAFE MEDIO,T-12     ,195,2026-06-02,CORTE,TRAZO Y CORTE
008 - AGOSTO                                  ,029 - 3AGO1                                   ,003 - YOYO                                    ,008 - MODA                                    ,010 - PRENDAS DE MODA                         ,001 - TEJIDO PUNTO                            ,MOP-00000124,YY0000305                                         ,VESTIDO MANGA CORTA CUELLO EN RECTILINEO,18-1222             ,CAFE MEDIO,T-14     ,400,2026-06-02,CORTE,TRAZO Y CORTE
008 - AGOSTO                                  ,029 - 3AGO1                                   ,003 - YOYO                                    ,008 - MODA                                    ,010 - PRENDAS DE MODA                         ,001 - TEJIDO PUNTO                            ,MOP-00000124,YY0000305                                         ,VESTIDO MANGA CORTA CUELLO EN RECTILINEO,18-1222             ,CAFE MEDIO,T-16     ,407,2026-06-02,CORTE,TRAZO Y CORTE
008 - AGOSTO                                  ,029 - 3AGO1                                   ,003 - YOYO                                    ,008 - MODA                                    ,010 - PRENDAS DE MODA                         ,001 - TEJIDO PUNTO                            ,MOP-00000124,YY0000305                                         ,VESTIDO MANGA CORTA CUELLO EN RECTILINEO,18-1222             ,CAFE MEDIO,T-18     ,286,2026-06-02,CORTE,TRAZO Y CORTE
008 - AGOSTO                                  ,029 - 3AGO1                                   ,003 - YOYO                                    ,008 - MODA                                    ,010 - PRENDAS DE MODA                         ,001 - TEJIDO PUNTO                            ,MOP-00000124,YY0000305                                         ,VESTIDO MANGA CORTA CUELLO EN RECTILINEO,18-1222             ,CAFE MEDIO,T-20     ,297,2026-06-02,CORTE,TRAZO Y CORTE
008 - AGOSTO                                  ,029 - 3AGO1                                   ,003 - YOYO                                    ,008 - MODA                                    ,010 - PRENDAS DE MODA                         ,001 - TEJIDO PUNTO                            ,MOP-00000124,YY0000305                                         ,VESTIDO MANGA CORTA CUELLO EN RECTILINEO,18-1222             ,CAFE MEDIO,T-22     ,195,2026-06-02,CORTE,TRAZO Y CORTE
009 - SEPTIEMBRE                              ,033 - 3SEP1                                   ,003 - YOYO                                    ,008 - MODA                                    ,008 - PANTALONES                              ,001 - TEJIDO PUNTO                            ,MOP-00000125,YY0000319                                         ,PANTALON MODA CON MOÑOS EN COSTADO,12-0304             ,MARFIL,T-10     ,173,2026-06-05,CORTE,TRAZO Y CORTE
009 - SEPTIEMBRE                              ,033 - 3SEP1                                   ,003 - YOYO                                    ,008 - MODA                                    ,008 - PANTALONES                              ,001 - TEJIDO PUNTO                            ,MOP-00000125,YY0000319                                         ,PANTALON MODA CON MOÑOS EN COSTADO,12-0304             ,MARFIL,T-12     ,392,2026-06-05,CORTE,TRAZO Y CORTE
009 - SEPTIEMBRE                              ,033 - 3SEP1                                   ,003 - YOYO                                    ,008 - MODA                                    ,008 - PANTALONES                              ,001 - TEJIDO PUNTO                            ,MOP-00000125,YY0000319                                         ,PANTALON MODA CON MOÑOS EN COSTADO,12-0304             ,MARFIL,T-14     ,469,2026-06-05,CORTE,TRAZO Y CORTE
009 - SEPTIEMBRE                              ,033 - 3SEP1                                   ,003 - YOYO                                    ,008 - MODA                                    ,008 - PANTALONES                              ,001 - TEJIDO PUNTO                            ,MOP-00000125,YY0000319                                         ,PANTALON MODA CON MOÑOS EN COSTADO,12-0304             ,MARFIL,T-16     ,470,2026-06-05,CORTE,TRAZO Y CORTE
009 - SEPTIEMBRE                              ,033 - 3SEP1                                   ,003 - YOYO                                    ,008 - MODA                                    ,008 - PANTALONES                              ,001 - TEJIDO PUNTO                            ,MOP-00000125,YY0000319                                         ,PANTALON MODA CON MOÑOS EN COSTADO,12-0304             ,MARFIL,T-18     ,316,2026-06-05,CORTE,TRAZO Y CORTE
009 - SEPTIEMBRE                              ,033 - 3SEP1                                   ,003 - YOYO                                    ,008 - MODA                                    ,008 - PANTALONES                              ,001 - TEJIDO PUNTO                            ,MOP-00000125,YY0000319                                         ,PANTALON MODA CON MOÑOS EN COSTADO,12-0304             ,MARFIL,T-20     ,229,2026-06-05,CORTE,TRAZO Y CORTE
008 - AGOSTO                                  ,031 - 3AGO3                                   ,003 - YOYO                                    ,008 - MODA                                    ,004 - SOBRETODOS                              ,001 - TEJIDO PUNTO                            ,MOP-00000126,YY0000306                                         ,BUZO CERRADO CON CUELLO EN RECTILINEO,11-0602             ,MARFIL,T-12     ,162,2026-05-26,CORTE,TRAZO Y CORTE
008 - AGOSTO                                  ,031 - 3AGO3                                   ,003 - YOYO                                    ,008 - MODA                                    ,004 - SOBRETODOS                              ,001 - TEJIDO PUNTO                            ,MOP-00000126,YY0000306                                         ,BUZO CERRADO CON CUELLO EN RECTILINEO,11-0602             ,MARFIL,T-14     ,207,2026-05-26,CORTE,TRAZO Y CORTE
008 - AGOSTO                                  ,031 - 3AGO3                                   ,003 - YOYO                                    ,008 - MODA                                    ,004 - SOBRETODOS                              ,001 - TEJIDO PUNTO                            ,MOP-00000126,YY0000306                                         ,BUZO CERRADO CON CUELLO EN RECTILINEO,11-0602             ,MARFIL,T-16     ,207,2026-05-26,CORTE,TRAZO Y CORTE
008 - AGOSTO                                  ,031 - 3AGO3                                   ,003 - YOYO                                    ,008 - MODA                                    ,004 - SOBRETODOS                              ,001 - TEJIDO PUNTO                            ,MOP-00000126,YY0000306                                         ,BUZO CERRADO CON CUELLO EN RECTILINEO,11-0602             ,MARFIL,T-18     ,154,2026-05-26,CORTE,TRAZO Y CORTE
008 - AGOSTO                                  ,031 - 3AGO3                                   ,003 - YOYO                                    ,008 - MODA                                    ,004 - SOBRETODOS                              ,001 - TEJIDO PUNTO                            ,MOP-00000126,YY0000306                                         ,BUZO CERRADO CON CUELLO EN RECTILINEO,11-0602             ,MARFIL,T-20     ,154,2026-05-26,CORTE,TRAZO Y CORTE
008 - AGOSTO                                  ,031 - 3AGO3                                   ,003 - YOYO                                    ,008 - MODA                                    ,004 - SOBRETODOS                              ,001 - TEJIDO PUNTO                            ,MOP-00000126,YY0000306                                         ,BUZO CERRADO CON CUELLO EN RECTILINEO,11-0602             ,MARFIL,T-22     ,103,2026-05-26,CORTE,TRAZO Y CORTE
008 - AGOSTO                                  ,031 - 3AGO3                                   ,003 - YOYO                                    ,008 - MODA                                    ,002 - BLUSA-CAMISA,002 - TEJIDO PLANO                            ,MOP-00000127,YY0004441                                         ,BLUSA MC TP CIERRE DOBLE CABEZA,19-4004             ,NEGRO,T-14     ,635,2026-05-25,CORTE,TRAZO Y CORTE
008 - AGOSTO                                  ,031 - 3AGO3                                   ,003 - YOYO                                    ,008 - MODA                                    ,002 - BLUSA-CAMISA,002 - TEJIDO PLANO                            ,MOP-00000127,YY0004441                                         ,BLUSA MC TP CIERRE DOBLE CABEZA,19-4004             ,NEGRO,T-16     ,673,2026-05-25,CORTE,TRAZO Y CORTE
008 - AGOSTO                                  ,031 - 3AGO3                                   ,003 - YOYO                                    ,008 - MODA                                    ,002 - BLUSA-CAMISA,002 - TEJIDO PLANO                            ,MOP-00000127,YY0004441                                         ,BLUSA MC TP CIERRE DOBLE CABEZA,19-4004             ,NEGRO,T-18     ,371,2026-05-25,CORTE,TRAZO Y CORTE
008 - AGOSTO                                  ,031 - 3AGO3                                   ,003 - YOYO                                    ,008 - MODA                                    ,002 - BLUSA-CAMISA,002 - TEJIDO PLANO                            ,MOP-00000127,YY0004441                                         ,BLUSA MC TP CIERRE DOBLE CABEZA,19-4004             ,NEGRO,T-20     ,371,2026-05-25,CORTE,TRAZO Y CORTE
008 - AGOSTO                                  ,031 - 3AGO3                                   ,003 - YOYO                                    ,008 - MODA                                    ,002 - BLUSA-CAMISA,002 - TEJIDO PLANO                            ,MOP-00000127,YY0004441                                         ,BLUSA MC TP CIERRE DOBLE CABEZA,19-4004             ,NEGRO,T-22     ,259,2026-05-25,CORTE,TRAZO Y CORTE
008 - AGOSTO                                  ,031 - 3AGO3                                   ,003 - YOYO                                    ,008 - MODA                                    ,001 - CAMISETA                                ,001 - TEJIDO PUNTO                            ,MOP-00000128,YY0000320                                         ,T-SHIRT MANGA CORTA ESTAMPADA OVERSIZED,19-4024             ,AZUL OSCURO,T-12     ,302,2026-05-26,CORTE,TRAZO Y CORTE
008 - AGOSTO                                  ,031 - 3AGO3                                   ,003 - YOYO                                    ,008 - MODA                                    ,001 - CAMISETA                                ,001 - TEJIDO PUNTO                            ,MOP-00000128,YY0000320                                         ,T-SHIRT MANGA CORTA ESTAMPADA OVERSIZED,19-4024             ,AZUL OSCURO,T-14     ,453,2026-05-26,CORTE,TRAZO Y CORTE
008 - AGOSTO                                  ,031 - 3AGO3                                   ,003 - YOYO                                    ,008 - MODA                                    ,001 - CAMISETA                                ,001 - TEJIDO PUNTO                            ,MOP-00000128,YY0000320                                         ,T-SHIRT MANGA CORTA ESTAMPADA OVERSIZED,19-4024             ,AZUL OSCURO,T-16     ,453,2026-05-26,CORTE,TRAZO Y CORTE
008 - AGOSTO                                  ,031 - 3AGO3                                   ,003 - YOYO                                    ,008 - MODA                                    ,001 - CAMISETA                                ,001 - TEJIDO PUNTO                            ,MOP-00000128,YY0000320                                         ,T-SHIRT MANGA CORTA ESTAMPADA OVERSIZED,19-4024             ,AZUL OSCURO,T-18     ,302,2026-05-26,CORTE,TRAZO Y CORTE
008 - AGOSTO                                  ,031 - 3AGO3                                   ,003 - YOYO                                    ,008 - MODA                                    ,001 - CAMISETA                                ,001 - TEJIDO PUNTO                            ,MOP-00000128,YY0000320                                         ,T-SHIRT MANGA CORTA ESTAMPADA OVERSIZED,19-4024             ,AZUL OSCURO,T-20     ,305,2026-05-26,CORTE,TRAZO Y CORTE
008 - AGOSTO                                  ,031 - 3AGO3                                   ,003 - YOYO                                    ,008 - MODA                                    ,001 - CAMISETA                                ,001 - TEJIDO PUNTO                            ,MOP-00000128,YY0000320                                         ,T-SHIRT MANGA CORTA ESTAMPADA OVERSIZED,19-4024             ,AZUL OSCURO,T-22     ,213,2026-05-26,CORTE,TRAZO Y CORTE
008 - AGOSTO                                  ,031 - 3AGO3                                   ,003 - YOYO                                    ,008 - MODA                                    ,016 - TOP -BODY                               ,002 - TEJIDO PLANO                            ,MOP-00000129,YY0000307                                         ,TOP  MANGA SISA CON CORTES EN FRENTE,11-0602             ,MARFIL,T-14     ,496,2026-05-29,CORTE,TRAZO Y CORTE
008 - AGOSTO                                  ,031 - 3AGO3                                   ,003 - YOYO                                    ,008 - MODA                                    ,016 - TOP -BODY                               ,002 - TEJIDO PLANO                            ,MOP-00000129,YY0000307                                         ,TOP  MANGA SISA CON CORTES EN FRENTE,11-0602             ,MARFIL,T-16     ,511,2026-05-29,CORTE,TRAZO Y CORTE
008 - AGOSTO                                  ,031 - 3AGO3                                   ,003 - YOYO                                    ,008 - MODA                                    ,016 - TOP -BODY                               ,002 - TEJIDO PLANO                            ,MOP-00000129,YY0000307                                         ,TOP  MANGA SISA CON CORTES EN FRENTE,11-0602             ,MARFIL,T-18     ,303,2026-05-29,CORTE,TRAZO Y CORTE
008 - AGOSTO                                  ,031 - 3AGO3                                   ,003 - YOYO                                    ,008 - MODA                                    ,016 - TOP -BODY                               ,002 - TEJIDO PLANO                            ,MOP-00000129,YY0000307                                         ,TOP  MANGA SISA CON CORTES EN FRENTE,11-0602             ,MARFIL,T-20     ,303,2026-05-29,CORTE,TRAZO Y CORTE
008 - AGOSTO                                  ,031 - 3AGO3                                   ,003 - YOYO                                    ,008 - MODA                                    ,016 - TOP -BODY                               ,002 - TEJIDO PLANO                            ,MOP-00000129,YY0000307                                         ,TOP  MANGA SISA CON CORTES EN FRENTE,11-0602             ,MARFIL,T-22     ,202,2026-05-29,CORTE,TRAZO Y CORTE
008 - AGOSTO                                  ,031 - 3AGO3                                   ,003 - YOYO                                    ,008 - MODA                                    ,000 - JEANS                                   ,005 - DENIM                                   ,MOP-00000130,YY0000316                                         ,RETROMOM TIRO ALTO LAV MEDIO,IND02               ,MEDIO,T-12     ,506,2026-05-29,CORTE,TRAZO Y CORTE
008 - AGOSTO                                  ,031 - 3AGO3                                   ,003 - YOYO                                    ,008 - MODA                                    ,000 - JEANS                                   ,005 - DENIM                                   ,MOP-00000130,YY0000316                                         ,RETROMOM TIRO ALTO LAV MEDIO,IND02               ,MEDIO,T-14     ,594,2026-05-29,CORTE,TRAZO Y CORTE
008 - AGOSTO                                  ,031 - 3AGO3                                   ,003 - YOYO                                    ,008 - MODA                                    ,000 - JEANS                                   ,005 - DENIM                                   ,MOP-00000130,YY0000316                                         ,RETROMOM TIRO ALTO LAV MEDIO,IND02               ,MEDIO,T-16     ,573,2026-05-29,CORTE,TRAZO Y CORTE
008 - AGOSTO                                  ,031 - 3AGO3                                   ,003 - YOYO                                    ,008 - MODA                                    ,000 - JEANS                                   ,005 - DENIM                                   ,MOP-00000130,YY0000316                                         ,RETROMOM TIRO ALTO LAV MEDIO,IND02               ,MEDIO,T-18     ,385,2026-05-29,CORTE,TRAZO Y CORTE
008 - AGOSTO                                  ,031 - 3AGO3                                   ,003 - YOYO                                    ,008 - MODA                                    ,000 - JEANS                                   ,005 - DENIM                                   ,MOP-00000130,YY0000316                                         ,RETROMOM TIRO ALTO LAV MEDIO,IND02               ,MEDIO,T-20     ,287,2026-05-29,CORTE,TRAZO Y CORTE
008 - AGOSTO                                  ,031 - 3AGO3                                   ,003 - YOYO                                    ,008 - MODA                                    ,000 - JEANS                                   ,005 - DENIM                                   ,MOP-00000130,YY0000316                                         ,RETROMOM TIRO ALTO LAV MEDIO,IND02               ,MEDIO,T-22     ,189,2026-05-29,CORTE,TRAZO Y CORTE
008 - AGOSTO                                  ,031 - 3AGO3                                   ,003 - YOYO                                    ,008 - MODA                                    ,003 - CORTOS                                  ,005 - DENIM                                   ,MOP-00000131,YY0000317                                         ,SHORT TIRO MEDIO LAV CLARO,IND01               ,CLARO,T-12     ,444,2026-06-05,CORTE,TRAZO Y CORTE
008 - AGOSTO                                  ,031 - 3AGO3                                   ,003 - YOYO                                    ,008 - MODA                                    ,003 - CORTOS                                  ,005 - DENIM                                   ,MOP-00000131,YY0000317                                         ,SHORT TIRO MEDIO LAV CLARO,IND01               ,CLARO,T-14     ,487,2026-06-05,CORTE,TRAZO Y CORTE
008 - AGOSTO                                  ,031 - 3AGO3                                   ,003 - YOYO                                    ,008 - MODA                                    ,003 - CORTOS                                  ,005 - DENIM                                   ,MOP-00000131,YY0000317                                         ,SHORT TIRO MEDIO LAV CLARO,IND01               ,CLARO,T-16     ,492,2026-06-05,CORTE,TRAZO Y CORTE
008 - AGOSTO                                  ,031 - 3AGO3                                   ,003 - YOYO                                    ,008 - MODA                                    ,003 - CORTOS                                  ,005 - DENIM                                   ,MOP-00000131,YY0000317                                         ,SHORT TIRO MEDIO LAV CLARO,IND01               ,CLARO,T-18     ,390,2026-06-05,CORTE,TRAZO Y CORTE
008 - AGOSTO                                  ,031 - 3AGO3                                   ,003 - YOYO                                    ,008 - MODA                                    ,003 - CORTOS                                  ,005 - DENIM                                   ,MOP-00000131,YY0000317                                         ,SHORT TIRO MEDIO LAV CLARO,IND01               ,CLARO,T-20     ,195,2026-06-05,CORTE,TRAZO Y CORTE
008 - AGOSTO                                  ,031 - 3AGO3                                   ,003 - YOYO                                    ,008 - MODA                                    ,003 - CORTOS                                  ,005 - DENIM                                   ,MOP-00000131,YY0000317                                         ,SHORT TIRO MEDIO LAV CLARO,IND01               ,CLARO,T-22     ,195,2026-06-05,CORTE,TRAZO Y CORTE
008 - AGOSTO                                  ,031 - 3AGO3                                   ,003 - YOYO                                    ,008 - MODA                                    ,016 - TOP -BODY                               ,001 - TEJIDO PUNTO                            ,MOP-00000133,YY0000489                                         ,TOP MANGA SISA EN CONTRASTE,11-0602             ,MARFIL,T-12     ,299,2026-05-28,CORTE,TRAZO Y CORTE
008 - AGOSTO                                  ,031 - 3AGO3                                   ,003 - YOYO                                    ,008 - MODA                                    ,016 - TOP -BODY                               ,001 - TEJIDO PUNTO                            ,MOP-00000133,YY0000489                                         ,TOP MANGA SISA EN CONTRASTE,11-0602             ,MARFIL,T-14     ,482,2026-05-28,CORTE,TRAZO Y CORTE
008 - AGOSTO                                  ,031 - 3AGO3                                   ,003 - YOYO                                    ,008 - MODA                                    ,016 - TOP -BODY                               ,001 - TEJIDO PUNTO                            ,MOP-00000133,YY0000489                                         ,TOP MANGA SISA EN CONTRASTE,11-0602             ,MARFIL,T-16     ,456,2026-05-28,CORTE,TRAZO Y CORTE
008 - AGOSTO                                  ,031 - 3AGO3                                   ,003 - YOYO                                    ,008 - MODA                                    ,016 - TOP -BODY                               ,001 - TEJIDO PUNTO                            ,MOP-00000133,YY0000489                                         ,TOP MANGA SISA EN CONTRASTE,11-0602             ,MARFIL,T-18     ,278,2026-05-28,CORTE,TRAZO Y CORTE
008 - AGOSTO                                  ,031 - 3AGO3                                   ,003 - YOYO                                    ,008 - MODA                                    ,016 - TOP -BODY                               ,001 - TEJIDO PUNTO                            ,MOP-00000133,YY0000489                                         ,TOP MANGA SISA EN CONTRASTE,11-0602             ,MARFIL,T-20     ,278,2026-05-28,CORTE,TRAZO Y CORTE
008 - AGOSTO                                  ,031 - 3AGO3                                   ,003 - YOYO                                    ,008 - MODA                                    ,016 - TOP -BODY                               ,001 - TEJIDO PUNTO                            ,MOP-00000133,YY0000489                                         ,TOP MANGA SISA EN CONTRASTE,11-0602             ,MARFIL,T-22     ,189,2026-05-28,CORTE,TRAZO Y CORTE
008 - AGOSTO                                  ,029 - 3AGO1                                   ,003 - YOYO                                    ,008 - MODA                                    ,000 - JEANS                                   ,005 - DENIM                                   ,MOP-00000134,YY0000300                                         ,RETROMOM TIRO MEDIO  LAV CLARO,IND01               ,CLARO,T-10     ,168,2026-05-28,CORTE,TRAZO Y CORTE
008 - AGOSTO                                  ,029 - 3AGO1                                   ,003 - YOYO                                    ,008 - MODA                                    ,000 - JEANS                                   ,005 - DENIM                                   ,MOP-00000134,YY0000300                                         ,RETROMOM TIRO MEDIO  LAV CLARO,IND01               ,CLARO,T-12     ,416,2026-05-28,CORTE,TRAZO Y CORTE
008 - AGOSTO                                  ,029 - 3AGO1                                   ,003 - YOYO                                    ,008 - MODA                                    ,000 - JEANS                                   ,005 - DENIM                                   ,MOP-00000134,YY0000300                                         ,RETROMOM TIRO MEDIO  LAV CLARO,IND01               ,CLARO,T-14     ,534,2026-05-28,CORTE,TRAZO Y CORTE
008 - AGOSTO                                  ,029 - 3AGO1                                   ,003 - YOYO                                    ,008 - MODA                                    ,000 - JEANS                                   ,005 - DENIM                                   ,MOP-00000134,YY0000300                                         ,RETROMOM TIRO MEDIO  LAV CLARO,IND01               ,CLARO,T-16     ,530,2026-05-28,CORTE,TRAZO Y CORTE
008 - AGOSTO                                  ,029 - 3AGO1                                   ,003 - YOYO                                    ,008 - MODA                                    ,000 - JEANS                                   ,005 - DENIM                                   ,MOP-00000134,YY0000300                                         ,RETROMOM TIRO MEDIO  LAV CLARO,IND01               ,CLARO,T-18     ,328,2026-05-28,CORTE,TRAZO Y CORTE
008 - AGOSTO                                  ,029 - 3AGO1                                   ,003 - YOYO                                    ,008 - MODA                                    ,000 - JEANS                                   ,005 - DENIM                                   ,MOP-00000134,YY0000300                                         ,RETROMOM TIRO MEDIO  LAV CLARO,IND01               ,CLARO,T-20     ,248,2026-05-28,CORTE,TRAZO Y CORTE
008 - AGOSTO                                  ,031 - 3AGO3                                   ,003 - YOYO                                    ,008 - MODA                                    ,001 - CAMISETA                                ,001 - TEJIDO PUNTO                            ,MOP-00000135,YY0000310                                         ,CAMISETA MANGA CORTA EN CONTRASTE,11-0602             ,MARFIL,T-12     ,327,2026-05-28,CORTE,TRAZO Y CORTE
008 - AGOSTO                                  ,031 - 3AGO3                                   ,003 - YOYO                                    ,008 - MODA                                    ,001 - CAMISETA                                ,001 - TEJIDO PUNTO                            ,MOP-00000135,YY0000310                                         ,CAMISETA MANGA CORTA EN CONTRASTE,11-0602             ,MARFIL,T-14     ,545,2026-05-28,CORTE,TRAZO Y CORTE
008 - AGOSTO                                  ,031 - 3AGO3                                   ,003 - YOYO                                    ,008 - MODA                                    ,001 - CAMISETA                                ,001 - TEJIDO PUNTO                            ,MOP-00000135,YY0000310                                         ,CAMISETA MANGA CORTA EN CONTRASTE,11-0602             ,MARFIL,T-16     ,561,2026-05-28,CORTE,TRAZO Y CORTE
008 - AGOSTO                                  ,031 - 3AGO3                                   ,003 - YOYO                                    ,008 - MODA                                    ,001 - CAMISETA                                ,001 - TEJIDO PUNTO                            ,MOP-00000135,YY0000310                                         ,CAMISETA MANGA CORTA EN CONTRASTE,11-0602             ,MARFIL,T-18     ,335,2026-05-28,CORTE,TRAZO Y CORTE
008 - AGOSTO                                  ,031 - 3AGO3                                   ,003 - YOYO                                    ,008 - MODA                                    ,001 - CAMISETA                                ,001 - TEJIDO PUNTO                            ,MOP-00000135,YY0000310                                         ,CAMISETA MANGA CORTA EN CONTRASTE,11-0602             ,MARFIL,T-20     ,327,2026-05-28,CORTE,TRAZO Y CORTE
008 - AGOSTO                                  ,031 - 3AGO3                                   ,003 - YOYO                                    ,008 - MODA                                    ,001 - CAMISETA                                ,001 - TEJIDO PUNTO                            ,MOP-00000135,YY0000310                                         ,CAMISETA MANGA CORTA EN CONTRASTE,11-0602             ,MARFIL,T-22     ,218,2026-05-28,CORTE,TRAZO Y CORTE
008 - AGOSTO                                  ,031 - 3AGO3                                   ,003 - YOYO                                    ,008 - MODA                                    ,001 - CAMISETA                                ,001 - TEJIDO PUNTO                            ,MOP-00000136,YY0000310                                         ,CAMISETA MANGA CORTA EN CONTRASTE,19-1761             ,ROJO,T-12     ,348,2026-06-06,CORTE,TRAZO Y CORTE
008 - AGOSTO                                  ,031 - 3AGO3                                   ,003 - YOYO                                    ,008 - MODA                                    ,001 - CAMISETA                                ,001 - TEJIDO PUNTO                            ,MOP-00000136,YY0000310                                         ,CAMISETA MANGA CORTA EN CONTRASTE,19-1761             ,ROJO,T-14     ,580,2026-06-06,CORTE,TRAZO Y CORTE
008 - AGOSTO                                  ,031 - 3AGO3                                   ,003 - YOYO                                    ,008 - MODA                                    ,001 - CAMISETA                                ,001 - TEJIDO PUNTO                            ,MOP-00000136,YY0000310                                         ,CAMISETA MANGA CORTA EN CONTRASTE,19-1761             ,ROJO,T-16     ,580,2026-06-06,CORTE,TRAZO Y CORTE
008 - AGOSTO                                  ,031 - 3AGO3                                   ,003 - YOYO                                    ,008 - MODA                                    ,001 - CAMISETA                                ,001 - TEJIDO PUNTO                            ,MOP-00000136,YY0000310                                         ,CAMISETA MANGA CORTA EN CONTRASTE,19-1761             ,ROJO,T-18     ,348,2026-06-06,CORTE,TRAZO Y CORTE
008 - AGOSTO                                  ,031 - 3AGO3                                   ,003 - YOYO                                    ,008 - MODA                                    ,001 - CAMISETA                                ,001 - TEJIDO PUNTO                            ,MOP-00000136,YY0000310                                         ,CAMISETA MANGA CORTA EN CONTRASTE,19-1761             ,ROJO,T-20     ,348,2026-06-06,CORTE,TRAZO Y CORTE
008 - AGOSTO                                  ,031 - 3AGO3                                   ,003 - YOYO                                    ,008 - MODA                                    ,001 - CAMISETA                                ,001 - TEJIDO PUNTO                            ,MOP-00000136,YY0000310                                         ,CAMISETA MANGA CORTA EN CONTRASTE,19-1761             ,ROJO,T-22     ,232,2026-06-06,CORTE,TRAZO Y CORTE
002 - FEBRERO                                 ,006 - 1FEB2                                   ,003 - YOYO                                    ,005 - ESENCIAL                                ,016 - TOP -BODY                               ,001 - TEJIDO PUNTO                            ,MOP-00000137,35001230                                          ,BODY PREMIUM MANGA CORTA ESENCIAL,11-0602             ,MARFIL,T-14     ,186,2026-05-29,CORTE                                   ,TRAZO Y CORTE
002 - FEBRERO                                 ,006 - 1FEB2                                   ,003 - YOYO                                    ,005 - ESENCIAL                                ,016 - TOP -BODY                               ,001 - TEJIDO PUNTO                            ,MOP-00000137,35001230                                          ,BODY PREMIUM MANGA CORTA ESENCIAL,11-0602             ,MARFIL,T-16     ,186,2026-05-29,CORTE                                   ,TRAZO Y CORTE
002 - FEBRERO                                 ,006 - 1FEB2                                   ,003 - YOYO                                    ,005 - ESENCIAL                                ,016 - TOP -BODY                               ,001 - TEJIDO PUNTO                            ,MOP-00000137,35001230                                          ,BODY PREMIUM MANGA CORTA ESENCIAL,11-0602             ,MARFIL,T-18     ,93,2026-05-29,CORTE                                   ,TRAZO Y CORTE
002 - FEBRERO                                 ,006 - 1FEB2                                   ,003 - YOYO                                    ,005 - ESENCIAL                                ,016 - TOP -BODY                               ,001 - TEJIDO PUNTO                            ,MOP-00000137,35001230                                          ,BODY PREMIUM MANGA CORTA ESENCIAL,11-0602             ,MARFIL,T-20     ,93,2026-05-29,CORTE                                   ,TRAZO Y CORTE
002 - FEBRERO                                 ,006 - 1FEB2                                   ,003 - YOYO                                    ,005 - ESENCIAL                                ,016 - TOP -BODY                               ,001 - TEJIDO PUNTO                            ,MOP-00000137,35001230                                          ,BODY PREMIUM MANGA CORTA ESENCIAL,11-0602             ,MARFIL,T-22     ,93,2026-05-29,CORTE                                   ,TRAZO Y CORTE
002 - FEBRERO                                 ,006 - 1FEB2                                   ,003 - YOYO                                    ,005 - ESENCIAL                                ,016 - TOP -BODY                               ,001 - TEJIDO PUNTO                            ,MOP-00000137,35001230                                          ,BODY PREMIUM MANGA CORTA ESENCIAL,19-4004             ,NEGRO,T-14     ,146,2026-05-29,CORTE                                   ,TRAZO Y CORTE
002 - FEBRERO                                 ,006 - 1FEB2                                   ,003 - YOYO                                    ,005 - ESENCIAL                                ,016 - TOP -BODY                               ,001 - TEJIDO PUNTO                            ,MOP-00000137,35001230                                          ,BODY PREMIUM MANGA CORTA ESENCIAL,19-4004             ,NEGRO,T-16     ,97,2026-05-29,CORTE                                   ,TRAZO Y CORTE
002 - FEBRERO                                 ,006 - 1FEB2                                   ,003 - YOYO                                    ,005 - ESENCIAL                                ,016 - TOP -BODY                               ,001 - TEJIDO PUNTO                            ,MOP-00000137,35001230                                          ,BODY PREMIUM MANGA CORTA ESENCIAL,19-4004             ,NEGRO,T-18     ,96,2026-05-29,CORTE                                   ,TRAZO Y CORTE
002 - FEBRERO                                 ,006 - 1FEB2                                   ,003 - YOYO                                    ,005 - ESENCIAL                                ,016 - TOP -BODY                               ,001 - TEJIDO PUNTO                            ,MOP-00000137,35001230                                          ,BODY PREMIUM MANGA CORTA ESENCIAL,19-4004             ,NEGRO,T-20     ,48,2026-05-29,CORTE                                   ,TRAZO Y CORTE
002 - FEBRERO                                 ,006 - 1FEB2                                   ,003 - YOYO                                    ,005 - ESENCIAL                                ,016 - TOP -BODY                               ,001 - TEJIDO PUNTO                            ,MOP-00000137,35001230                                          ,BODY PREMIUM MANGA CORTA ESENCIAL,19-4004             ,NEGRO,T-22     ,96,2026-05-29,CORTE                                   ,TRAZO Y CORTE
001 - ENERO                                   ,002 - 1ENE2                                   ,003 - YOYO                                    ,005 - ESENCIAL                                ,016 - TOP -BODY                               ,001 - TEJIDO PUNTO                            ,MOP-00000138,35001295                                          ,BODY PREMIUM SISA ESENCIAL,11-0601             ,BLANCO,T-14     ,107,2026-06-05,2-CORTE,TRAZO Y CORTE
001 - ENERO                                   ,002 - 1ENE2                                   ,003 - YOYO                                    ,005 - ESENCIAL                                ,016 - TOP -BODY                               ,001 - TEJIDO PUNTO                            ,MOP-00000138,35001295                                          ,BODY PREMIUM SISA ESENCIAL,11-0601             ,BLANCO,T-16     ,139,2026-06-05,2-CORTE,TRAZO Y CORTE
001 - ENERO                                   ,002 - 1ENE2                                   ,003 - YOYO                                    ,005 - ESENCIAL                                ,016 - TOP -BODY                               ,001 - TEJIDO PUNTO                            ,MOP-00000138,35001295                                          ,BODY PREMIUM SISA ESENCIAL,11-0601             ,BLANCO,T-18     ,210,2026-06-05,2-CORTE,TRAZO Y CORTE
001 - ENERO                                   ,002 - 1ENE2                                   ,003 - YOYO                                    ,005 - ESENCIAL                                ,016 - TOP -BODY                               ,001 - TEJIDO PUNTO                            ,MOP-00000138,35001295                                          ,BODY PREMIUM SISA ESENCIAL,11-0601             ,BLANCO,T-20     ,106,2026-06-05,2-CORTE,TRAZO Y CORTE
001 - ENERO                                   ,002 - 1ENE2                                   ,003 - YOYO                                    ,005 - ESENCIAL                                ,016 - TOP -BODY                               ,001 - TEJIDO PUNTO                            ,MOP-00000138,35001295                                          ,BODY PREMIUM SISA ESENCIAL,11-0601             ,BLANCO,T-22     ,36,2026-06-05,2-CORTE,TRAZO Y CORTE
001 - ENERO                                   ,002 - 1ENE2                                   ,003 - YOYO                                    ,005 - ESENCIAL                                ,016 - TOP -BODY                               ,001 - TEJIDO PUNTO                            ,MOP-00000138,35001295                                          ,BODY PREMIUM SISA ESENCIAL,19-4004             ,NEGRO,T-14     ,134,2026-06-05,2-CORTE,TRAZO Y CORTE
001 - ENERO                                   ,002 - 1ENE2                                   ,003 - YOYO                                    ,005 - ESENCIAL                                ,016 - TOP -BODY                               ,001 - TEJIDO PUNTO                            ,MOP-00000138,35001295                                          ,BODY PREMIUM SISA ESENCIAL,19-4004             ,NEGRO,T-16     ,132,2026-06-05,2-CORTE,TRAZO Y CORTE
001 - ENERO                                   ,002 - 1ENE2                                   ,003 - YOYO                                    ,005 - ESENCIAL                                ,016 - TOP -BODY                               ,001 - TEJIDO PUNTO                            ,MOP-00000138,35001295                                          ,BODY PREMIUM SISA ESENCIAL,19-4004             ,NEGRO,T-18     ,132,2026-06-05,2-CORTE,TRAZO Y CORTE
001 - ENERO                                   ,002 - 1ENE2                                   ,003 - YOYO                                    ,005 - ESENCIAL                                ,016 - TOP -BODY                               ,001 - TEJIDO PUNTO                            ,MOP-00000138,35001295                                          ,BODY PREMIUM SISA ESENCIAL,19-4004             ,NEGRO,T-20     ,91,2026-06-05,2-CORTE,TRAZO Y CORTE
001 - ENERO                                   ,002 - 1ENE2                                   ,003 - YOYO                                    ,005 - ESENCIAL                                ,016 - TOP -BODY                               ,001 - TEJIDO PUNTO                            ,MOP-00000138,35001295                                          ,BODY PREMIUM SISA ESENCIAL,19-4004             ,NEGRO,T-22     ,62,2026-06-05,2-CORTE,TRAZO Y CORTE
002 - FEBRERO                                 ,006 - 1FEB2                                   ,003 - YOYO                                    ,005 - ESENCIAL                                ,016 - TOP -BODY                               ,001 - TEJIDO PUNTO                            ,MOP-00000141,35002295                                          ,BODY SISA ESTAMPADO EN FRENTE ESENCIAL,11-0602             ,MARFIL,T-14     ,103,2026-06-04,2-CORTE,TRAZO Y CORTE
002 - FEBRERO                                 ,006 - 1FEB2                                   ,003 - YOYO                                    ,005 - ESENCIAL                                ,016 - TOP -BODY                               ,001 - TEJIDO PUNTO                            ,MOP-00000141,35002295                                          ,BODY SISA ESTAMPADO EN FRENTE ESENCIAL,11-0602             ,MARFIL,T-16     ,98,2026-06-04,2-CORTE,TRAZO Y CORTE
002 - FEBRERO                                 ,006 - 1FEB2                                   ,003 - YOYO                                    ,005 - ESENCIAL                                ,016 - TOP -BODY                               ,001 - TEJIDO PUNTO                            ,MOP-00000141,35002295                                          ,BODY SISA ESTAMPADO EN FRENTE ESENCIAL,11-0602             ,MARFIL,T-18     ,49,2026-06-04,2-CORTE,TRAZO Y CORTE
002 - FEBRERO                                 ,006 - 1FEB2                                   ,003 - YOYO                                    ,005 - ESENCIAL                                ,016 - TOP -BODY                               ,001 - TEJIDO PUNTO                            ,MOP-00000141,35002295                                          ,BODY SISA ESTAMPADO EN FRENTE ESENCIAL,11-0602             ,MARFIL,T-22     ,49,2026-06-04,2-CORTE,TRAZO Y CORTE
002 - FEBRERO                                 ,006 - 1FEB2                                   ,003 - YOYO                                    ,005 - ESENCIAL                                ,016 - TOP -BODY                               ,001 - TEJIDO PUNTO                            ,MOP-00000141,35002295                                          ,BODY SISA ESTAMPADO EN FRENTE ESENCIAL,19-4004             ,NEGRO,T-14     ,97,2026-06-04,2-CORTE,TRAZO Y CORTE
002 - FEBRERO                                 ,006 - 1FEB2                                   ,003 - YOYO                                    ,005 - ESENCIAL                                ,016 - TOP -BODY                               ,001 - TEJIDO PUNTO                            ,MOP-00000141,35002295                                          ,BODY SISA ESTAMPADO EN FRENTE ESENCIAL,19-4004             ,NEGRO,T-16     ,92,2026-06-04,2-CORTE,TRAZO Y CORTE
002 - FEBRERO                                 ,006 - 1FEB2                                   ,003 - YOYO                                    ,005 - ESENCIAL                                ,016 - TOP -BODY                               ,001 - TEJIDO PUNTO                            ,MOP-00000141,35002295                                          ,BODY SISA ESTAMPADO EN FRENTE ESENCIAL,19-4004             ,NEGRO,T-18     ,46,2026-06-04,2-CORTE,TRAZO Y CORTE
002 - FEBRERO                                 ,006 - 1FEB2                                   ,003 - YOYO                                    ,005 - ESENCIAL                                ,016 - TOP -BODY                               ,001 - TEJIDO PUNTO                            ,MOP-00000141,35002295                                          ,BODY SISA ESTAMPADO EN FRENTE ESENCIAL,19-4004             ,NEGRO,T-20     ,46,2026-06-04,2-CORTE,TRAZO Y CORTE
002 - FEBRERO                                 ,006 - 1FEB2                                   ,003 - YOYO                                    ,005 - ESENCIAL                                ,016 - TOP -BODY                               ,001 - TEJIDO PUNTO                            ,MOP-00000141,35002295                                          ,BODY SISA ESTAMPADO EN FRENTE ESENCIAL,19-4004             ,NEGRO,T-22     ,46,2026-06-04,2-CORTE,TRAZO Y CORTE
002 - FEBRERO                                 ,006 - 1FEB2                                   ,003 - YOYO                                    ,005 - ESENCIAL                                ,000 - JEANS                                   ,005 - DENIM                                   ,MOP-00000142,35010291                                          ,RETROMOM TIRO BAJO BOTA AMPLIA ESENCIAL,IND02               ,MEDIO,T-10     ,52,2026-06-03,2-CORTE,TRAZO Y CORTE
002 - FEBRERO                                 ,006 - 1FEB2                                   ,003 - YOYO                                    ,005 - ESENCIAL                                ,000 - JEANS                                   ,005 - DENIM                                   ,MOP-00000142,35010291                                          ,RETROMOM TIRO BAJO BOTA AMPLIA ESENCIAL,IND02               ,MEDIO,T-12     ,220,2026-06-03,2-CORTE,TRAZO Y CORTE
002 - FEBRERO                                 ,006 - 1FEB2                                   ,003 - YOYO                                    ,005 - ESENCIAL                                ,000 - JEANS                                   ,005 - DENIM                                   ,MOP-00000142,35010291                                          ,RETROMOM TIRO BAJO BOTA AMPLIA ESENCIAL,IND02               ,MEDIO,T-14     ,107,2026-06-03,2-CORTE,TRAZO Y CORTE
002 - FEBRERO                                 ,006 - 1FEB2                                   ,003 - YOYO                                    ,005 - ESENCIAL                                ,000 - JEANS                                   ,005 - DENIM                                   ,MOP-00000142,35010291                                          ,RETROMOM TIRO BAJO BOTA AMPLIA ESENCIAL,IND02               ,MEDIO,T-16     ,52,2026-06-03,2-CORTE,TRAZO Y CORTE
002 - FEBRERO                                 ,006 - 1FEB2                                   ,003 - YOYO                                    ,005 - ESENCIAL                                ,000 - JEANS                                   ,005 - DENIM                                   ,MOP-00000142,35010291                                          ,RETROMOM TIRO BAJO BOTA AMPLIA ESENCIAL,IND02               ,MEDIO,T-22     ,104,2026-06-03,2-CORTE,TRAZO Y CORTE
009 - SEPTIEMBRE                              ,034 - 3SEP2                                   ,003 - YOYO                                    ,008 - MODA                                    ,000 - JEANS                                   ,005 - DENIM                                   ,MOP-00000153,YY0000276                                         ,RETROMOM TIRO BAJO LAV MEDIO,IND02               ,MEDIO,T-10     ,242,2026-06-05,CORTE,TRAZO Y CORTE
009 - SEPTIEMBRE                              ,034 - 3SEP2                                   ,003 - YOYO                                    ,008 - MODA                                    ,000 - JEANS                                   ,005 - DENIM                                   ,MOP-00000153,YY0000276                                         ,RETROMOM TIRO BAJO LAV MEDIO,IND02               ,MEDIO,T-12     ,489,2026-06-05,CORTE,TRAZO Y CORTE
009 - SEPTIEMBRE                              ,034 - 3SEP2                                   ,003 - YOYO                                    ,008 - MODA                                    ,000 - JEANS                                   ,005 - DENIM                                   ,MOP-00000153,YY0000276                                         ,RETROMOM TIRO BAJO LAV MEDIO,IND02               ,MEDIO,T-14     ,578,2026-06-05,CORTE,TRAZO Y CORTE
009 - SEPTIEMBRE                              ,034 - 3SEP2                                   ,003 - YOYO                                    ,008 - MODA                                    ,000 - JEANS                                   ,005 - DENIM                                   ,MOP-00000153,YY0000276                                         ,RETROMOM TIRO BAJO LAV MEDIO,IND02               ,MEDIO,T-16     ,578,2026-06-05,CORTE,TRAZO Y CORTE
009 - SEPTIEMBRE                              ,034 - 3SEP2                                   ,003 - YOYO                                    ,008 - MODA                                    ,000 - JEANS                                   ,005 - DENIM                                   ,MOP-00000153,YY0000276                                         ,RETROMOM TIRO BAJO LAV MEDIO,IND02               ,MEDIO,T-18     ,389,2026-06-05,CORTE,TRAZO Y CORTE
009 - SEPTIEMBRE                              ,034 - 3SEP2                                   ,003 - YOYO                                    ,008 - MODA                                    ,000 - JEANS                                   ,005 - DENIM                                   ,MOP-00000153,YY0000276                                         ,RETROMOM TIRO BAJO LAV MEDIO,IND02               ,MEDIO,T-20     ,291,2026-06-05,CORTE,TRAZO Y CORTE
009 - SEPTIEMBRE                              ,034 - 3SEP2                                   ,003 - YOYO                                    ,008 - MODA                                    ,000 - JEANS                                   ,005 - DENIM                                   ,MOP-00000153,YY0000276                                         ,RETROMOM TIRO BAJO LAV MEDIO,IND02               ,MEDIO,T-22     ,291,2026-06-05,CORTE,TRAZO Y CORTE
009 - SEPTIEMBRE                              ,034 - 3SEP2                                   ,003 - YOYO                                    ,008 - MODA                                    ,010 - PRENDAS DE MODA                         ,002 - TEJIDO PLANO                            ,MOP-00000156,YY0000284                                         ,FALDA TIRO MEDIO COLOR MARFIL,12-0304             ,MARFIL,T-12     ,399,2026-06-06,CORTE,TRAZO Y CORTE
009 - SEPTIEMBRE                              ,034 - 3SEP2                                   ,003 - YOYO                                    ,008 - MODA                                    ,010 - PRENDAS DE MODA                         ,002 - TEJIDO PLANO                            ,MOP-00000156,YY0000284                                         ,FALDA TIRO MEDIO COLOR MARFIL,12-0304             ,MARFIL,T-14     ,397,2026-06-06,CORTE,TRAZO Y CORTE
009 - SEPTIEMBRE                              ,034 - 3SEP2                                   ,003 - YOYO                                    ,008 - MODA                                    ,010 - PRENDAS DE MODA                         ,002 - TEJIDO PLANO                            ,MOP-00000156,YY0000284                                         ,FALDA TIRO MEDIO COLOR MARFIL,12-0304             ,MARFIL,T-16     ,393,2026-06-06,CORTE,TRAZO Y CORTE
009 - SEPTIEMBRE                              ,034 - 3SEP2                                   ,003 - YOYO                                    ,008 - MODA                                    ,010 - PRENDAS DE MODA                         ,002 - TEJIDO PLANO                            ,MOP-00000156,YY0000284                                         ,FALDA TIRO MEDIO COLOR MARFIL,12-0304             ,MARFIL,T-18     ,316,2026-06-06,CORTE,TRAZO Y CORTE
009 - SEPTIEMBRE                              ,034 - 3SEP2                                   ,003 - YOYO                                    ,008 - MODA                                    ,010 - PRENDAS DE MODA                         ,002 - TEJIDO PLANO                            ,MOP-00000156,YY0000284                                         ,FALDA TIRO MEDIO COLOR MARFIL,12-0304             ,MARFIL,T-20     ,235,2026-06-06,CORTE,TRAZO Y CORTE
009 - SEPTIEMBRE                              ,034 - 3SEP2                                   ,003 - YOYO                                    ,008 - MODA                                    ,010 - PRENDAS DE MODA                         ,002 - TEJIDO PLANO                            ,MOP-00000156,YY0000284                                         ,FALDA TIRO MEDIO COLOR MARFIL,12-0304             ,MARFIL,T-22     ,158,2026-06-06,CORTE,TRAZO Y CORTE
